tree
version=v4
num_class=3
num_tree_per_iteration=3
label_index=0
max_feature_idx=25
objective=multiclass num_class:3
feature_names=btc_timestamp btc_open btc_high btc_low eur_open eur_high eur_low eur_close eur_volume gld_open gld_high gld_low gld_close gld_volume btc_close_kalman eur_close_kalman gld_close_kalman btc_hurst eur_hurst gld_hurst btc_rsi eur_rsi gld_rsi btc_volatility eur_volatility gld_volatility
feature_infos=[1760443200000:1762444800000] [100280:116022.60000000001] [100791.89999999999:116309.8] [98900:115505] [1.1483000000000001:1.1686000000000001] [1.1496999999999999:1.1728000000000001] [1.1468:1.165] [1.1482000000000001:1.1687000000000001] none [358.15089999999998:403.14999999999998] [359.82999999999998:403.30000000000001] [301.22000000000003:403.14999999999998] [358.60000000000002:403.14999999999998] [3248:17639873] [100283.11541818816:116002.18745984616] [1.1482000000000001:1.1687000000000001] [358.60000000552327:403.14999999999998] [-1.0406120667200585:-0.40843285490860903] [-7.9659826055606882:-0.14022448893457001] [-3.7278679076810484:-0.26963082865321025] [12.653612036292728:84.509341556321246] [0:100] [0:100] [0.0046501316411846887:0.046304118819422133] [0:0.0048733791663040354] [0:0.031076166834722193]
tree_sizes=1980 1566 1737 2403 2353 2445 2398 2346 2551 2502 2349 2458 2410 2362 2654 2522 2454 2657 2539 2354 2646 2541 2436 2654 2533 2535 2651 2644 2340 2655 2442 2430 2557 2655 2332 2767 2647 2435 2661 2549 2435 2556 2557 2324 2992 2457 2429 2456 2653 2677 2670 2549 2658 2681 2561 2569 2757 2658 2868 2885 2659 2633 2771 2554 2213 2860 2556 2883 2758 2773 2557 2765 2770 2443 2571 2771 2775 2998 2756 2648 2878 2874 2794 3005 2994 2978 3122 2986 2777 3019 3220 2781 3004 2793 2904 3336 3100 2765 2927 3108 2765 3220 3132 2552 3256 3211 2798 3460 3208 2896 3122 2898 2682 2939 3356 3008 2934 3438 2579 2945 2875 2587 2932 2982 3306 3464 3335 3341 3471 2920 2808 3263 3023 2699 2929 3107 2916 3271 2827 3227 3190 3361 3035 3286 3470 3129 3052 3042 2722 3487 3127 3151 3167 2821 2941 3167 3069 3243 3159 3368 2836 3480 2816 3130 3513 3151 3154 3500 2941 2711 2870 2839 3165 3302 3143 2947 3530 3374 2936 3199 3501 3392 3517 3056 2946 3521 3067 2848 3532 2950 2731 3526 3159 3281 3516 3157 2955 3504 3184 3510 3333 2858 3505 3515 3188 2972 3217 3413 3184 3520 3523 3304 3554 3533 3408 3335 3530 3293 3552 3304 3212 3340 3533 2647 3434 2989 3438 3580 2876 2875 3437 3551 3542 3465 2868 3093 3572 3000 3088 3550 2878 3317 3585 2655 3002 3560 3210 3210 3598 3438 2771 3486 3566 3455 3467 2776 3129 3364 3108 3457 3601 3577 3015 3477 3117 3437 3610 2780 2991 3567 3579 3129 3585 3466 2920 3254 3021 3137 3498 3028 3366 3379 3240 3244 3597 3597 2577 3606 3489 3599 3238 3145 3382 3166 3365 3358 3277 3156 3014 3509

Tree=0
num_leaves=18
num_cat=0
split_feature=24 11 2 14 25 9 18 2 0 22 1 11 9 11 23 20 0
split_gain=70.6638 36.1524 27.0853 26.6347 41.8411 11.947 7.56244 10.7497 6.24361 2.67937 2.40019 2.19945 2.729 1.45131 0.779193 0.502549 0.0753684
threshold=0.001210932100160377 376.32690000000008 110296.25000000001 109839.00011609019 0.010871116092472865 391.54000000000008 -3.7957812238231141 108403.05000000002 1762047000000.0002 38.415808006286319 109826.60000000002 377.48750000000001 386.43500000000006 377.48750000000001 0.01472488553563 70.212885316469567 1762198200000.0002
decision_type=2 2 2 2 2 2 2 2 2 2 2 2 2 2 2 2 2
left_child=1 2 8 4 9 13 7 -6 10 -2 -1 -5 -13 -3 -4 -15 -11
right_child=3 5 14 11 6 -7 -8 -9 -10 16 -12 12 -14 15 -16 -17 -18
leaf_value=-0.75430502182943593 -0.64381992456623183 -0.7809738384102094 -0.56762330576402209 -0.56762330576402198 -0.802308891674828 -0.68763298037750242 -0.83431147157175622 -0.64381992456623172 -0.69666596663873215 -0.58095771405440877 -0.83431147157175622 -0.64968120293563258 -0.57681944941256447 -0.83431147157175622 -0.61029341229325951 -0.81145248593109331 -0.56762330576402198
leaf_weight=7.4993956089019793 7.8743653893470791 7.4993956089019767 7.8743653893470791 26.247884631156921 9.3742445111274773 7.4993956089019767 11.624063193798063 7.8743653893470755 11.624063193798063 7.4993956089019802 7.4993956089019775 9.7492142915725726 10.874123632907866 35.997098922729492 9.3742445111274701 13.123942315578459 9.749214291572569
leaf_count=20 21 20 21 70 25 20 31 21 31 20 20 26 29 96 25 35 26
internal_value=-0.702164 -0.758379 -0.688431 -0.641979 -0.689855 -0.806239 -0.771969 -0.729955 -0.751676 -0.595486 -0.794308 -0.586825 -0.611263 -0.821948 -0.590814 -0.828204 -0.573421
internal_weight=0 107.991 43.8715 100.867 53.9956 64.1198 28.8727 17.2486 26.6229 25.123 14.9988 46.8712 20.6233 56.6204 17.2486 49.121 17.2486
internal_count=557 288 117 269 144 171 77 46 71 67 40 125 55 151 46 131 46
is_linear=0
shrinkage=1


Tree=1
num_leaves=14
num_cat=0
split_feature=24 25 25 4 14 18 24 24 19 1 0 1 1
split_gain=51.2829 48.9838 44.4376 15.2878 14.5027 10.193 7.38493 27.1704 3.45021 2.67966 1.59715 0.529953 1.77636e-15
threshold=0.00073624075930866877 1.0000000180025095e-35 0.023248245466063137 1.1671500000000001 111177.78892755622 -2.4051038376613825 0.002805894346557813 0.0021144443049802559 -0.82192926753810525 109291.35000000002 1760545800000.0002 106807.40000000001 110179.35000000002
decision_type=2 2 2 2 2 2 2 2 2 2 2 2 2
left_child=1 5 4 6 9 -1 7 8 -2 -3 -8 -10 -13
right_child=3 2 -4 -5 -6 -7 10 -9 11 -11 -12 12 -14
leaf_value=-1.4426631594441381 -1.3653783578722232 -1.1704862495604378 -1.4292869437874605 -1.2542814556125954 -1.2752127560383224 -1.3080380212220928 -1.3946932826063978 -1.1963178544336592 -1.4078849987367763 -1.0948815523705209 -1.4426631594441381 -1.4426631594441381 -1.4426631594441381
leaf_weight=15.239448815584185 10.351323723793028 6.6133457124233308 7.4759560227394095 6.9008824825286856 7.7634927928447715 8.9136398732662183 8.3385663330554944 6.9008824825286856 5.7507354021072414 16.102059125900269 41.405294895172119 7.4759560227394131 10.926397264003752
leaf_count=53 36 23 26 24 27 31 29 24 20 56 144 26 38
internal_value=-1.35275 -1.28165 -1.21081 -1.39779 -1.15722 -1.39298 -1.40865 -1.37745 -1.41368 -1.11689 -1.43462 -1.43438 -1.44266
internal_weight=0 62.1079 37.9549 98.05 30.4789 24.1531 91.1492 41.4053 34.5044 22.7154 49.7439 24.1531 18.4024
internal_count=557 216 132 341 106 84 317 144 120 79 173 84 64
is_linear=0
shrinkage=1


Tree=2
num_leaves=16
num_cat=0
split_feature=14 23 2 0 0 23 2 9 0 14 3 0 0 0 0
split_gain=45.2963 39.9939 28.2456 26.244 36.6654 20.8321 29.6147 23.5325 15.1871 14.4982 1.65198 0.164562 7.10543e-15 3.55271e-15 1.77636e-15
threshold=109183.43156771226 0.015907391767961007 102769.60000000002 1761874200000.0002 1760913000000.0002 0.012757516301438792 111448.10000000002 394.88500000000005 1761442200000.0002 108181.91468090368 106666.20000000001 1760513400000.0002 1761744600000.0002 1762198200000.0002 1761906600000.0002
decision_type=2 2 2 2 2 2 2 2 2 2 2 2 2 2 2
left_child=1 -1 -3 4 10 6 -2 11 -8 -6 -4 -7 -13 -5 -14
right_child=5 2 3 13 9 7 8 -9 -10 -11 -12 12 14 -15 -16
leaf_value=-1.1599164010179266 -1.490997017017998 -1.1657722486478597 -1.4191052261151254 -1.490997017017998 -1.1435200276541135 -1.4730240692922798 -1.3651863829379709 -1.27532164430938 -1.1315380625036346 -1.3412224526370133 -1.490997017017998 -1.490997017017998 -1.490997017017998 -1.490997017017998 -1.490997017017998
leaf_weight=10.57144373655319 9.1804642975330371 5.8421136438846579 5.5639177560806292 5.5639177560806301 8.3458766341209394 5.5639177560806266 5.5639177560806257 5.5639177560806266 5.5639177560806274 6.676701307296752 7.511288970708847 43.120362609624863 8.6240725219249743 13.075206726789473 8.6240725219249708
leaf_count=38 33 21 20 20 30 20 20 20 20 24 27 155 31 47 31
internal_value=-1.40258 -1.3374 -1.37308 -1.39899 -1.33796 -1.44743 -1.35805 -1.47281 -1.24836 -1.23139 -1.4604 -1.48948 -1.491 -1.491 -1.491
internal_weight=0 63.1505 52.579 46.7369 28.0978 91.8046 20.3083 71.4963 11.1278 15.0226 13.0752 65.9324 60.3685 18.6391 17.2481
internal_count=557 227 189 168 101 330 73 257 40 54 47 237 217 67 62
is_linear=0
shrinkage=1


Tree=3
num_leaves=22
num_cat=0
split_feature=24 12 14 25 2 13 9 0 0 13 23 11 10 20 0 23 17 1 25 1 7
split_gain=55.6976 29.2991 21.5501 34.0485 20.602 10.7476 6.55215 4.48509 3.04677 2.77667 2.20253 1.92422 2.38987 1.77377 3.33655 0.642955 0.020208 0.00392968 0.00258576 0.00179977 1.71591e-05
threshold=0.001210932100160377 377.24500000000006 109839.00011609019 0.010871116092472865 110296.25000000001 1395380.0000000002 393.25500000000005 1762047000000.0002 1761971400000.0002 898088.50000000012 0.028345721332661163 377.48750000000001 387.02815000000004 67.143568495565972 1761301800000.0002 0.01472488553563 -0.66506197730305971 111003.00000000001 0.0090882733794884814 109548.15000000001 1.1602000000000003
decision_type=2 2 2 2 2 2 2 2 2 2 2 2 2 2 2 2 2 2 2 2 2
left_child=1 4 3 10 7 13 9 8 -1 -5 -2 17 -13 16 -15 -6 18 -4 -3 -20 -19
right_child=2 5 11 6 15 -7 -8 -9 -10 -11 -12 12 -14 14 -16 -17 -18 20 19 -21 -22
leaf_value=-0.031094017942048548 0.12292833790639678 -0.11774520675395246 0.1237360762548208 -0.12177749049638763 0.12123352157553979 0.019444406936125175 0.017021351266925749 0.005766209345854055 -0.12054576213920423 -0.048085426801044481 0.063184086319037422 0.044883678945650055 0.11324318875152757 -0.031119196556646592 -0.1210417031834215 0.081965669419386322 -0.12462479648597913 0.12093481828867635 -0.12046620666840101 -0.11850304568204316 0.12112965088308698
leaf_weight=7.4605166614055651 13.764576077461244 12.885095149278643 7.4462435245513943 12.628418266773229 7.7960192561149624 7.4643777012825003 7.458338886499404 11.603886663913725 7.7768237292766571 8.5917783379554731 11.184756785631178 9.7256289422512072 10.785897701978682 7.4349881410598782 9.2722268700599653 8.9642671644687635 7.4479988515377036 10.760694593191149 10.379060715436937 8.4895973205566388 7.7947855889797202
leaf_count=20 37 35 20 34 21 20 20 31 21 23 30 26 29 20 25 24 20 29 28 23 21
internal_value=0 -0.0498521 0.0539194 0.0107166 0.013242 -0.0932614 -0.0636032 -0.041076 -0.0767483 -0.0919405 0.0961451 0.10373 0.0808302 -0.108309 -0.0810247 0.100231 -0.119937 0.121795 -0.118837 -0.119583 0.121017
internal_weight=0 106.975 100.141 53.6279 43.6015 63.3733 28.6785 26.8412 15.2373 21.2202 24.9493 46.5133 20.5115 55.909 16.7072 16.7603 39.2018 26.0017 31.7538 18.8687 18.5555
internal_count=557 288 269 144 117 171 77 72 41 57 67 125 55 151 45 45 106 70 86 51 50
is_linear=0
shrinkage=0.1


Tree=4
num_leaves=21
num_cat=0
split_feature=24 25 25 4 14 18 24 24 19 0 1 9 11 19 2 25 14 23 25 17
split_gain=40.3574 36.433 30.728 12.3984 8.86273 8.7436 6.85147 21.6736 3.20983 1.54563 1.54468 0.531908 0.00787737 0.000470396 0.000301977 0.000268111 0.000627143 0.0001842 5.18522e-05 3.73668e-06
threshold=0.00073624075930866877 1.0000000180025095e-35 0.023248245466063137 1.1671500000000001 111177.78892755622 -2.4051038376613825 0.002805894346557813 0.0021144443049802559 -0.82192926753810525 1760545800000.0002 109291.35000000002 366.94500000000005 377.48750000000001 -0.44307482896154532 110296.25000000001 0.010917584002757852 110093.648541694 0.020613436870183872 0.0088984294051210281 -0.72817883411895268
decision_type=2 2 2 2 2 2 2 2 2 2 2 2 2 2 2 2 2 2 2 2
left_child=1 5 4 6 10 14 7 8 -2 -8 -3 -10 -12 15 -1 18 -17 -13 -11 -18
right_child=3 2 -4 -5 -6 -7 9 -9 11 13 12 17 -14 -15 -16 16 19 -19 -20 -21
leaf_value=-0.087901477365776109 -0.010790464666888303 0.14615761836745644 -0.07310592034822759 0.082540496646008404 0.065604336402153143 0.037162441889693858 -0.038768204428999115 0.13076709286721641 -0.051191679083371244 -0.086575873399315703 0.2023607495431699 -0.08673612702379728 0.19823905248096316 -0.087751810087623117 -0.086972711379053352 -0.087663476529266926 -0.086628815094146217 -0.08740596334253542 -0.086132584005878643 -0.086522545260852457
leaf_weight=6.0436652898788479 10.195693731307982 7.4036065936088589 7.0400895476341239 7.3783102333545676 8.2000302970409376 9.2824885547161085 8.0609666109085065 7.5246967673301688 5.4681093990802792 5.3117639720439893 8.6133683323860186 10.403118044137956 10.043996751308439 5.7426747977733603 8.3201007544994336 8.1872079372406024 5.319977760314937 6.7815964519977561 5.243537038564682 8.7522162199020404
leaf_count=22 36 23 26 24 27 31 29 24 20 20 26 39 30 21 31 30 20 25 20 33
internal_value=0 0.0605042 0.117176 -0.0419183 0.156276 -0.03848 -0.0524744 -0.0223176 -0.0573851 -0.0785913 0.184806 -0.0783567 0.200142 -0.0869169 -0.0873635 -0.0867708 -0.0869676 -0.0870005 -0.0863557 -0.0865627
internal_weight=0 64.9473 41.3011 94.3699 34.261 23.6463 86.9916 40.3732 32.8485 46.6183 26.061 22.6528 18.6574 38.5574 14.3638 32.8147 22.2594 17.1847 10.5553 14.0722
internal_count=557 216 132 341 106 84 317 144 120 173 79 84 56 144 53 123 83 64 40 53
is_linear=0
shrinkage=0.1


Tree=5
num_leaves=22
num_cat=0
split_feature=14 23 2 0 0 23 2 10 0 14 20 0 11 20 2 16 0 25 25 0 23
split_gain=36.7346 26.6807 21.5066 21.6961 27.1044 17.4067 22.5365 21.7613 9.74769 9.23173 1.75367 0.163995 0.000837341 0.000632591 0.000534104 0.000424104 0.000198366 0.000110363 2.82855e-05 1.27837e-05 8.77637e-06
threshold=109183.43156771226 0.015907391767961007 102769.60000000002 1761874200000.0002 1760913000000.0002 0.012757516301438792 111448.10000000002 398.22500000000008 1761442200000.0002 108181.91468090368 35.725144778862415 1760513400000.0002 377.32000000000005 67.143568495565972 110110.10000000002 366.61749999992338 1760621400000.0002 0.016755924200057493 0.026145062247592835 1762198200000.0002 0.017938620075889679
decision_type=2 2 2 2 2 2 2 2 2 2 2 2 2 2 2 2 2 2 2 2 2
left_child=1 -1 -3 4 10 6 -2 11 -8 -6 -4 -7 14 16 -13 -5 -14 -16 20 -17 -19
right_child=5 2 3 15 9 7 8 -9 -10 -11 -12 12 13 -15 17 19 -18 18 -20 -21 -22
leaf_value=0.18976616411134839 -0.086311875585187894 0.19575242991811728 -0.01212898490347176 -0.08656867909712132 0.201390209741519 -0.067351810447558433 0.029728997350739802 0.1208950167313448 0.20763537735786286 0.051000092464221783 -0.08745253486599408 -0.086300120724290691 -0.08556823515059464 -0.087134470585892479 -0.084981448879307989 -0.085678078797747942 -0.086286641661288244 -0.085229372866612418 -0.085573045337776418 -0.085455505247036254 -0.085398380640949623
leaf_weight=12.212813645601271 8.6895525455474871 6.5451815426349631 5.346905469894411 7.1616796553134945 9.7075808048248309 5.2732617557048789 5.821445167064665 5.6446191668510428 6.5393422842025757 7.0431604385375968 7.3257216811180115 6.5815072655677787 7.4853592216968554 6.1867516636848441 7.8520600199699429 5.1779051423072797 7.8998021185398102 5.1105172932147997 7.7447413802146903 5.1442985534667969 7.7050171792507172
leaf_count=38 33 21 20 27 30 20 20 19 20 24 27 25 29 23 31 20 30 20 30 20 30
internal_value=0 0.0564119 0.0259432 0.00224889 0.0546745 -0.0422968 0.0370946 -0.0670616 0.123848 0.138156 -0.0556716 -0.0842181 -0.0857905 -0.0862805 -0.0854884 -0.0859774 -0.0859371 -0.0853004 -0.0854222 -0.0855672 -0.085331
internal_weight=0 65.6652 53.4524 46.9073 29.4234 88.534 21.0503 67.4836 12.3608 16.7507 12.6726 61.839 56.5658 21.5719 34.9938 17.4839 15.3852 28.4123 20.5603 10.3222 12.8155
internal_count=557 227 189 168 101 330 73 257 40 54 47 238 218 82 136 67 59 111 80 40 50
is_linear=0
shrinkage=0.1


Tree=6
num_leaves=22
num_cat=0
split_feature=24 12 14 25 2 13 11 0 1 13 18 11 10 20 0 18 17 14 23 10 7
split_gain=44.5 24.1205 17.7071 27.981 16.7003 9.42793 5.93857 4.66532 2.89669 2.20487 2.07577 1.78657 2.11664 1.50902 2.86605 0.449024 0.0265569 0.0109892 0.0034071 0.0014988 9.02086e-05
threshold=0.001210932100160377 377.24500000000006 109839.00011609019 0.010871116092472865 110491.65000000001 1395380.0000000002 390.59000000000009 1762047000000.0002 109789.55 898088.50000000012 -3.5421410928370034 377.48750000000001 387.02815000000004 67.143568495565972 1761301800000.0002 -4.2595514450402225 -0.66506197730305971 110904.43004648911 0.015413480827115996 380.49000000000007 1.1602000000000003
decision_type=2 2 2 2 2 2 2 2 2 2 2 2 2 2 2 2 2 2 2 2 2
left_child=1 4 3 10 7 13 9 8 -1 -5 -2 17 -13 16 -15 -6 18 -4 -3 -20 -19
right_child=2 5 11 6 15 -7 -8 -9 -10 -11 -12 12 -14 14 -16 -17 -18 20 19 -21 -22
leaf_value=-0.025611643226847915 0.055535934808047964 -0.10788606770444194 0.11556766967297144 -0.11355133696090954 0.11282292680885803 0.020605492317107878 0.018640140425381049 0.012125383201126537 -0.11265188641473917 -0.047883254172832776 0.11412229980650662 0.038575482432582665 0.10343269544938277 -0.027733116533721826 -0.11186623923826147 0.07855778623366054 -0.11578902456241519 0.11077314138684453 -0.10914945496982385 -0.11102376953774294 0.11122681822271425
leaf_weight=7.3910797238349932 10.982761830091478 13.432408511638643 7.2848649919033077 11.98176327347756 7.971066027879715 7.4419612288475028 7.4140888452529898 12.26703768968582 7.9213034510612488 8.9189737737178785 13.458542466163633 9.6544956862926501 10.509298026561735 7.3570812046527889 9.004974424839018 7.3516234159469587 7.3065913021564475 10.423924654722216 9.2689085900783557 7.9049457907676688 7.5625935494899741
leaf_count=20 30 38 20 33 22 20 20 33 22 24 37 26 29 20 25 20 20 29 26 22 21
internal_value=0 -0.0449118 0.0488192 0.00941014 0.0126787 -0.0849455 -0.0582527 -0.0338261 -0.0706387 -0.0855288 0.0877964 0.0945783 0.0723788 -0.0994182 -0.0740364 0.096383 -0.110372 0.112291 -0.109079 -0.110012 0.110964
internal_weight=0 104.619 98.1913 52.7561 42.9021 61.7169 28.3148 27.5794 15.3124 20.9007 24.4413 45.4352 20.1638 54.2749 16.3621 15.3227 37.9129 25.2714 30.6063 17.1739 17.9865
internal_count=557 288 269 144 117 171 77 75 42 57 67 125 55 151 45 42 106 70 86 48 50
is_linear=0
shrinkage=0.1


Tree=7
num_leaves=21
num_cat=0
split_feature=24 25 2 4 18 18 24 24 20 19 0 12 4 14 25 23 0 2 18 0
split_gain=32.5352 28.2771 23.037 10.159 7.53292 6.76775 6.30554 17.5026 3.94144 3.04858 1.51332 0.539626 0.437268 0.000994997 0.00194512 0.000833112 0.000621445 0.00050429 1.90738e-05 5.87173e-06
threshold=0.00073624075930866877 1.0000000180025095e-35 112327.00000000001 1.1671500000000001 -2.4051038376613825 -4.0751237372636853 0.002805894346557813 0.0021144443049802559 53.508571396952952 -0.82192926753810525 1760545800000.0002 366.94500000000005 1.1613500000000003 110093.648541694 0.010871116092472865 0.020081081397173316 1762273800000.0002 110296.25000000001 -4.2105993871374956 1760621400000.0002
decision_type=2 2 2 2 2 2 2 2 2 2 2 2 2 2 2 2 2 2 2 2
left_child=1 4 5 6 17 12 7 9 -7 -2 -8 -11 -3 14 16 -13 -12 -1 19 -15
right_child=3 2 -4 -5 -6 8 10 -9 -10 11 13 15 -14 18 -16 -17 -18 -19 -20 -21
leaf_value=-0.085677486256777902 -0.0086710253923484911 0.15586845588769466 -0.071565884028075996 0.070257715546472213 0.03119850542486521 0.13670368592035295 -0.03575523332470245 0.11168888925821158 0.044421427899768245 -0.047606974116252955 -0.084662281605474121 -0.083985321891573747 0.18766214140891571 -0.083952843485784689 -0.08585588107727482 -0.085427942854790134 -0.083085196949938156 -0.084436507117711238 -0.083647778044684581 -0.083801630107737057
leaf_weight=5.6864039599895495 10.014055550098421 7.1436919569969204 6.580430179834365 7.7535090446472159 9.5659509003162366 8.9834533333778399 7.7956882119178763 7.990552306175231 9.5467638373374921 5.1998997926712063 5.0119851827621478 8.3457459509372729 10.966392874717711 5.1504773050546628 9.8565298765897733 7.6932849436998358 4.9824134409427643 7.7203581929206848 5.5803026854991904 5.1213752627372742
leaf_count=22 36 20 25 24 31 26 29 24 29 20 20 34 32 21 38 30 21 31 23 21
internal_value=0 0.0530572 0.100708 -0.0391946 -0.0365927 0.131648 -0.0494511 -0.0203873 0.0891599 -0.0541556 -0.0756717 -0.0756014 0.175121 -0.0843874 -0.0848591 -0.0846773 -0.0838761 -0.0849629 -0.0837966 -0.0838775
internal_weight=0 66.1934 43.2207 90.4958 22.9727 36.6403 82.7423 39.2435 18.5302 31.253 43.4988 21.2389 18.1101 35.7031 19.8509 16.039 9.9944 13.4068 15.8522 10.2719
internal_count=557 216 132 341 84 107 317 144 55 120 173 84 52 144 79 64 41 53 65 42
is_linear=0
shrinkage=0.1


Tree=8
num_leaves=23
num_cat=0
split_feature=14 23 14 0 0 12 23 2 23 0 20 0 18 11 12 14 11 9 24 25 20 25
split_gain=30.3943 19.7181 16.0404 18.9639 23.3881 15.5496 19.9512 17.7769 7.16701 7.04863 1.79678 0.165003 0.13327 0.00280422 0.00272877 0.00103646 0.00099276 0.000343447 0.000317384 0.000248712 0.000171362 1.47018e-05
threshold=109183.43156771226 0.015609980170199962 102062.5128400751 1761874200000.0002 1760913000000.0002 398.49000000000007 0.012757516301438792 111448.10000000002 0.023488968497873408 1761442200000.0002 35.725144778862415 1760513400000.0002 -2.0729203443464748 388.30500000000006 366.51500000000004 109615.57673442755 377.37000000000006 380.435 0.00064578722990315943 0.016632392438896155 51.517745832468336 0.018884019322219971
decision_type=2 2 2 2 2 2 2 2 2 2 2 2 2 2 2 2 2 2 2 2 2 2
left_child=1 -1 -3 4 10 6 7 -2 -6 -9 -4 -8 14 15 -5 -13 18 -18 20 -20 -17 -21
right_child=5 2 3 12 8 -7 11 9 -10 -11 -12 13 -14 -15 -16 16 17 -19 19 21 -22 -23
leaf_value=0.17120858678549847 -0.084504916831379021 0.1718817167125356 -0.0098625724978415874 -0.086284872034457574 0.19211142266754816 0.12312570972816027 -0.06451153337989983 0.023497828084732532 0.068738500250098936 0.17027198551792885 -0.086527838555086223 -0.084647275687177975 -0.065182783735724351 -0.085746676355433094 -0.083270387213793207 -0.082856899624411354 -0.084245220295594295 -0.083208568589240528 -0.082007841425545014 -0.082927745457525265 -0.083683733589722198 -0.082713962145818484
leaf_weight=11.181982964277266 8.1936800777912158 6.6124098300933829 5.2376880049705523 5.4441001266241091 8.1217156946659106 5.4562288522720328 4.9955237060785285 6.0356242358684522 11.204815506935118 7.1456077694892883 7.342590257525444 5.0064378678798667 4.9705733507871619 5.1280260235071173 6.6967350542545319 5.1789970248937625 8.1612877249717695 5.2529074698686591 5.6793507933616665 5.1965575069189063 4.8575396835803986 8.4436146765947324
leaf_count=32 33 20 20 21 24 17 20 20 34 20 28 20 20 20 28 22 33 22 25 22 20 36
internal_value=0 0.050037 0.0256811 0.00595905 0.0515088 -0.0401644 -0.0514031 0.0311634 0.120584 0.103065 -0.0546089 -0.081884 -0.0789753 -0.0835244 -0.0846221 -0.0832859 -0.0831266 -0.0838393 -0.0828009 -0.0825639 -0.0832571 -0.0827954
internal_weight=0 66.8126 55.6306 49.0182 31.9068 84.7314 79.2752 21.3749 19.3265 13.1812 12.5803 57.9002 17.1114 52.9047 12.1408 47.7767 42.7703 13.4142 29.3561 19.3195 10.0365 13.6402
internal_count=557 227 195 175 106 330 313 73 58 40 48 240 69 220 49 200 180 55 125 83 42 58
is_linear=0
shrinkage=0.1


Tree=9
num_leaves=23
num_cat=0
split_feature=24 12 14 25 2 13 10 0 0 13 22 11 9 20 0 23 19 17 1 23 1 7
split_gain=35.9345 19.646 14.7348 23.1441 13.6995 8.32127 5.35293 3.01956 2.5301 2.18844 1.96735 1.71805 1.95667 1.38434 2.46449 0.520145 0.0921922 0.0263329 0.0180336 0.00541991 0.00270627 0.000159206
threshold=0.001210932100160377 377.24500000000006 109839.00011609019 0.010871116092472865 110296.25000000001 1395380.0000000002 395.99500000000006 1762047000000.0002 1761971400000.0002 898088.50000000012 38.415808006286319 377.48750000000001 386.43500000000006 67.143568495565972 1761301800000.0002 0.01472488553563 -0.64573183792327815 -0.66506197730305971 111003.00000000001 0.017759366855919445 107238.8 1.1602000000000003
decision_type=2 2 2 2 2 2 2 2 2 2 2 2 2 2 2 2 2 2 2 2 2 2
left_child=1 4 3 10 7 13 9 8 -1 -5 -2 18 -13 17 -15 -6 -12 19 -4 20 -3 -20
right_child=2 5 11 6 15 -7 -8 -9 -10 -11 16 12 -14 14 -16 -17 -18 -19 21 -21 -22 -23
leaf_value=-0.02202190863168927 0.038979219516931604 -0.098928585505741573 0.10925354039406723 -0.10737477785107244 0.10432580600875679 0.021082781420331431 0.019530005453476662 0.0051483316345280663 -0.10534085446761068 -0.041011841298608846 0.10734192337543157 0.032712306699167387 0.095856092723903413 -0.024568400965091372 -0.10378706992010073 0.068001362331693058 0.092074406321750152 -0.10843511411640117 0.10298432866690542 -0.10334036506066674 -0.10148802274685707 0.10360136389298442
leaf_weight=7.3336791992187518 7.5965113937854793 6.5644220709800747 7.0444153845310238 11.977901637554174 7.2562153935432425 7.4156122207641593 7.3730938732624045 11.474069058895109 7.2452837228775024 8.4922849237918836 9.1154252588748967 9.5418592691421527 10.104089319705961 7.2480414807796469 8.5709778666496259 8.6311188042163831 6.9864647090435001 7.0760157704353359 9.9305461347103137 11.325957387685774 11.145653843879698 7.2230939865112296
leaf_count=20 21 20 20 34 21 20 20 31 21 23 26 26 29 20 25 24 20 20 29 33 33 21
internal_value=0 -0.0409853 0.0445429 0.00829301 0.0114039 -0.0780088 -0.0535286 -0.0332266 -0.0634288 -0.0798434 0.0809273 0.0871571 0.0651877 -0.0921588 -0.0674902 0.0845918 0.100717 -0.102965 0.104994 -0.101632 -0.100539 0.103244
internal_weight=0 101.287 95.3857 51.5417 41.9404 59.3467 27.8433 26.053 14.579 20.4702 23.6984 43.844 19.6459 51.9311 15.819 15.8873 16.1019 36.112 24.1981 29.036 17.7101 17.1536
internal_count=557 288 269 144 117 171 77 72 41 57 67 125 55 151 45 45 46 106 70 86 53 50
is_linear=0
shrinkage=0.1


Tree=10
num_leaves=21
num_cat=0
split_feature=24 25 2 4 18 24 24 18 20 19 0 23 4 23 14 25 0 2 11 1
split_gain=26.5503 22.4186 15.6884 8.36073 6.5552 5.80477 14.3013 4.89635 3.11824 2.93142 1.49499 0.561694 0.232533 0.00415516 0.00171609 0.00293571 0.000631417 0.000522767 3.24318e-05 6.3563e-07
threshold=0.00073624075930866877 1.0000000180025095e-35 111922.15000000001 1.1671500000000001 -2.4051038376613825 0.002805894346557813 0.0021144443049802559 -4.0751237372636853 53.508571396952952 -0.82192926753810525 1760545800000.0002 0.031021612616097694 1.1613500000000003 0.020150304489213552 110093.648541694 0.010871116092472865 1762273800000.0002 110296.25000000001 377.76500000000004 111947.10000000002
decision_type=2 2 2 2 2 2 2 2 2 2 2 2 2 2 2 2 2 2 2 2
left_child=1 4 7 5 17 6 9 12 -9 -2 -7 13 -3 -11 15 16 -12 -1 19 -16
right_child=3 2 -4 -5 -6 10 -8 8 -10 11 14 -13 -14 -15 18 -17 -18 -19 -20 -21
leaf_value=-0.083572209158285449 -0.0063504399217224911 0.135869745667448 -0.054953678459345193 0.060342541959654078 0.026665411353467706 -0.032902060519928965 0.097451242725683396 0.11901773331763635 0.037982524648343681 -0.081813780804095515 -0.082441812531061504 -0.045002008815667849 0.15869184602242081 -0.085254352379436876 -0.081295661303014577 -0.084143413022016667 -0.08078072491058691 -0.082260889536588166 -0.081632566682255131 -0.081348577128330532
leaf_weight=5.2977980673313159 9.8170025050640088 7.3890937268734005 6.4989484548568717 8.0446460545063001 9.7634638845920545 7.5445480197668067 8.2959945797920209 9.2803841829299945 9.7242535054683668 8.8149916082620674 4.6321854442358035 5.22805032134056 11.279718816280363 5.8328030109405509 4.4269867092370969 9.3053931891918165 4.5227033942937851 7.1338739395141602 5.3815808594226828 4.6590991020202637
leaf_count=22 36 20 26 24 31 29 24 26 29 39 20 22 31 23 20 38 21 31 24 21
internal_value=0 0.0473342 0.0885325 -0.0367472 -0.0346581 -0.0467018 -0.018627 0.113285 0.0775538 -0.0510586 -0.0730538 -0.0731407 0.149659 -0.0831838 -0.0822535 -0.0828926 -0.0816212 -0.0828197 -0.081438 -0.0813228
internal_weight=0 66.3675 44.1724 86.506 22.1951 78.4613 37.9888 37.6735 19.0046 29.6928 40.4725 19.8758 18.6688 14.6478 32.9279 18.4603 9.15489 12.4317 14.4677 9.08609
internal_count=557 216 132 341 84 317 144 106 55 120 173 84 51 62 144 79 41 53 65 41
is_linear=0
shrinkage=0.1


Tree=11
num_leaves=22
num_cat=0
split_feature=14 23 9 25 0 2 0 0 14 20 0 23 10 10 2 14 11 24 25 23 19
split_gain=25.7056 15.0839 14.2705 17.5891 20.9414 13.8769 17.2157 18.3231 5.76904 1.71893 0.136557 0.0126712 0.00521775 0.00264097 0.00167742 0.00149206 0.00131965 0.000537332 0.000365209 0.00012875 1.37183e-05
threshold=109183.43156771226 0.015609980170199962 398.50730000000004 0.0038886593554498779 1761517800000.0002 102769.60000000002 1761874200000.0002 1760913000000.0002 108181.91468090368 35.725144778862415 1760535000000.0002 0.013375120736901622 389.96000000000009 367.44500000000005 110296.25000000001 109789.04781699744 377.48750000000001 0.00064578722990315943 0.015930195368679574 0.028774913715957067 -0.66816121577155485
decision_type=2 2 2 2 2 2 2 2 2 2 2 2 2 2 2 2 2 2 2 2 2
left_child=1 -1 3 4 -2 -3 7 9 -9 -7 -5 -12 15 -8 -6 -13 17 -17 -19 -15 -20
right_child=2 5 -4 10 14 6 13 8 -10 -11 11 12 -14 19 -16 16 -18 18 20 -21 -22
leaf_value=0.14853755796572302 0.1152429157936502 0.15148811650988861 0.11805007345126639 -0.066319181563072344 -0.083874467887913848 -0.0082606037496218802 -0.08392516377789723 0.14939667045070104 0.041216979081540601 -0.084541524487649886 -0.086685428844349835 -0.082661866402331696 -0.084711628276414833 -0.080913023391623526 -0.081241924728000223 -0.081292275836734387 -0.08219330488213672 -0.079454812132722361 -0.080448736355586054 -0.081667062416231173 -0.080657507548834495
leaf_weight=11.703313171863554 11.915719106793405 7.3503795862197867 5.4364057481288901 6.0887839943170539 5.093828469514845 5.161503851413725 6.5284924358129492 11.693472266197206 8.5223652124404889 6.907529354095459 5.616963952779769 6.0407015681266776 4.8510407507419577 4.5677622854709607 4.6117886453866959 7.7348845899105134 6.6448527574539176 4.029936537146571 6.6001150757074374 4.4906231462955475 6.0166608244180644
leaf_count=32 35 21 16 26 21 20 27 32 26 28 22 26 20 21 21 35 29 20 31 20 28
internal_value=0 0.0454127 -0.0384144 -0.0497188 0.0264225 0.0235573 0.00391441 0.0455824 0.103791 -0.0519188 -0.0804192 -0.0822253 -0.0816276 -0.0823919 -0.0826236 -0.081224 -0.080944 -0.0806036 -0.0802836 -0.0812868 -0.0805483
internal_weight=0 66.9254 80.6817 75.2453 21.6213 55.2221 47.8717 32.2849 20.2158 12.069 53.6239 47.5352 41.9182 15.5869 9.70562 37.0672 31.0264 24.3816 16.6467 9.05839 12.6168
internal_count=557 227 330 314 77 195 174 106 58 48 237 211 189 68 42 169 143 114 79 41 59
is_linear=0
shrinkage=0.1


Tree=12
num_leaves=22
num_cat=0
split_feature=24 12 14 0 12 14 22 0 1 1 11 10 23 20 18 17 14 17 22 14 7
split_gain=29.1368 16.3774 12.3733 19.6031 14.2183 11.2929 7.68551 3.18238 2.99138 2.54765 1.69171 1.81405 1.57894 0.810806 0.402212 0.209303 0.0245837 0.0224547 0.0203658 0.00525223 0.00016283
threshold=0.001210932100160377 377.24500000000006 109839.00011609019 1762122600000.0002 396.04500000000007 110315.50521978457 77.863332268488321 1762047000000.0002 103354.40000000001 109789.55 377.48750000000001 387.02815000000004 0.033686469523837206 70.212885316469567 -4.2595514450402225 -0.86066752489106146 110904.43004648911 -0.66506197730305971 43.725988960274307 108418.75081663164 1.1602000000000003
decision_type=2 2 2 2 2 2 2 2 2 2 2 2 2 2 2 2 2 2 2 2 2
left_child=1 5 3 4 12 7 13 9 -5 -1 16 -12 -2 15 -7 -3 -4 19 -10 -17 -18
right_child=2 6 10 8 -6 14 -8 -9 18 -11 11 -13 -14 -15 -16 17 20 -19 -20 -21 -22
leaf_value=-0.017382119017382479 -0.11030869261543921 -0.083077303635668329 0.10432388250164576 0.022958706857732426 0.071868699243074999 0.099101716578159915 0.022324295461414831 0.010212745180235233 0.1064984494902308 -0.101219049843917 0.027709466651220233 0.089487315433530307 -0.051680094438354619 -0.064673978967659793 0.065467233436097255 -0.095564326042754014 0.096866072770315725 -0.10406180567511554 0.099147407178513863 -0.098992311096287339 0.097509276630252911
leaf_weight=7.2357839047908801 13.756067395210271 11.596804708242411 6.7510373592376736 6.8634779751300838 7.2712626159191123 7.2467892169952393 7.4403133690357199 12.017624855041502 6.9438781440258017 7.2629446089267731 9.414698392152788 9.5998088419437391 6.8964356184005728 12.458450198173521 6.979721397161482 8.1900221705436724 9.333642244338991 7.1378494799137178 8.242344528436659 9.8390950262546522 6.8056943714618674
leaf_count=20 39 36 20 20 20 22 21 33 20 22 26 29 20 37 20 26 29 21 25 30 21
internal_value=0 -0.0376323 0.0408694 0.00726485 -0.0483905 0.0107239 -0.0724026 -0.027839 0.0777469 -0.0593791 0.0809444 0.0588991 -0.090731 -0.0867213 0.0826002 -0.0941927 0.0992568 -0.0993146 0.102509 -0.0974351 0.0971373
internal_weight=0 97.4054 91.8783 49.9735 27.9238 40.7429 56.6625 26.5164 22.0497 14.4987 41.9049 19.0145 20.6525 49.2222 14.2265 36.7638 22.8904 25.167 15.1862 18.0291 16.1393
internal_count=557 288 269 144 79 117 171 75 65 42 125 55 59 150 42 113 70 77 45 56 50
is_linear=0
shrinkage=0.1


Tree=13
num_leaves=21
num_cat=0
split_feature=24 25 2 17 23 22 25 18 18 20 18 13 23 24 23 18 17 11 23 2
split_gain=21.7783 17.9087 10.8767 7.73299 15.517 7.40349 6.27003 5.81397 3.75145 2.56865 1.40855 0.794276 0.147089 0.0312773 0.00298666 0.00219431 0.000628084 0.000816207 0.000526353 0.000421713
threshold=0.00073624075930866877 1.0000000180025095e-35 111895.45000000001 -0.65602518312428726 0.031677243174031207 50.484885678583503 0.012113900127979265 -2.4051038376613825 -4.0751237372636853 51.765060482516631 -1.1016765145591467 1611571.5000000002 0.019531935666333825 0.0033230323482955626 0.019455619899803323 -2.2661534983545164 -0.53479894537056338 366.77000000000004 0.018323104729531057 110296.25000000001
decision_type=2 2 2 2 2 2 2 2 2 2 2 2 2 2 2 2 2 2 2 2
left_child=1 7 8 4 5 6 -2 19 12 -10 14 13 -3 -7 -5 16 -16 -18 -15 -1
right_child=3 2 -4 10 -6 11 -8 -9 9 -11 -12 -13 -14 18 15 -17 17 -19 -20 -21
leaf_value=-0.081644972932294446 0.070626039762846746 0.14115817990472679 -0.040273350833314486 -0.079650831484979034 0.11498176204614491 -0.088771132472132377 -0.045647210916064718 0.023733737974536637 0.1101954329294125 0.036418787915558928 -0.029882338325394338 -0.036379398208052603 0.12332168018558257 -0.079575377892896176 -0.082270224362726463 -0.083906543452482565 -0.079882216429862762 -0.081731839594887778 -0.081058977636938437 -0.080419335993501317
leaf_weight=4.9001532942056674 9.1556185632944125 8.540073901414873 6.5259549617767325 7.7711228281259563 8.3673401921987516 7.5100276768207612 9.398687079548834 9.871307432651518 8.3516680002212542 10.850161939859388 6.6264353543519965 4.4098786413669577 10.081017732620237 5.6990984231233579 5.2174882590770748 4.4988021999597541 4.2993847876787168 5.3603308945894241 4.1201913803815842 6.5730995386838913
leaf_count=22 30 23 27 38 28 28 36 31 23 32 27 20 27 28 23 19 21 24 19 31
internal_value=0 0.0427281 0.0789502 -0.0344536 -0.00893729 -0.0346703 0.0117278 -0.0325326 0.099521 0.0685073 -0.0712174 -0.0742709 0.131502 -0.0839133 -0.0813071 -0.0819713 -0.0813861 -0.0809086 -0.0801979 -0.0809428
internal_weight=0 65.6934 44.3489 82.4344 48.6608 40.2935 18.5543 21.3446 37.8229 19.2018 33.7736 21.7392 18.6211 17.3293 27.1471 19.376 14.8772 9.65972 9.81929 11.4733
internal_count=557 216 132 341 189 161 66 84 105 55 152 95 50 75 125 87 68 45 47 53
is_linear=0
shrinkage=0.1


Tree=14
num_leaves=24
num_cat=0
split_feature=14 9 23 0 4 2 2 25 0 25 9 23 13 0 12 25 22 14 11 18 24 25 19
split_gain=21.9543 17.0281 15.7986 12.4717 23.3339 20.2973 12.3223 8.09529 4.41817 1.80738 0.563805 0.185744 0.159766 0.143231 0.0351893 0.0175129 0.00368605 0.00198944 0.00150211 0.00109388 0.000443559 0.000304777 7.58137e-06
threshold=109183.43156771226 400.16750000000008 0.012757516301438792 1760805000000.0002 1.1599000000000002 102252.05 111448.10000000002 0.01933300229854833 1761442200000.0002 0.02245346577343087 378.3925000000001 0.014825768065022232 131408.00000000003 1760535000000.0002 391.51000000000005 0.010560249436684774 0.76364825590017216 109789.04781699744 377.32000000000005 -3.9753875215742265 0.00064578722990315943 0.016632392438896155 -0.68199779221658385
decision_type=2 2 2 2 2 2 2 2 2 2 2 2 2 2 2 2 2 2 2 2 2 2 2
left_child=3 2 6 9 5 -5 -2 12 -8 -1 -6 -12 -7 -4 16 -14 -15 -18 20 -20 -19 -22 -23
right_child=1 -3 13 4 10 7 8 -9 -10 -11 11 -13 15 14 -16 -17 17 18 19 -21 21 22 -24
leaf_value=-0.084408175794695325 -0.081461893972898769 0.14921202819031115 -0.06396693249749745 0.16032202973392948 0.11298783336787564 -0.061130309527783637 0.017679436338298087 0.048324822345903011 0.13181772676070982 -0.0054801022078078557 0.13665722175534542 0.15790985561078386 -0.080602942827693605 -0.082541294973253604 -0.089484616862563093 -0.088541114594479609 -0.081191902073632138 -0.079408809208278475 -0.079230227198169925 -0.081308134226007314 -0.077591901218173887 -0.078566536933335263 -0.078733885051754632
leaf_weight=6.8542324006557447 7.2025297582149532 4.6204613149166098 5.7473581731319419 6.5325434207916286 7.2684567868709591 4.3748217076063218 6.1985640227794629 7.4035297036170951 7.4886367321014404 5.0306034535169601 8.975079685449602 7.5900749564170829 7.834700405597685 4.4927192479372016 4.16485671699047 4.3070005029439926 5.8768439739942542 6.0497544556856218 5.5775967836380005 4.6419731229543668 3.6018219441175452 5.2042382806539509 5.6418552696704873
leaf_count=29 33 13 26 18 20 20 20 21 20 20 24 21 37 20 16 17 27 30 28 21 20 27 29
internal_value=0 -0.036874 -0.0488342 0.0417855 0.0620988 0.00409831 0.0244135 -0.0385662 0.0801276 -0.0509996 0.136207 0.146395 -0.0775152 -0.0788373 -0.0807259 -0.0834188 -0.0798381 -0.0795062 -0.0791837 -0.0801741 -0.0786899 -0.0783889 -0.0786536
internal_weight=0 76.5092 71.8887 66.171 54.2862 30.4526 20.8897 23.9201 13.6872 11.8848 23.8336 16.5652 16.5165 50.999 45.2517 12.1417 41.0868 36.5941 30.7172 10.2196 20.4977 14.4479 10.8461
internal_count=557 330 317 227 178 113 73 95 40 49 65 45 74 244 218 54 202 182 155 49 106 76 56
is_linear=0
shrinkage=0.1


Tree=15
num_leaves=23
num_cat=0
split_feature=24 12 14 0 0 14 13 0 1 1 11 9 23 20 9 18 4 17 22 23 9 17
split_gain=23.8092 13.7659 10.3718 16.5409 11.8165 9.34726 7.04856 2.59066 2.54648 2.44376 1.66593 1.72968 1.44329 1.26825 2.42703 0.382848 0.0252715 0.0152977 0.0129486 0.00634728 0.00234177 0.000137162
threshold=0.001210932100160377 377.24500000000006 109839.00011609019 1762122600000.0002 1760697000000.0002 110315.50521978457 1395380.0000000002 1762047000000.0002 103354.40000000001 109789.55 377.48750000000001 386.43500000000006 0.033686469523837206 67.143568495565972 379.26000000000005 -4.2595514450402225 1.1621500000000002 -0.66506197730305971 43.725988960274307 0.017759366855919445 378.72500000000008 -0.62001288146862088
decision_type=2 2 2 2 2 2 2 2 2 2 2 2 2 2 2 2 2 2 2 2 2 2
left_child=1 5 3 4 -2 7 13 9 -5 -1 16 -12 -6 17 -15 -7 -4 19 -10 20 -3 -18
right_child=2 6 10 8 12 15 -8 -9 18 -11 11 -13 -14 14 -16 -17 21 -19 -20 -21 -22 -23
leaf_value=-0.01332736424190472 0.06526354357258507 -0.092002044546762252 0.099870916035885438 0.022220580515907182 -0.10404755720992082 0.094117578790438097 0.023775558251068356 0.0092271462059869813 0.10010052592000106 -0.096892062091641806 0.022993164382573757 0.084448084929705514 -0.047124406361036535 -0.094463728094611524 -0.012410046196366497 0.060514893630657776 0.092530231746895744 -0.097462896164432586 0.094065711254341849 -0.093951334254415209 -0.089534702389287166 0.091925861129306716
leaf_weight=7.1406315863132495 7.1246945559978512 7.4675958752632123 6.122863948345187 6.7201353311538723 13.178076714277269 6.7921494245529175 7.2893017828464499 11.865367472171782 6.5878761112689954 6.8630768954753876 9.2619780302047747 9.0597352981567365 6.728520840406417 8.0045009553432447 6.5582588016986838 6.7703495025634748 8.7542417943477631 6.4442165195941952 7.7241128981113434 10.157859861850737 7.9331649988889694 6.5758977830409977
leaf_count=20 20 25 19 20 39 22 20 33 20 22 26 29 20 26 19 20 29 20 25 33 28 22
internal_value=0 -0.0347923 0.0377532 0.00649367 -0.0452528 0.0101012 -0.0676626 -0.025152 0.0730002 -0.0542816 0.0755269 0.0533814 -0.0848073 -0.0819761 -0.0575113 0.0773432 0.0944401 -0.0931087 0.0968436 -0.0920109 -0.0907311 0.092271
internal_weight=0 93.2865 87.8381 48.0634 27.0313 39.4316 53.8549 25.8691 21.0321 14.0037 39.7747 18.3217 19.9066 46.5656 14.5628 13.5625 21.453 32.0028 14.312 25.5586 15.4008 15.3301
internal_count=557 288 269 144 79 117 171 75 65 42 125 55 59 151 45 42 70 106 45 86 53 51
is_linear=0
shrinkage=0.1


Tree=16
num_leaves=22
num_cat=0
split_feature=24 25 25 17 23 22 18 25 12 14 18 9 13 0 24 23 12 18 2 17 23
split_gain=17.963 14.5186 8.9351 6.86433 12.5412 6.51244 5.11835 5.0972 2.85453 2.53679 1.41734 0.897397 0.805711 0.0753469 0.0257076 0.0026515 0.00147529 0.00259675 0.000513755 0.00049061 0.000368635
threshold=0.00073624075930866877 1.0000000180025095e-35 0.020252944377810739 -0.65602518312428726 0.031677243174031207 50.484885678583503 -2.4051038376613825 0.012113900127979265 377.26500000000004 111177.78892755622 -1.1016765145591467 379.82000000000005 1611571.5000000002 1761334200000.0002 0.0033230323482955626 0.019455619899803323 368.87500000000006 -3.775262871500686 110296.25000000001 -0.50193635693887273 0.018323104729531057
decision_type=2 2 2 2 2 2 2 2 2 2 2 2 2 2 2 2 2 2 2 2 2
left_child=1 6 9 4 5 7 18 -2 -4 11 15 13 14 -3 -7 -5 19 -18 -1 -17 -16
right_child=3 2 8 10 -6 12 -8 -9 -10 -11 -12 -13 -14 -15 20 16 17 -19 -20 -21 -22
leaf_value=-0.080070488314006621 0.06213357961424372 0.13165627718640383 -0.061804342836202009 -0.077912396872481735 0.099738574768952884 -0.086632719066910904 0.020771950978246103 -0.043137452383408784 0.042391029072196135 0.047836479614365483 -0.02643999663546541 0.082601326243743306 -0.032854883916262033 0.11860158450347263 -0.078033903400900551 -0.079988096017620594 -0.079323117798602211 -0.082765148475204442 -0.078658897425316343 -0.078508095024781913 -0.079331086360574385
leaf_weight=4.5282475501298922 9.3273776620626467 7.7563157081604066 5.1878062486648542 7.0329469591379228 8.7491755038499814 7.084306597709662 9.9569948315620405 9.0742504298686963 5.3312747478485107 8.0582964122295362 6.2973533123731604 7.2710773944854727 4.1819144785404196 10.281712859869002 5.218152388930319 4.8674444705247932 4.1804542541503906 4.6074904054403287 5.9875835180282593 4.1490642279386485 3.7760897725820541
leaf_count=22 30 21 24 38 28 28 31 36 16 23 27 20 20 28 28 24 21 20 31 22 19
internal_value=0 0.038927 0.071367 -0.0323329 -0.00837669 -0.032843 -0.0306128 0.0102221 -0.0089961 0.0967015 -0.068813 0.11226 -0.071957 0.124215 -0.0821272 -0.0795563 -0.0802057 -0.0811278 -0.0792667 -0.0793071 -0.0785785
internal_weight=0 64.3593 43.8865 78.546 47.4113 38.6621 20.4728 18.4016 10.5191 33.3674 31.1348 25.3091 20.2605 18.038 16.0785 24.8374 17.8045 8.78794 10.5158 9.01651 8.99424
internal_count=557 216 132 341 189 161 84 66 40 92 152 69 95 49 75 125 87 41 53 46 47
is_linear=0
shrinkage=0.1


Tree=17
num_leaves=24
num_cat=0
split_feature=14 9 25 0 0 4 2 25 25 18 0 22 2 9 23 25 14 2 11 9 24 25 12
split_gain=18.9747 16.5841 14.1301 14.6419 10.5331 18.4261 17.1734 7.03507 1.70004 0.62977 0.145096 0.144323 0.0495851 0.0457228 0.0151009 0.0137113 0.00252623 0.00249653 0.00184103 0.000641889 0.000496009 0.00018104 1.82391e-05
threshold=109183.43156771226 400.59750000000003 0.0038886593554498779 1761517800000.0002 1760805000000.0002 1.1599000000000002 102252.05 0.01933300229854833 0.02245346577343087 -4.3387686242861569 1760545800000.0002 62.899890509192637 108287.45000000003 391.54000000000008 0.013375120736901622 0.010560249436684774 109789.04781699744 110296.25000000001 377.32000000000005 368.11500000000007 0.00064578722990315943 0.015930195368679574 368.54005000000001
decision_type=2 2 2 2 2 2 2 2 2 2 2 2 2 2 2 2 2 2 2 2 2 2 2
left_child=4 2 3 -2 8 6 -6 11 -1 -7 -4 15 -11 14 -12 19 -16 -5 20 -8 -18 -22 -23
right_child=1 -3 10 17 5 9 7 -9 -10 12 13 -13 -14 -15 16 -17 18 -19 -20 -21 21 22 -24
leaf_value=-0.082548856321111502 0.09138503390450238 0.15289899602121965 -0.063340047024807042 -0.081490319966294134 0.14581951011784725 0.098038850477049952 -0.079493368259373753 0.042900415544298291 -0.0046342079083047131 0.12824804224090072 -0.084110564604409355 -0.058785276011136756 0.1391567718485423 -0.089996869942572194 -0.080048151135692636 -0.085967288935949238 -0.077917752279849511 -0.078038797702277063 -0.079041315151778119 -0.077657401282218444 -0.076189961716356169 -0.07694856408114803 -0.077232783169062777
leaf_weight=6.3862093985080701 12.198066085577013 4.3878346383571616 5.9930323809385291 4.5834857821464521 6.6678503751754787 7.2422236800193813 3.9901127219200152 7.4789256751537314 4.9874582439661026 8.9384402632713336 4.8108514100313178 3.9006019085645667 7.8054454922676078 4.1126926392316809 5.5422904193401328 3.8022617846727371 6.2879581302404466 3.8608752489089966 7.420156627893447 3.6427991688251495 3.2516081035137168 6.2506810873746854 3.534621387720108
leaf_count=29 35 12 29 21 18 20 20 21 20 24 21 18 21 16 27 16 34 21 38 20 20 36 20
internal_value=0 -0.0355146 -0.0476999 0.0213111 0.0390047 0.0575934 0.00464362 -0.0366166 -0.0483826 0.122677 -0.0778786 -0.0753953 0.133333 -0.0799929 -0.0788838 -0.0810611 -0.078105 -0.0799122 -0.0777024 -0.0786172 -0.0771883 -0.0768364 -0.0770512
internal_weight=0 72.2342 67.8463 20.6424 64.8423 53.4687 29.4826 22.8147 11.3737 23.9861 47.2039 15.3358 16.7439 41.2109 37.0982 11.4352 32.2873 8.44436 26.745 7.63291 19.3249 13.0369 9.7853
internal_count=557 330 318 77 227 178 113 95 49 65 241 74 45 212 196 56 175 42 148 40 110 76 56
is_linear=0
shrinkage=0.1


Tree=18
num_leaves=23
num_cat=0
split_feature=24 14 0 25 0 24 14 4 23 24 13 18 9 3 22 4 0 23 18 5 18 25
split_gain=20.3124 19.8733 17.2971 13.0294 13.4093 7.71428 9.83356 4.8342 7.65691 2.83953 1.49616 1.4708 0.331146 0.268718 0.165259 0.125343 0.0905331 0.0556307 0.0299954 0.00706236 0.00395143 0.00295843
threshold=1.0000000180025095e-35 111177.78892755622 1762047000000.0002 0.0097753040842004438 1762349400000.0002 0.00086398026826511713 108306.73387963064 1.1584000000000001 0.020940738311077785 0.0031029441560831428 607908.00000000012 -2.186140260735951 377.26500000000004 111093.10000000002 43.45329143306104 1.1621500000000002 1760902200000.0002 0.013764450440089246 -2.4510391978352515 1.1666500000000004 -2.2810989848063223 0.0029087517703838038
decision_type=2 2 2 2 2 2 2 2 2 2 2 2 2 2 2 2 2 2 2 2 2 2
left_child=2 3 16 10 5 12 9 -8 -9 14 20 13 -5 -3 -7 -15 17 -1 21 -17 -2 -18
right_child=1 11 -4 4 -6 6 7 8 -10 -11 -12 -13 -14 15 -16 19 18 -19 -20 -21 -22 -23
leaf_value=-0.089095494515028073 0.090431915296347587 0.072602731443450613 0.085520222736612431 -0.11365882629092652 0.10475531292664585 -0.10412067424625249 -0.048574268092766076 -0.011240708494508662 0.10796959257369199 -0.017438024120842253 0.031303765090726611 0.039677592382102687 -0.084620154742233528 0.10523777323077983 -0.082386228928190447 0.088370641199677927 -0.088068522853671227 -0.075525297232107852 -0.097131413578230769 0.092717258375165465 0.094082667389373847 -0.090942522904919804
leaf_weight=5.5574905276298505 5.7991312742233285 6.3338081836700466 6.8071819543838492 6.0177571475505856 7.3876113891601554 8.0706136524677294 7.5453968346118954 11.548649698495867 10.100174874067305 7.1415509879589072 6.083555430173873 6.8654553592205039 11.303291112184523 8.8233936727046984 6.1751293241977683 8.6134862303733808 6.6168908178806287 6.6187836080789566 8.4341013133525866 6.604112207889556 6.0659169554710397 7.8082520663738251
leaf_count=20 20 20 22 17 22 24 23 36 30 22 20 22 38 26 20 31 24 24 27 22 20 27
internal_value=0 0.0197265 -0.0603436 -0.00493804 -0.02319 -0.0371101 -0.0173861 0.0203528 0.0443764 -0.0689006 0.0716246 0.0814792 -0.0947089 0.0909274 -0.0946994 0.0957551 -0.088684 -0.081719 -0.092394 0.090257 0.0922983 -0.0896242
internal_weight=0 130.479 41.8427 93.2388 75.2902 67.9026 50.5815 29.1942 21.6488 21.3873 17.9486 37.2403 17.321 30.3748 14.2457 24.041 35.0355 12.1763 22.8592 15.2176 11.865 14.4251
internal_count=557 413 144 292 232 210 155 89 66 66 60 121 55 99 44 79 122 44 78 53 40 51
is_linear=0
shrinkage=0.1


Tree=19
num_leaves=21
num_cat=0
split_feature=24 25 25 17 23 22 18 18 23 14 18 13 9 0 24 23 11 18 18 23
split_gain=14.8554 11.8667 7.12686 6.11834 10.2317 5.79655 4.60674 4.16635 2.47262 2.31625 1.43033 0.820475 0.77771 0.0578567 0.0210814 0.00233306 0.00162174 0.00119048 0.000474008 0.00025895
threshold=0.00073624075930866877 1.0000000180025095e-35 0.020252944377810739 -0.65602518312428726 0.031677243174031207 50.484885678583503 -2.4051038376613825 -4.1304907039481042 0.016264154873293472 111177.78892755622 -1.1016765145591467 1611571.5000000002 379.82000000000005 1761334200000.0002 0.0033230323482955626 0.019455619899803323 366.77000000000004 -3.2811199216183238 -4.3522185663576947 0.018138679564720386
decision_type=2 2 2 2 2 2 2 2 2 2 2 2 2 2 2 2 2 2 2 2
left_child=1 6 9 4 5 7 18 -2 -4 12 15 14 13 -3 -7 -5 -17 -18 -1 -16
right_child=3 2 8 10 -6 11 -8 -9 -10 -11 -12 -13 -14 -15 19 16 17 -19 -20 -21
leaf_value=-0.077312871213169251 -0.036168283413137214 0.12099381823151732 -0.061312768429015965 -0.076433607242091792 0.087872845888879086 -0.084753291148050233 0.01903392395067607 0.059844198622320016 0.037930672308771882 0.041516630821938127 -0.023177350871988731 -0.029408535925192908 0.075348943820528244 0.10940073889679734 -0.076639066810185758 -0.077520479200017797 -0.078586700221652941 -0.080858472271969795 -0.078746964254181179 -0.077762423040337078
leaf_weight=5.8464359939098358 9.5209787487983721 7.608183413743979 4.695433169603346 6.3426504433155122 9.0097516477107984 6.6629779338836697 9.9741245806217176 8.6038371771574003 5.3949261605739594 8.1211839616298658 6.0081352889537802 3.9705375283956519 7.1755197942256919 9.9147662222385389 4.2329595983028394 6.8379137516021755 5.4882243126630845 3.9791731834411541 3.8046730905771273 3.982730820775032
leaf_count=33 37 21 21 38 28 28 31 29 19 23 27 20 20 28 25 39 29 19 20 22
internal_value=0 0.0357884 0.0652482 -0.0302857 -0.00768421 -0.0309694 -0.0286246 0.00940877 -0.00825113 0.0878455 -0.0665539 -0.0697957 0.103079 0.114434 -0.0805735 -0.0780609 -0.078694 -0.0795415 -0.0778782 -0.0771836
internal_weight=0 62.5352 42.91 74.6399 45.9838 36.974 19.6252 18.1248 10.0904 32.8197 28.6561 18.8492 24.6985 17.5229 14.8787 22.648 16.3053 9.4674 9.65111 8.21569
internal_count=557 216 132 341 189 161 84 66 40 92 152 95 69 49 75 125 87 48 53 47
is_linear=0
shrinkage=0.1


Tree=20
num_leaves=24
num_cat=0
split_feature=14 9 23 2 0 4 2 25 0 20 17 23 22 0 4 25 14 11 18 11 24 25 12
split_gain=16.507 13.9593 12.5067 9.00184 8.96854 14.7598 14.7067 6.16893 3.26446 1.74032 0.651624 0.160219 0.144342 0.143313 0.0702477 0.0108292 0.00261295 0.0025788 0.00238378 0.000646696 0.000470868 9.66769e-05 1.76618e-05
threshold=109183.43156771226 400.59750000000003 0.012757516301438792 111448.10000000002 1760805000000.0002 1.1599000000000002 102252.05 0.01933300229854833 1761442200000.0002 36.524522822582632 -0.58124185605306644 0.014502164858356033 62.899890509192637 1760545800000.0002 1.1653500000000003 0.010560249436684774 109789.04781699744 377.32000000000005 -3.9753875215742265 367.25500000000005 0.00064578722990315943 0.015930195368679574 368.54005000000001
decision_type=2 2 2 2 2 2 2 2 2 2 2 2 2 2 2 2 2 2 2 2 2 2 2
left_child=4 2 3 -2 9 6 -6 12 -5 -1 11 -7 15 -4 16 19 -15 20 -19 -8 -18 -22 -23
right_child=1 -3 13 8 5 10 7 -9 -10 -11 -12 -13 -14 14 -16 -17 17 18 -20 -21 21 22 -24
leaf_value=-0.001644071334330936 -0.079152031867941453 0.1373184285863373 -0.061362716294920183 0.013097573061171942 0.13464540370720177 0.11445767417366093 -0.078131910652265366 0.038607612440785082 0.11180941482606821 -0.081977419457682388 0.089614783324300229 0.13488897499024308 -0.056542674591620934 -0.078942766429987987 -0.091122269364621367 -0.083957575540485274 -0.076551912389384302 -0.0762890417969464 -0.079324933529802674 -0.076200028785655738 -0.075005013702684267 -0.075549458183375537 -0.075844495690409172
leaf_weight=4.898362919688223 6.2838463634252575 4.4248951971530905 5.6632330268621436 6.274685323238371 6.7102349102497127 7.979068726301195 3.4860655367374438 7.504341483116149 7.1881769299507141 5.99990414083004 8.3730177879333478 7.3956593871116638 3.7177192121744147 5.5688081234693518 3.902949556708335 3.5593129992485046 6.3946007043123307 5.0751561969518661 5.2742320746183378 3.4452294260263443 3.0775962173938742 5.6017131209373456 3.1812712252140045
leaf_count=21 33 12 29 20 18 22 19 21 20 28 23 20 18 29 14 16 38 31 27 21 21 36 20
internal_value=0 -0.0344133 -0.0463827 0.0196747 0.0366358 0.0538711 0.00525233 -0.0347362 0.0658024 -0.0458706 0.112061 0.124286 -0.0734739 -0.076205 -0.0784126 -0.079474 -0.076961 -0.0765752 -0.0778362 -0.0771717 -0.0758602 -0.0754873 -0.0756563
internal_weight=0 67.9112 63.4863 19.7467 63.0689 52.1706 28.4229 21.7127 13.4629 10.8983 23.7477 15.3747 14.2083 43.7396 38.0763 10.4906 34.1734 28.6046 10.3494 6.93129 18.2552 11.8606 8.78298
internal_count=557 330 318 73 227 178 113 95 40 49 65 42 74 245 216 56 202 173 58 40 115 77 56
is_linear=0
shrinkage=0.1


Tree=21
num_leaves=23
num_cat=0
split_feature=24 14 0 25 0 24 14 4 23 24 18 13 3 25 20 22 4 18 17 24 18 20
split_gain=17.4643 16.876 14.9126 10.8658 11.262 6.56301 8.44573 4.30903 6.65391 2.60862 1.39849 1.38724 0.290454 0.27843 0.18874 0.148266 0.091489 0.0720204 0.0688833 0.00677416 0.00284473 0.00206749
threshold=1.0000000180025095e-35 111177.78892755622 1762057800000.0002 0.0097753040842004438 1762349400000.0002 0.00086398026826511713 108306.73387963064 1.1584000000000001 0.020940738311077785 0.0031029441560831428 -2.186140260735951 607908.00000000012 111093.10000000002 0.016884573460010734 75.733396512950961 43.45329143306104 1.1621500000000002 -2.4510391978352515 -0.8407396205888199 0.00146779507431044 -2.2810989848063223 59.578323728898845
decision_type=2 2 2 2 2 2 2 2 2 2 2 2 2 2 2 2 2 2 2 2 2 2
left_child=2 3 14 11 5 13 9 -8 -9 15 12 20 -3 -5 17 -7 -14 18 -1 -18 -2 -20
right_child=1 10 -4 4 -6 6 7 8 -10 -11 -12 -13 16 -15 -16 -17 19 -19 21 -21 -22 -23
leaf_value=-0.072984150843114215 0.08693856945210901 0.067293714196811516 0.095192153121227044 -0.099395774817844909 0.099116768356073207 -0.099694305309981815 -0.046356213887735906 -0.010277670432251326 0.10242200861388534 -0.015249064585600443 0.035822630307448179 0.028410202707089185 0.10024946358695593 -0.072193212706776352 -0.066165713423019204 -0.078607348162465576 0.089851495533101761 -0.094074977914054683 -0.085563526918192523 0.085345227756559797 0.090156428005427489 -0.087990134103249185
leaf_weight=5.0303938090801266 5.3476751148700723 6.0401607453823116 5.4542016983032218 10.331166952848436 6.9931215196847907 7.6942119896411914 7.4366667568683651 11.252337813377382 9.8026761859655362 6.9562851190567008 6.6417580544948569 5.8771557360887519 8.403964430093767 5.9180582910776129 5.5045951902866355 5.8844374120235443 5.4065626561641684 8.543208524584772 8.477732986211775 8.7105793058872205 5.6498687863349923 5.9932596087455741
leaf_count=20 20 20 19 33 22 24 23 36 30 22 22 20 26 22 20 20 19 30 33 34 20 22
internal_value=0 0.0185311 -0.058164 -0.00461951 -0.02149 -0.0344109 -0.0161561 0.0190802 0.0421924 -0.0650455 0.0771547 0.0676316 0.0867662 -0.0894885 -0.0830956 -0.0905561 0.0919887 -0.0864186 -0.0830644 0.087071 0.0885917 -0.0865685
internal_weight=0 124.347 39.0034 89.1437 72.269 65.2758 49.0266 28.4917 21.055 20.5349 35.203 16.8747 28.5613 16.2492 33.5492 13.5786 22.5211 28.0446 19.5014 14.1171 10.9975 14.471
internal_count=557 413 144 292 232 210 155 89 66 66 121 60 99 55 125 44 79 105 75 53 40 55
is_linear=0
shrinkage=0.1


Tree=22
num_leaves=22
num_cat=0
split_feature=9 24 0 9 4 0 1 0 14 14 13 20 22 19 23 18 17 0 24 19 3
split_gain=12.4773 10.3378 8.8618 9.08308 6.42043 7.88678 14.8636 4.97518 3.03768 2.06596 1.75696 1.21198 0.758377 0.250548 0.230806 0.0156168 0.0091593 0.00501079 0.00161884 0.000453354 0.000300589
threshold=368.11500000000007 0.0031029441560831428 1762057800000.0002 391.54000000000008 1.1584000000000001 1760805000000.0002 108316.85000000002 1761431400000.0002 109183.43156771226 111177.78892755622 1431717.0000000002 54.198216177930767 72.229674898105557 -0.39645292837933083 0.018784746554827005 -3.624400146575891 -0.70197564775797539 1760556600000.0002 0.00146779507431044 -0.69059859957739855 110125.70000000003
decision_type=2 2 2 2 2 2 2 2 2 2 2 2 2 2 2 2 2 2 2 2 2
left_child=12 2 3 4 11 -6 15 8 -8 14 17 -2 13 16 -10 -7 -1 -3 -18 -20 -19
right_child=1 10 -4 -5 5 6 7 -9 9 -11 -12 -13 -14 -15 -16 -17 18 20 19 -21 -22
leaf_value=-0.081649646924010402 0.12262260210306118 -0.080180931768489019 -0.079840772512690894 -0.071220745123262583 0.10860052771627811 -0.079962890412766677 -0.0064427010874201496 -0.024270349772097591 0.091529100506547514 0.043417803190315747 -0.01020150276864782 0.068199413788394364 -0.023078165974598792 -0.049438973215444777 0.11704056986187027 -0.087337542935492632 -0.07860747447385813 -0.076400536427774002 -0.076704992529167959 -0.075039622416779528 -0.075157044590392005
leaf_weight=6.5524177700281205 10.383178293704988 4.0579287558794039 7.0149556249380103 7.0654480755329123 10.839623630046843 5.1304935365915298 4.8639673292636898 7.9142571687698355 7.065137907862665 9.1639797389507276 5.7856879085302344 6.7533511519432059 3.4935166686773291 3.5432080999016753 7.1202684640884399 6.5215909481048566 3.3948390930891055 4.4557276368141174 3.4558666646480622 3.101726137101644 3.4484756737947464
leaf_count=32 29 20 39 31 30 26 20 37 21 26 30 21 19 20 20 26 18 27 21 21 23
internal_value=0 0.0142991 0.0280772 0.0372178 0.0473314 0.0315911 0.0141202 0.0457956 0.0654502 0.0804263 -0.0554428 0.101175 -0.0660743 -0.0735667 0.104334 -0.0840904 -0.0787464 -0.0773245 -0.0768349 -0.0759173 -0.075858
internal_weight=0 107.584 89.8363 82.8213 75.7558 58.6193 47.7797 36.1276 28.2134 23.3494 17.7478 17.1365 23.5416 20.0481 14.1854 11.6521 16.5048 11.9621 9.95243 6.55759 7.9042
internal_count=557 426 326 287 256 206 176 124 87 67 100 50 131 112 41 52 92 70 60 42 50
is_linear=0
shrinkage=0.1


Tree=23
num_leaves=24
num_cat=0
split_feature=14 9 25 1 0 4 2 25 2 18 0 22 18 9 22 23 25 14 11 9 24 25 2
split_gain=14.1993 12.1541 11.1869 10.8299 7.7486 12.3353 12.0487 5.39623 1.70519 0.604798 0.155771 0.141198 0.0880827 0.030856 0.0205984 0.0189673 0.00763626 0.00283396 0.000984052 0.000473017 0.000248796 4.60587e-05 1.7095e-05
threshold=109183.43156771226 400.59750000000003 0.0038886593554498779 111352.25000000001 1760805000000.0002 1.1599000000000002 102252.05 0.01933300229854833 107108.85000000002 -4.3387686242861569 1760556600000.0002 62.899890509192637 -3.1380529363068592 391.54000000000008 7.4789304389199893 0.013658670982709712 0.010560249436684774 109789.04781699744 377.32000000000005 368.05750000000006 0.00064578722990315943 0.015930195368679574 112929.40000000001
decision_type=2 2 2 2 2 2 2 2 2 2 2 2 2 2 2 2 2 2 2 2 2 2 2
left_child=4 2 3 12 8 6 -6 11 -1 -7 -4 16 -2 15 -11 -12 19 -17 20 -8 -19 -22 -23
right_child=1 -3 10 -5 5 9 7 -9 -10 14 13 -13 -14 -15 -16 17 -18 18 -20 -21 21 22 -24
leaf_value=0.0012916365023084076 -0.061310310180578913 0.12712767010609333 -0.059780734628605392 0.080786365631034807 0.12201773431142518 0.079590656918350711 -0.076746355165230179 0.034838392183435589 -0.079820013025871842 0.11840872329688112 -0.082728670688693939 -0.054464430795436683 -0.082543806220167229 -0.086342179760876159 0.11128097054392071 -0.077822126891902821 -0.081834157214834391 -0.075307848809371386 -0.076273615597465205 -0.075010801203445138 -0.07410459400855017 -0.074733034216576386 -0.074439771781910025
leaf_weight=4.6624238044023496 3.7408801019191751 4.3997264802455893 5.6559952199459067 11.240431457757948 6.6444971263408688 6.9738598465919521 3.1718211919069308 7.4830454587936392 5.8361053168773651 8.0213054716587084 4.4009155482053783 3.502198487520217 4.0892377346754092 3.6795678436756125 8.1982997655868513 4.84043921530247 3.2897868901491165 5.1659563332796123 5.6731091886758795 3.110236331820488 2.6923205107450467 3.8880270421504974 4.066871851682663
leaf_count=20 22 12 32 35 18 20 19 21 29 22 21 18 20 16 23 27 16 34 35 21 20 27 29
internal_value=0 -0.0332211 -0.0451515 0.0178903 0.0343567 0.0506382 0.00495392 -0.0328836 -0.0437981 0.104217 -0.0751602 -0.071645 -0.0723994 -0.0776883 0.114806 -0.076652 -0.0779311 -0.0756362 -0.0751437 -0.0758871 -0.0747384 -0.0744621 -0.0745831
internal_weight=0 63.5335 59.1338 19.0705 60.8936 50.3951 27.2016 20.5571 10.4985 23.1935 40.0632 13.074 7.83012 34.4072 16.2196 30.7276 9.57184 26.3267 21.4863 6.28206 15.8132 10.6472 7.9549
internal_count=557 330 318 77 227 178 113 95 49 65 241 74 42 209 45 193 56 172 145 40 110 76 56
is_linear=0
shrinkage=0.1


Tree=24
num_leaves=23
num_cat=0
split_feature=24 14 0 25 0 2 23 12 20 22 18 20 20 11 4 0 14 23 18 0 13 25
split_gain=14.8814 14.2188 12.8225 9.02535 9.41785 5.86181 7.2821 6.05909 3.04928 2.51072 1.36128 1.35858 1.33084 0.321257 0.147112 0.0908062 0.0700916 0.0668822 0.017935 0.00316532 0.00244854 0.00206673
threshold=1.0000000180025095e-35 111177.78892755622 1762047000000.0002 0.0097753040842004438 1762349400000.0002 108365.40000000001 0.02401158556606826 374.35500000000008 35.016254717192744 28.269079823274847 -2.186140260735951 45.135377356251489 64.809144372558279 380.94500000000011 1.1621500000000002 1760902200000.0002 105812.36554194101 0.014034471553028274 -1.99432476149076 1761442200000.0002 196075.00000000003 0.02579526221577268
decision_type=2 2 2 2 2 2 2 2 2 2 2 2 2 2 2 2 2 2 2 2 2 2
left_child=2 3 15 11 5 9 8 -8 -7 -5 13 20 -10 14 -3 17 -11 -1 19 -17 -2 -16
right_child=1 10 -4 4 -6 6 7 -9 12 16 -12 -13 -14 -15 21 18 -18 -19 -20 -21 -22 -23
leaf_value=-0.066651181290427727 0.083937968235098637 0.1029072730493116 0.077247622382088862 -0.01962899847474325 0.094216177079354479 0.013907797761808297 -0.011045273162323649 0.10751718970354669 -0.09131523175006033 -0.10322909023465528 0.031598794739382603 0.024122477143963188 -0.034320474055933879 0.06605153783168273 0.082758253042309673 -0.086390275703847108 -0.089656196247997436 -0.082736814691476521 -0.090965067668640487 -0.083262678018019634 0.087036913750509093 0.085314430959287577
leaf_weight=5.0294166505336779 4.8907597064971906 6.0840862691402497 6.0271252095699301 6.0397282838821438 6.5396335422992697 6.1209539622068432 10.30499103665352 7.4096478372812262 10.181578859686853 6.8606314659118643 6.3854371905326834 5.5587138682603827 6.8554454147815695 7.8683777451515189 6.5709342360496503 5.2448896318674114 8.5416511297225934 5.3180061876773834 6.1401526629924765 8.4480205029249174 5.3263897448778152 6.0987601429224014
leaf_count=21 20 19 22 20 22 22 34 22 38 21 22 20 22 28 28 20 31 23 22 36 20 24
internal_value=0 0.0173959 -0.0559187 -0.00431624 -0.0199477 -0.0319287 -0.00971416 0.0385468 -0.0466313 -0.0742739 0.073065 0.0639079 -0.0683814 0.0830108 0.0901263 -0.0825124 -0.095702 -0.0749183 -0.0864744 -0.0844607 0.0855535 0.0839887
internal_weight=0 117.638 36.2076 84.6301 68.8543 62.3146 40.8726 17.7146 23.158 21.442 33.0076 15.7759 17.037 26.6222 18.7538 30.1805 15.4023 10.3474 19.8331 13.6929 10.2171 12.6697
internal_count=557 413 144 292 232 210 138 56 82 72 121 60 60 99 71 122 52 44 78 56 40 52
is_linear=0
shrinkage=0.1


Tree=25
num_leaves=23
num_cat=0
split_feature=11 10 0 4 11 23 11 25 13 1 20 17 23 20 1 1 9 11 18 11 20 0
split_gain=10.8355 8.52705 7.62513 7.82136 5.27903 9.37765 7.42624 4.65602 3.2988 2.17042 3.45563 1.11253 2.37499 0.449526 0.366744 0.226984 0.160578 0.14591 0.00706078 0.00590903 0.000750152 0.000276481
threshold=368.00500000000005 391.98000000000008 1762057800000.0002 1.1567500000000004 377.48750000000001 0.020194788957220093 378.72000000000008 0.0038886593554498779 746003.00000000012 108316.85000000002 61.223562896167316 -0.69170378887646911 0.025713703916456238 52.042704595705523 108849.85000000002 113146.25000000001 398.12000000000006 388.9550000000001 -2.3611455613785304 366.77000000000004 41.763577872188506 1762241400000.0002
decision_type=2 2 2 2 2 2 2 2 2 2 2 2 2 2 2 2 2 2 2 2 2 2
left_child=11 2 3 13 9 6 7 -6 14 -5 -11 12 15 -2 -8 -1 -3 -7 -4 20 21 -13
right_child=1 16 18 4 5 17 8 -9 -10 10 -12 19 -14 -15 -16 -17 -18 -19 -20 -21 -22 -23
leaf_value=-0.079575339232386091 0.11474431137840191 -0.082106116103812243 -0.074722653999584929 -0.081337530944442321 0.0017195666131051028 0.089789392599346735 -0.047151693115003591 0.10264703530651367 0.036505307468344537 0.046794672599298696 -0.072732420551016669 -0.075485965014039397 0.031634645423018894 0.080006041988627541 -0.080164207335275434 -0.045203397714370985 -0.056677296765622998 0.10958548232973374 -0.081244806851045653 -0.080051324937057369 -0.074137965060406111 -0.076726430163298442
leaf_weight=4.7513918951153773 8.0400727093219739 5.961706727743147 3.2475436329841614 5.7053707689046851 9.2962429523468035 6.8073364645242682 6.664002329111101 8.9921864718198758 4.3318895548582068 5.7024275511503202 4.2004566490650177 3.6702841594815236 3.6582325994968414 6.9409897327423087 6.7979835718870163 3.2255402058362961 4.2562347948551178 8.2182688117027265 3.3951679170131674 4.1613964289426795 2.6985890120267868 3.5200084373354912
leaf_count=26 23 30 23 27 37 20 31 27 18 24 20 24 15 22 38 20 24 24 18 24 20 22
internal_value=0 0.0149731 0.0249767 0.0333542 0.0186922 0.0342373 0.00659519 0.0513443 -0.0393977 -0.032209 -0.00390453 -0.057951 -0.0350809 0.0986495 -0.0638222 -0.0656768 -0.0715139 0.100617 -0.0780562 -0.07689 -0.0755597 -0.0760932
internal_weight=0 98.5579 88.3399 81.6972 66.7162 51.1079 36.0823 18.2884 17.7939 15.6083 9.90288 25.6854 11.6352 14.9811 13.462 7.97693 10.2179 15.0256 6.64271 14.0503 9.88888 7.19029
internal_count=557 406 352 311 266 195 151 64 87 71 44 151 61 45 69 46 54 44 41 90 66 46
is_linear=0
shrinkage=0.1


Tree=26
num_leaves=24
num_cat=0
split_feature=14 9 25 0 0 4 2 25 1 18 0 10 2 23 16 0 14 11 20 25 24 20 9
split_gain=12.0458 10.5856 10.0389 9.26705 6.48638 10.4233 10.1627 4.69241 1.87609 0.524658 0.20163 0.0261689 0.0173223 0.0156582 0.00633276 0.00250717 0.00159426 0.000969019 0.000562261 0.000354643 0.000150748 5.48723e-05 1.53992e-05
threshold=109183.43156771226 400.59750000000003 0.0038886593554498779 1761517800000.0002 1760805000000.0002 1.1599000000000002 102252.05 0.013143079625616822 106849.55 -4.3387686242861569 1760535000000.0002 392.71750000000003 108287.45000000003 0.013375120736901622 366.50999999974874 1762047000000.0002 109789.04781699744 377.32000000000005 54.932978774122056 0.0084507663508702688 0.00064578722990315943 41.358258796767657 369.94560000000007
decision_type=2 2 2 2 2 2 2 2 2 2 2 2 2 2 2 2 2 2 2 2 2 2 2
left_child=4 2 3 -2 8 6 -6 14 -1 -7 -4 13 -11 -12 -8 -5 -15 20 -19 -16 -18 -22 -23
right_child=1 -3 10 15 5 9 7 -9 -10 12 11 -13 -14 16 19 -17 17 18 -20 -21 21 22 -24
leaf_value=0.0080762309480984975 0.070671742106094698 0.11881317276778328 -0.053599717206313902 -0.078789895354689873 0.11282389102628937 0.074055574698414839 -0.0797976159623386 0.022087018126630931 -0.079321877924187489 0.10422662676090894 -0.08119640677033213 -0.085076387640149381 0.1108913314765889 -0.076412411642517594 -0.074064304248373639 -0.074924870767822879 -0.074292930636964419 -0.07433477568519152 -0.076232936063261994 -0.075509398244182124 -0.073931916038095888 -0.073280963559847478 -0.073592070303503856
leaf_weight=4.3582338243722898 11.648436367511751 4.3272802829742423 4.3407398313283911 3.3092740178108206 6.4690819978714016 6.7599616646766689 3.7500779926776904 8.8288469016551954 5.6275953203439713 8.1973488330841047 4.2711869329214123 3.2410422116518012 7.4386691451072684 4.2200444340705898 3.9012940376996994 3.4054598659276962 4.6766489446163204 3.0115645155310622 3.2388205230236053 3.0073442012071609 3.3096389621496183 3.3200539648532867 3.0550834685564041
leaf_count=19 35 12 26 18 18 20 20 26 30 24 22 15 21 26 29 24 34 22 20 20 25 27 24
internal_value=0 -0.0317848 -0.0436232 0.0167359 0.0321962 0.0473495 0.00422217 -0.0318292 -0.0411777 0.0973335 -0.0738369 -0.0765528 0.107397 -0.0756036 -0.0764892 -0.0768297 -0.0746416 -0.074279 -0.0753184 -0.0746934 -0.0738267 -0.0736016 -0.0734301
internal_weight=0 59.3753 55.048 18.3632 58.3385 48.3526 25.9566 19.4876 9.98583 22.396 36.6848 32.3441 15.636 29.103 10.6587 6.71473 24.8319 20.6118 6.25039 6.90864 14.3614 9.68478 6.37514
internal_count=557 330 318 77 227 178 113 95 49 65 241 215 45 200 69 42 178 152 42 49 110 76 51
is_linear=0
shrinkage=0.1


Tree=27
num_leaves=24
num_cat=0
split_feature=24 14 0 25 0 2 23 12 4 22 22 20 20 13 11 20 9 14 18 15 14 13 19
split_gain=12.6191 11.94 10.9834 7.50442 7.9279 5.16291 6.28537 5.20846 2.7594 2.22691 1.65185 1.64826 1.21029 0.382444 0.340155 0.101069 0.0859463 0.0531215 0.00763787 0.00410856 0.00194018 0.00157215 0.00150304
threshold=1.0000000180025095e-35 111177.78892755622 1762047000000.0002 0.0097753040842004438 1762349400000.0002 108365.40000000001 0.02401158556606826 374.35500000000008 1.1645500000000004 29.312527560251038 18.696539713355737 45.859238895439098 42.106341529790093 284980.00000000006 380.94500000000011 75.733396512950961 373.50500000000005 105812.36554194101 -2.4510391978352515 1.1643000000562038 110160.90881846992 196075.00000000003 -0.87187647121006517
decision_type=2 2 2 2 2 2 2 2 2 2 2 2 2 2 2 2 2 2 2 2 2 2 2
left_child=2 3 15 11 5 9 8 -8 12 -5 -3 21 -7 -14 16 18 19 -11 20 -12 22 -2 -1
right_child=1 10 -4 4 -6 6 7 -9 -10 17 14 -13 13 -15 -16 -17 -18 -19 -20 -21 -22 -23 -24
leaf_value=-0.081448563954404071 0.081482756217632388 0.019655572962255025 0.073363940042928108 -0.02016813263394248 0.090217817777366094 -0.027920383859468819 -0.009661919685640015 0.10200160420854461 0.015577150616931124 -0.099212985430439937 0.081108659289849019 0.009668694081291335 -0.063000041462266759 -0.10155522578978085 0.061856803744333055 -0.066330087331819151 0.097858322794554628 -0.086917128547981226 -0.085286221565233591 0.084753004224160849 -0.08293641025843683 0.083968448470189083 -0.07900954598500641
leaf_weight=7.0894308984279686 5.3426254093646985 5.5546147078275707 5.6309237778186789 6.0767194032669094 6.0669162422418585 5.670206740498549 10.072540909051897 7.1370441466569892 5.7275130450725547 6.4732721447944623 6.7744652777910286 4.4392802119255057 4.4643537104129773 6.0720726698637009 7.4054284989833823 4.6264334917068473 5.4177795052528372 7.6848021745681763 6.9796405881643322 5.6932932287454605 5.1130949556827536 4.8583005517721176 3.9257253557443619
leaf_count=32 24 21 22 21 22 21 34 22 20 21 31 16 19 22 28 19 18 30 29 23 22 20 20
internal_value=0 0.0161713 -0.053969 -0.0041895 -0.0186677 -0.0297929 -0.00859221 0.0366464 -0.0440866 -0.0708053 0.0690349 0.0605318 -0.0651721 -0.0852191 0.07988 -0.0798215 0.0873424 -0.092539 -0.0825226 0.0827728 -0.0813266 0.0826666 -0.0805793
internal_weight=0 110.931 33.3652 80.0856 65.4454 59.3785 39.1437 17.2096 21.9341 20.2348 30.8456 14.6402 16.2066 10.5364 25.291 27.7343 17.8855 14.1581 23.1079 12.4678 16.1283 10.2009 11.0152
internal_count=557 413 144 292 232 210 138 56 82 72 121 60 62 41 100 122 72 51 103 54 74 44 52
is_linear=0
shrinkage=0.1


Tree=28
num_leaves=21
num_cat=0
split_feature=9 24 0 9 12 0 1 23 18 25 11 13 22 18 25 17 18 0 13 19
split_gain=9.48444 7.16892 6.35508 6.79781 4.28558 5.03446 11.2312 3.88389 3.94804 3.14626 3.06517 1.71607 0.770948 0.338097 0.292153 0.00649877 0.00520861 0.00184543 0.00137882 0.000158179
threshold=368.11500000000007 0.0031029441560831428 1762057800000.0002 391.54000000000008 368.80500000000001 1760805000000.0002 108266.85000000002 0.0077614948901407474 -1.7395783932988185 0.0029087517703838038 377.48750000000001 1431717.0000000002 72.568948436256548 -3.4888563536349273 0.026225877185114408 -0.68946023415782098 -4.4778581682697807 1760556600000.0002 354059.50000000006 -0.76039291694688749
decision_type=2 2 2 2 2 2 2 2 2 2 2 2 2 2 2 2 2 2 2 2
left_child=12 2 3 4 13 -6 16 -8 9 -9 -11 17 14 -2 15 -1 -7 -3 -17 -19
right_child=1 11 -4 -5 5 6 7 8 -10 10 -12 -13 -14 -15 -16 18 -18 19 -20 -21
leaf_value=-0.079675484053257473 0.076462023775345986 -0.076788419443533137 -0.07680942425787729 -0.067295498378212582 0.094048439074475909 -0.077416141324250939 -0.052610447392196884 -0.053427769676449827 0.11026583607711123 0.002267980538595866 0.078641360902726345 -0.0047312664329770939 -0.016281733843073423 0.10930187473871621 -0.042872035613801318 -0.074009640466102103 -0.082189510477340175 -0.074288197040529927 -0.076486533366268886 -0.073279097407909763
leaf_weight=4.9605906531214741 5.844488188624382 3.3192741200327855 5.734569512307643 6.2837805896997443 10.034244835376738 3.7342671304941177 3.9948295205831519 3.7018716931342999 8.5771248638630002 9.0998791903257388 12.437135711312292 5.4081619679927817 3.0837160348892203 6.762397885322569 3.1078671813011161 4.798132039606573 5.8941686749458295 3.9457037374377242 4.2277825474739075 2.5620355904102334
leaf_count=28 21 20 39 31 30 22 15 21 28 33 38 30 18 20 21 37 28 29 27 21
internal_value=0 0.0130278 0.0247188 0.032343 0.0412772 0.0296954 0.0160835 0.0406371 0.0516528 0.0317339 0.0463719 -0.049972 -0.0623034 0.0940775 -0.0706054 -0.0767678 -0.0803382 -0.0748696 -0.0751698 -0.0738909
internal_weight=0 97.3339 82.0988 76.3642 70.0804 57.4735 47.4393 37.8108 33.816 25.2389 21.537 15.2352 20.1781 12.6069 17.0944 13.9865 9.62844 9.82701 9.02591 6.50774
internal_count=557 426 326 287 256 215 185 135 120 92 71 100 131 41 113 92 50 70 64 50
is_linear=0
shrinkage=0.1


Tree=29
num_leaves=24
num_cat=0
split_feature=14 9 23 2 0 4 2 25 0 20 10 0 23 4 16 20 14 11 9 11 20 14 22
split_gain=10.443 8.95912 9.25641 5.74358 5.39618 8.92327 8.58241 4.12859 2.38747 1.81245 0.623739 0.282395 0.0855196 0.0500189 0.00584034 0.00381208 0.00127462 0.000519761 0.000338473 0.00021715 9.73707e-05 7.85238e-05 9.25547e-06
threshold=109183.43156771226 400.59750000000003 0.012757516301438792 111448.10000000002 1760805000000.0002 1.1599000000000002 102252.05 0.013143079625616822 1761442200000.0002 35.725144778862415 379.02000000000004 1760513400000.0002 0.015281584253755058 1.1653500000000003 366.50999999974874 71.057254826937012 109789.04781699744 377.48750000000001 387.15440000000007 366.77000000000004 41.358258796767657 110315.50521978457 32.042078689465839
decision_type=2 2 2 2 2 2 2 2 2 2 2 2 2 2 2 2 2 2 2 2 2 2 2
left_child=4 2 3 -2 9 6 -6 14 -5 -1 -7 -4 -12 15 -8 16 -13 20 -19 -16 -18 -22 -23
right_child=1 -3 11 8 5 10 7 -9 -10 -11 12 13 -14 -15 19 -17 17 18 -20 -21 21 22 -24
leaf_value=0.0093522297377205566 -0.075655632497857117 0.11009815232126104 -0.044152917236158912 0.0087974196255667016 0.10533284791462716 0.065529814217720445 -0.07879107596070184 0.019175017548815006 0.096172896487221229 -0.078644752095447273 0.095938254659867925 -0.075371205885026091 0.11103662603173486 -0.086938504773516348 -0.074383727368239463 -0.077754832890920486 -0.073423209381640514 -0.074637938738267393 -0.073246944295971575 -0.073182529708005414 -0.073297417084759828 -0.072479868183016119 -0.072745835427043326
leaf_weight=4.3174791038036329 4.8116651549935368 4.1738812625408164 3.147744193673133 6.1948559135198575 6.2099081277847317 6.3668067455291775 3.4919041022658366 8.7650642693042737 6.3151959478855133 5.1119451224803925 8.2027509510517103 4.1628771647811034 6.9132654070854178 3.4545368403196326 2.5647356882691383 2.6698288992047301 4.8504931479692486 4.6640799194574347 2.7992318868637085 3.6422493159770966 2.7003154531121236 2.2105409651994705 3.2060349360108376
leaf_count=20 33 12 20 20 18 19 20 26 20 29 26 28 20 14 19 18 39 33 23 30 22 20 28
internal_value=0 -0.0307792 -0.0422665 0.0171934 0.0305809 0.0446636 0.00363636 -0.0305668 0.0529054 -0.0383533 0.0917849 -0.0726792 0.102843 -0.0756023 -0.0755194 -0.0741659 -0.0737763 -0.0734514 -0.0741162 -0.0736789 -0.0730687 -0.0728569 -0.0726373
internal_weight=0 55.3613 51.1874 17.3217 55.5861 46.1567 24.6739 18.464 12.5101 9.42942 21.4828 33.8657 15.116 30.7179 9.69889 27.2634 24.5936 20.4307 7.46331 6.20699 12.9674 8.11689 5.41658
internal_count=557 330 318 73 227 178 113 95 40 49 65 245 46 225 69 211 193 165 56 49 109 70 48
is_linear=0
shrinkage=0.1


Tree=30
num_leaves=22
num_cat=0
split_feature=24 14 0 12 2 0 23 22 0 18 20 25 0 20 25 13 25 0 18 25 20
split_gain=10.788 10.2081 9.43579 6.43449 9.29641 6.12741 4.38099 3.30991 1.95109 1.36564 0.829884 1.34407 0.367952 0.107072 0.0774032 0.0295902 0.0244685 0.00580949 0.00782913 0.0010998 0.000486643
threshold=1.0000000180025095e-35 111177.78892755622 1762047000000.0002 369.32250000000005 103233.00000000001 1760686200000.0002 0.044196404369203919 77.863332268488321 1762122600000.0002 -2.186140260735951 50.116749515909611 0.011293293371718714 1760545800000.0002 75.733396512950961 0.018337344376205319 573147.50000000012 0.0098000298026045072 1761377400000.0002 -2.975891891791937 0.026145062247592835 58.078494666450887
decision_type=2 2 2 2 2 2 2 2 2 2 2 2 2 2 2 2 2 2 2 2 2
left_child=2 3 13 4 -2 -5 7 10 -6 12 15 -12 -3 17 -14 -7 -10 20 -19 -16 -1
right_child=1 9 -4 5 8 6 -8 -9 16 -11 11 -13 14 -15 19 -17 -18 18 -20 -21 -22
leaf_value=-0.078033033435258359 -0.072723214308332007 0.056372589723950609 0.069857224425897563 0.047498410261861475 0.025359817370037202 -0.08353501105954797 0.042742114433197573 0.011102976097386485 0.080207040980443886 0.022519788351881866 -0.09040008541616984 -0.018169320075640226 0.094440871705160231 -0.063149837079460855 0.078982443799981567 -0.092202257609372895 0.088490073665040123 -0.079728999787348154 -0.084996411791349744 0.080974368703001551 -0.079481140745838327
leaf_weight=5.5503430366516202 6.6764917522668865 6.405372887849814 5.240683138370513 8.7030554413795453 9.3691549450159091 7.0566416233778062 4.8461962044239035 5.5176638513803473 7.7307972311973554 5.8195518702268592 4.8479966968297941 5.4975190609693527 5.383985877037051 4.3001579642295829 6.2900007963180524 8.9157469868659955 6.6206127554178238 6.6206434071064049 4.9176994115114141 4.9556504338979721 3.9881157428026199
leaf_count=30 24 24 22 32 35 31 14 21 37 22 20 21 20 19 32 32 25 33 20 23 20
internal_value=0 0.0151839 -0.0523028 -0.00408946 0.0315158 -0.0279365 -0.0458341 -0.0593177 0.0608553 0.0658021 -0.0740817 -0.0520173 0.0767369 -0.0775305 0.0845808 -0.088373 0.0840282 -0.0804645 -0.081974 0.0798602 -0.0786385
internal_weight=0 104.636 30.6176 75.7819 30.3971 45.3848 36.6818 31.8356 23.7206 28.8546 26.3179 10.3455 23.035 25.377 16.6296 15.9724 14.3514 21.0768 11.5383 11.2457 9.53846
internal_count=557 413 144 292 121 171 139 125 97 121 104 41 99 122 75 63 62 103 53 55 50
is_linear=0
shrinkage=0.1


Tree=31
num_leaves=22
num_cat=0
split_feature=9 9 0 4 11 23 0 11 13 23 20 14 22 25 23 25 9 22 20 18 13
split_gain=8.21108 6.19231 6.2796 5.37421 4.71983 4.76959 6.60855 2.97317 2.47725 2.44072 1.52673 0.999516 0.831724 0.530537 1.02232 0.315608 0.187343 0.142786 0.00545812 0.00407369 0.00134064
threshold=368.11500000000007 391.33500000000009 1762057800000.0002 1.1567500000000004 371.94670000000002 0.020194788957220093 1761226200000.0002 377.85000000000008 1431717.0000000002 0.010017719259880022 74.745621068363505 109839.00011609019 72.791378712919098 0.010826024199988923 0.015048552399531593 0.026225877185114408 398.12000000000006 36.040271798230812 54.198216177930767 -2.3611455613785304 354059.50000000006
decision_type=2 2 2 2 2 2 2 2 2 2 2 2 2 2 2 2 2 2 2 2 2
left_child=12 2 3 11 -5 6 8 -7 13 -8 -11 -2 15 14 -6 18 -3 -9 20 -4 -1
right_child=1 16 19 4 5 7 9 17 -10 10 -12 -13 -14 -15 -16 -17 -18 -19 -20 -21 -22
leaf_value=-0.073415894609435914 0.10434646461989434 -0.080492219843195489 -0.072733887271809947 -0.076999702219580801 -0.076588247361947942 0.0051797409469009721 -0.014320018904941445 0.10120711731291882 0.03262986397603132 0.087977424211258495 0.021395496357532896 0.05325590134622487 -0.010007007411391391 -0.082782646328588422 -0.0031983859390927235 -0.039126893183571099 -0.050704579858812431 0.080276080282966469 -0.079486866027461731 -0.077824589511113693 -0.075762026820361483
leaf_weight=4.4315734207630175 8.4927419424056989 5.0416315793991071 3.3721459433436394 5.0748345553874961 4.2066178098320979 5.804649859666827 5.6023179739713695 6.8126746714115125 3.5401790440082541 9.2609418481588346 5.482801377773284 6.9733412414789191 2.7862493544816962 6.2191298305988312 3.4587115049362183 2.8515650480985633 3.6327017694711685 6.2483093440532684 3.1521167010068885 2.9445106014609328 5.407728523015976
leaf_count=37 26 29 30 33 28 28 21 22 18 31 22 24 17 37 14 21 24 20 19 19 37
internal_value=0 0.012399 0.0207536 0.0285994 0.0153888 0.0236672 0.00315788 0.0647287 -0.0420416 0.0418674 0.0632174 0.0813108 -0.0603919 -0.0610809 -0.0434736 -0.0692529 -0.0680175 0.0911938 -0.0758655 -0.0751069 -0.0747053
internal_weight=0 92.1682 83.4939 77.1773 61.7112 56.6363 37.7707 18.8656 17.4246 20.3461 14.7437 15.4661 18.6292 13.8845 7.66533 15.843 8.67433 13.061 12.9914 6.31666 9.8393
internal_count=557 426 373 324 274 241 171 70 97 74 53 50 131 79 42 114 53 42 93 49 74
is_linear=0
shrinkage=0.1


Tree=32
num_leaves=23
num_cat=0
split_feature=14 9 23 1 23 2 20 11 24 13 0 0 13 4 20 14 11 23 14 18 23 25
split_gain=9.01511 7.93501 8.2295 4.88266 4.47849 6.21304 7.21793 4.67091 3.95447 2.14349 0.417408 0.182307 0.135571 0.0407758 0.00332502 0.000822048 0.000414169 0.00024238 8.48004e-05 0.000103218 6.3894e-05 9.54844e-06
threshold=109183.43156771226 400.59750000000003 0.012757516301438792 111352.25000000001 0.020613436870183872 102252.05 45.706576063196131 377.26000000000005 0.0030058164315834852 994817.50000000012 1760491800000.0002 1760880600000.0002 746003.00000000012 1.1653500000000003 72.239166588813404 109789.04781699744 377.48750000000001 0.018553361179518117 111346.10934869912 -2.6383466810354408 0.020940738311077785 0.020749261932455802
decision_type=2 2 2 2 2 2 2 2 2 2 2 2 2 2 2 2 2 2 2 2 2 2
left_child=4 2 3 -2 7 -6 8 -1 -7 -10 -4 -9 -8 14 15 -12 18 -18 20 21 -17 -20
right_child=1 -3 10 -5 5 6 12 11 9 -11 13 -13 -14 -15 -16 16 17 -19 19 -21 -22 -23
leaf_value=-0.027248846827398976 -0.066550886465035444 0.10467360489761364 -0.02893866290400714 0.051967397375801042 0.099343028624285526 0.065106006404180392 -0.075007195139902852 0.079076805169676856 -0.077156555353075418 0.027315594970858205 -0.074373008665654092 0.10084770488592576 -0.099492618979401495 -0.085253979542797398 -0.076935226187245548 -0.073007899777867855 -0.072869182203027946 -0.074029667759563739 -0.071764694639609689 -0.072721733575013672 -0.072290314631143535 -0.072051861885062657
leaf_weight=4.1970566064119366 4.9932831600308445 4.0434852838516226 2.1380831003189114 11.439834162592886 5.8883154392242423 9.880261838436132 4.7214482948183996 6.7352570146322241 4.3260412886738768 3.5967283770442009 3.7715645432472327 8.9674977064132673 4.3396982252597809 3.2650519460439673 2.3951706290245047 2.9543910622596758 4.3750969767570487 3.0575549080967903 2.4738250523805725 2.269693419337262 2.1393531635403633 2.1766742318868637
leaf_count=31 35 12 14 38 18 34 33 23 28 17 28 28 15 14 17 25 38 23 25 20 20 21
internal_value=0 -0.0298002 -0.0412595 0.015955 0.0290466 0.00631345 -0.0140776 0.0664624 0.0229022 -0.029729 -0.0715729 0.0915097 -0.0867341 -0.0747294 -0.0733878 -0.0730219 -0.0727598 -0.0733466 -0.0723968 -0.0721689 -0.0727065 -0.0718991
internal_weight=0 51.4931 47.4496 16.4331 52.6523 32.7525 26.8642 19.8998 17.803 7.92277 31.0165 15.7028 9.06115 28.8784 25.6133 23.2182 19.4466 7.43265 12.0139 6.92019 5.09374 4.6505
internal_count=557 330 318 73 227 145 127 82 79 45 245 51 48 231 217 200 172 61 111 66 45 46
is_linear=0
shrinkage=0.1


Tree=33
num_leaves=24
num_cat=0
split_feature=24 14 0 12 1 0 23 22 0 18 20 10 3 20 2 17 4 13 25 18 3 24 23
split_gain=9.39748 8.65057 8.22571 5.58479 7.99941 4.92454 3.74927 2.87665 1.76518 1.35079 0.827474 1.23702 0.425742 0.219992 0.0501717 0.0546448 0.033471 0.0244544 0.0169917 0.0165338 0.00635853 0.00107289 0.000234113
threshold=1.0000000180025095e-35 111177.78892755622 1762057800000.0002 369.32250000000005 102762.70000000003 1760686200000.0002 0.044196404369203919 77.863332268488321 1762122600000.0002 -2.186140260735951 50.116749515909611 379.47995000000009 111093.10000000002 77.551237224398932 110011.05000000002 -0.8544014188434701 1.1621500000000002 1204742.0000000002 0.0098000298026045072 -2.6189681617629197 107781.65000000001 0.00146779507431044 0.015845712109855175
decision_type=2 2 2 2 2 2 2 2 2 2 2 2 2 2 2 2 2 2 2 2 2 2 2
left_child=2 3 13 4 -2 -5 7 10 -6 12 17 -12 -3 14 15 -1 -14 20 -10 -16 -7 -18 -17
right_child=1 9 -4 5 8 6 -8 -9 18 -11 11 -13 16 -15 19 22 21 -19 -20 -21 -22 -23 -24
leaf_value=-0.062488267997212882 -0.069367724435437553 0.048051355276702234 0.082772077686478915 0.042854289907482593 0.024550044403997925 -0.079831100886801121 0.0383131207071132 0.010092324775908929 0.078539716949197536 0.019023658096922622 -0.013050738926422861 -0.084101644294413247 0.087352637510282369 -0.05141240072279607 -0.078718137632139057 -0.078116829109729613 0.079474826434287937 -0.090993714965481351 0.085729461175404781 -0.087113035827433738 -0.085140152643442019 0.077331954286802229 -0.076969170781671759
leaf_weight=3.6369677931070381 6.2605916410684612 4.8128422498703065 3.9458935409784308 8.2534982115030271 9.0472610443830508 4.3022657334804588 4.8664265275001517 5.3498679846525183 7.0711176544427854 5.6007527709007254 4.9342254102230054 4.8678306937217712 6.6292134821414974 3.975844368338584 5.3060782253742218 3.6427044272422826 3.8122141957283002 5.6649327874183646 6.1424514502286911 4.2055769264698011 4.7428592443466187 6.0358291864395142 3.4712842702865601
leaf_count=20 24 20 19 32 35 21 14 21 37 22 19 22 26 18 28 20 19 21 25 19 21 34 20
internal_value=0 0.014371 -0.0511223 -0.00381248 0.0304957 -0.0265783 -0.0430795 -0.0563436 0.0585811 0.0627212 -0.0708435 -0.0483356 0.0742167 -0.0729196 -0.0771397 -0.0724592 0.0818593 -0.0858417 0.0818819 -0.0824299 -0.0826149 0.0781615 -0.0775568
internal_weight=0 98.3942 28.1843 71.5033 28.5214 42.9819 34.7284 29.862 22.2608 26.8909 24.5121 9.80206 21.2901 24.2385 20.2626 10.751 16.4773 14.7101 13.2136 9.51166 9.04512 9.84804 7.11399
internal_count=557 413 144 292 121 171 139 125 97 121 104 41 99 125 107 60 79 63 62 47 42 53 40
is_linear=0
shrinkage=0.1


Tree=34
num_leaves=21
num_cat=0
split_feature=9 9 0 0 24 0 1 23 18 23 20 14 16 22 25 9 20 18 19 13
split_gain=7.08418 5.46604 5.40782 4.48859 3.02983 3.51911 8.70439 3.11324 3.05071 2.64158 4.45523 1.84954 1.50621 0.802545 0.331952 0.196874 0.00416746 0.00282521 0.00242836 0.000924942
threshold=368.11500000000007 391.33500000000009 1762057800000.0002 1761917400000.0002 0.0033230323482955626 1760805000000.0002 108266.85000000002 0.0077614948901407474 -1.7395783932988185 0.011098319149514592 70.079028434801302 111495.57178458919 377.37499999926973 72.791378712919098 0.026225877185114408 398.12000000000006 54.198216177930767 -2.3611455613785304 -0.87187647121006517 354059.50000000006
decision_type=2 2 2 2 2 2 2 2 2 2 2 2 2 2 2 2 2 2 2 2
left_child=13 2 3 4 5 -2 18 -8 9 -9 12 -6 -11 14 16 -3 19 -4 -7 -1
right_child=1 15 17 -5 11 6 7 8 -10 10 -12 -13 -14 -15 -16 -17 -18 -19 -20 -21
leaf_value=-0.072704675979977929 0.083738315615425538 -0.079695209804913028 -0.07201602236141301 0.088113209176835489 0.01298077223619264 -0.07633875483134818 -0.049267171389514225 0.092165719633295701 0.099037522316435769 0.0067931953895781971 -0.055790176805441884 -0.074978822410972409 0.075946003028441567 -0.0082871493842605077 -0.035679207036118925 -0.048067330461520646 -0.07821767801176982 -0.076487784501782299 -0.079815730034691848 -0.074749877380785978
leaf_weight=4.0148313790559786 8.9374660551547986 4.683950833976267 3.0293985605239868 10.387579306960104 4.4301015213131887 4.77606051415205 3.8321756720542899 5.1289867162704388 8.1416351944208234 5.5950014591217059 6.5282535776495925 5.1924637854099274 7.2065295502543449 2.6965808346867552 2.6420913338661185 3.3943430706858635 2.8585644364356986 2.6476444527506819 3.4666575118899328 4.9224306121468544
leaf_count=37 30 29 30 37 30 31 15 16 28 22 31 38 27 17 21 24 19 19 19 37
internal_value=0 0.0119572 0.0199401 0.0271916 0.0171841 0.0264575 0.0149983 0.0359938 0.0460162 0.0283669 0.0114384 -0.0344834 0.0457223 -0.0583649 -0.0677179 -0.0664058 -0.0748941 -0.0741016 -0.0778011 -0.0738311
internal_weight=0 87.3782 79.3 73.6229 63.2353 53.6128 44.6753 36.4326 32.6004 24.4588 19.3298 9.62257 12.8015 17.1345 14.4379 8.07829 11.7958 5.67704 8.24272 8.93726
internal_count=557 426 373 324 287 219 189 139 124 96 80 68 49 131 114 53 93 49 50 74
is_linear=0
shrinkage=0.1


Tree=35
num_leaves=25
num_cat=0
split_feature=14 9 25 1 23 20 16 22 14 20 24 0 0 13 20 20 17 13 14 20 3 18 4 5
split_gain=7.6557 6.8531 7.55339 6.26393 3.80109 5.39177 3.6516 2.48881 2.32042 2.95929 4.76522 0.369775 0.201177 0.117249 0.0778352 0.0184992 0.0144143 0.00515714 0.000622773 0.000193732 0.000109576 8.15234e-05 8.38674e-05 1.29357e-05
threshold=109183.43156771226 400.59750000000003 0.0038886593554498779 111352.25000000001 0.020613436870183872 45.706576063196131 377.28000000042351 68.852975579479974 108092.16695601646 26.844909849775373 0.0030058164315834852 1760502600000.0002 1760880600000.0002 898088.50000000012 57.750618527317933 64.809144372558279 -0.56623833066780638 178402.00000000003 109839.00011609019 32.595165001001746 110384.00000000001 -2.186140260735951 1.1621500000000002 1.1666500000000004
decision_type=2 2 2 2 2 2 2 2 2 2 2 2 2 2 2 2 2 2 2 2 2 2 2 2
left_child=4 2 3 14 6 8 -1 13 9 -6 -11 -4 -8 -7 -2 18 17 -17 -13 -20 -21 22 -22 -24
right_child=1 -3 11 -5 5 7 12 -9 -10 10 -12 15 -14 -15 -16 16 -18 -19 19 20 21 -23 23 -25
leaf_value=-0.016190645688415547 -0.058180684590757842 0.099392944151821816 -0.033203741307132245 0.062586049960404497 0.12121103733002213 -0.07376639371567098 0.074181487159741641 0.022677789135283202 -0.02968342521704162 0.08474210434052834 -0.041371589379646828 -0.073741650927450941 0.098065789563426445 -0.099371962547026974 -0.081756534339212483 -0.078024491503160334 -0.083567531632404268 -0.071997380285832566 -0.072889985985704883 -0.072396129333488421 -0.072060642095275476 -0.072247014177069982 -0.071105409704196182 -0.071449341419653534
leaf_weight=4.4572994038462666 3.2431337237358084 3.8438955247402182 2.4010264202952412 10.148240923881529 4.4985596686601736 3.7814454287290555 6.3336801677942258 2.9932342916727066 4.4028048589825621 6.449675187468527 5.5953860059380531 2.6347130984067979 7.9570038020610809 3.3928169757127762 2.4645372852683067 2.8438991606235504 3.0186931565403921 2.8348343148827553 2.4123338460922232 3.3500457778573027 2.1510333716869363 2.2316604480147335 1.9306413382291792 2.5222370773553848
leaf_count=33 25 12 17 35 15 30 23 13 20 24 32 21 26 11 17 18 14 28 21 31 21 21 22 27
internal_value=0 -0.0286763 -0.0398172 0.015449 0.0272638 0.00583145 0.0628326 -0.0539183 0.0348343 0.0520046 0.0261575 -0.0707477 0.0874802 -0.0858757 -0.0683606 -0.0742242 -0.0779839 -0.0750157 -0.0723266 -0.0720712 -0.0719091 -0.0717245 -0.0715479 -0.0713002
internal_weight=0 48.0309 44.187 15.8559 49.8619 31.1139 18.748 10.1675 20.9464 16.5436 12.0451 28.3311 14.2907 7.17426 5.70767 25.9301 8.69743 5.67873 17.2327 14.598 12.1856 8.83557 6.60391 4.45288
internal_count=557 330 318 77 227 145 82 54 91 71 56 241 49 41 42 224 60 46 164 143 122 91 70 49
is_linear=0
shrinkage=0.1


Tree=36
num_leaves=24
num_cat=0
split_feature=24 14 0 25 11 2 0 14 23 20 22 25 0 20 20 20 11 0 18 18 13 5 17
split_gain=8.00704 7.37903 7.16728 4.86006 3.70003 6.57471 3.16593 4.4732 6.04358 1.28617 1.27911 0.653937 0.452614 0.409784 0.109458 0.0557586 0.0175593 0.00380075 0.00384611 0.00176205 0.000657567 0.000378852 0.00016722
threshold=1.0000000180025095e-35 111177.78892755622 1762047000000.0002 0.0097753040842004438 367.94370000000009 103233.00000000001 1761150600000.0002 108306.73387963064 0.020730545569877034 45.859238895439098 19.74520502945521 0.011776839087212826 1760545800000.0002 61.456894129231422 75.733396512950961 61.223562896167316 376.32690000000008 1761377400000.0002 -2.975891891791937 -2.8774315660280183 196075.00000000003 1.1666500000000004 -0.80158076785784538
decision_type=2 2 2 2 2 2 2 2 2 2 2 2 2 2 2 2 2 2 2 2 2 2 2
left_child=2 3 14 9 5 -5 7 -6 -9 20 -3 -7 -12 16 17 19 -8 22 -19 21 -2 -14 -1
right_child=1 10 -4 4 6 11 13 8 -10 -11 12 -13 15 -15 -16 -17 -18 18 -20 -21 -22 -23 -24
leaf_value=-0.075031990744146071 0.076808349973881168 0.016597160689452828 0.064670305658881239 -0.066149111417821357 -0.066612339950539279 0.085226025003032169 -0.085660519262217405 -0.032746608193152782 0.099735336995082718 0.0072017354228752191 0.047511185918157152 0.03954203551505811 0.075800262975358787 -0.044231393220103929 -0.058578399468866338 0.092063056443527941 -0.077400729153958653 -0.076860999552106735 -0.080877503282807503 0.079242745146009014 0.078632220227494193 0.077305854556293518 -0.075989865420961089
leaf_weight=2.9384858161211014 4.1031915843486768 5.382111698389056 4.5251607894897452 5.9424074590206173 8.8998928219079989 6.0413769930601102 5.2200146615505201 8.0418792366981489 6.0217101126909247 3.8465234041213989 5.5747049301862743 6.5094543099403381 3.3249588906765011 4.1079007983207694 3.8135801404714575 3.5281861871480933 5.0770309269428253 5.517106816172606 4.1983296573161999 3.8495819419622377 3.8143541812896729 3.3604499697685242 4.7989289909601309
leaf_count=20 24 23 22 24 36 26 22 30 20 16 24 27 21 18 19 14 29 33 20 20 20 19 30
internal_value=0 0.013389 -0.0496092 -0.0037772 -0.0160795 0.0205045 -0.0341845 -0.0111311 0.0239792 0.0546403 0.059787 0.0615321 0.071624 -0.0709349 -0.0739261 0.0811824 -0.081588 -0.0772797 -0.0785967 0.0775384 0.077687 0.0765571 -0.0756261
internal_weight=0 92.6457 25.7916 67.6257 55.8617 18.4932 37.3684 22.9635 14.0636 11.7641 25.02 12.5508 19.6379 14.4049 21.2664 14.0632 10.297 17.4529 9.71544 10.535 7.91755 6.68541 7.73741
internal_count=557 413 144 292 232 77 155 86 50 60 121 53 98 69 122 74 51 103 53 60 44 40 50
is_linear=0
shrinkage=0.1


Tree=37
num_leaves=22
num_cat=0
split_feature=9 9 0 4 16 23 0 16 13 23 20 14 22 25 23 23 9 9 7 18 20
split_gain=6.12667 4.82101 4.62533 3.82802 3.71794 3.14924 4.94677 2.53408 2.35172 1.9982 1.40805 1.04107 0.779774 0.515953 0.905596 0.440289 0.369023 0.205608 0.00290851 0.00191123 0.000769354
threshold=368.11500000000007 391.33500000000009 1762057800000.0002 1.1567500000000004 373.59000000042965 0.020194788957220093 1761226200000.0002 377.37499999926973 1431717.0000000002 0.010017719259880022 74.745621068363505 109839.00011609019 72.791378712919098 0.010826024199988923 0.015048552399531593 0.023720795800648006 362.33500000000009 398.12000000000006 1.1540500000000002 -2.3611455613785304 42.106341529790093
decision_type=2 2 2 2 2 2 2 2 2 2 2 2 2 2 2 2 2 2 2 2 2
left_child=12 2 3 11 -5 6 8 -7 13 -8 -11 -2 16 14 -6 -9 -1 -3 -18 -4 -20
right_child=1 17 19 4 5 7 9 15 -10 10 -12 -13 -14 -15 -16 -17 18 -19 20 -21 -22
leaf_value=-0.030444539855624387 0.097097290438647774 -0.078883076655184806 -0.071332944765564607 -0.076082392582643515 -0.074796440595408645 -0.012447440541346742 -0.012128556966050318 0.10050697993752167 0.035031392321288317 0.086048721676423148 0.019284893552898731 0.042512816332968634 -0.0066309808424873055 -0.080817990016519528 -0.0014318974915951915 0.063038414758041214 -0.07642407530551773 -0.045421065482450985 -0.07376584553744045 -0.075229575394702985 -0.071657456675437034
leaf_weight=2.3591087684035292 7.7321966737508756 4.3463533371686927 2.6901907697319984 4.2230894714593878 3.4962983876466733 4.0733839422464397 5.4549908787012127 5.1845542639493924 3.4931216835975638 8.0319933146238309 5.2066256999969474 6.3749466836452484 2.6275573670864096 5.4751616790890694 3.2433060109615326 7.9379934072494507 3.573946073651312 3.1795937567949295 4.4149405285716057 2.3655994907021514 2.8466247096657753
leaf_count=22 26 29 30 31 28 20 21 19 19 30 22 24 17 38 14 32 26 24 36 19 30
internal_value=0 0.0115532 0.0192112 0.0258894 0.0141272 0.0215106 0.00404382 0.056454 -0.0373238 0.0388042 0.0597911 0.0724308 -0.0563787 -0.0580155 -0.0394912 0.0778418 -0.0662854 -0.0647459 -0.0740887 -0.0731562 -0.0729393
internal_weight=0 82.5094 74.9835 69.9277 55.8205 51.5974 34.4015 17.1959 15.7079 18.6936 13.2386 14.1071 15.8222 12.2148 6.7396 13.1225 13.1946 7.52595 10.8355 5.05579 7.26157
internal_count=557 426 373 324 274 243 172 71 99 73 52 50 131 80 42 51 114 53 92 49 66
is_linear=0
shrinkage=0.1


Tree=38
num_leaves=24
num_cat=0
split_feature=14 9 23 14 23 2 20 25 19 19 10 14 0 4 20 13 14 19 3 2 14 18 18
split_gain=6.55203 5.92229 6.79754 3.65474 3.38519 4.0529 4.79206 6.25593 3.0705 1.7162 0.580643 0.42974 0.397246 0.0278965 0.00406781 0.00141218 0.000371238 0.000177997 0.000116758 7.11161e-05 8.86284e-05 2.77537e-05 1.25385e-05
threshold=109183.43156771226 400.59750000000003 0.012757516301438792 111619.89829137579 0.016901547643365558 102252.05 45.706576063196131 0.013143079625616822 -0.70105994805808314 -0.73841684478861092 378.22000000000008 107134.91893218819 1760502600000.0002 1.1653500000000003 72.239166588813404 778193.00000000012 109789.04781699744 -0.82192926753810525 111001.65000000001 111922.15000000001 110851.22035807281 -3.228720742594362 -4.3387686242861569
decision_type=2 2 2 2 2 2 2 2 2 2 2 2 2 2 2 2 2 2 2 2 2 2 2
left_child=4 2 3 8 11 -6 7 15 -2 -9 -8 -1 -4 14 16 -7 -14 19 22 20 -18 -20 -19
right_child=1 -3 12 -5 5 6 10 9 -10 -11 -12 -13 13 -15 -16 -17 17 18 21 -21 -22 -23 -24
leaf_value=0.045695927562288345 0.037606186295611771 0.0948942924230846 -0.029272015865821999 0.065978675545268387 0.09123018259881964 -0.071740203538214656 -0.087233764188662272 0.02300319917060055 -0.088704599055402511 0.088674036474772178 -0.034114261526652055 0.085350863891561282 -0.072705369582783994 -0.082605346645398592 -0.076439699801333749 -0.075023650497117678 -0.071999383116510718 -0.071758738380473974 -0.070649258175593074 -0.072310667652391011 -0.071120265929221674 -0.071158785972184585 -0.071404338292068839
leaf_weight=4.1996254697442037 3.4597792699933052 3.6173563599586478 2.2277870923280743 7.2495496273040771 5.2386048138141623 2.8122861012816491 5.3315558135509473 8.9191433042287844 4.3371327370405179 7.1852789968252173 3.3512542843818665 7.8243865668773651 3.0625483840704062 2.9131269156932822 2.0025700926780692 2.4518904313445091 2.8407170698046746 2.0535915419459347 2.7885059937834793 2.4147235751152039 1.9231334775686262 1.7336318269371931 1.9426474273204712
leaf_count=19 18 12 17 26 18 29 29 37 29 24 23 30 28 14 16 18 28 21 35 23 22 20 21
internal_value=0 -0.0277557 -0.0385903 0.0148674 0.0256761 0.0100627 -0.00408648 0.0213684 -0.0326558 0.0523034 -0.0667315 0.0715006 -0.0696426 -0.0734414 -0.0721556 -0.0732695 -0.0716982 -0.0715018 -0.0711926 -0.0718686 -0.0716445 -0.0708446 -0.0715865
internal_weight=0 44.5668 40.9494 15.0465 47.314 35.29 30.0514 21.3686 7.79691 16.1044 8.68281 12.024 25.903 23.6752 20.7621 5.26418 18.7595 15.697 8.51838 7.17857 4.76385 4.52214 3.99624
internal_count=557 330 318 73 227 178 160 108 47 61 52 49 245 228 214 47 198 170 97 73 50 55 42
is_linear=0
shrinkage=0.1


Tree=39
num_leaves=23
num_cat=0
split_feature=24 0 14 12 1 0 23 22 0 18 20 11 3 20 4 13 25 0 18 20 24 18
split_gain=7.0385 6.2241 6.22323 4.14035 5.99861 3.57272 2.79872 2.37716 1.45873 1.31382 0.741196 1.25403 0.506917 0.119749 0.0222533 0.0176593 0.0077296 0.00294086 0.00267579 0.00207884 0.000360114 8.4656e-05
threshold=1.0000000180025095e-35 1762047000000.0002 111177.78892755622 369.32250000000005 102762.70000000003 1760686200000.0002 0.044196404369203919 77.863332268488321 1762122600000.0002 -2.186140260735951 50.116749515909611 378.00500000000005 111093.10000000002 77.551237224398932 1.1621500000000002 1204742.0000000002 0.0098000298026045072 1761377400000.0002 -2.4051038376613825 41.893804072196481 0.00146779507431044 -4.100352518754244
decision_type=2 2 2 2 2 2 2 2 2 2 2 2 2 2 2 2 2 2 2 2 2 2
left_child=1 13 3 4 -2 -5 7 10 -6 12 15 -12 -4 17 -14 19 -10 21 -19 -7 -16 -1
right_child=2 -3 9 5 8 6 -8 -9 16 -11 11 -13 14 -15 20 -17 -18 18 -20 -21 -22 -23
leaf_value=-0.074798078078531463 -0.063503664098641041 0.061800485508258833 0.039500957097093371 0.037264659323505381 0.022896141014032867 -0.077452195014907646 0.031723959588219684 0.010794972768416931 0.075841408836036336 0.012241594839039499 -0.0043881999512476004 -0.080138798933557312 0.083586795260659985 -0.055226475547745596 0.076309590042889425 -0.086718663432366727 0.081140790924999082 -0.075847640389287443 -0.079330684306495591 -0.080773157004646559 0.074937798844000203 -0.074086897172148988
leaf_weight=4.2004941999912262 5.5377938598394421 4.1916145980358115 4.281889930367476 7.6233096420764914 8.3211672753095645 3.9663736522197812 4.7170256078243247 4.9048865288496009 5.8516784757375699 5.1242370158433905 4.1647841036319715 4.5983361378312111 5.7994428426027289 3.3252294212579718 3.1161024421453458 4.9403564780950546 5.1966312527656555 5.5315180346369806 3.668352335691444 3.5918818116188049 4.9591795802116394 2.7825372219085791
leaf_count=29 24 22 20 32 35 23 14 21 37 22 16 25 26 17 19 21 25 36 19 19 34 21
internal_value=0 -0.0487558 0.0127399 -0.00349374 0.0282773 -0.0240441 -0.0391775 -0.0519588 0.0545178 0.0569585 -0.0664355 -0.0441374 0.0695787 -0.0725105 0.078861 -0.0820694 0.078334 -0.076062 -0.0772365 -0.0790304 0.0754671 -0.0745147
internal_weight=0 23.6997 86.6951 63.4142 24.9073 38.507 30.8836 26.1666 19.3695 23.2809 21.2617 8.76312 18.1566 19.5081 13.8747 12.4986 11.0483 16.1829 9.19987 7.55826 8.07528 6.98303
internal_count=557 144 413 292 121 171 139 125 97 121 104 41 99 122 79 63 62 105 55 42 53 50
is_linear=0
shrinkage=0.1


Tree=40
num_leaves=22
num_cat=0
split_feature=9 9 0 12 11 23 10 23 2 3 14 22 1 0 22 20 9 10 18 21 9
split_gain=5.19016 4.23354 3.99181 3.42704 2.27526 4.11253 5.32943 2.22475 3.36524 2.00842 3.65886 0.753315 0.412163 0.391587 0.388359 0.274619 0.212597 0.00250142 0.00136836 0.00037787 0.000331688
threshold=368.11500000000007 391.33500000000009 1762057800000.0002 368.80500000000001 377.48750000000001 0.019169665364389136 382.31500000000005 0.0078565945538920622 112327.00000000001 107917.50000000001 109839.00011609019 72.791378712919098 108849.85000000002 1760783400000.0002 21.452248936730168 50.37008147457157 398.12000000000006 367.9500000000001 -2.3611455613785304 1.0000000180025095e-35 365.17500000000001
decision_type=2 2 2 2 2 2 2 2 2 2 2 2 2 2 2 2 2 2 2 2 2
left_child=11 2 3 15 9 6 7 -6 -9 -5 -11 14 -8 -7 -1 -2 -3 19 -4 -16 -21
right_child=1 16 18 4 5 13 12 8 -10 10 -12 -13 -14 -15 17 -17 -18 -19 -20 20 -22
leaf_value=-0.026090205487902182 0.093563571762040137 -0.078143978940738087 -0.070784764359459157 -0.076086158965345707 -0.02061955942020742 0.091289770489311986 -0.03445110431458101 0.10160245610889128 -0.00079102325384057006 0.060699848812620374 -0.048197330796905941 -0.0046876127493543701 -0.076258804445074088 0.055690676615141849 -0.071293982874584036 0.06049940329251921 -0.042890167143481019 -0.076378842088075063 -0.074262476425450766 -0.07189286810894284 -0.073463429787855083
leaf_weight=2.1362202689051619 5.3873601108789426 4.0342380851507178 2.4052234813570976 4.1932521611452129 4.7486997395753923 6.9037416279315931 4.8705559149384481 7.7460858821868879 5.4808495417237282 5.9261010438203794 6.4366242587566376 2.5333771109580985 4.5712044835090637 5.5934062451124191 2.3509763181209546 4.7064616456627846 2.9698477163910866 1.9228000938892362 2.1362755820155135 2.3090096861124039 3.2197481989860535
leaf_count=20 20 29 30 28 18 26 32 31 30 23 35 17 36 23 27 22 24 16 19 23 28
internal_value=0 0.0109823 0.018289 0.0244779 0.0148849 0.0278124 0.00614133 0.0380943 0.0591736 -0.0162819 0.00400278 -0.0542157 -0.0546922 0.0753565 -0.0647254 0.0781467 -0.0631958 -0.073145 -0.0724206 -0.0723559 -0.0728075
internal_weight=0 78.1099 71.1058 66.5643 56.4705 39.9145 27.4174 17.9756 13.2269 16.556 12.3627 14.4721 9.44176 12.4971 11.9388 10.0938 7.00409 9.80253 4.5415 7.87973 5.52876
internal_count=557 426 373 324 282 196 147 79 61 86 58 131 68 49 114 42 53 94 49 78 51
is_linear=0
shrinkage=0.1


Tree=41
num_leaves=23
num_cat=0
split_feature=14 9 25 1 23 2 20 12 25 24 0 1 20 25 20 17 13 14 25 23 25 11
split_gain=5.60072 5.23215 6.18257 4.90971 2.91747 4.0843 5.06011 2.45848 2.40105 3.03354 0.4135 0.198892 0.0808049 0.0617675 0.0135151 0.010683 0.00348274 0.00029857 0.000139723 8.98303e-05 7.48463e-05 6.11831e-05
threshold=109183.43156771226 400.59750000000003 0.0038886593554498779 111352.25000000001 0.020613436870183872 102252.05 45.706576063196131 378.26665000000008 0.02245346577343087 0.0030058164315834852 1760502600000.0002 107536.25000000001 57.750618527317933 0.024327582463970553 64.809144372558279 -0.56623833066780638 168702.00000000003 111189.75210914273 0.01731589908885503 0.025543514271803066 0.019760723145580979 367.00000000000006
decision_type=2 2 2 2 2 2 2 2 2 2 2 2 2 2 2 2 2 2 2 2 2 2
left_child=4 2 3 12 7 -6 8 -1 9 -7 -4 -9 -2 -8 17 16 -16 18 19 -12 -19 -22
right_child=1 -3 10 -5 5 6 13 11 -10 -11 14 -13 -14 -15 15 -17 -18 20 -20 -21 21 -23
leaf_value=-0.0079315458436684926 -0.055464951657432093 0.091660893418422235 -0.026762315873717669 0.056058484330466521 0.08793150036011449 0.034238373715768641 -0.074247864903000199 0.064778004410017062 0.072638139679906275 -0.075509376955010546 -0.070969969362595975 0.090758305948435758 -0.081239449975917338 -0.093007574755645209 -0.076293466100446072 -0.081437168021907425 -0.07089569387461285 -0.070242259825911424 -0.072242809734558835 -0.071803568548359231 -0.070556259861764198 -0.071359608879324771
leaf_weight=4.2433261573314693 2.7703290358185759 3.4276187121868125 2.1258852034807232 9.5362663269042951 4.8782881796360043 6.3741186708211917 4.3021152615547171 4.9115186184644681 5.4483651071786872 4.1638588234782219 3.2101639956235903 7.3656685352325439 2.1684141457080841 2.964574933052063 2.3766146153211594 2.710411697626113 2.4049225375056267 2.5912870988249779 2.259894497692585 2.1642878130078316 1.9886082187294962 1.8117497861385343
leaf_count=34 25 12 17 35 18 26 38 20 20 33 38 28 17 10 17 14 29 36 22 22 26 20
internal_value=0 -0.0266832 -0.0373246 0.0141466 0.0243303 0.00474178 -0.0127107 0.0576857 0.0187403 -0.00912613 -0.0688359 0.0803648 -0.0667816 -0.0819012 -0.0729926 -0.0764216 -0.0735786 -0.0711609 -0.0715831 -0.0713057 -0.0706567 -0.0709392
internal_weight=0 41.5465 38.1188 14.475 44.6518 28.1313 23.253 16.5205 15.9863 10.538 23.6438 12.2772 4.93874 7.26669 21.5179 7.49195 4.78154 14.026 7.63435 5.37445 6.39165 3.80036
internal_count=557 330 318 77 227 145 127 82 79 59 241 48 42 48 224 60 46 164 82 60 82 46
is_linear=0
shrinkage=0.1


Tree=42
num_leaves=23
num_cat=0
split_feature=24 0 14 10 2 0 23 20 18 11 4 11 20 18 4 13 13 22 23 14 25 19
split_gain=6.04368 5.42317 5.2771 3.65191 5.76511 2.61108 2.21124 2.40182 1.2996 1.01817 0.805678 0.528808 0.131098 0.115415 0.0421921 0.0220555 0.0124441 0.00277533 0.00245946 0.000728335 0.000469843 9.43635e-05
threshold=1.0000000180025095e-35 1762047000000.0002 111177.78892755622 369.32000000000005 103233.00000000001 1760686200000.0002 0.044196404369203919 61.223562896167316 -2.186140260735951 368.00500000000005 1.1599000000000002 380.94500000000011 79.045473167115247 -2.6462022797648821 1.1621500000000002 994817.50000000012 338936.50000000006 47.821421501733305 0.0078565945538920622 110160.90881846992 0.026225877185114408 -0.88367050394550084
decision_type=2 2 2 2 2 2 2 2 2 2 2 2 2 2 2 2 2 2 2 2 2 2
left_child=1 12 3 4 -2 -5 7 10 11 13 -7 14 18 15 -4 -6 -12 -18 -1 21 -16 -20
right_child=2 -3 8 5 9 6 -8 -9 -10 -11 16 -13 -14 -15 20 -17 17 -19 19 -21 -22 -23
leaf_value=-0.076937562752268762 -0.060591752240567315 0.059274264689243121 0.087039231805699821 0.032851895298344251 0.078042996035163306 -0.033235431529670401 0.029612704386993434 -0.0038142177437435324 0.0090717798738053825 0.017666262744824607 -0.07588271242263904 0.040720091703189659 -0.051955144133153358 0.059985674961051949 0.073840594151274197 0.088395316006900496 -0.08413860363524174 -0.080388818858240063 -0.074025367433850728 -0.075569638294546562 0.075463975771315292 -0.073323100022307755
leaf_weight=4.428185969591147 5.1830456703901318 3.8890296518802634 4.3748752772808128 7.2125842273235312 4.6029835045337659 5.2123347222805121 4.6939020156860343 9.3993791937828046 4.9452451020479193 3.9540971219539633 4.6581117957830411 5.1305334642529479 2.9744488298892966 3.0694436207413665 3.9008630812168121 3.7221361249685287 4.2429995238780975 3.6906316578388214 3.4457560256123569 2.6000490486621857 3.2835307270288467 4.3024454340338663
leaf_count=27 24 22 19 32 26 26 14 39 22 24 32 28 16 18 30 17 21 19 26 18 22 35
internal_value=0 -0.0476776 0.0117903 -0.00355654 0.0305955 -0.0214855 -0.0337721 -0.0447091 0.0540971 0.0613882 -0.0662989 0.0674383 -0.0711096 0.0765604 0.0792971 0.0826715 -0.0799854 -0.0823942 -0.0749653 -0.0741214 0.0745825 -0.0736354
internal_weight=0 21.6399 81.2767 59.6416 20.5317 39.1099 31.8974 27.2035 21.635 15.3487 17.8041 16.6898 17.7509 11.3946 11.5593 8.32512 12.5917 7.93363 14.7764 10.3483 7.18439 7.7482
internal_count=557 144 413 292 109 183 151 137 121 85 98 99 122 61 71 43 72 40 106 79 52 61
is_linear=0
shrinkage=0.1


Tree=43
num_leaves=21
num_cat=0
split_feature=9 9 0 0 11 23 10 3 14 1 19 22 9 25 1 18 9 16 24 13
split_gain=4.4994 3.7535 2.83863 3.23587 1.79342 3.47343 4.57541 2.01655 3.75087 1.7232 1.89932 0.910485 0.657415 0.432579 0.429179 0.255169 0.219112 0.00200271 0.000363159 0.000413832
threshold=368.11500000000007 391.33500000000009 1762047000000.0002 1761917400000.0002 377.48750000000001 0.019169665364389136 382.31500000000005 107917.50000000001 109839.00011609019 111352.25000000001 -0.70105994805808314 74.327612217118229 386.02500000000003 0.026225877185114408 108849.85000000002 -1.9796836888601395 398.12000000000006 367.47499999835924 0.001210932100160377 778193.00000000012
decision_type=2 2 2 2 2 2 2 2 2 2 2 2 2 2 2 2 2 2 2 2
left_child=11 2 3 4 7 6 9 -2 -9 -6 -11 13 -7 17 -8 -4 -3 18 -1 -20
right_child=1 16 15 -5 5 12 14 8 -10 10 -12 -13 -14 -15 -16 -17 -18 -19 19 -21
leaf_value=-0.073018684599653522 -0.075226903156989142 -0.07736030556280879 -0.073040741892777303 0.084111756392311679 0.084494422762582691 0.040267946234063899 -0.031078213185900996 0.059990281547183416 -0.047365523750842332 -0.01707364851569345 0.064356452429549724 0.0077755539826620274 0.089675939672391014 -0.02129229942027331 -0.07536722045030475 -0.025457403397410011 -0.040358707240344044 -0.075844647468162857 -0.070809987364608112 -0.072657386699663248
leaf_weight=2.5073676854372007 3.8923644199967411 3.7450590655207625 3.0971839837729931 7.729924499988555 5.2418955415487352 4.1708911359310132 4.6190674975514394 6.5695910155773145 6.4494141936302185 7.1189435943961108 4.7927789092063922 2.1223565712571135 7.6005929261445999 1.985907919704913 4.1572162881493568 1.7716421410441388 2.7946185693144798 1.6874229647219179 3.0402467660605907 2.0170110091567039
leaf_count=22 28 29 36 34 25 18 32 25 38 32 22 14 31 21 36 16 24 15 39 20
internal_value=0 0.0107748 0.0178118 0.023555 0.0149838 0.0271206 0.00666954 -0.0120735 0.00680787 0.0367159 0.0156904 -0.0522951 0.0721696 -0.0636398 -0.0520574 -0.0557264 -0.0615483 -0.0727295 -0.0720347 -0.0715468
internal_weight=0 73.7512 67.2115 62.3427 54.6128 37.7014 25.9299 16.9114 13.019 17.1536 11.9117 13.3603 11.7715 11.238 8.77628 4.86883 6.53968 9.25205 7.56463 5.05726
internal_count=557 426 373 321 287 196 147 91 63 79 54 131 49 117 68 52 53 96 81 59
is_linear=0
shrinkage=0.1


Tree=44
num_leaves=27
num_cat=0
split_feature=14 9 23 14 19 0 4 2 25 2 0 16 11 23 4 24 20 14 18 25 14 24 25 17 20 11
split_gain=4.81825 4.54779 5.71055 2.90025 2.82023 2.57102 4.92699 4.35354 2.57086 1.87847 0.535115 0.451297 0.13116 0.0361884 0.0206838 0.0156302 0.00588287 0.000135606 0.000142421 0.000115743 0.000114142 5.80845e-05 5.61702e-05 2.77557e-05 2.01025e-05 1.09555e-06
threshold=109183.43156771226 400.59750000000003 0.012757516301438792 111619.89829137579 -0.70105994805808314 1760805000000.0002 1.1599000000000002 102252.05 0.01933300229854833 107016.60000000002 1760491800000.0002 377.28000000042351 365.98000000000008 0.015281584253755058 1.1653500000000003 0.001210932100160377 72.814712914500731 110851.22035807281 -2.186140260735951 0.01731589908885503 112824.57928657449 0.0021144443049802559 0.019727477546413942 -0.56014902549883305 54.932978774122056 366.08620000000002
decision_type=2 2 2 2 2 2 2 2 2 2 2 2 2 2 2 2 2 2 2 2 2 2 2 2 2 2
left_child=5 2 3 4 -2 9 7 -7 12 -1 -4 -8 -9 -13 16 -14 17 19 20 21 22 24 -19 -17 -12 -22
right_child=1 -3 10 -5 -6 6 11 8 -10 -11 14 13 15 -15 -16 23 -18 18 -20 -21 25 -23 -24 -25 -26 -27
leaf_value=0.023756720303133357 0.037471345687678861 0.088508714256763252 -0.013679880650036232 0.061453424814844039 -0.089734429612993383 0.08508547844502172 0.049726631641736067 -0.046903725251749018 0.019875924524247399 -0.076437062375526901 -0.070247495485994432 0.080483066333544337 -0.082341129938432997 0.091860736891249156 -0.080851371717642367 -0.07124968799241628 -0.076967646197564965 -0.070221482445670794 -0.071140654521880495 -0.071731298648623598 -0.069769069536749009 -0.071186708309855504 -0.070998921172089974 -0.070688021269578266 -0.070761086634862816 -0.06963966401746266
leaf_weight=3.4958318397402754 3.2586314231157303 3.1926968842744818 1.6724364235997224 6.7018543481826782 3.7469823360443097 4.510032311081889 4.8295571058988598 2.4375578239560109 6.2664670050144196 4.0264392718672752 1.4369626417756145 5.4651995897293073 1.8427317067980764 5.7228131145238876 2.6153463795781127 1.7898569926619528 1.6644913777708996 2.1239427030086548 2.2123851105570749 1.8027335256338117 1.2724201716482642 2.2794406712055206 1.6523141153156755 1.7304297238588335 1.6227384209632871 1.3465730585157869
leaf_count=17 18 12 14 26 29 18 18 20 21 32 20 26 11 21 14 21 14 30 26 19 20 26 20 22 20 22
internal_value=0 -0.0257989 -0.0361055 0.0144245 -0.0305652 0.0231113 0.0346324 -0.000410209 -0.027821 -0.0298739 -0.0680217 0.0752746 -0.0661375 0.0863029 -0.0725592 -0.0748795 -0.0713139 -0.0707164 -0.0704491 -0.0710385 -0.0702098 -0.0708046 -0.0705617 -0.0709736 -0.0705199 -0.0697025
internal_weight=0 38.6019 35.4093 13.7075 7.00561 42.1169 34.5946 18.5771 14.067 7.52227 21.7018 16.0176 7.80058 11.188 20.0293 5.36302 17.414 15.7495 8.60764 7.14188 6.39525 5.33914 3.77626 3.52029 3.0597 2.61899
internal_count=557 330 318 73 47 227 178 113 95 49 245 65 74 47 231 54 217 203 118 85 92 66 50 43 40 42
is_linear=0
shrinkage=0.1


Tree=45
num_leaves=22
num_cat=0
split_feature=24 0 14 0 24 25 11 0 11 14 24 23 22 3 25 20 4 17 18 23 19
split_gain=5.20729 4.63302 4.45854 3.30431 4.05539 3.60717 3.79105 2.3061 3.52186 1.9057 3.31641 1.94282 1.33309 0.687834 0.222992 0.133079 0.00835492 0.00207142 0.00144154 0.000768774 9.08519e-05
threshold=1.0000000180025095e-35 1762047000000.0002 111177.78892755622 1762349400000.0002 0.00086398026826511713 0.019727477546413942 377.26000000000005 1760967000000.0002 369.68500000000006 109839.00011609019 0.0021144443049802559 0.029574814480847474 19.74520502945521 111093.10000000002 0.016884573460010734 79.045473167115247 1.1621500000000002 -0.65865071380470375 -2.9013426679133185 0.0089601838413097632 -0.88367050394550084
decision_type=2 2 2 2 2 2 2 2 2 2 2 2 2 2 2 2 2 2 2 2 2
left_child=1 15 3 4 14 7 -7 -6 9 10 -9 -12 -4 -14 -2 17 -15 19 -18 -1 -21
right_child=2 -3 12 -5 5 6 -8 8 -10 -11 11 -13 13 16 -16 -17 18 -19 -20 20 -22
leaf_value=-0.074720142130984532 -0.082452039044263015 0.055857993397951902 0.0046696226285640177 0.078162847664956472 0.067047504059104965 0.011346593427264831 -0.10003749242170115 0.082744604254023385 -0.069412268687647591 0.086547811898014526 -0.082717213258642425 0.011492636052860779 0.025391361753647652 0.07982083439896398 -0.050144081380929288 -0.050026944565790515 0.073231150084940952 -0.076386112357791303 0.076070624924064564 -0.073200677205621359 -0.072499757310705279
leaf_weight=2.9320937469601649 5.9248303174972516 3.5870481058955184 4.7234315648674992 4.534017674624919 7.9444143101573017 6.1957353204488737 6.0293938219547272 4.0610399693250718 5.0205929428338996 3.9702681601047507 3.6258947700262052 5.5235984995961189 3.3619804233312598 4.7257551997899991 3.3410372957587242 2.8041124641895285 4.2394852340221405 2.8580998256802586 3.0918610319495201 3.3198508173227337 4.1746735349297497
leaf_count=22 33 22 23 27 38 24 32 26 25 19 15 31 18 25 22 16 35 18 20 28 38
internal_value=0 -0.0469102 0.0107864 -0.00368794 -0.0108749 0.00223034 -0.0435877 0.0208111 0.00426609 0.0257965 0.00753837 -0.0258422 0.0511504 0.0653892 -0.0708026 -0.0698227 0.0765421 -0.0740011 0.0744286 -0.0733473 -0.0728102
internal_weight=0 19.6759 76.3133 56.1708 51.6368 42.3709 12.2251 30.1458 22.2014 17.1808 13.2105 9.14949 20.1425 15.4191 9.26587 16.0888 12.0571 13.2847 7.33135 10.4266 7.49452
internal_count=557 144 413 292 265 210 56 154 116 91 72 46 121 98 55 122 80 106 55 88 66
is_linear=0
shrinkage=0.1


Tree=46
num_leaves=22
num_cat=0
split_feature=9 9 0 12 11 23 10 23 2 3 14 22 9 19 1 18 0 12 18 9 19
split_gain=3.83889 3.34424 3.15803 2.72786 1.80398 2.99806 3.9612 1.96008 2.61705 1.69297 2.75809 0.934186 0.613407 0.466572 0.433773 0.248682 0.236386 0.0013092 0.000772436 0.000258512 5.34607e-05
threshold=368.11500000000007 391.33500000000009 1762057800000.0002 368.80500000000001 377.48750000000001 0.019169665364389136 382.31500000000005 0.0078565945538920622 112327.00000000001 107917.50000000001 109839.00011609019 74.95273840400499 386.02500000000003 -0.38727598035865568 108849.85000000002 -3.4888563536349273 1760686200000.0002 367.30005000000006 -2.3611455613785304 365.17500000000001 -0.69598676540535376
decision_type=2 2 2 2 2 2 2 2 2 2 2 2 2 2 2 2 2 2 2 2 2
left_child=11 2 3 15 9 6 7 -6 -9 -5 -11 13 -7 17 -8 -2 -3 19 -4 20 -1
right_child=1 16 18 4 5 12 14 8 -10 10 -12 -13 -14 -15 -16 -17 -18 -19 -20 -21 -22
leaf_value=-0.071082024645156144 0.056095992867207956 -0.036632379691807888 -0.069970863682351794 -0.074488357531354341 -0.020144204444426467 0.038200233857760647 -0.028434744117073776 0.097607536593132024 0.0032337282883010917 0.052146153980901944 -0.044566291792094953 0.01308615257206823 0.087205083624781715 -0.015702854564258906 -0.07465332143626062 0.08989676173247145 -0.076500600207395658 -0.07452576509233462 -0.072831761168583559 -0.071989347379052535 -0.070289659383816858
leaf_weight=2.1251167468726613 4.0145270600914955 2.5356033295392981 1.9633559212088587 3.6088837757706633 4.6341007351875367 3.9897212088108045 4.340775288641451 6.7411589175462705 5.2088514715433121 5.8967499732971174 5.8984146788716316 1.9616174697875965 7.0995473712682724 1.7832005321979512 3.815544031560421 4.7545663267374021 3.5968159437179565 1.6111888587474821 1.8172942362725724 3.3524343445897102 1.4207816198468215
leaf_count=25 22 21 30 28 18 18 32 31 30 23 35 13 31 20 36 20 32 16 19 37 20
internal_value=0 0.010518 0.0172995 0.0228849 0.0140637 0.0263674 0.00700108 0.0350626 0.0564712 -0.0145545 0.00378311 -0.0501594 0.069574 -0.0622129 -0.0500559 0.0744226 -0.0600161 -0.0719592 -0.071346 -0.0713598 -0.0707645
internal_weight=0 69.9159 63.7835 60.0028 51.2337 35.8297 24.7404 16.5841 11.95 15.404 11.7952 12.2543 11.0893 10.2927 8.15632 8.76909 6.13242 8.50952 3.78065 6.89833 3.5459
internal_count=557 426 373 324 282 196 147 79 61 86 58 131 49 118 68 42 53 98 49 82 45
is_linear=0
shrinkage=0.1


Tree=47
num_leaves=22
num_cat=0
split_feature=1 16 25 9 15 18 0 17 2 0 4 11 3 17 20 23 20 14 18 14 23
split_gain=4.10915 5.67081 3.15969 4.4888 2.24269 1.91827 1.72652 2.62659 3.32041 3.35746 3.70601 0.213259 0.128003 0.0115293 0.000868103 0.000672203 0.000451373 0.00011458 7.97303e-05 7.59062e-05 6.25905e-05
threshold=108395.00000000001 377.51999999819276 0.0038886593554498779 400.59750000000003 1.161700000064233 -3.1844623128479665 1762327800000.0002 -0.84785688798278935 106032.90000000001 1760859000000.0002 1.1599000000000002 364.16060000000004 108439.45000000001 -0.63963994388945178 62.145956979415509 0.0089601838413097632 37.520144730582288 109789.04781699744 -1.99432476149076 111263.61284971076 0.018553361179518117
decision_type=2 2 2 2 2 2 2 2 2 2 2 2 2 2 2 2 2 2 2 2 2
left_child=6 11 5 4 -4 -3 7 -1 -9 -10 -11 -2 -13 14 16 -14 -6 -17 19 -19 -18
right_child=1 2 3 -5 13 -7 -8 8 9 10 -12 12 15 -15 -16 17 20 18 -20 -21 -22
leaf_value=0.087044508150323496 -0.044264596678141976 0.091968479228051042 0.010823226066334594 0.085506388244162818 -0.07209664613623766 0.010667385939916592 -0.035824522133876206 0.080490421547004379 -0.077822365820348016 -0.040830352806538045 0.082237271658540959 -0.095223222877174649 -0.072468550097519638 -0.079180953464385431 -0.073533120785447034 -0.071026052633209408 -0.069699723840461442 -0.070209520190458063 -0.070706254937467961 -0.069358363525515568 -0.070607939589980434
leaf_weight=7.3675738424062791 2.5156980454921714 5.0359434485435486 4.6664963774383095 3.1817801594734183 1.9379590712487695 6.8492645472288149 3.8228557482361785 5.927699655294421 4.7013016194105139 4.5800796113908273 5.2537400424480438 2.7513712942600241 1.7583101950585822 2.8374439775943738 1.6804360710084436 1.6949360035359857 1.5535293184220793 2.6733725331723663 1.5692438706755663 1.7230525501072405 1.4833165071904657
leaf_count=30 34 21 39 13 20 26 33 30 35 36 25 10 19 16 16 21 25 38 20 31 19
internal_value=0 -0.0200744 0.0053995 -0.0218215 -0.0459396 0.0451159 0.0271902 0.0358461 0.0174122 -0.00831224 0.0249188 -0.0707693 -0.0762481 -0.0738436 -0.071568 -0.0707052 -0.0709043 -0.0703005 -0.0700943 -0.0698759 -0.0701433
internal_weight=0 43.9122 29.2262 17.341 14.1592 11.8852 31.6533 27.8304 20.4628 14.5351 9.83382 14.686 12.1703 9.49268 6.65524 9.41892 4.9748 7.6606 5.96567 4.39643 3.03685
internal_count=557 368 195 148 135 47 189 156 126 96 61 173 139 96 80 129 64 110 89 69 44
is_linear=0
shrinkage=0.1


Tree=48
num_leaves=24
num_cat=0
split_feature=11 22 14 0 0 19 25 25 20 25 17 19 20 18 14 18 9 3 0 0 18 0 19
split_gain=4.48176 7.10484 4.21196 3.36988 3.09983 3.35666 2.94768 2.4256 1.4445 1.22497 0.851141 0.327276 0.298208 0.170128 0.158981 0.107386 0.0377866 0.021999 0.0159499 0.00121335 0.000891376 9.97993e-05 9.4448e-05
threshold=377.26000000000005 48.059818286854842 109984.94939002475 1760967000000.0002 1762349400000.0002 -0.42554607679309608 0.019727477546413942 0.01731589908885503 68.977599913098913 0.0081590784009387858 -0.79820327139623537 -0.48490029985296085 76.586303994431816 -1.1016765145591467 111545.82328425978 -2.186140260735951 389.82500000000005 110195.85000000002 1760643000000.0002 1761042600000.0002 -2.7234585817170105 1760805000000.0002 -0.59997778948411262
decision_type=2 2 2 2 2 2 2 2 2 2 2 2 2 2 2 2 2 2 2 2 2 2 2
left_child=2 12 4 6 5 7 18 9 -5 -1 -4 17 13 14 16 -11 19 -12 -3 21 22 -2 -19
right_child=1 3 10 8 -6 -7 -8 -9 -10 15 11 -13 -14 -15 -16 -17 -18 20 -20 -21 -22 -23 -24
leaf_value=-0.0088273411145202048 -0.072792180832525796 0.074918083992858847 0.018644861674478205 -0.075547969550110949 0.076880991313585986 0.063412829849326238 -0.014376766695499957 0.010443471499695801 0.011312623078882006 -0.083913363721517018 0.082785395898761868 0.037984945718182221 -0.043157615164920747 -0.097178110517166405 -0.048542883792888764 -0.06151330924993851 -0.08757166397888215 0.073090781524207712 0.083656025896869934 -0.07503206070789642 0.074955796884152034 -0.07190426678539516 0.072188843265213368
leaf_weight=3.6262381151318648 2.4726692438125593 3.7537176162004489 4.366671189665797 4.5609679520130149 4.1328637674450865 4.3897245824336997 5.4757974296808234 8.1941487863659841 3.299702525138855 6.7320497184991881 3.9143560826778412 2.7035272270441029 3.2932337746024123 3.1155792549252519 2.5067629367113122 3.1376588493585524 2.4252549409866333 2.4770249053835869 4.7104316353797913 2.493995413184166 2.6832461729645729 2.5936602652072906 2.1853003576397896
leaf_count=27 22 27 26 33 27 31 29 29 15 35 21 20 18 20 19 18 14 21 21 18 19 26 21
internal_value=0 -0.025632 0.0193611 0.0132707 -0.00358286 -0.016334 0.0427945 -0.0324734 -0.0390862 -0.0585307 0.0571784 0.0692287 -0.0705025 -0.0762722 -0.0710583 -0.0767922 -0.0767106 0.0767304 0.0797809 -0.0732265 0.0735037 -0.0723376 0.072668
internal_weight=0 40.7018 48.5428 21.8006 30.2127 26.0798 13.9399 21.6901 7.86067 13.4959 18.3301 13.9635 18.9012 15.6079 12.4923 9.86971 9.98558 11.2599 8.46415 7.56032 7.34557 5.06633 4.66233
internal_count=557 262 295 125 167 140 77 109 48 80 128 102 137 119 99 53 80 82 48 66 61 48 42
is_linear=0
shrinkage=0.1


Tree=49
num_leaves=24
num_cat=0
split_feature=17 22 20 23 14 14 18 2 25 18 0 18 23 19 17 23 14 17 20 11 2 13 19
split_gain=3.35033 2.67522 2.13813 3.71638 4.14926 3.61842 2.06814 2.14401 2.80008 1.80149 1.2993 0.752028 0.613667 0.427559 0.086302 0.022546 0.0100531 0.00486081 0.00350536 0.00117365 0.000844483 0.000208794 0.000128721
threshold=-0.65426338034371123 1.0000000180025095e-35 27.366240382781623 0.031299792603293318 109183.43156771226 109984.94939002475 -1.5281259565119345 112327.00000000001 0.0093349521563360436 -3.9753875215742265 1760805000000.0002 -0.64886256566169243 0.02278164396024019 -0.57139765404591203 -0.80158076785784538 0.018403425597454434 108368.6548750745 -0.61252681216596538 70.212885316469567 376.67500000000001 106868.15000000001 865213.50000000012 -0.60236793939344768
decision_type=2 2 2 2 2 2 2 2 2 2 2 2 2 2 2 2 2 2 2 2 2 2 2
left_child=2 -2 -1 4 10 14 7 8 -7 -10 -4 15 16 18 -6 -3 20 -17 -9 21 -12 22 -19
right_child=1 11 3 -5 5 6 -8 13 9 -11 12 -13 -14 -15 -16 17 -18 19 -20 -21 -22 -23 -24
leaf_value=-0.065479997486819194 0.014168815996745158 -0.060497557761609436 0.0088749013692081945 0.089101507605329477 0.08692551718900543 -0.064211042420162234 0.070244793572552547 -0.070918490677408616 0.076537115194240016 -0.0075278473148684723 -0.070912652988196656 0.00053805166153238714 -0.015553670175879148 -0.015413621297147496 0.068243048336257606 -0.077343414418272111 -0.081279516036584343 -0.070657826498990425 -0.076630551343169984 -0.073183075113132948 -0.073751223982290712 -0.071573906961782771 -0.069357385941338764
leaf_weight=3.2001098841428748 7.4529490768909481 1.8103845268487937 3.9077936187386504 6.5712914988398543 5.18837870657444 3.399958197027444 4.1696403399109903 2.1340213753283024 5.9187492951750729 4.4777557998895654 1.5585071668028811 1.7100161686539621 2.3042619824409485 1.7715953700244416 4.7237682417035085 1.8119768723845471 1.9942413717508314 1.9029731079936012 2.1635963544249535 2.8124231994152069 3.2000752314925194 1.4867019169032571 1.2685342915356166
leaf_count=18 38 27 26 29 24 33 20 28 34 21 21 14 16 20 21 16 14 25 17 26 29 17 23
internal_value=0 -0.0334628 0.0139192 0.0186699 0.0088041 0.0271831 0.00621714 -0.00722173 0.0145676 0.0403305 -0.0393198 -0.0611904 -0.060114 -0.056753 0.0780221 -0.070706 -0.0753194 -0.072697 -0.0737942 -0.07157 -0.0728215 -0.0705961 -0.0701377
internal_weight=0 20.256 56.6837 53.4836 46.9123 33.9475 24.0353 19.8657 13.7965 10.3965 12.9649 12.803 9.05709 6.06921 9.91215 11.093 6.75282 9.28261 4.29762 7.47063 4.75858 4.65821 3.17151
internal_count=557 186 371 353 324 218 173 153 88 55 106 148 80 65 45 134 64 107 45 91 50 65 48
is_linear=0
shrinkage=0.1


Tree=50
num_leaves=24
num_cat=0
split_feature=14 11 0 9 23 2 20 0 25 10 17 23 0 2 17 20 1 19 20 18 14 13 20
split_gain=3.72316 3.52535 3.53983 3.90872 1.97072 3.18547 2.20848 3.09554 3.38074 1.60484 1.49479 0.712096 0.500051 0.21673 0.0922824 0.00813106 0.000546796 0.000238305 0.000179357 7.06534e-05 6.31044e-05 3.37296e-05 5.72255e-06
threshold=109183.43156771226 377.48750000000001 1761431400000.0002 400.59750000000003 0.020613436870183872 108432.25000000001 29.657101541721399 1761129000000.0002 0.011561022685725441 379.02000000000004 -0.51100073710274896 0.031888702811026091 1760524200000.0002 107878.15000000001 -0.58124185605306644 70.543941257476035 110150.75000000001 -0.78828392309505169 60.118138294291867 -2.186140260735951 111263.61284971076 377662.00000000006 61.223562896167316
decision_type=2 2 2 2 2 2 2 2 2 2 2 2 2 2 2 2 2 2 2 2 2 2 2
left_child=4 16 3 10 9 6 -6 -8 11 -1 12 -9 -3 -11 15 18 17 -2 21 20 -18 -14 -22
right_child=1 2 -4 -5 5 -7 7 8 -10 13 -12 -13 14 -15 -16 -17 19 -19 -20 -21 22 -23 -24
leaf_value=-0.0056652983793246169 -0.071860402997541428 -0.024150742651071772 0.061216804273170236 0.083057549298752587 0.078634783326654925 -0.063589598968242803 -0.075984375420963424 -0.074136020458983307 0.086029069544178466 0.054788486055987046 0.011936000138038928 0.0076390626599578369 -0.069566421926872554 0.084995143506510218 -0.097131452820010386 -0.078626088557122553 -0.069837282683170021 -0.070418534937120386 -0.071317461248444139 -0.070191019138814273 -0.068998636783337675 -0.070268494692403302 -0.069290747618249368
leaf_weight=3.5243211239576331 1.9624013528227804 2.0768502317368966 6.4319204837083808 2.6896838247776023 5.289336256682879 5.3483263254165641 3.6618704311549655 2.1651341542601568 5.2396759241819382 3.9580119997262937 3.0605691373348263 2.0954822562634945 1.2913985252380364 5.939914882183075 2.1164134517312059 1.6927112303674219 2.0571787394583207 2.7561520822346193 1.4362683854997156 1.5450150482356564 1.757554739713669 1.4556197077035902 1.0844529718160627
leaf_count=34 23 22 29 12 22 29 31 26 22 20 12 15 22 28 10 12 33 38 18 22 36 21 20
internal_value=0 -0.0243408 -0.0013348 -0.0267671 0.0216428 0.00436308 0.0240597 0.00212827 0.0322366 0.0522827 -0.049265 -0.0339169 -0.0678672 0.072916 -0.079227 -0.0727782 -0.0702003 -0.0710182 -0.0704119 -0.0696014 -0.0694154 -0.0699384 -0.0691101
internal_weight=0 33.4142 22.2514 15.8195 37.2221 23.7998 18.4515 13.1622 9.50029 13.4222 13.1298 4.26062 10.0693 9.89793 7.99241 5.876 11.1628 4.71855 4.18329 6.4442 4.89919 2.74702 2.84201
internal_count=557 330 158 129 227 145 116 94 63 82 117 41 105 48 83 73 172 61 61 111 89 43 56
is_linear=0
shrinkage=0.1


Tree=51
num_leaves=23
num_cat=0
split_feature=24 0 14 10 2 12 23 13 22 23 16 14 3 0 20 13 4 17 18 23 0 23
split_gain=4.03885 3.5658 3.34978 2.62649 4.15615 1.7823 1.93639 1.53051 1.40684 0.680033 0.93367 0.648315 0.644517 0.179376 0.160318 0.0204528 0.0072411 0.0015847 0.000691436 0.000518821 6.04409e-05 2.44395e-05
threshold=1.0000000180025095e-35 1762047000000.0002 111177.78892755622 369.32000000000005 103233.00000000001 394.63500000000005 0.044196404369203919 178402.00000000003 18.696539713355737 0.018403425597454434 377.37499999926973 108506.94317862233 111093.10000000002 1761031800000.0002 79.045473167115247 660343.00000000012 1.1621500000000002 -0.65865071380470375 -2.9013426679133185 0.008661518228162586 1761377400000.0002 0.014502164858356033
decision_type=2 2 2 2 2 2 2 2 2 2 2 2 2 2 2 2 2 2 2 2 2 2
left_child=1 14 3 4 -2 6 7 -5 -4 -9 -11 15 -10 -12 17 -6 -14 19 -18 -1 21 -21
right_child=2 -3 8 5 11 -7 -8 9 12 10 13 -13 16 -15 -16 -17 18 -19 -20 20 -22 -23
leaf_value=-0.073318139196947588 -0.056457184835332019 0.051495856241305232 -0.0039074965474659449 0.0045058894156298724 0.07313959157360779 0.025649814179912963 0.027082888024645743 -0.020502381681638388 0.024254208323484735 -0.037393945183209536 -0.10817845077002906 0.030158730349490834 0.078087801097207754 -0.077484198293728879 -0.044446051635546976 0.083981061505653723 0.071807303602523659 -0.074838308620068197 0.073972110553497838 -0.071039729816115865 -0.071945480805300693 -0.071523620990149694
leaf_weight=2.140823766589163 4.2226071432232883 3.0998332872986785 4.1468519121408489 4.9041304513812127 4.5785186290740949 6.8018191680312148 4.5877146720886222 3.5665898025035885 3.3169562295079222 5.2516699358820897 3.653077594935894 4.835655078291893 4.2513751089572889 3.9763203412294388 2.4734964296221724 2.8069016933441162 3.5499035716056824 2.491994962096217 2.5247550755739212 1.9661374315619466 2.1834306344389915 2.2248352617025375
leaf_count=19 24 22 21 34 39 37 14 26 19 27 19 30 25 26 16 16 36 18 20 23 22 24
internal_value=0 -0.045213 0.00991352 -0.00353646 0.0290712 -0.019913 -0.0318605 -0.0445252 0.0470998 -0.0591446 -0.0698441 0.0586229 0.0626037 -0.0921811 -0.0674508 0.07726 0.0749224 -0.0726203 0.072707 -0.0719712 -0.0715189 -0.0712966
internal_weight=0 16.5806 66.9748 49.185 16.4437 32.7413 25.9395 21.3518 17.7898 16.4477 12.8811 12.2211 13.643 7.6294 13.4807 7.38542 10.326 11.0072 6.07466 8.51523 6.3744 4.19097
internal_count=557 144 413 292 109 183 146 132 121 98 72 85 100 45 122 55 81 106 56 88 69 47
is_linear=0
shrinkage=0.1


Tree=52
num_leaves=24
num_cat=0
split_feature=17 22 2 3 9 1 3 17 20 3 19 18 14 11 19 20 23 25 17 11 14 13 19
split_gain=2.878 2.39097 1.86939 1.98972 2.39563 2.27497 3.19523 4.80793 2.38483 1.3653 0.85226 0.698529 0.600986 1.54369 0.302841 0.194761 0.022794 0.0191248 0.0037142 0.000899626 0.000351135 0.000146322 9.74397e-05
threshold=-0.65426338034371123 1.0000000180025095e-35 106032.90000000001 106589.30000000002 386.43500000000006 108404.35000000002 111093.10000000002 -0.70197564775797539 50.116749515909611 107054.75000000001 -0.76582196499514354 -0.64886256566169243 109984.94939002475 377.48750000000001 -0.58624948493714346 61.456894129231422 0.018403425597454434 0.018337344376205319 -0.61252681216596538 376.67500000000001 110851.22035807281 865213.50000000012 -0.62195829363036093
decision_type=2 2 2 2 2 2 2 2 2 2 2 2 2 2 2 2 2 2 2 2 2 2 2
left_child=2 -2 -1 -4 5 -5 8 14 10 -6 -7 16 -10 -14 17 20 -3 -8 -18 21 -11 22 -20
right_child=1 11 3 4 9 6 7 -9 12 15 -12 -13 13 -15 -16 -17 18 -19 19 -21 -22 -23 -24
leaf_value=-0.048637971948871907 0.0126705801452386 -0.0591984074300426 0.089774981149695732 -0.052633408518617246 0.015923304889213674 0.12921871399632776 -0.084357409690488772 0.078000700770691614 0.052747618435319367 -0.07205748694403985 0.064015132689256043 0.00029690809979667496 -0.030055204870980918 0.060938071600357357 -0.029238316436676418 -0.030136985954576014 -0.076364029298957692 -0.071548324893241963 -0.070263394105081242 -0.072555690060706723 -0.070162384252547422 -0.071035447748829209 -0.069079180668366477
leaf_weight=4.4575235545635215 7.3711214438080814 1.6323685124516494 3.674633238464593 3.3896404951810828 3.8299334868788701 4.2474001422524452 2.0425546020269394 3.7570762448012811 6.3079910874366742 2.9161378182470798 3.7963203489780444 1.6453138291835756 4.1415405198931694 3.3908894434571266 1.8363075479865072 1.5450950264930723 1.6516017466783512 2.7150032334029675 1.6578675173223003 2.5429356396198273 1.4708445668220518 1.3349733538925646 1.1961363926529891
leaf_count=39 38 27 18 22 27 19 10 26 30 31 23 14 25 17 17 13 16 32 24 26 22 17 24
internal_value=0 -0.03191 0.013366 0.0189994 0.0132692 0.0252957 0.0334903 -0.0122882 0.055143 -0.0306194 0.0984452 -0.0600898 0.0299768 0.0109074 -0.0637333 -0.0606688 -0.0700095 -0.0770476 -0.0721145 -0.071072 -0.0714221 -0.0701713 -0.0697671
internal_weight=0 19.0323 53.5189 49.0614 45.3867 35.6247 32.2351 10.3509 21.8841 9.76201 8.04372 11.6612 13.8404 7.53243 6.59387 5.93208 10.0159 4.75756 8.38351 6.73191 4.38698 4.18898 2.854
internal_count=557 186 371 332 314 221 199 85 114 93 42 148 72 42 59 66 134 42 107 91 53 65 48
is_linear=0
shrinkage=0.1


Tree=53
num_leaves=24
num_cat=0
split_feature=14 11 0 9 23 19 20 0 4 25 17 13 11 25 17 14 20 1 19 23 18 14 20
split_gain=3.13961 3.17088 3.06681 3.39776 1.66067 2.28535 2.77155 2.56367 1.62274 1.79393 1.4101 0.526652 0.440714 0.0919074 0.0674396 0.00689381 0.00131904 0.000400489 0.000170527 5.91681e-05 4.76227e-05 4.43946e-05 3.34688e-06
threshold=109183.43156771226 377.48750000000001 1761431400000.0002 400.59750000000003 0.044581042652899847 -0.92011996038303245 29.657101541721399 1760805000000.0002 1.1599000000000002 0.011561022685725441 -0.51100073710274896 2047522.0000000002 377.26000000000005 0.0074118827925188768 -0.56392175430992164 106985.15218520992 70.543941257476035 110150.75000000001 -0.78828392309505169 0.019133827039977448 -2.186140260735951 111346.10934869912 58.078494666450887
decision_type=2 2 2 2 2 2 2 2 2 2 2 2 2 2 2 2 2 2 2 2 2 2 2
left_child=4 17 3 10 5 12 -7 15 9 14 11 13 -1 -3 -9 -8 19 18 -2 -15 21 -19 -23
right_child=1 2 -4 -5 -6 6 7 8 -10 -11 -12 -13 -14 16 -16 -17 -18 20 -20 -21 -22 22 -24
leaf_value=0.03606984014152078 -0.071300846528096581 -0.095520498492444386 0.057703805512720335 0.081172170021963252 -0.047352487623813944 0.066386701218211899 -0.078889259686262952 -0.07415289252589892 0.06420828167587421 0.03895833675646504 0.011918395276267667 -0.016914714810539671 0.081190383339341879 -0.069313045998957629 -0.04666435276996507 -0.070910854130808179 -0.072834215543787079 -0.069466318258062695 -0.070014941123035843 -0.070173697281642022 -0.069783223534104863 -0.068731071268617508 -0.068970928003199802
leaf_weight=3.1713831312954444 1.7691839598119257 2.1142237409949285 6.1922323107719413 2.4667754024267188 3.2867938429117194 6.0506344921886948 2.8768951185047618 2.2460671402513994 3.9512423276901245 3.1868162453174591 3.0370867848396328 1.7459171824157236 6.8200532495975494 1.7690237425267699 1.4810058474540682 1.7368122339248655 2.3046346679329872 1.9404947161674515 2.4725491330027598 1.4564352221786974 1.3791581876575927 1.4799906797707083 0.95852119475603093
leaf_count=25 23 10 29 12 12 35 22 25 18 14 12 19 36 33 18 22 22 35 38 21 22 34 20
internal_value=0 -0.0234363 -0.00144233 -0.0260324 0.0202896 0.0273429 0.00899974 -0.0134327 0.0130871 -0.0161283 -0.0473121 -0.066469 0.0668687 -0.0777869 -0.0632299 -0.0758858 -0.0710071 -0.0698139 -0.0705513 -0.0697017 -0.0692708 -0.0691094 -0.0688254
internal_weight=0 31.0862 21.0863 14.8941 34.8077 31.5209 21.5295 15.4788 10.8651 6.91389 12.4273 9.39023 9.99144 7.64432 3.72707 4.61371 5.53009 9.9999 4.24173 3.22546 5.75816 4.37901 2.43851
internal_count=557 330 158 129 227 215 154 119 75 57 117 105 61 86 43 44 76 172 61 54 111 89 54
is_linear=0
shrinkage=0.1


Tree=54
num_leaves=23
num_cat=0
split_feature=24 0 14 0 24 25 9 7 10 19 22 13 18 0 25 20 20 17 18 23 5 25
split_gain=3.49803 3.23369 2.83084 2.32744 2.97508 2.58633 3.37762 1.59111 1.43108 1.32731 1.3019 1.04719 0.728408 0.65275 0.253522 0.163424 0.0317749 0.00139299 0.000420674 0.000352929 6.00066e-05 5.65708e-05
threshold=1.0000000180025095e-35 1762047000000.0002 111177.78892755622 1762349400000.0002 0.00086398026826511713 0.019727477546413942 377.24500000000006 1.1644500000000002 369.32000000000005 -0.64807323560557728 18.696539713355737 311435.50000000006 -2.3441163136794638 1760545800000.0002 0.017123893532922482 79.045473167115247 62.555273804873757 -0.65865071380470375 -2.8107135196182083 0.008661518228162586 1.1666500000000004 0.0063531602160872853
decision_type=2 2 2 2 2 2 2 2 2 2 2 2 2 2 2 2 2 2 2 2 2 2
left_child=1 15 3 4 14 7 -7 8 11 -10 -4 12 -6 -12 -2 17 18 19 20 -1 -15 -21
right_child=2 -3 10 -5 5 6 -8 -9 9 -11 13 -13 -14 16 -16 -17 -18 -19 -20 21 -22 -23
leaf_value=-0.072537927403201571 -0.07989465153268753 0.050164874800275289 -0.0041935177996981219 0.075136122635355324 -0.021609921074843854 0.025881509354557786 -0.087924454127995544 0.076597225897404836 -0.048192948563499809 0.021015834461458178 0.026531843208358427 0.082249577935239362 0.045678147377510553 0.071065598561620091 -0.041301137199106053 -0.042723616302736751 0.085288503189253795 -0.074158204622660817 0.073215994223484987 -0.070646632669985873 0.071836033156705212 -0.071275821725851049
leaf_weight=1.9229540377855281 4.9535214453935614 2.9474600329995146 4.0885070040822056 3.5051560848951331 3.111583806574342 4.585100553929804 6.0473553612828255 4.1473119482398024 5.9082593321800232 5.2187753990292531 3.8532104343175879 3.3295145705342293 3.3310419991612514 1.9730805754661558 2.5931644290685654 2.3535310402512541 2.5801848843693733 2.3312725201249123 2.0594581589102727 2.763189010322094 2.0731732100248337 2.9595153853297234
leaf_count=19 35 22 21 27 23 18 38 27 29 29 24 21 25 23 20 16 14 18 18 35 21 34
internal_value=0 -0.0439336 0.00937399 -0.00323467 -0.00958974 0.00247591 -0.0388472 0.0200179 0.00879013 -0.0157328 0.0448098 0.0367131 0.0131801 0.0607878 -0.0666333 -0.0664268 0.0759843 -0.0720183 0.0720525 -0.0713659 0.0714603 -0.070972
internal_weight=0 15.2779 63.3584 46.7308 43.2256 35.6789 10.6325 25.0465 20.8992 11.127 16.6276 9.77214 6.44263 12.5391 7.54669 12.3305 8.6859 9.97693 6.10571 7.64566 4.04625 5.7227
internal_count=557 144 413 292 265 210 56 154 127 58 121 69 48 100 55 122 76 106 62 88 44 69
is_linear=0
shrinkage=0.1


Tree=55
num_leaves=23
num_cat=0
split_feature=17 22 20 23 14 14 13 0 17 3 0 17 18 23 18 0 23 2 20 18 13 19
split_gain=2.48569 2.13075 1.72046 2.88686 3.18228 2.70846 1.63951 1.76206 1.83366 4.91431 1.06278 0.912101 0.678177 0.627522 0.178033 0.11804 0.0230659 0.00688743 0.00304777 0.000486048 0.000300569 6.76427e-05
threshold=-0.65426338034371123 1.0000000180025095e-35 27.366240382781623 0.031299792603293318 109183.43156771226 109984.94939002475 93119.500000000015 1761636600000.0002 -0.70197564775797539 111093.10000000002 1760805000000.0002 -0.77913906781947118 -0.64886256566169243 0.023488968497873408 -4.3522185663576947 1761906600000.0002 0.018403425597454434 108475.30000000002 47.646083719326953 -3.9753875215742265 994817.50000000012 -0.46752155696009728
decision_type=2 2 2 2 2 2 2 2 2 2 2 2 2 2 2 2 2 2 2 2 2 2
left_child=2 -2 -1 4 10 15 -7 8 9 -8 -4 -9 16 17 -11 -6 -3 19 20 -12 21 -18
right_child=1 12 3 -5 5 6 7 11 -10 14 13 -13 -14 -15 -16 -17 18 -19 -20 -21 -22 -23
leaf_value=-0.061692889593109049 0.011214600013570651 -0.058075930757091554 0.0084150615630969091 0.083163708379263498 0.059624490799141873 -0.0627001311902423 0.075935877470979754 0.011260555184960571 0.099589496486716972 -0.042319958783955475 -0.070555623399424089 -0.076695251097127382 0.0014698262015074093 -0.0083324069485575664 -0.080768995934062587 0.083005157902190208 -0.069849560166730593 -0.079288680552862617 -0.074166329742705581 -0.072731019972167618 -0.071277793226846881 -0.068869157383869478
leaf_weight=2.9292411655187598 7.2610274031758335 1.4930708669126032 3.5283547155559045 5.8341864943504325 4.033666133880617 2.9891686625778702 5.9088031277060526 2.2066059820353985 3.331288516521453 2.6400508023798475 1.8476522937417024 2.5316996052861205 1.5825599133968324 1.9365340173244474 2.2144122347235671 4.6468843668699265 2.1920133605599399 1.7196115106344221 2.9759385026991367 2.3126117810606961 1.4265064336359499 1.0365061946213252
leaf_count=18 38 27 26 29 18 27 37 22 20 27 26 26 14 14 14 27 36 14 30 26 18 23
internal_value=0 -0.0306019 0.0126944 0.0172643 0.00807686 0.0248945 0.00610052 0.0170206 0.0347559 0.0146895 -0.0371406 -0.0357347 -0.0589611 -0.0577046 -0.0598589 0.0721407 -0.0694428 -0.0739653 -0.0716668 -0.0717649 -0.0700689 -0.0695348
internal_weight=0 17.9676 50.6108 47.6815 41.8473 30.5026 21.822 18.8329 14.0946 10.7633 11.3448 4.73831 10.7066 7.81641 4.85446 8.68055 9.12404 5.87988 7.63096 4.16026 4.65503 3.22852
internal_count=557 186 371 353 324 218 173 146 98 78 106 48 148 80 41 45 134 66 107 52 77 59
is_linear=0
shrinkage=0.1


Tree=56
num_leaves=25
num_cat=0
split_feature=1 16 0 14 22 9 15 4 2 0 14 19 11 18 3 2 19 12 18 9 14 13 10 3
split_gain=2.82855 4.17426 2.09643 2.63288 1.44005 2.68445 1.60559 1.27925 4.09186 1.98675 1.13549 0.335202 0.230079 0.144951 0.0782868 0.029643 0.00356577 0.00255944 0.000237985 0.000148405 8.80479e-05 2.25634e-05 1.90638e-05 1.07994e-05
threshold=108395.00000000001 377.51999999819276 1761431400000.0002 111433.24778419503 25.49146837494914 400.59750000000003 1.161700000064233 1.1584000000000001 102252.05 1760805000000.0002 108118.44204700676 -0.74457486751067103 364.16060000000004 -2.3611455613785304 108439.45000000001 108105.05000000002 -0.60291440522188899 366.50050000000005 -1.6042046510846379 391.54000000000008 110074.24895556216 377662.00000000006 370.58500000000009 110311.90000000001
decision_type=2 2 2 2 2 2 2 2 2 2 2 2 2 2 2 2 2 2 2 2 2 2 2 2
left_child=7 12 3 4 -3 6 -6 8 -1 -9 15 -5 -2 17 -14 -11 19 -10 20 21 -16 -8 23 -22
right_child=1 2 -4 11 5 -7 16 9 13 10 -12 -13 14 -15 18 -17 -18 -19 -20 -21 22 -23 -24 -25
leaf_value=0.078685541793489189 -0.037291578838110989 0.064517476737180987 0.057130142247770188 -0.042868469807522958 0.032687411318908149 0.079996056336281457 -0.069097500420395294 -0.01296238687364838 -0.07508509112345374 0.076886403936666667 0.016584061811226618 -0.093140226446409513 -0.090270268329531014 -0.035706306344436625 -0.069751357877551615 0.088787223087500616 -0.075877142889996418 -0.069850256005009562 -0.070577921839312149 -0.070784303723601394 -0.068977181672157689 -0.069743752149820745 -0.06929462005783156 -0.068522167982784307
leaf_weight=3.4009055495262164 1.9427438341081131 3.7758432328701081 5.8225673288106909 2.3945110812783241 2.1082675978541356 2.5232870131731033 1.0345678776502625 4.9983767345547703 2.0070508122444157 5.0633020475506765 3.8644518330693236 2.9732950180768958 2.4964152015745622 1.4811499342322347 2.0865317583084098 3.5678137615323067 1.4293714761733998 1.7469043210148809 1.8545389063656337 1.3071839101612566 0.99836672097444612 1.1307306773960588 0.87839910387992848 1.0923243425786493
leaf_count=18 34 17 28 31 21 13 21 39 19 31 17 17 10 21 35 16 11 28 28 17 21 19 17 28
internal_value=0 -0.018486 0.00473902 -0.0115939 0.0122503 -0.00845085 -0.0402872 0.0247749 -0.00671671 0.040321 0.0616349 -0.0707146 -0.0686217 -0.062197 -0.0750923 0.0818058 -0.0716733 -0.0726491 -0.069609 -0.0699429 -0.0692535 -0.069435 -0.0689037 -0.0687395
internal_weight=0 35.8489 24.4996 18.6771 13.3093 9.53341 7.01012 26.13 8.63601 17.4939 12.4956 5.36781 11.3493 5.23511 9.40658 8.63112 4.90185 3.75396 6.91016 3.47248 5.05562 2.1653 2.96909 2.09069
internal_count=557 368 195 167 119 102 89 189 86 103 64 48 173 68 139 47 68 47 129 57 101 40 66 49
is_linear=0
shrinkage=0.1


Tree=57
num_leaves=24
num_cat=0
split_feature=24 0 14 0 24 25 9 7 11 24 14 23 18 11 25 20 3 17 9 0 19 20 14
split_gain=3.03014 2.85449 2.38387 2.03037 2.58484 2.23019 3.00752 1.46292 1.2581 1.35278 2.39343 1.37408 1.23863 0.684596 0.251177 0.188603 0.029661 0.00122705 0.00105034 0.000212329 7.33665e-05 2.81421e-05 7.65789e-06
threshold=1.0000000180025095e-35 1762047000000.0002 111177.78892755622 1762349400000.0002 0.00086398026826511713 0.019727477546413942 377.24500000000006 1.1644500000000002 369.68500000000006 0.0021144443049802559 109839.00011609019 0.029574814480847474 -2.186140260735951 380.94500000000011 0.017123893532922482 79.045473167115247 111376.20000000001 -0.65865071380470375 378.61500000000007 1761960600000.0002 -0.54286790335110524 51.765060482516631 107806.86603559012
decision_type=2 2 2 2 2 2 2 2 2 2 2 2 2 2 2 2 2 2 2 2 2 2 2
left_child=1 15 3 4 14 7 -7 8 9 -6 11 -11 13 16 -2 17 -4 19 20 21 -18 -1 -23
right_child=2 -3 12 -5 5 6 -8 -9 -10 10 -12 -13 -14 -15 -16 -17 18 -19 -20 -21 -22 22 -24
leaf_value=-0.070797319882376045 -0.078588645066300186 0.048167625052959129 0.085740288662008113 0.074149385480478044 0.082045766600780765 0.024384477976432409 -0.085597930772139688 0.075690819534350251 -0.029291868144325647 -0.076565042026899219 0.081710127555446349 0.011965160334049362 -0.005419110990349682 0.023776080791836282 -0.038760940888890622 -0.039006489468172506 0.070620223461078033 -0.07357506811116428 0.073930094834115029 -0.071682413683643392 0.071502836555446647 -0.070129937365010761 -0.07045082801522376
leaf_weight=1.7612266093492488 4.5073072463273993 2.7719966471195212 2.1790068447589857 3.1600764021277419 3.2025250568986001 4.4570396021008474 5.6232676357030869 3.8415104374289504 6.1482564881443968 2.9226531237363798 3.07492396235466 4.3815073370933533 4.009489692747592 3.7266626954078674 2.441032238304615 2.223847620189189 1.9443474262952793 2.1831572726368904 1.9019022807478903 2.1310855783522129 1.8265188485383999 1.4637493938207629 1.5118088349699972
leaf_count=23 35 22 11 27 26 18 38 27 36 15 19 31 22 28 20 16 25 18 15 24 20 21 20
internal_value=0 -0.042747 0.00890303 -0.00305868 -0.00906812 0.00239733 -0.0369689 0.0192323 0.00823951 0.0252296 0.00769864 -0.0234589 0.0424832 0.0590713 -0.0645967 -0.065099 0.0758234 -0.0715099 0.0720141 -0.0708535 0.0710477 -0.0704805 -0.070293
internal_weight=0 14.0469 59.348 43.7601 40.6 33.6517 10.0803 23.5714 19.7299 13.5816 10.3791 7.30416 15.5879 11.5784 6.94834 11.2749 7.85178 9.05103 5.67277 6.86787 3.77087 4.73678 2.97556
internal_count=557 144 413 292 265 210 56 154 127 91 65 46 121 99 55 122 71 106 60 88 45 64 41
is_linear=0
shrinkage=0.1


Tree=58
num_leaves=26
num_cat=0
split_feature=17 14 0 20 23 1 14 22 0 18 25 2 3 18 18 18 17 1 22 2 20 2 14 17 25
split_gain=2.2045 1.94971 2.18078 1.57902 2.47509 2.45838 2.23509 1.63484 1.52383 1.39975 1.72218 2.3676 1.09657 0.96096 0.932612 0.569648 0.0766409 0.0683934 0.0526992 0.0218413 0.00318729 0.00225781 0.000491841 7.94551e-05 2.27209e-05
threshold=-0.65426338034371123 111459.3906045281 1761431400000.0002 27.366240382781623 0.031677243174031207 109291.35000000002 109984.94939002475 50.484885678583503 1760805000000.0002 -1.5281259565119345 0.0093349521563360436 112327.00000000001 107917.50000000001 -3.9753875215742265 -1.1016765145591467 -3.7427089814739296 -0.80158076785784538 111335.15000000001 68.265825753201199 111073.35000000002 47.646083719326953 113189.65000000001 108418.75081663164 -0.55025255265336082 0.010750390047074608
decision_type=2 2 2 2 2 2 2 2 2 2 2 2 2 2 2 2 2 2 2 2 2 2 2 2 2
left_child=3 14 -3 -1 5 7 16 8 -5 10 -8 13 -10 -12 17 21 -7 19 -9 20 22 -13 23 -2 -25
right_child=1 2 -4 4 -6 6 9 18 12 -11 11 15 -14 -15 -16 -17 -18 -19 -20 -21 -22 -23 -24 24 -26
leaf_value=-0.060369310519407117 -0.07000686800668221 0.067541314982318801 -0.049673737401139784 0.062578502983681547 0.084588156920373067 0.08289563166276942 -0.06574778205056489 -0.081869215731565734 -0.072562874874660538 0.064838982862625696 0.069172470419730181 -0.075112427433739498 0.023208814659005528 0.002269890137980866 -0.003880034657344926 0.0080370249095341687 0.062212857513000458 -0.093319023668934617 -0.061381688121093937 -0.056297481807463669 -0.075696689609797141 -0.06961200340419342 -0.07177117657340841 -0.068582286816924229 -0.06927110715126969
leaf_weight=2.8038756288588038 1.1008037701249125 3.4774339720606795 2.9201248846948147 2.6571758612990362 4.8325775265693656 3.8956532031297684 3.5241856500506428 2.6010868642479181 2.7902722880244255 3.6323415338993099 5.3243471533060074 1.4735502935946008 2.0917995981872082 3.5976016186177713 2.5982203558087358 1.251882914453742 3.317171577364209 1.3571117818355558 2.4270365759730339 1.1730064414441583 1.2842536307871339 1.512014217674732 1.1352695971727369 0.91930583119392462 0.99951326847076416
leaf_count=18 18 16 33 14 25 23 39 27 32 20 34 17 14 20 25 16 19 9 27 16 12 26 14 23 20
internal_value=0 -0.0295306 0.0140393 0.012437 0.0169806 0.00883224 0.0255625 -0.0278152 0.00163943 0.00858437 -0.00366335 0.0129633 -0.031528 0.0421953 -0.0559079 -0.0485846 0.0733836 -0.0728705 -0.07198 -0.0686736 -0.0713426 -0.0723268 -0.0699967 -0.0693296 -0.0689411
internal_weight=0 16.965 6.39756 47.7326 44.9287 40.0961 27.5287 12.5674 7.53925 20.3159 16.6836 13.1594 4.88207 8.92195 10.5675 4.23745 7.21282 7.96926 5.02812 6.61215 5.43915 2.98556 4.15489 3.01962 1.91882
internal_count=557 186 49 371 353 328 214 114 60 172 152 113 46 54 137 59 42 112 54 103 87 43 75 61 43
is_linear=0
shrinkage=0.1


Tree=59
num_leaves=26
num_cat=0
split_feature=14 12 23 14 0 9 20 0 0 14 17 17 0 25 3 20 19 13 25 2 18 18 14 14 22
split_gain=2.51871 3.56931 1.82207 2.07305 2.13915 2.71595 1.37419 3.02721 2.14134 2.5861 1.33504 0.890512 0.560956 0.0678659 0.0527816 0.0523204 0.00278136 0.00232915 0.000170362 0.000155872 9.77804e-05 2.26351e-05 4.10861e-05 8.53027e-06 1.1203e-06
threshold=108181.91468090368 377.26500000000004 0.020758270081512726 109183.43156771226 1761431400000.0002 400.59750000000003 29.657101541721399 1760805000000.0002 1762165800000.0002 102366.31535390262 -0.51100073710274896 -0.55625734940987159 1760513400000.0002 0.0075731001704936922 108510.20000000003 47.47151482594608 -0.60291440522188899 746003.00000000012 0.019699868613868046 110149.40000000001 -1.8627156558531324 -2.186140260735951 111459.3906045281 110904.43004648911 35.251210042034089
decision_type=2 2 2 2 2 2 2 2 2 2 2 2 2 2 2 2 2 2 2 2 2 2 2 2 2
left_child=6 11 3 -3 5 10 -1 -8 15 -10 12 14 -5 -14 -2 -9 18 -11 23 20 -16 22 -21 -15 -24
right_child=1 2 -4 4 -6 -7 7 8 9 17 -12 -13 13 16 19 -17 -18 -19 -20 21 -22 -23 24 -25 -26
leaf_value=0.069308009569994986 -0.085436765956917071 0.082608337376411323 -0.07404117331754044 -0.013003128332816674 0.051599415546952777 0.079049896992946081 -0.075912441405682263 0.080225746752523502 0.06097708200524541 -0.069248516324359383 0.01581514297152456 0.0053936658437429971 -0.093951673514440392 -0.069231049173317169 -0.069271779274494558 0.062558380035862102 -0.075251246412303296 -0.074821568021621779 -0.070613905909801405 -0.069026602396308825 -0.070540355060916535 -0.069202984865864389 -0.068426856139189654 -0.068831032657166086 -0.068261493621064789
leaf_weight=5.620404843240979 2.7720737308263761 3.6942132040858331 2.6156839095056048 1.6932846419513259 5.707825042307376 2.2096474766731253 3.1545929424464694 3.6432071104645711 2.7450049556791782 1.9969203285872938 2.8586593717336637 1.661568697541951 1.8590291440486906 1.086851295083765 1.4492270797491076 3.1046060845255852 1.17115272954106 1.2008906863629816 1.0051968917250631 1.7829382382333268 1.0462519936263559 1.1669865846633922 0.73852318339049794 1.0463102795183656 0.92014248110353947
leaf_count=36 12 19 34 20 29 12 32 20 16 38 11 13 9 21 28 21 10 13 15 38 16 23 20 24 27
internal_value=0 -0.0163458 0.00492453 0.0141735 0.00060908 -0.0218999 0.0268248 0.0117557 0.0335479 -0.0102231 -0.0427071 -0.0623384 -0.0639865 -0.0779816 -0.0737337 0.0720972 -0.0710925 -0.0713414 -0.0695406 -0.0691671 -0.0698036 -0.0688224 -0.0686933 -0.0690348 -0.0683351
internal_weight=0 36.4856 24.9479 22.3322 18.638 12.9301 21.4656 15.8452 12.6906 5.94282 10.7205 11.5377 7.86182 6.16854 9.87614 6.74781 4.30951 3.19781 3.13836 7.10407 2.49548 4.60859 3.4416 2.13316 1.65867
internal_count=557 381 204 170 151 122 176 140 108 67 110 177 99 79 164 41 70 51 60 152 44 108 85 45 47
is_linear=0
shrinkage=0.1


Tree=60
num_leaves=24
num_cat=0
split_feature=24 0 14 25 11 1 14 1 17 22 20 3 22 23 14 20 4 17 18 0 0 24 23
split_gain=2.67264 2.45604 2.03915 1.78184 1.20769 2.47796 1.6894 3.56539 1.59091 1.1289 1.0784 0.702898 0.48164 0.46132 0.388599 0.196554 0.00273952 0.00100851 0.000473398 0.00014675 0.000100196 2.80644e-05 2.49186e-05
threshold=1.0000000180025095e-35 1762047000000.0002 111177.78892755622 0.0097753040842004438 367.94370000000009 102762.70000000003 108306.73387963064 109211.85000000002 -0.58219872087981883 18.696539713355737 51.284940133400674 111093.10000000002 50.00193646971001 0.019133827039977448 109768.95364818138 79.045473167115247 1.1621500000000002 -0.65865071380470375 -2.5290200099578137 1761377400000.0002 1762165800000.0002 0.00146779507431044 0.014502164858356033
decision_type=2 2 2 2 2 2 2 2 2 2 2 2 2 2 2 2 2 2 2 2 2 2 2
left_child=1 15 3 10 5 -5 12 -8 13 -4 20 -11 -6 -9 -7 17 -13 19 21 22 -2 -18 -1
right_child=2 -3 9 4 6 14 7 8 -10 11 -12 16 -14 -15 -16 -17 18 -19 -20 -21 -22 -23 -24
leaf_value=-0.069574860320580245 0.072261979881720936 0.045482218744985092 -0.005593520057877787 -0.054207861195976786 -0.084299119647067711 0.030983747100182937 0.053936194710813193 -0.031975322490003372 0.026687999039055194 0.015375775926309305 -0.015566083528282162 0.074863102622913805 -0.031195837064465094 -0.08316135383348143 0.078767896102940271 -0.036774619439283389 0.070640195983026885 -0.072932147660586061 0.072442612278942276 -0.070851899781325278 0.071321623054306962 0.070018211978117598 -0.070141498733885296
leaf_weight=1.4793561808764919 2.102317437529563 2.5651528351008883 3.9008139073848715 3.4210039004683477 4.5971240960061577 4.4925210475921631 6.076719123870137 2.7133048623800251 2.4922499805688867 2.9361184164881688 2.050138495862484 3.3369593843817711 2.7176552265882492 5.0154482088983059 2.7398248240351677 2.1152518913149825 1.4208636134862893 2.0166240856051445 1.6531583480536944 3.004817258566618 2.4577656015753746 1.4821669869124887 1.6325371228158472
leaf_count=25 20 22 21 24 31 33 30 23 13 19 12 25 21 37 20 16 18 18 16 39 28 22 24
internal_value=0 -0.0420273 0.00863233 -0.00286324 -0.0120334 0.0159161 -0.0246435 -0.00672376 -0.0427881 0.0405326 0.0446728 0.0571477 -0.0645697 -0.0651917 0.0490858 -0.0639304 0.0726862 -0.0709928 0.0710918 -0.0703534 0.0717552 0.0703226 -0.0698721
internal_weight=0 12.8137 55.6062 40.8761 34.2659 10.6533 23.6125 16.2977 10.221 14.7301 6.61022 10.8293 7.31478 7.72875 7.23235 10.2486 7.89315 8.13333 4.55619 6.11671 4.56008 2.90303 3.11189
internal_count=557 144 413 292 232 77 155 103 73 121 60 100 52 60 53 122 81 106 56 88 48 40 49
is_linear=0
shrinkage=0.1


Tree=61
num_leaves=24
num_cat=0
split_feature=24 12 0 0 13 13 23 19 12 22 18 1 10 23 1 0 10 0 3 25 19 0 23
split_gain=1.93535 1.73851 1.92588 1.52937 1.33412 1.38217 1.64857 3.62274 1.87725 1.26235 1.10457 0.862188 0.844536 1.29628 0.63729 0.565255 0.536016 0.477589 0.659775 0.000376475 0.000237059 6.00476e-05 5.82113e-05
threshold=0.0035706036768723415 394.63500000000005 1762057800000.0002 1761928200000.0002 49476.500000000007 2363254.5000000005 0.01472488553563 -0.70105994805808314 377.31 79.918281298474454 -4.1304907039481042 108404.35000000002 378.57500000000005 0.019169665364389136 110102.15000000001 1760772600000.0002 382.31500000000005 1761399000000.0002 110584.25000000001 0.028574922535995674 -0.54901694373694376 1762241400000.0002 0.019753794963388801
decision_type=2 2 2 2 2 2 2 2 2 2 2 2 2 2 2 2 2 2 2 2 2 2 2
left_child=1 2 3 4 -1 6 7 17 10 20 -8 -12 -10 16 -13 -15 -14 18 -6 22 -4 -22 -2
right_child=19 -3 9 -5 5 -7 8 -9 12 -11 11 14 13 15 -16 -17 -18 -19 -20 -21 21 -23 -24
leaf_value=-0.049148823735908197 -0.068772671445119241 -0.072081431841361676 -0.070538222700589834 0.068757411578609526 -0.073315390605257894 -0.037479900226728466 -0.055926720798368884 0.054678883148409185 0.10785197175872495 0.046208212369405741 -0.028792968151795658 0.08028293059048798 0.045021073903038562 0.11295387649689609 0.011442541142509586 0.051555045179817217 -0.017235593319943718 -0.087897538496864991 0.019695647880395718 -0.071409505179770391 -0.068608871431396143 -0.069695136461724302 -0.069796376467449919
leaf_weight=3.4867272544652215 1.0985491182655094 2.7270805798470965 2.3911793902516361 4.9651790112256995 1.7424364946782591 4.4102212302386752 2.4024175927042961 4.8535365760326368 2.8813059702515593 1.1858489103615282 2.3568483665585536 2.5303080603480339 2.6415291689336282 2.7406208589673042 2.8701932355761528 3.3107934109866619 2.9025504291057587 3.1502870097756386 1.3562951274216173 1.3460604343563316 1.1798432674258945 0.89486260712146748 1.1235979124903677
leaf_count=27 27 35 36 36 27 35 26 31 10 8 19 10 20 17 30 24 23 16 15 19 30 17 19
internal_value=0 0.00582808 0.00974428 0.0161692 0.0101854 0.0153383 0.021856 -0.0101374 0.036274 -0.0455062 0.00332319 0.0216726 0.0593987 0.0473588 0.0436965 0.0793619 0.0124272 -0.0604794 -0.0326051 -0.0700897 -0.0698596 -0.0690774 -0.0692903
internal_weight=0 56.9801 54.253 48.6012 43.6361 40.1493 35.7391 11.1026 24.6366 5.65173 10.1598 7.75735 14.4768 11.5955 5.4005 6.05141 5.54408 6.24902 3.09873 3.56821 4.46589 2.07471 2.22215
internal_count=557 492 457 366 330 303 268 89 179 91 85 59 94 84 40 41 43 58 42 65 83 47 46
is_linear=0
shrinkage=0.1


Tree=62
num_leaves=25
num_cat=0
split_feature=14 12 23 9 14 0 4 2 0 17 0 19 14 18 20 23 3 20 25 18 14 2 18 22
split_gain=2.26417 3.14199 1.6382 1.77525 1.8222 1.68801 1.26059 3.28546 1.87203 0.83664 0.439649 0.138907 0.365493 0.133038 0.0785225 0.0410647 0.0392942 0.00451198 0.00181035 0.000118034 5.13658e-05 4.94137e-05 1.38925e-05 1.34689e-06
threshold=108181.91468090368 377.26500000000004 0.0077614948901407474 400.59750000000003 109183.43156771226 1761463800000.0002 1.1584000000000001 102252.05 1760805000000.0002 -0.55625734940987159 1760513400000.0002 -0.74457486751067103 111289.58295166968 -2.3611455613785304 47.47151482594608 0.010611964865166941 108510.20000000003 66.426259748475829 0.010560249436684774 -2.186140260735951 111263.61284971076 110654.10000000002 -4.3522185663576947 32.042078689465839
decision_type=2 2 2 2 2 2 2 2 2 2 2 2 2 2 2 2 2 2 2 2 2 2 2 2
left_child=6 9 -3 4 -4 10 7 -1 -8 16 -6 12 17 18 -10 -13 -2 -12 -9 20 22 -21 -18 -22
right_child=1 2 3 -5 5 -7 8 13 14 -11 11 15 -14 -15 -16 -17 19 -19 -20 21 23 -23 -24 -25
leaf_value=0.076371289760324965 -0.083475167586249052 0.065468909317047658 0.037291140097192747 0.077639178822630495 -0.010347012100306023 0.024250022776806667 -0.0071655802762755766 -0.069872112837408171 0.081024059258186176 0.0048726821560824305 -0.069216122670223645 -0.093048714552548609 -0.0035206786100869941 -0.033289087722899444 0.060433465826465887 -0.072493193342279758 -0.068641251012654614 -0.077354248673653092 -0.074782087615204579 -0.069964529038118312 -0.068248024015566053 -0.069020912674583199 -0.069101387510506249 -0.068058980993701557
leaf_weight=2.8846269920468357 2.6125497221946699 3.6951515823602703 4.4856573380529943 2.1980166882276526 1.6224038638174523 3.3800545632839194 4.3752236738800994 1.9348775558173659 5.3392590358853322 1.6225254088640202 1.6622022446244988 1.5356900319457008 1.0540098231285808 1.254301283508539 2.8357086181640625 2.647159282118082 1.323186621069907 1.1544151045382021 1.2272381633520124 1.1362646482884895 0.66610001958906628 1.0847416818141935 1.3016110043972733 0.86801831237971783
leaf_count=18 12 15 32 13 20 19 37 34 32 13 34 7 17 21 21 35 33 12 13 20 20 23 27 29
internal_value=0 -0.0160847 0.0043597 -0.00707963 -0.0176952 -0.0365869 0.0264068 -0.0066321 0.0456271 -0.06122 -0.057839 -0.0674064 -0.0537538 -0.0608466 0.0738817 -0.0800399 -0.0731452 -0.0725516 -0.0717777 -0.0689151 -0.0686008 -0.0695037 -0.0688694 -0.0681411
internal_weight=0 34.0498 23.4348 19.7396 17.5416 13.0559 19.8512 7.30104 12.5502 10.615 9.67588 8.05348 3.87063 4.41642 8.17497 4.18285 8.99247 2.81662 3.16212 6.37992 4.15892 2.22101 2.6248 1.53412
internal_count=557 381 204 189 176 144 176 86 90 177 125 105 63 68 53 42 164 46 47 152 109 43 60 49
is_linear=0
shrinkage=0.1


Tree=63
num_leaves=23
num_cat=0
split_feature=24 0 14 0 24 25 9 7 10 19 18 13 0 18 20 20 4 0 17 2 22 20
split_gain=2.34802 2.15219 1.81023 1.64207 2.07786 1.72517 2.41295 1.25269 1.05115 1.06791 1.03921 0.800541 0.718147 0.455358 0.25136 0.197146 0.0183427 0.0012041 0.000795758 9.74876e-05 7.03344e-05 1.81046e-05
threshold=1.0000000180025095e-35 1762047000000.0002 111177.78892755622 1762349400000.0002 0.00086398026826511713 0.019727477546413942 377.24500000000006 1.1644500000000002 369.32000000000005 -0.64807323560557728 -2.186140260735951 311435.50000000006 1760545800000.0002 -2.2810989848063223 62.145956979415509 79.045473167115247 1.1621500000000002 1761064200000.0002 -0.65865071380470375 109953.25000000001 33.833278047277766 51.765060482516631
decision_type=2 2 2 2 2 2 2 2 2 2 2 2 2 2 2 2 2 2 2 2 2 2
left_child=1 15 3 4 14 7 -7 8 11 -10 12 13 -4 -6 -2 18 -14 -18 19 21 -19 -1
right_child=2 -3 10 -5 5 6 -8 -9 9 -11 -12 -13 16 -15 -16 -17 17 20 -20 -21 -22 -23
leaf_value=-0.069874351052552394 -0.076844028960859845 0.043297207794802561 0.017636855213644911 0.073092618099865753 -0.018616607410940005 0.022772242626736189 -0.081318811097932986 0.074488945480453594 -0.045352277258211449 0.021444043982429752 -0.0052199047953179279 0.07961410979620176 0.083009186398815188 0.040737571268078775 -0.033994352791640058 -0.035310683657086096 0.073529178109160792 0.070697471086141439 -0.072327968976825918 -0.070440743184501872 0.069782097434395188 -0.069390106808097776
leaf_weight=1.2740534320473664 3.9513423517346373 2.39844861999154 3.3048536479473096 2.6452945843338957 2.5159425958991051 4.0628874823451024 4.9284601919353008 3.3166081756353369 5.2075428143143654 4.4292647168040258 3.8362060636281958 2.6323218084871769 1.8262611106038091 2.6582076698541739 2.0947404578328133 2.0289910659193993 1.6292394921183584 1.6003932654857638 1.8568328693509091 2.2265002615749836 1.7653028219938276 1.9595811925828455
leaf_count=21 37 22 24 27 24 18 38 27 29 29 22 21 11 24 18 16 15 21 18 32 28 35
internal_value=0 -0.0412056 0.00826477 -0.00293611 -0.00855436 0.00230657 -0.0342836 0.0181542 0.00744287 -0.0146514 0.0391044 0.0347174 0.0558965 0.0118765 -0.0619982 -0.0628915 0.0744332 0.0712976 -0.0705397 -0.0699315 0.0702174 -0.0695809
internal_weight=0 11.7444 52.4049 38.4426 35.7973 29.7512 8.99135 20.7599 17.4433 9.63681 13.9623 7.80647 10.1261 5.17415 6.04608 9.34596 6.8212 4.99494 7.31697 5.46013 3.3657 3.23363
internal_count=557 144 413 292 265 210 56 154 127 58 121 69 99 48 55 122 75 64 106 88 49 56
is_linear=0
shrinkage=0.1


Tree=64
num_leaves=20
num_cat=0
split_feature=24 12 0 0 13 13 23 19 12 22 18 17 10 23 0 14 13 19 0
split_gain=1.73965 1.56959 1.64941 1.33539 1.17263 1.24092 1.48921 3.14844 1.58898 1.13919 0.942683 0.732483 0.637802 1.2849 0.409883 0.582015 0.000309854 0.00015882 5.31045e-05
threshold=0.0035706036768723415 394.63500000000005 1762057800000.0002 1761928200000.0002 49476.500000000007 2363254.5000000005 0.01472488553563 -0.70105994805808314 377.31 79.918281298474454 -4.1304907039481042 -0.66924194282643679 380.39500000000004 0.019169665364389136 1761399000000.0002 110773.16559743696 778193.00000000012 -0.54901694373694376 1762241400000.0002
decision_type=2 2 2 2 2 2 2 2 2 2 2 2 2 2 2 2 2 2 2
left_child=1 2 3 4 -1 6 7 14 10 17 -8 -12 -10 -14 15 -6 -2 -4 -19
right_child=16 -3 9 -5 5 -7 8 -9 12 -11 11 -13 13 -15 -16 -17 -18 18 -20
leaf_value=-0.047091471931317498 -0.06877423442007663 -0.071764932269370862 -0.070117214920554713 0.066943271000509993 -0.073248308816548161 -0.03622875648204904 -0.053164746811870937 0.05072810963692477 0.087590864179485847 0.04264016680049193 0.045191367053695787 -0.019218965446437003 0.0066585919965314174 0.080850830425138298 -0.085660266770373528 0.016775376443297584 -0.070732724041794162 -0.068383467410689944 -0.069460886255449106
leaf_weight=3.337403977289795 1.5276889912784093 2.5000891964882603 2.1454751621931787 4.5276476964354506 1.5921041406691077 4.2533799447119227 2.2234175205230713 4.6941863559186441 4.5157750323414794 1.1698717065155504 4.6911931373178959 2.8310788683593291 4.9233940765261632 4.4387930631637573 2.9321969263255596 1.3083022981882093 1.7143325377255676 1.0464239642024034 0.81280790641903866
leaf_count=27 38 35 36 36 27 35 26 31 25 8 23 36 39 30 16 15 27 30 17
internal_value=0 0.00561182 0.00937223 0.0153604 0.00976521 0.0147062 0.0210501 -0.0102327 0.0349898 -0.0441713 0.00404113 0.0209499 0.0567233 0.0418346 -0.059295 -0.0326408 -0.0698099 -0.069531 -0.0688545
internal_weight=0 53.9435 51.4435 46.2689 41.7412 38.4038 34.1504 10.5268 23.6237 5.17458 9.74569 7.52227 13.878 9.36219 5.8326 2.90041 3.24202 4.00471 1.85923
internal_count=557 492 457 366 330 303 268 89 179 91 85 59 94 69 58 42 65 83 47
is_linear=0
shrinkage=0.1


Tree=65
num_leaves=26
num_cat=0
split_feature=1 16 0 14 1 9 14 13 0 4 2 11 9 19 18 3 25 4 2 15 18 14 10 18 11
split_gain=1.94689 3.02901 1.36912 2.00048 1.45605 1.45267 2.48977 0.930588 1.35229 2.23401 2.26112 1.21959 0.302786 0.279876 0.158461 0.0477366 0.00858978 0.00567679 0.00340269 0.000312358 0.000116777 3.50489e-05 2.74615e-05 1.06404e-05 2.34725e-06
threshold=108395.00000000001 377.51999999819276 1761431400000.0002 111433.24778419503 111252.55000000002 400.59750000000003 109183.43156771226 2616524.0000000005 1760805000000.0002 1.1599000000000002 102252.05 370.19500000000005 364.34000000000009 -0.74457486751067103 -2.3611455613785304 108439.45000000001 0.010673365654857282 1.1653500000000003 108105.05000000002 1.161700000064233 -1.6042046510846379 111263.61284971076 368.75000000000006 -4.4510385908157888 367.00000000000006
decision_type=2 2 2 2 2 2 2 2 2 2 2 2 2 2 2 2 2 2 2 2 2 2 2 2 2
left_child=7 12 3 4 5 6 -3 8 -1 10 -10 14 -2 -5 16 -14 -12 19 -11 -8 21 22 23 -17 -23
right_child=1 2 -4 13 -6 -7 17 -9 9 18 11 -13 15 -15 -16 20 -18 -19 -20 -21 -22 24 -24 -25 -26
leaf_value=-0.050788266377278207 -0.022126658075555663 0.04803772120222613 0.048884830826107908 -0.038700297839615171 0.089356942939295622 0.075750119729823498 -0.070977161034893307 0.072497457773213023 0.07524633181725221 0.073294432766632764 -0.069515020720707227 0.025718935150228901 -0.086329941254491463 -0.088508805347071215 -0.032105517335428574 -0.068224492816898005 -0.079529146309835208 -0.076998039835866852 0.07823169593445814 -0.06871739134322645 -0.069616943567254952 -0.067941056422287871 -0.069152732010313897 -0.068724068109921627 -0.068224700720609516
leaf_weight=2.7427068427205148 1.3248191531747595 2.8183196336030978 5.0861900448799124 2.0249156523495913 2.0038591530174008 1.7843802794814108 1.0478173419833186 3.1842455938458434 2.6175873056054098 3.0026532411575309 1.7705150172114401 2.2963071465492249 2.2098786272108555 2.547283772379159 1.1973696053028078 0.7811437305063007 1.65931761264801 1.8121639639139173 2.6085728853940964 1.469562107697129 1.3739414997398856 0.56963057070970513 1.0167145393788812 0.93864493444562003 0.5980629175901413
leaf_count=31 27 24 28 31 17 12 17 15 18 26 35 12 10 17 21 24 14 13 17 36 28 21 21 23 19
internal_value=0 -0.0171324 0.00386212 -0.0109038 0.0123191 -0.00496359 -0.0251128 0.0226878 0.0138246 0.0255202 -0.0039263 -0.0338593 -0.0661938 -0.0664498 -0.0634257 -0.0739904 -0.0743598 -0.0727302 0.0755897 -0.069658 -0.068824 -0.068545 -0.0687407 -0.0684972 -0.0680863
internal_weight=0 29.4073 20.5945 15.5083 10.9361 8.93224 7.14786 21.0793 17.895 15.1523 9.5411 6.92351 8.81284 4.5722 4.6272 7.48802 3.42983 4.32954 5.61123 2.51738 5.27814 3.9042 2.7365 1.71979 1.16769
internal_count=557 368 195 167 119 102 90 189 174 143 100 82 173 48 70 146 49 66 43 53 136 108 68 47 40
is_linear=0
shrinkage=0.1


Tree=66
num_leaves=23
num_cat=0
split_feature=24 0 14 0 24 25 9 7 22 10 19 3 13 18 25 20 4 17 18 2 24 20
split_gain=2.04658 1.88826 1.5929 1.43557 1.80473 1.5095 2.13083 1.14574 0.935985 0.870945 0.908548 0.769778 0.722568 0.374324 0.263242 0.200321 0.00196708 0.00066926 0.000376554 6.92912e-05 2.46924e-05 1.6405e-05
threshold=1.0000000180025095e-35 1762047000000.0002 111177.78892755622 1762349400000.0002 0.00086398026826511713 0.019727477546413942 377.24500000000006 1.1644500000000002 18.696539713355737 369.32000000000005 -0.64807323560557728 111093.10000000002 311435.50000000006 -2.2810989848063223 0.01718042518902042 79.045473167115247 1.1621500000000002 -0.65865071380470375 -2.5290200099578137 109953.25000000001 0.00146779507431044 51.765060482516631
decision_type=2 2 2 2 2 2 2 2 2 2 2 2 2 2 2 2 2 2 2 2 2 2
left_child=1 15 3 4 14 7 -7 9 -4 12 -11 -10 13 -6 -2 17 -13 19 20 21 -18 -1
right_child=2 -3 8 -5 5 6 -8 -9 11 10 -12 16 -14 -15 -16 -17 18 -19 -20 -21 -22 -23
leaf_value=-0.069537462183444407 -0.076214250769125497 0.041194693511066277 -0.0050675848790611554 0.072315561009245549 -0.017416138453464194 0.02095107280373305 -0.079062228505749496 0.073697313599837694 0.00878061959893571 -0.042480626811309742 0.020461355587232284 0.073827394937287336 0.078140296857865901 0.037834426105148852 -0.030636612706109564 -0.033539485013438508 0.069961269965998829 -0.071854141442757688 0.071686486938536881 -0.070009398934811604 0.069316801758952606 -0.069048079243919702
leaf_weight=1.1344527378678315 3.6306318007409564 2.2486807554960242 3.7178733795881262 2.3613031432032576 2.3933692537248135 3.9477921649813634 4.627077478915453 3.0423918738961211 2.6907435655593854 4.9775589257478714 4.2526958137750608 3.0180431678891182 2.3689402490854263 2.5145761482417681 1.9466744400560854 1.9331138506531713 1.1873248666524885 1.7167045101523388 1.4424644932150847 1.9971642158925531 1.1907288581132887 1.728880565613508
leaf_count=21 36 22 21 27 24 18 38 27 19 29 29 25 21 24 19 16 18 18 16 32 22 35
internal_value=0 -0.0403046 0.00783312 -0.00306011 -0.00834129 0.00196376 -0.033017 0.0173071 0.0374879 0.00691398 -0.0134811 0.0540911 0.0327838 0.0108914 -0.0603061 -0.0618392 0.0719192 -0.0701568 0.0704118 -0.0695573 0.0696386 -0.069242
internal_weight=0 10.759 49.3102 36.063 33.7017 28.1244 8.57487 19.5495 13.2472 16.5071 9.23025 9.5293 7.27689 4.90795 5.57731 8.51032 6.83856 6.5772 3.82052 4.8605 2.37805 2.86333
internal_count=557 144 413 292 265 210 56 154 121 127 58 100 69 48 55 122 81 106 56 88 40 56
is_linear=0
shrinkage=0.1


Tree=67
num_leaves=26
num_cat=0
split_feature=24 20 13 17 14 23 13 13 19 25 23 25 25 3 18 22 17 23 1 22 20 25 19 14 23
split_gain=1.55148 1.44078 1.96505 1.20527 1.71451 1.15984 1.44314 2.60839 1.25233 1.1311 1.72303 0.786124 0.633045 0.584348 0.564283 0.989599 0.218617 0.203211 0.16325 0.0208334 0.00283418 0.000228049 0.000182557 0.00013812 3.85136e-05
threshold=0.0035706036768723415 27.366240382781623 166939.50000000003 -0.57815986702045652 111459.3906045281 0.01472488553563 354059.50000000006 607908.00000000012 -0.83492197161866832 1.0000000180025095e-35 0.0069023629765078949 0.011842138965271564 0.011415635351555457 110741.15000000001 -2.9013426679133185 58.830261432406438 -0.80158076785784538 0.0078565945538920622 108404.35000000002 17.371008094152561 75.733396512950961 0.028574922535995674 -0.88367050394550084 108210.52510979153 0.019753794963388801
decision_type=2 2 2 2 2 2 2 2 2 2 2 2 2 2 2 2 2 2 2 2 2 2 2 2 2
left_child=1 -1 14 5 19 9 13 22 12 10 -4 -10 -9 16 15 -3 -7 -12 -14 -5 -19 24 -8 -21 -2
right_child=21 2 3 4 -6 6 7 8 11 -11 17 -13 18 -15 -16 -17 -18 20 -20 23 -22 -23 -24 -25 -26
leaf_value=-0.06020403921910316 -0.068330344757033604 0.033134907799332217 0.066165426833044313 -0.086503459955758116 0.033791457304272805 0.072288860125793442 -0.071177231289159718 0.020596753148423061 0.040907990947612556 0.048749443526522517 -0.027664885813943718 -0.03617040404446261 0.058291377825051872 0.10940639508580777 -0.067428865779303279 -0.072948545511203652 0.028339389244530479 -0.069994536679452365 0.088089519040491171 -0.068476079735262013 -0.076025907013361954 -0.07062189367880374 -0.069520104451250966 -0.070153066746279552 -0.069256616906110263
leaf_weight=3.1391174588352433 0.87455870024859839 2.1092161107808356 1.4452179968357066 1.0963330380618566 2.7061233595013618 2.3615372776985168 1.2169869877398016 3.4831067025661486 2.3137326017022124 2.6311074867844582 1.4766293782740829 3.0907998252660036 3.9051573574542999 2.7871832102537155 3.4965083356946698 1.5080941617488859 2.1735351495444801 2.0219202470034365 3.4742088466882706 1.002291304990649 1.2675154581665991 1.1238939482718704 1.4651425126940036 0.96301507018506516 0.92225607484579086
leaf_count=34 27 18 8 7 12 24 15 27 11 29 16 31 27 11 37 28 20 39 16 28 11 19 27 16 19
internal_value=0 0.00543134 0.00972419 0.0181648 -0.0242008 0.0251238 0.0356677 0.0210983 0.0361636 -0.00620304 -0.029481 -0.0031724 0.0557349 0.0733715 -0.0387823 -0.0110924 0.0512251 -0.0584839 0.0723204 -0.0754589 -0.0723186 -0.0695046 -0.070272 -0.0692978 -0.0688058
internal_weight=0 51.1345 47.9954 40.8815 5.76776 35.1138 26.2714 18.9491 16.267 8.84239 6.21128 5.40453 10.8625 7.32226 7.11382 3.61731 4.53507 4.76607 7.37937 3.06164 3.28944 2.92071 2.68213 1.96531 1.79681
internal_count=557 492 458 375 63 312 209 154 112 103 74 42 70 55 83 46 44 66 43 51 50 65 42 44 46
is_linear=0
shrinkage=0.1


Tree=68
num_leaves=25
num_cat=0
split_feature=14 12 23 14 7 0 14 1 12 20 0 0 14 17 20 3 20 13 18 14 2 0 18 22
split_gain=1.72096 2.4934 1.38319 1.62223 1.68551 1.28405 1.56442 1.23427 1.3999 1.11639 2.39307 1.48507 1.82388 0.847641 0.0497547 0.0255934 0.00498038 0.00116547 6.83939e-05 3.12523e-05 1.8207e-05 1.30304e-05 6.92403e-06 6.20623e-07
threshold=108181.91468090368 377.26500000000004 0.020758270081512726 109183.43156771226 1.16415 1761431400000.0002 111459.3906045281 111172.60000000002 400.14000000000004 29.657101541721399 1760805000000.0002 1762165800000.0002 102366.31535390262 -0.55625734940987159 47.47151482594608 108510.20000000003 66.125618104364605 746003.00000000012 -2.186140260735951 111459.3906045281 110654.10000000002 1761928200000.0002 -4.3522185663576947 35.251210042034089
decision_type=2 2 2 2 2 2 2 2 2 2 2 2 2 2 2 2 2 2 2 2 2 2 2 2
left_child=9 13 3 -3 5 6 7 8 -5 -1 -11 14 -13 15 -12 -2 -6 -14 19 21 -20 -17 -23 -21
right_child=1 2 -4 4 16 -7 -8 -9 -10 10 11 12 17 -15 -16 18 -18 -19 20 23 -22 22 -24 -25
leaf_value=0.065764885310012067 -0.081044602117448086 0.079526382552398245 -0.072936513303549541 -0.071382876760602038 -0.068836042693094943 0.058345928667817376 -0.063159064807997919 0.084103200221966282 0.05890134103494532 -0.07512883995840873 0.076924180904207787 0.05653827326961948 -0.06853901676177275 0.0095203459029037495 0.05733689693173083 -0.068754898712509227 -0.077531202333061766 -0.073082303573996962 -0.069312970497756102 -0.067899558076123009 -0.068683851393855591 -0.068032130065752511 -0.068491511675559197 -0.067752176474390483
leaf_weight=4.7688040882349041 2.3708212226629257 3.0338623449206414 2.1040470320731393 1.8494060970842823 1.502571422606706 4.4176323264837256 3.2207976989448071 2.1330356318503618 1.4885349869728086 2.6657823398709288 2.8672402799129468 2.159675870090723 1.4717822019010784 1.5144355073571221 2.3677689284086227 0.89554515853524241 1.1729566529393194 0.91605767235159863 0.92107672803103946 0.52046549320220925 0.91898730769753456 0.66103558428585518 0.65145114995539177 0.63348481059074402
leaf_count=36 12 19 34 33 36 25 23 14 11 32 20 16 38 13 21 21 9 13 20 20 23 23 18 27
internal_value=0 -0.0150378 0.00395848 0.0125558 -0.000315973 0.0144464 -0.00786567 0.0246859 -0.0132834 0.0246235 0.00886271 0.0317508 -0.0100533 -0.0587754 0.0680649 -0.0724333 -0.072648 -0.070282 -0.0685086 -0.0682404 -0.0689988 -0.0684608 -0.0682601 -0.0678186
internal_weight=0 30.0101 20.9228 18.8188 15.7849 13.1094 8.69177 5.47098 3.33794 17.2171 12.4483 9.78252 4.54752 9.0873 5.23501 7.57287 2.67553 2.38784 5.20205 3.36198 1.84006 2.20803 1.31249 1.15395
internal_count=557 381 204 170 151 106 81 58 44 176 140 108 67 177 41 164 45 51 152 109 43 62 41 47
is_linear=0
shrinkage=0.1


Tree=69
num_leaves=25
num_cat=0
split_feature=11 22 14 0 0 1 25 2 25 17 25 0 20 23 10 4 23 17 18 13 14 24 22 20
split_gain=1.8007 3.16741 2.53516 1.81444 1.57761 2.64713 1.74201 1.05892 0.855721 0.748087 0.557202 0.447401 0.334614 0.0904333 0.0583909 0.00241773 0.00237117 0.00209444 0.000739697 0.000341584 8.63244e-05 5.11565e-05 3.47689e-05 1.85846e-05
threshold=377.43620000000004 50.00193646971001 109984.94939002475 1760967000000.0002 1762111800000.0002 102762.70000000003 0.01731589908885503 112327.00000000001 0.019545333729833355 -0.80925291542062128 0.026294932336150992 1760697000000.0002 73.557537649069175 0.028508382792196373 371.26500000000004 1.1653500000000003 0.020692686971261604 -0.63177231918323506 -2.3611455613785304 901507.00000000012 106932.52506956777 0.00060207406342127482 20.31553751037362 51.765060482516631
decision_type=2 2 2 2 2 2 2 2 2 2 2 2 2 2 2 2 2 2 2 2 2 2 2 2
left_child=2 7 4 8 6 -6 13 11 15 -4 14 -2 17 -1 16 -3 18 21 22 20 -7 23 -11 -13
right_child=1 3 9 -5 5 19 -8 -9 -10 10 -12 12 -14 -15 -16 -17 -18 -19 -20 -21 -22 -23 -24 -25
leaf_value=-0.083517574283008558 -0.11506897400312113 0.071516363327119789 0.0051804373908337443 -0.03862101040000767 -0.05120222797723132 0.070048895977656733 0.0037502059969974546 -0.011164300769054631 -0.00076337016586175692 0.070009942802489067 0.014588409204444475 -0.069425285167508385 -0.01464473212292192 -0.057563763703939355 0.092382542970219861 0.076058082638780541 0.075425743828666431 -0.073319716024702247 0.072462016816495708 0.072226679587982151 0.071054056551963632 -0.069805096368203728 0.069239364131392436 -0.068876209771367006
leaf_weight=2.8856565803289431 1.9196656495332733 2.4184887483715993 2.6773648411035529 3.5415929034352303 2.7122918665409079 2.1226225607097153 7.1812346577644348 4.1134291067719451 2.2978895083069801 1.2983735725283612 1.7509223371744154 1.0063130073249333 1.2911872826516626 2.5105642676353455 1.9120912589132784 2.2743703499436378 1.523808881640434 1.9608994536101825 1.5705237723886964 1.5649662055075166 1.4300157055258749 1.6192248836159704 1.0665202513337133 1.5911011993885038
leaf_count=29 7 28 25 34 24 32 37 32 19 21 23 20 10 19 12 16 14 22 16 16 18 27 21 35
internal_value=0 -0.0214099 0.0147609 0.0196928 -0.00657296 0.0286661 -0.0285105 -0.0534729 0.0492353 0.0516576 0.0652985 -0.07201 -0.0609427 -0.0714427 0.0773438 0.0737175 0.0720765 -0.0706196 0.0707797 0.0709957 0.0704535 -0.0693639 0.0696624 -0.0690889
internal_weight=0 24.0342 32.207 10.5323 20.4074 7.8299 12.5775 13.5018 6.99075 11.7996 9.12224 9.38839 7.46873 5.39622 7.37132 4.69286 5.45923 6.17754 3.93542 5.1176 3.55264 4.21664 2.36489 2.59741
internal_count=557 250 307 97 175 90 85 153 63 132 107 121 114 48 84 44 72 104 58 66 50 82 42 55
is_linear=0
shrinkage=0.1


Tree=70
num_leaves=23
num_cat=0
split_feature=24 20 13 17 14 23 13 3 25 23 17 25 22 17 18 22 14 20 2 25 13 23
split_gain=1.38076 1.28152 1.75547 1.0644 1.46852 0.985716 1.24241 2.26985 0.971953 1.16936 0.946879 0.862411 0.680675 0.532658 0.509225 1.08221 0.012748 0.00261834 0.000439238 0.00019113 4.84175e-05 2.51878e-05
threshold=0.0035706036768723415 27.366240382781623 166939.50000000003 -0.57815986702045652 111459.3906045281 0.01472488553563 354059.50000000006 111093.10000000002 1.0000000180025095e-35 0.0078565945538920622 -0.8247944920288911 0.018884019322219971 37.054069395940608 -0.70197564775797539 -2.9013426679133185 50.00193646971001 110999.88416755816 75.733396512950961 113189.65000000001 0.028574922535995674 1004383.5000000001 0.019753794963388801
decision_type=2 2 2 2 2 2 2 2 2 2 2 2 2 2 2 2 2 2 2 2 2 2
left_child=1 -1 14 5 16 8 13 10 9 -4 -8 12 -12 -7 15 -3 20 -11 -9 21 -5 -2
right_child=19 2 3 4 -6 6 7 18 -10 17 11 -13 -14 -15 -16 -17 -18 -19 -20 -21 -22 -23
leaf_value=-0.058227343193024833 -0.068153133737641924 0.052613660373123067 0.018330363496512316 -0.068395540240137706 0.029705942730822828 0.044171230232783382 -0.0095159731356778392 -0.072092775742962925 0.046677839262541626 -0.069635213208784991 0.059962513519076291 0.07749837516296848 -0.0054054616915522229 0.099504564796572423 -0.065939349851027354 -0.061659922635042323 -0.082782020709197005 -0.075721189681185255 -0.069370279137132174 -0.070306387512248034 -0.069469655261067756 -0.068946689148126059
leaf_weight=2.992223994806408 0.78052090853452616 1.4975145049393179 2.768428495153783 0.86598751693963938 2.6486361958086491 3.7482046037912369 3.7799356244504443 1.0925725772976869 2.4630062133073807 1.8089588861912491 2.8430081680417079 5.3907032757997513 3.6229945756494999 3.2465801201760796 3.3048047032207242 1.85573392547667 1.095241295173764 1.1603662744164465 1.295012706890702 1.029402522370219 0.81425654701888561 0.82038337364792824
leaf_count=34 27 13 24 26 12 39 29 13 29 39 18 29 38 16 37 33 8 11 27 19 17 19
internal_value=0 0.00515634 0.00934288 0.0175138 -0.0235581 0.02422 0.0340821 0.0202 -0.00586744 -0.0284232 0.0340668 0.0479611 0.0233359 0.0698538 -0.0380819 -0.0106269 -0.0743877 -0.0720135 -0.0706161 -0.0692433 -0.0689161 -0.0685598
internal_weight=0 48.2942 45.3019 38.6439 5.42412 33.2198 25.019 18.0242 8.20076 5.73775 15.6366 11.8567 6.466 6.99478 6.65805 3.35325 2.77549 2.96933 2.38759 2.63031 1.68024 1.6009
internal_count=557 492 458 375 63 312 209 154 103 74 114 85 56 55 83 46 51 50 40 65 43 46
is_linear=0
shrinkage=0.1


Tree=71
num_leaves=25
num_cat=0
split_feature=14 12 23 14 7 0 14 1 10 20 0 0 14 17 20 3 20 13 18 14 20 0 18 22
split_gain=1.53649 2.2202 1.22797 1.44603 1.50766 1.13414 1.35204 1.14851 1.44728 0.936001 2.13567 1.31202 1.60267 0.82934 0.049294 0.0213993 0.00428736 0.000944686 4.98167e-05 2.41533e-05 1.38923e-05 1.20238e-05 5.24195e-06 7.47447e-07
threshold=108181.91468090368 377.26500000000004 0.020758270081512726 109183.43156771226 1.16415 1761431400000.0002 111459.3906045281 111180.75000000001 400.62000000000006 29.657101541721399 1760805000000.0002 1762165800000.0002 102366.31535390262 -0.55625734940987159 47.47151482594608 108510.20000000003 66.125618104364605 746003.00000000012 -2.186140260735951 111459.3906045281 40.045771044700849 1761928200000.0002 -4.3522185663576947 35.251210042034089
decision_type=2 2 2 2 2 2 2 2 2 2 2 2 2 2 2 2 2 2 2 2 2 2 2 2
left_child=9 13 3 -3 5 6 7 8 -5 -1 -11 14 -13 15 -12 -2 -6 -14 19 21 -20 -17 -23 -21
right_child=1 2 -4 4 16 -7 -8 -9 -10 10 11 12 17 -15 -16 18 -18 -19 20 23 -22 22 -24 -25
leaf_value=0.062171476884854762 -0.080192587425239464 0.078387816720550757 -0.072400634238164327 -0.071200022763242429 -0.068621526771899713 0.056526776697267189 -0.060548918081537333 0.088132196535137208 0.059161037252430465 -0.074472129605739387 0.076041953640062346 0.054332120527159591 -0.068338438293250578 0.010200600731806795 0.055715560854860402 -0.068586207701832644 -0.077071844552884614 -0.072650385982061222 -0.068499674930041957 -0.067790394876116641 -0.069079097928671868 -0.067878021441010863 -0.068300183532767261 -0.067619208744872414
leaf_weight=4.5980285108089438 2.2517523169517517 2.7664210870862069 1.9102623127400864 1.8341004624962791 1.3467763494700187 4.1322402209043494 3.048085767775774 1.7925016861408947 1.5898795649409292 2.4281947780400506 2.6224407553672773 2.0058529172092676 1.3199872579425576 1.4831017404794709 2.1889771521091461 0.82663171738386187 1.0833894498646257 0.82605540379881848 0.87653260305523895 0.4704040829092262 0.7838112898170948 0.58977026306092728 0.58674518018960942 0.55716262385249138
leaf_count=36 12 19 34 34 36 25 23 12 12 32 20 16 38 13 21 21 9 13 24 20 19 23 18 27
internal_value=0 -0.0147834 0.00374826 0.0120164 -0.000367216 0.0137513 -0.00763624 0.0232816 -0.0106686 0.024089 0.00871754 0.0312539 -0.00993206 -0.0576791 0.0667944 -0.0721794 -0.0723888 -0.0699982 -0.0683329 -0.0680917 -0.0687732 -0.0682939 -0.0680886 -0.0676976
internal_weight=0 27.9296 19.5037 17.5934 14.827 12.3968 8.26457 5.21648 3.42398 15.9895 11.3915 8.96331 4.1519 8.42591 4.81142 6.94281 2.43017 2.14604 4.69106 3.03071 1.66034 2.00315 1.17652 1.02757
internal_count=557 381 204 170 151 106 81 58 46 176 140 108 67 177 41 164 45 51 152 109 43 62 41 47
is_linear=0
shrinkage=0.1


Tree=72
num_leaves=25
num_cat=0
split_feature=24 0 14 25 14 23 25 4 18 20 0 25 4 0 18 18 14 4 20 0 17 0 19 25
split_gain=1.60086 1.47045 1.18278 1.12277 0.960286 2.321 1.7229 0.887683 0.856247 0.850814 0.724344 0.705017 0.345463 0.210163 0.437017 0.116214 0.0179173 0.0113447 0.00148377 0.0006949 0.000308954 8.50584e-05 3.97752e-05 3.57048e-05
threshold=1.0000000180025095e-35 1762047000000.0002 111177.78892755622 0.0097753040842004438 108306.73387963064 0.028917057825916453 0.011142725009701334 1.1645500000000004 -2.186140260735951 51.601170474012171 1760545800000.0002 0.018459649144256657 1.1645500000000004 1760902200000.0002 -3.624400146575891 -3.4143738332207056 107996.18299637108 1.1621500000000002 79.609984382775608 1761064200000.0002 -0.58124185605306644 1762165800000.0002 -0.54286790335110524 1.0000000180025095e-35
decision_type=2 2 2 2 2 2 2 2 2 2 2 2 2 2 2 2 2 2 2 2 2 2 2 2
left_child=1 13 3 9 6 7 -5 11 10 21 -4 15 16 14 -1 -6 -8 -12 20 -19 23 -2 -21 -15
right_child=2 -3 8 4 5 -7 12 -9 -10 -11 17 -13 -14 18 -16 -17 -18 19 -20 22 -22 -23 -24 -25
leaf_value=-0.068815928423371669 0.070717262947248172 0.037756307643392065 0.011576375783053169 0.022244529101772617 -0.045113341286182135 0.060799932108268832 -0.072953524725334715 0.027962567159880315 -0.0076553435815976002 -0.019276986607562583 0.080361485199440252 -0.0050957161328049252 -0.029599507800617569 -0.069689098314859504 0.024974682863321621 -0.07660308899813062 -0.085227695209684068 0.072170503606153263 -0.073803477327907638 0.068973229270978792 -0.071269858918150006 0.06970190105766208 0.069769620324055592 -0.06892344453504623
leaf_weight=1.3176336474716666 1.6559826359152823 1.9659411609172819 2.9373894035816175 3.5190529152750987 2.1238508671522149 5.033738061785697 2.6077828630805016 2.8296905681490889 3.4477019198238841 1.5668470375239847 1.5817677862942217 3.9030073769390583 2.0616185031831264 1.24065837264061 0.79747628606855681 2.6149530075490484 2.1864196099340916 1.3081266582012179 1.387831926345825 1.3910328298807138 1.2065340951085093 1.6442221291363237 1.1419859677553184 1.1963928882032631
leaf_count=31 21 22 24 39 20 27 32 26 22 11 11 26 21 22 13 29 12 15 15 30 14 28 19 27
internal_value=0 -0.0388333 0.00725716 -0.00279287 -0.0107951 0.0041902 -0.034635 -0.0206504 0.0342778 0.0414025 0.0515706 -0.0365683 -0.0638309 -0.0599023 -0.0334533 -0.0624899 -0.0785512 0.0732339 -0.071021 0.0702989 -0.0699611 0.0702114 0.0693323 -0.0693132
internal_weight=0 9.11247 43.5552 31.7472 26.8801 16.5052 10.3749 11.4715 11.808 4.86705 8.3603 8.64181 6.85582 7.14653 2.11511 4.7388 4.7942 5.42291 5.03142 3.84115 3.64359 3.3002 2.53302 2.43705
internal_count=557 144 413 292 232 128 104 101 121 60 99 75 65 122 44 49 44 75 78 64 63 49 49 49
is_linear=0
shrinkage=0.1


Tree=73
num_leaves=22
num_cat=0
split_feature=24 12 20 13 19 18 25 3 12 24 11 20 17 13 18 22 23 25 14 23 23
split_gain=1.2386 1.14328 1.06415 1.54895 0.930733 1.1925 2.37112 1.27713 0.97129 1.15269 0.863455 0.666349 1.93709 0.579822 0.508191 0.81966 0.403414 0.383214 0.184052 0.000195896 3.7342e-05
threshold=0.0035706036768723415 394.63500000000005 27.366240382781623 166939.50000000003 -2.7058863631690322 -2.975891891791937 0.0038886593554498779 111571.20000000001 381.18000000000006 0.00098939305814399405 386.69000000000005 47.47151482594608 -0.68946023415782098 746003.00000000012 -2.9013426679133185 50.00193646971001 0.015315792397538759 0.012023220155034956 109984.94939002475 0.021089424186874036 0.019455619899803323
decision_type=2 2 2 2 2 2 2 2 2 2 2 2 2 2 2 2 2 2 2 2 2
left_child=1 2 -1 14 -5 6 18 8 9 13 -10 12 -7 -8 15 -4 -13 -11 -6 20 -2
right_child=19 -3 3 4 5 11 7 -9 10 17 -12 16 -14 -15 -16 -17 -18 -19 -20 -21 -22
leaf_value=-0.053851965966553443 -0.067923481637302427 -0.0707578286125186 0.049406313318414691 -0.036545855599646224 -0.025918240914895647 0.089173835715808086 0.073608367380120956 -0.0557833888460623 0.11594680354412101 0.0089522408412941994 0.037798401553506944 0.042739101135842381 -0.055841594588092208 0.011682362154422503 -0.063806202705170539 -0.05804349501116142 0.091595386531466857 -0.050175679048853054 -0.075026471324308133 -0.070401599168793544 -0.068879781842532378
leaf_weight=2.5961058903485528 0.75638910755515032 1.9119148924946774 1.4030732475221159 2.6819546744227329 1.0676286593079525 1.8764815255999567 3.2341005094349438 1.715870078653096 2.2433007881045333 2.0578811895102262 3.8237503413110971 2.9581251386553049 1.809267068281782 2.8394896611571312 3.0370342731475821 1.4371005743741987 3.9427068345248699 2.3453430198132992 2.6764016803354025 0.73723610490560521 0.88735955953598022
leaf_count=32 31 35 13 21 22 17 28 35 10 22 39 21 30 19 36 29 23 25 35 12 22
internal_value=0 0.00493462 0.00824278 0.0121603 0.02008 0.0247399 0.0114716 0.0263361 0.0348533 0.0164146 0.0666939 0.0523174 0.0179884 0.0446571 -0.0353697 -0.00496225 0.0706525 -0.0225418 -0.061023 -0.0690472 -0.0684397
internal_weight=0 45.6575 43.7456 41.1495 35.2723 32.5903 22.0038 18.2597 16.5439 10.4768 6.06705 10.5866 3.68575 6.07359 5.87721 2.84017 6.90083 4.40322 3.74403 2.38098 1.64375
internal_count=557 492 457 425 347 326 235 178 143 94 49 91 47 47 78 42 44 47 57 65 53
is_linear=0
shrinkage=0.1


Tree=74
num_leaves=23
num_cat=0
split_feature=14 12 23 14 7 0 19 25 22 9 12 17 25 18 3 0 18 14 2 0 18 22
split_gain=1.39053 2.006 1.09633 1.31411 1.35983 1.03626 1.23966 0.893608 1.36869 0.996087 0.780628 0.753957 0.340627 0.0318465 0.0172473 0.00363456 3.43555e-05 1.85148e-05 9.79378e-06 9.20189e-06 3.91314e-06 4.14768e-07
threshold=108181.91468090368 377.26500000000004 0.020758270081512726 109183.43156771226 1.16415 1761431400000.0002 -0.70105994805808314 0.011561022685725441 38.415808006286319 388.74000000000007 379.79500000000007 -0.55625734940987159 0.0063531602160872853 -2.4972390944801712 108510.20000000003 1760610600000.0002 -2.186140260735951 111459.3906045281 110654.10000000002 1761928200000.0002 -4.3522185663576947 35.251210042034089
decision_type=2 2 2 2 2 2 2 2 2 2 2 2 2 2 2 2 2 2 2 2 2 2
left_child=7 11 3 -3 5 6 -5 8 12 -9 -8 14 -1 -10 -2 -6 17 19 -18 -16 -21 -19
right_child=1 2 -4 4 15 -7 10 9 13 -11 -12 -13 -14 -15 16 -17 18 21 -20 20 -22 -23
leaf_value=0.061034520478900671 -0.079212404360098174 0.07746103226298616 -0.072094635433697665 0.035554833858644767 -0.068538592896642866 0.055133561940235866 -0.082608379085747211 0.072628676980229345 -0.071344315033827085 -0.0005073874769453171 0.0034066885999915857 0.0082528488709160252 0.0049076188947479544 -0.046057812577396745 -0.068403325207316665 -0.076676058761991336 -0.068801081242489653 -0.06765767395644616 -0.068288082100619665 -0.067752794175162626 -0.068137926591777864 -0.067522640899275219
leaf_weight=1.9761382937431324 2.1243597827851772 2.5570115670561853 1.7311585396528233 3.5757502801716354 1.2532212547957891 3.909733273088932 2.3663254417478994 5.1737164556980115 1.6799106691032641 2.9094717707484961 1.9041143618524072 1.4418379925191427 2.3877976275980473 0.70795872993767339 0.7502506636083125 0.97659828886389721 0.75175485014915489 0.41659616213291872 0.73698771931231022 0.52799013257026628 0.52728359028697036 0.50106126070022583
leaf_count=25 12 19 34 39 35 25 25 35 35 35 17 13 27 19 21 10 20 20 23 23 18 27
internal_value=0 -0.0144817 0.00362194 0.0115455 -0.000505843 0.0130744 -0.00788362 0.023873 -0.00298114 0.046304 -0.0442558 -0.0570144 0.0303238 -0.0638473 -0.0718661 -0.0721026 -0.0681609 -0.0679497 -0.0685471 -0.0681356 -0.0679452 -0.0675839
internal_weight=0 26.052 18.2739 16.5428 13.9857 11.7559 7.84619 14.835 6.75181 8.08319 4.27044 7.77812 4.36394 2.38787 6.33628 2.22982 4.21192 2.72318 1.48874 1.80552 1.05527 0.917657
internal_count=557 381 204 170 151 106 81 176 106 70 42 177 52 54 164 45 152 109 43 62 41 47
is_linear=0
shrinkage=0.1


Tree=75
num_leaves=25
num_cat=0
split_feature=24 0 14 25 25 20 14 23 25 20 18 20 0 23 20 25 14 3 18 17 11 20 2 20
split_gain=1.38967 1.26974 1.02473 0.97904 0.897351 1.09344 0.835737 1.95257 1.49617 0.81886 0.737613 0.629375 0.417926 0.355695 0.214147 0.072696 0.0112358 0.00885853 0.000672665 0.000379061 0.000314353 5.542e-05 3.86187e-05 7.978e-06
threshold=1.0000000180025095e-35 1762047000000.0002 111177.78892755622 0.0097753040842004438 0.0080308002703098364 35.725144778862415 108306.73387963064 0.028917057825916453 0.011142725009701334 52.71795690101937 -4.1671834852396179 64.266214693658057 1760491800000.0002 0.031021612616097694 79.045473167115247 0.017222981300720908 111324.32569056975 107454.45000000003 -3.624400146575891 -0.58124185605306644 377.76500000000004 31.916409666840178 109953.25000000001 51.765060482516631
decision_type=2 2 2 2 2 2 2 2 2 2 2 2 2 2 2 2 2 2 2 2 2 2 2 2
left_child=1 14 3 9 -4 -6 8 10 -5 21 -8 15 -7 -10 19 -12 -14 -15 20 22 -18 -2 23 -1
right_child=2 -3 4 6 5 12 7 -9 13 -11 11 -13 16 17 -16 -17 18 -19 -20 -21 -22 -23 -24 -25
leaf_value=-0.068748118946063128 0.070274771750732129 0.035397633714720537 -0.035171270136960801 0.019766232426878822 -0.021736092376485699 0.015055004882105935 0.0091133216098796162 0.056720742446799949 -0.028022877153797577 -0.021305846192110248 -0.07662727618053998 0.0057515604275822207 0.080775848725272575 -0.074344452358318949 -0.02733513336722862 -0.050119925939620114 0.069080350902520488 -0.08344473287656208 0.072593485974294061 -0.070894823193246012 0.071202116010208052 0.069415406112394842 -0.069151267291307508 -0.06834802266282497
leaf_weight=0.8298979997634891 1.3859438225626974 1.8329729326069353 1.6701295897364605 3.4273428134620207 1.9856833349913339 1.5330816432833669 4.8845924250781518 4.8178506754338732 2.0615761540830135 1.4641341604292391 2.2866351641714573 1.8258410319685934 1.5829016640782354 2.3229064308106899 1.6213524006307123 1.8895686119794843 1.5585326366126522 1.982679635286331 1.6076290160417572 1.116003349423407 1.2650482580065725 1.6365616731345651 1.6930290646851061 1.2476401422172783
leaf_count=21 20 22 7 39 23 12 38 27 23 10 26 13 10 31 16 24 33 11 20 14 16 30 36 35
internal_value=0 -0.0381204 0.00663982 -0.00300129 0.0324449 0.0442911 -0.0105808 0.00371643 -0.033505 0.0400756 -0.0197405 -0.0432223 0.061663 -0.0621801 -0.058827 -0.0646337 0.073544 -0.078535 0.0709606 -0.0692759 0.070031 0.0698095 -0.0687967 -0.0685078
internal_weight=0 8.3409 41.1886 29.9856 11.203 9.53288 25.499 15.7045 9.79451 4.48664 10.8866 6.00204 7.54719 6.36716 6.50792 4.1762 6.01411 4.30559 4.43121 4.88657 2.82358 3.02251 3.77057 2.07754
internal_count=557 144 413 292 121 114 232 128 104 60 101 63 91 65 122 50 79 42 69 106 49 50 92 56
is_linear=0
shrinkage=0.1


Tree=76
num_leaves=25
num_cat=0
split_feature=24 12 0 22 13 19 18 2 2 25 4 25 23 4 17 12 17 14 1 23 11 19 23 0
split_gain=1.11293 1.04096 1.02028 0.858666 0.841339 0.766511 1.23799 2.28031 1.71461 1.19838 1.23793 0.909008 0.640597 0.559462 0.559724 0.384978 0.211989 0.00494071 0.00176933 0.000136485 0.000104968 5.94671e-05 2.70158e-05 1.61428e-05
threshold=0.0035706036768723415 389.23000000000008 1762057800000.0002 79.918281298474454 25937.500000000004 -2.7058863631690322 -2.6189681617629197 112327.00000000001 111650.35000000002 0.0063531602160872853 1.1607000000000003 0.012113900127979265 0.031153265404271095 1.1599000000000002 -0.70197564775797539 377.31 -0.84595248836721837 108707.04976614127 112753.60000000002 0.021089424186874036 377.48750000000001 -0.54901694373694376 0.019455619899803323 1762241400000.0002
decision_type=2 2 2 2 2 2 2 2 2 2 2 2 2 2 2 2 2 2 2 2 2 2 2 2
left_child=1 2 4 21 -1 -6 7 8 9 -7 11 -11 17 -8 -15 -13 -12 -3 -9 22 -20 -4 -2 -23
right_child=19 12 3 -5 5 6 13 18 -10 10 16 15 -14 14 -16 -17 -18 -19 20 -21 -22 23 -24 -25
leaf_value=-0.047166801524659241 -0.067804404188769818 -0.078069349054176507 -0.069041806046529194 0.038087321397575633 -0.033920469590812158 -0.051961413685896643 0.084835956441236371 -0.074330906781042982 0.096222915184328905 0.037844793013520728 0.032523637839632871 -0.071725422527218793 0.0097040737464320122 -0.0060739986722686649 0.05538735963923485 -0.0071943390115233354 0.070369384105197844 -0.069140293256129748 -0.068366983294735617 -0.069991008952811615 -0.069788881779698456 -0.067788750454994648 -0.068659057212732147 -0.068516767430213982
leaf_weight=2.0378745291382065 0.68543904926627808 0.99669140391051714 1.514411870390177 1.0387166664004324 2.5273612737655595 2.5951267760247054 3.4291877225041443 0.9493428692221636 2.7132097296416751 2.5072314068675023 2.5179681070148945 1.8891424071043732 1.4796665757894514 2.20684221573174 4.5095831751823425 1.8104529175907371 3.590639865025878 1.6383368670940397 0.9765566345304254 0.66242780163884152 1.1085208915174005 0.69595684669911795 0.80334184505045414 0.54160225391387939
leaf_count=16 31 12 36 8 20 36 20 13 15 19 19 29 8 27 32 13 37 37 30 12 18 30 22 17
internal_value=0 0.00489639 0.00992387 -0.0393814 0.0152082 0.0190218 0.0233656 0.0093164 0.0231024 0.00979703 0.0228109 -0.00864192 -0.0429503 0.051972 0.0351928 -0.0401462 0.0547694 -0.0725177 -0.0707523 -0.0687969 -0.0691229 -0.0686216 -0.0682656 -0.0681074
internal_weight=0 43.2744 39.1597 3.79069 35.369 33.3312 30.8038 20.6582 17.6238 14.9106 12.3154 6.20683 4.11469 10.1456 6.71643 3.6996 6.10861 2.63503 3.03442 2.15121 2.08508 2.75197 1.48878 1.23756
internal_count=557 492 435 91 344 328 308 229 168 153 117 61 57 79 59 42 56 49 61 65 48 83 53 47
is_linear=0
shrinkage=0.1


Tree=77
num_leaves=27
num_cat=0
split_feature=1 11 23 9 14 1 13 0 4 2 11 20 20 18 3 25 17 2 11 15 14 18 14 1 0 19
split_gain=1.24712 2.03628 0.946224 1.19285 0.907769 0.996738 0.64784 0.860331 1.5758 1.62715 0.813127 0.591354 0.583356 0.116165 0.0258131 0.0043115 0.00370221 0.00215418 0.00110378 0.000128118 2.86114e-05 1.44066e-05 8.15027e-06 7.13249e-06 3.76725e-06 3.80033e-07
threshold=108395.00000000001 377.43620000000004 0.0077614948901407474 400.59750000000003 109183.43156771226 111382.10000000002 2616524.0000000005 1760805000000.0002 1.1599000000000002 102252.05 370.19500000000005 30.476300117053437 71.057254826937012 -2.3611455613785304 108301.30000000002 0.010673365654857282 -0.76609983483436528 108193.55000000002 377.21500000000009 1.161700000064233 110034.66502409164 -2.186140260735951 112430.13990224345 109932.95000000003 1761906600000.0002 -0.54286790335110524
decision_type=2 2 2 2 2 2 2 2 2 2 2 2 2 2 2 2 2 2 2 2 2 2 2 2 2 2
left_child=6 11 -3 4 -4 16 7 -1 9 -9 13 -2 -7 15 -13 -11 19 -10 20 -6 23 22 24 -16 -22 -24
right_child=1 2 3 -5 5 12 -8 8 17 10 -12 14 -14 -15 18 -17 -18 -19 -20 -21 21 -23 25 -25 -26 -27
leaf_value=-0.047111572899736262 0.010882964428581327 0.056379167415993893 0.043829514740567489 0.074011864830500609 -0.069795420225497076 -0.049922978947112506 0.065346890070251823 0.072816584105374463 0.071119264911258237 -0.06879655614302084 0.021047691389621693 -0.084475512170605324 0.018876872907195773 -0.030865004703726981 -0.06824403479317373 -0.076956594985413629 -0.075288710166706088 0.075818508994790479 -0.072612129496231567 -0.067962068431280803 -0.068073069217092871 -0.068264960245575032 -0.06739394297579164 -0.06868037974991241 -0.067704216083049384 -0.06753943345208395
leaf_weight=2.0919864047318688 0.99970943666994827 2.8734518736600867 1.9060999117791642 1.5801484882831562 0.72242222726344774 1.8865239508450029 2.7163195870816699 1.9449146240949611 2.2984100878238682 1.2448574490845188 1.7591856420040128 1.3280265629291532 3.5544560998678207 0.87274185940623494 0.90376999229192712 1.3493764642626045 2.1117252185940756 1.6948115266859529 0.62081620469689358 0.80692137219011784 0.59275367110967481 0.69853671081364321 0.34936081152409315 0.63981343433260918 0.51963873393833637 0.36934040114283551
leaf_count=31 12 15 23 13 16 26 15 18 30 35 12 6 33 21 31 14 26 13 10 30 21 22 22 18 24 20
internal_value=0 -0.0156944 0.00460837 -0.00722784 -0.0189105 -0.0320781 0.0208565 0.01174 0.0227677 -0.0052675 -0.0343265 -0.0603427 -0.00497776 -0.062424 -0.0721667 -0.073041 -0.0725751 0.0731137 -0.0686843 -0.0688281 -0.0680856 -0.0678786 -0.0677312 -0.0684249 -0.0679008 -0.0674687
internal_weight=0 22.4635 15.4417 12.5683 10.9881 9.08205 15.9726 13.2563 11.1643 7.17108 5.22616 7.02177 5.44098 3.46698 6.02206 2.59423 3.64107 3.99322 4.69403 1.52934 4.07321 2.52963 1.83109 1.54358 1.11239 0.718701
internal_count=557 368 182 167 154 131 189 174 143 100 82 186 59 70 174 49 72 43 168 46 158 109 87 49 45 42
is_linear=0
shrinkage=0.1


Tree=78
num_leaves=25
num_cat=0
split_feature=0 24 11 14 22 0 19 20 0 20 17 10 1 3 20 17 3 0 16 23 22 17 4 0
split_gain=1.25805 1.8644 1.2514 1.76655 1.5302 1.24423 1.15817 0.982592 0.745693 0.625823 1.09518 0.597611 0.72261 0.744515 0.561791 0.223603 0.0950325 0.0390024 0.00659299 0.000752667 0.000349416 0.000254643 3.18464e-05 1.09462e-05
threshold=1760455800000.0002 0.0033230323482955626 377.48750000000001 109984.94939002475 50.00193646971001 1760967000000.0002 -0.42554607679309608 29.657101541721399 1761150600000.0002 57.390622208124803 -0.69170378887646911 369.32000000000005 102762.70000000003 108887.60000000002 76.586303994431816 -0.63177231918323506 109791.30000000002 1761453000000.0002 388.9900000007396 0.019133827039977448 50.00193646971001 -0.58124185605306644 1.1671500000000001 1760805000000.0002
decision_type=2 2 2 2 2 2 2 2 2 2 2 2 2 2 2 2 2 2 2 2 2 2 2 2
left_child=-1 2 3 6 14 -6 8 -3 -2 10 -5 12 -10 -14 17 19 -11 18 21 -9 -21 22 -4 -24
right_child=1 7 4 9 5 -7 -8 15 11 16 -12 -13 13 -15 -16 -17 -18 -19 -20 20 -22 -23 23 -25
leaf_value=-0.10394910857444442 0.010783894932802277 -0.017472601950181299 -0.069025451316446801 -0.037512686102537218 0.068515013801315292 -0.033546889589766954 0.056969468608623314 0.069308413659884202 -0.075065677180076076 0.093605703303711374 0.069866797706767542 -0.074437597214425819 0.047945712939048708 -0.03758634850721719 -0.01726494511666939 0.029790284685149465 0.060888073661419233 -0.092358908616217456 -0.077442149600987539 0.072927159859223434 0.070890826158152218 -0.070502492099625808 -0.068612169210859927 -0.068095164742096329
leaf_weight=1.1587268114089955 4.050662018358703 2.1127213723957521 1.1243534572422496 1.9400585964322092 2.1480156388133755 2.6907050684094429 1.9831016510725081 1.7704012393951414 1.7593818828463534 1.3228871971368787 1.8609000928699959 3.3438524305820465 1.8760224394500253 2.2243244629353285 2.345045018941164 1.7712524849921463 2.699240542948246 1.0570717789232729 1.2702837567776439 1.5982913896441462 1.7823065333068369 0.96348419785499517 0.76402913779020309 0.88258283212780952
leaf_count=4 17 22 25 22 20 30 31 35 19 6 33 34 22 31 19 22 38 11 12 15 27 13 20 29
internal_value=0 0.00157174 -0.00854402 0.00552649 -0.0330407 0.0117607 -0.0143054 0.0422207 -0.0249696 0.0441539 0.0150589 -0.0407053 -0.021456 0.00154694 -0.0588269 0.0604396 0.071649 -0.0749054 -0.071219 0.0709788 0.0718536 -0.0691021 -0.0686152 -0.0683351
internal_weight=0 45.341 36.306 23.0604 13.2456 4.83872 15.2373 9.03497 13.2542 7.82309 3.80096 9.20358 5.85973 4.10035 8.40685 6.92225 4.02213 6.06181 5.00473 5.151 3.3806 3.73445 2.77097 1.64661
internal_count=557 553 432 253 179 50 154 121 123 99 55 106 72 53 129 99 44 110 99 77 42 87 74 49
is_linear=0
shrinkage=0.1


Tree=79
num_leaves=24
num_cat=0
split_feature=24 20 13 25 19 2 14 14 2 3 23 20 20 19 0 20 18 18 14 11 22 23 23
split_gain=1.00866 0.950641 1.26522 0.842059 0.901482 0.741519 1.5205 1.59026 0.980444 0.91282 0.752059 0.614371 0.886168 0.549775 0.527121 0.403486 0.61482 0.306125 0.254443 0.261595 0.0054255 8.64322e-05 1.897e-05
threshold=0.0035706036768723415 27.366240382781623 166939.50000000003 0.026294932336150992 -0.59997778948411262 114916.70000000003 111619.89829137579 111459.3906045281 111448.10000000002 109431.70000000001 0.031299792603293318 47.00387052012416 51.765060482516631 -1.0404952379206278 1761453000000.0002 66.125618104364605 -2.5290200099578137 -3.4455799071463136 109984.94939002475 377.48750000000001 18.696539713355737 0.020451001576856906 0.019455619899803323
decision_type=2 2 2 2 2 2 2 2 2 2 2 2 2 2 2 2 2 2 2 2 2 2 2
left_child=1 -1 15 4 5 6 7 8 9 10 11 -4 -13 -14 -6 16 17 -3 -11 -20 -16 22 -2
right_child=21 2 3 -5 14 -7 -8 -9 -10 18 -12 12 13 -15 20 -17 -18 -19 19 -21 -22 -23 -24
leaf_value=-0.0537811147574783 -0.067701186163763943 -0.02920835292228291 -0.06189399429687005 0.077995999870950683 0.014917907615373888 0.075528213295839086 -0.048446263015491361 0.10511593095591816 -0.048795540738900606 0.075326703903565384 0.045650760682599545 0.064259940050333683 0.015108593098816073 -0.056362434481692494 -0.06956783204346452 -0.080737849599262362 -0.073921117728450156 0.039442993326517031 0.010411789892541469 0.062722601357322008 -0.058769184850097633 -0.069479317299349572 -0.068479073923999059
leaf_weight=2.5873352233320466 0.62053158227354177 1.1700119581073525 1.8740600347519079 2.0681604333221904 1.2715302556753187 2.0802247282117596 3.434481728821992 2.1345895659178487 2.1922134123742572 2.6953926384448996 3.1883807778358459 1.723305271938443 2.1543737482279637 2.1507422681897781 1.4893355984240773 1.4614724423736332 1.359525237232446 1.4601179640740154 2.0148756522685294 1.8190302960574625 0.67665070109069336 0.7030328195542096 0.63359461352229118
leaf_count=34 31 26 33 15 20 7 39 10 16 27 35 15 18 31 34 19 19 19 23 24 28 15 19
internal_value=0 0.00489068 0.008842 0.0162213 0.0120865 0.0181297 0.0134254 0.0231077 0.0142721 0.0221187 0.00465491 -0.0118855 0.00366066 -0.0205968 -0.0361911 -0.0357864 -0.01932 0.00890348 0.0517832 0.0352311 -0.0661944 -0.0685917 -0.0680942
internal_weight=0 41.0058 38.4185 32.9673 30.8992 27.4617 25.3814 21.947 19.8124 17.6202 11.0909 7.90248 6.02842 4.30512 3.43752 5.45113 3.98966 2.63013 6.5293 3.83391 2.16599 1.95716 1.25413
internal_count=557 492 458 375 360 278 271 232 222 206 132 97 64 49 82 83 64 45 74 47 62 65 50
is_linear=0
shrinkage=0.1


Tree=80
num_leaves=26
num_cat=0
split_feature=1 11 7 19 19 2 1 2 4 17 20 0 20 2 18 3 0 3 11 3 18 25 23 14 19
split_gain=1.10125 1.83535 0.888583 0.712393 1.54431 1.10023 1.06679 0.555155 1.76833 0.798119 0.953132 1.23674 0.54427 0.329831 0.0958085 0.0191606 0.00258741 0.000944793 0.000840421 2.00108e-05 1.07883e-05 9.45213e-06 1.17996e-05 5.22114e-06 2.63731e-07
threshold=108395.00000000001 377.43620000000004 1.16415 -0.70105994805808314 -0.52615654533316636 111922.15000000001 111272.25000000001 102252.05 1.1584000000000001 -0.84785688798278935 30.736761578248714 1760859000000.0002 30.476300117053437 109437.90000000001 -2.3611455613785304 108301.30000000002 1760610600000.0002 102758.55000000002 377.21500000000009 109963.25000000001 -2.186140260735951 0.011561022685725441 0.015188201322968628 112430.13990224345 -0.54286790335110524
decision_type=2 2 2 2 2 2 2 2 2 2 2 2 2 2 2 2 2 2 2 2 2 2 2 2 2
left_child=7 12 3 5 -5 6 -3 -1 14 -10 -11 -12 -2 -4 17 -14 -15 -9 19 21 23 22 -17 -21 -25
right_child=1 2 13 4 -6 -7 -8 8 9 10 11 -13 15 16 -16 18 -18 -19 -20 20 -22 -23 -24 24 -26
leaf_value=0.072368923402930205 0.0089421998779728173 0.010624850996489398 -0.001836259419256735 -0.065555401004280617 0.041851148973475007 -0.027731582190746625 0.10768254488847527 -0.072904613428257034 0.074104260016329068 0.054503667382646198 -0.073010675828970625 0.038420411936189294 -0.082601877536208526 -0.068189139132837653 -0.029387780823414884 -0.068335425030413982 -0.075830634324321078 -0.068409065887332657 -0.07209017630113039 -0.067758454627825926 -0.068108496990721218 -0.068494504774311168 -0.067660011518400009 -0.06730875951139563 -0.067437545966134979
leaf_weight=1.8036305047571648 0.98740357533097523 2.0174299944192162 1.0896404534578317 2.5946655850857496 2.765450093895196 1.7669988013803957 2.5815586745738983 0.79363390244543586 3.1514475308358643 3.1864542327821264 2.0494526475667958 1.9377292022109029 1.2448511421680448 0.99735946394503094 0.81598321534693141 0.53903424739837669 0.79735818319022655 1.1375771816819904 0.56479803659021843 0.8021834166720494 0.55285854265093926 0.66445416398346413 0.49728051666170359 0.30962360557168578 0.32687799353152658
leaf_count=18 12 35 18 27 29 17 12 11 30 20 34 19 6 34 21 17 10 36 10 37 19 19 24 22 20
internal_value=0 -0.0151664 0.00448931 0.0167204 -0.010141 0.0393375 0.0651064 0.0203613 0.0131856 0.0321572 0.0137294 -0.0188563 -0.0594203 -0.0452351 -0.0581175 -0.0716889 -0.0715841 -0.0702565 -0.0684977 -0.0679482 -0.067733 -0.0682001 -0.0680113 -0.0675888 -0.0673749
internal_weight=0 21.0998 14.6105 11.7261 5.36012 6.36599 4.59899 14.8759 13.0723 10.3251 7.17364 3.98718 6.48937 2.88436 2.74719 5.50196 1.79472 1.93121 4.25711 3.69231 1.99154 1.70077 1.03631 1.43869 0.636502
internal_count=557 368 182 120 56 64 47 189 171 103 73 53 186 62 68 174 44 47 168 158 98 60 41 79 42
is_linear=0
shrinkage=0.1


Tree=81
num_leaves=26
num_cat=0
split_feature=10 11 0 0 14 23 3 9 16 23 18 23 1 11 12 20 18 3 1 13 22 17 22 18 0
split_gain=1.22858 1.70701 1.35787 1.47241 2.50095 2.09736 1.32668 1.64685 1.12124 0.878871 0.781534 0.600513 0.565475 0.542368 0.279303 0.467258 0.0218764 0.0206298 0.0130155 0.00155386 0.000397759 0.000797649 7.85605e-05 6.54085e-05 5.70203e-06
threshold=362.61995000000007 367.94370000000009 1762057800000.0002 1761312600000.0002 108306.73387963064 0.022411454699425602 111093.10000000002 386.49000000000007 379.98499999901509 0.026026290902957164 -3.7957812238231141 0.032725428982870571 114741.65000000001 391.41000000000003 369.46000000000009 60.16744282871921 -1.546673132442143 107917.50000000001 111703.50000000001 2616524.0000000005 47.821421501733305 -0.69493665990570141 50.00193646971001 -2.3611455613785304 1760805000000.0002
decision_type=2 2 2 2 2 2 2 2 2 2 2 2 2 2 2 2 2 2 2 2 2 2 2 2 2
left_child=-1 9 3 4 13 6 7 8 -6 20 -9 -11 14 17 15 -5 18 19 -16 22 21 -2 24 -4 -3
right_child=1 2 23 12 5 -7 -8 10 -10 11 -12 -13 -14 -15 16 -17 -18 -19 -20 -21 -22 -23 -24 -25 -26
leaf_value=-0.098954346092575474 0.072588524733812596 -0.068383263540611902 0.068846710331880501 -0.070254747864656727 -0.010708923175426661 0.081606010139645635 0.062085673156700084 0.066835216649489687 -0.10673327200538903 -0.024058536316447627 -0.014156191341176247 0.051391962837623345 0.0096338413507979486 0.00032643375823347595 -0.072212652883114778 0.01087799242374915 -0.083231253475280209 -0.085426526118799986 -0.058931040664189707 -0.073388834158407079 0.069062949235328186 0.06929368903165635 -0.069523855798984777 0.069968114542274196 -0.067983156592670776
leaf_weight=1.2468971908092488 1.4889562986791132 0.71245601400733682 0.99289939366281066 1.553772017359732 2.4177517071366328 4.1173185631632796 2.6307072490453711 2.2325383760035042 2.4464511275291443 2.4989233911037445 2.5549041461199518 1.8254375010728834 1.4662839844822881 1.2457644790410993 2.5337843578308821 1.3069145437330005 1.3638454061001541 1.2475763820111749 1.0409673918038604 1.0073574427515266 1.7634355183690784 1.4505783263593897 0.6305684745311736 1.0923531148582686 0.71228977479040623
leaf_count=14 18 21 24 29 26 30 30 28 14 21 26 26 9 9 38 13 17 6 20 12 39 31 12 18 26
internal_value=0 0.00175977 -0.00869439 -0.0139126 0.000194976 0.0198396 -0.000865921 -0.0180244 -0.0590044 0.0403306 0.0236127 0.0077913 -0.0473418 -0.0577899 -0.0580533 -0.033189 -0.072456 -0.0745869 -0.068345 -0.0701715 0.0702503 0.0709626 -0.0685945 0.0694342 -0.0681832
internal_weight=0 42.3338 33.3065 31.2213 21.9557 16.3997 12.2824 9.65165 4.8642 9.02733 4.78744 4.32436 9.26557 5.55601 7.79928 2.86069 4.9386 4.31025 3.57475 3.06267 4.70297 2.93953 2.05531 2.08525 1.42475
internal_count=557 543 408 366 240 154 124 94 40 135 54 47 126 86 117 42 75 77 58 71 88 49 59 42 47
is_linear=0
shrinkage=0.1


Tree=82
num_leaves=25
num_cat=0
split_feature=24 12 0 22 13 19 18 2 2 25 24 14 3 23 4 17 17 14 1 23 11 19 18 23
split_gain=0.903167 0.866127 0.794757 0.709458 0.670332 0.683627 1.01462 1.86814 1.44923 0.953088 1.09495 0.602284 0.561034 0.523376 0.48066 0.450146 0.169144 0.0030008 0.00138542 7.12297e-05 5.7845e-05 3.83747e-05 3.31737e-05 1.57788e-05
threshold=0.0035706036768723415 389.23000000000008 1762057800000.0002 79.918281298474454 25937.500000000004 -2.7058863631690322 -2.6189681617629197 112327.00000000001 111650.35000000002 0.0063531602160872853 0.00098939305814399405 109984.94939002475 107917.50000000001 0.031153265404271095 1.1599000000000002 -0.70197564775797539 -0.84595248836721837 108670.37428032792 112610.00000000001 0.021089424186874036 377.48750000000001 -0.49470747330489734 -2.3611455613785304 0.019455619899803323
decision_type=2 2 2 2 2 2 2 2 2 2 2 2 2 2 2 2 2 2 2 2 2 2 2 2
left_child=1 2 4 21 -1 -6 7 8 9 -7 16 12 -12 17 -8 -16 -11 -3 -9 23 -20 22 -4 -2
right_child=19 13 3 -5 5 6 14 18 -10 10 11 -13 -14 -15 15 -17 -18 -19 20 -21 -22 -23 -24 -25
leaf_value=-0.044692134196796095 -0.067592913089322401 -0.076331500732710347 -0.068115935751416265 0.033981026583309419 -0.033890118626923309 -0.050987356774289318 0.081469714661540349 -0.073860781462824501 0.08979965901497404 0.037154725494258203 -0.022944111886579702 -0.050998747709624974 0.054890935572670774 0.0063474778122883328 -0.0059929654615425683 0.051662037978937009 0.073540891316452001 -0.06876019900674267 -0.068123677892650433 -0.069363437197013031 -0.069251590802616211 -0.067760910832596097 -0.069070601838521858 -0.068314460416392095
leaf_weight=1.8166128396987939 0.55418751947581657 0.8292237389832734 0.68889343366026923 0.96723556891083706 2.353279463946822 2.2618751246482232 3.0824798569083161 0.74361966736614649 2.5985772870481005 2.760043777525425 1.8840328827500346 2.1727908533066511 1.8212654441595075 1.3989924564957616 1.9934523385018108 4.2228633332997561 2.3785454668104631 1.4197158142924307 0.8250961611047386 0.54341610707342614 1.0128388572484253 0.80632552504539412 0.77177367359399796 0.6688446719199419
leaf_count=16 31 11 26 8 20 36 20 11 15 27 28 22 12 8 27 32 28 38 30 12 20 39 18 22
internal_value=0 0.00470295 0.00951478 -0.0377219 0.0142998 0.0178589 0.0222462 0.00867633 0.0215043 0.00813913 0.0202786 -0.00919791 0.0153142 -0.0416772 0.0491831 0.0331732 0.0539971 -0.0715519 -0.0702188 -0.0684108 -0.0687452 -0.0683147 -0.0686204 -0.0679875
internal_weight=0 38.8095 35.1616 3.23423 31.9274 30.1108 27.7575 18.4587 15.8771 13.2786 11.0167 5.87809 3.7053 3.64793 9.2988 6.21632 5.13859 2.24894 2.58155 1.76645 1.83794 2.26699 1.46067 1.22303
internal_count=557 492 435 91 344 328 308 229 168 153 117 62 40 57 79 59 55 49 61 65 50 83 44 53
is_linear=0
shrinkage=0.1


Tree=83
num_leaves=27
num_cat=0
split_feature=10 14 23 0 19 0 23 19 20 19 12 14 13 23 20 19 25 10 20 20 3 0 3 22 19 4
split_gain=0.998766 1.19424 2.06156 1.47192 1.10996 1.10311 0.962115 0.917405 0.935875 1.09191 0.685221 1.05906 0.169194 0.0881939 0.0151824 0.0128503 0.00134488 0.000824309 0.000121855 1.68933e-05 1.3011e-05 1.47381e-05 4.76053e-06 4.49008e-06 4.30379e-06 3.6149e-06
threshold=401.94875000000008 109183.43156771226 0.012757516301438792 1760455800000.0002 -0.70105994805808314 1761453000000.0002 0.044650446284438684 -0.92011996038303245 29.657101541721399 -0.78828392309505169 369.46000000000009 102366.31535390262 372377.00000000006 0.024369762078469439 79.045473167115247 -0.68862847901382607 0.0014972946142189924 397.73000000000008 71.783825578886933 30.736761578248714 110476.30000000002 1761895800000.0002 114011.05 49.497892586878159 -0.644135956677101 1.1621500000000002
decision_type=2 2 2 2 2 2 2 2 2 2 2 2 2 2 2 2 2 2 2 2 2 2 2 2 2 2
left_child=1 6 4 -4 -3 -6 7 12 -9 13 11 -11 -1 -10 16 -13 -5 18 19 -18 21 23 24 -21 25 -22
right_child=-2 2 3 14 5 -7 -8 8 9 10 -12 15 -14 -15 -16 -17 17 -19 -20 20 22 -23 -24 -25 -26 -27
leaf_value=0.031935948246660122 0.072127939589353637 0.058614091238256033 0.098106852049661797 -0.073159094250345238 -0.080759828581022805 0.037315562364699954 -0.05736144597842481 0.046151668487847367 -0.038315812752126678 0.073552287764804533 0.072594708454431903 -0.052154493221755853 0.073932212306053235 -0.070872404306176653 -0.083664938883514589 -0.070249905006424404 -0.068455464871418001 -0.072010672750977278 -0.069178147735049642 -0.068004746016916653 -0.067854009869975973 -0.067602774446815603 -0.067377780367405257 -0.068368266067577621 -0.068039922673722206 -0.067508585819226183
leaf_weight=1.4295052792876966 1.7981495894491661 3.190994817763567 0.55544578284025004 0.70230301748961199 1.6726036053150886 1.501510417088866 1.7370161488652218 3.83285156078637 1.4792831242084497 0.91373268887400749 1.5498687773942945 0.73885776288807359 2.9166279472410679 1.9018025733530519 0.78981610387563694 0.83702394831925642 0.54100409802049387 0.6142994500696658 0.9479340724647044 0.58220287039876006 0.55585504882037573 0.54235036298632611 0.40744328778237093 0.81601466238498688 0.4107170086354025 0.66591535601764917
leaf_count=25 17 29 4 9 13 31 10 35 15 9 16 16 35 37 4 24 16 7 24 21 23 28 28 26 16 39
internal_value=0 -0.00447598 -0.0256575 -0.0590225 0.0169656 -0.0249044 0.0132355 0.0210965 0.00602582 -0.0146999 0.0203946 -0.0121017 0.060119 -0.0566283 -0.0705429 -0.0617658 -0.0690157 -0.0685374 -0.0681473 -0.0679312 -0.0678599 -0.0680453 -0.0676836 -0.0682169 -0.0677599 -0.0676657
internal_weight=0 31.833 14.4964 8.1313 6.36511 3.17411 17.3366 15.5996 11.2534 7.42057 4.03948 2.48961 4.34613 3.38109 7.57586 1.57588 6.78604 6.08374 5.46944 4.5215 3.9805 1.94057 2.03993 1.39822 1.63249 1.22177
internal_count=557 540 318 245 73 44 222 212 152 117 65 49 60 52 241 40 237 228 221 197 181 75 106 47 78 62
is_linear=0
shrinkage=0.1


Tree=84
num_leaves=27
num_cat=0
split_feature=11 22 14 0 25 3 14 25 1 2 11 17 20 17 4 1 16 12 16 19 13 17 24 18 3 17
split_gain=1.01543 1.7182 1.45303 1.09632 0.900667 0.821369 0.844551 2.42105 1.0194 0.722261 0.564388 0.740749 0.431086 0.331615 0.133787 0.0354911 0.00410898 0.00131964 0.000948385 0.000257064 0.000216963 0.000127178 2.58171e-05 2.55823e-05 7.84149e-06 4.23499e-06
threshold=377.43620000000004 50.00193646971001 109984.94939002475 1760967000000.0002 0.01970879977753821 108341.05000000002 108306.73387963064 0.011142725009701334 102762.70000000003 112327.00000000001 361.94505000000009 -0.80925291542062128 73.027878216078378 -0.70945203810423596 1.1607000000000003 109767.85000000002 388.9900000007396 371.36000000000007 395.37500000117217 -0.73738137834354756 901507.00000000012 -0.63177231918323506 0.00060207406342127482 -3.7427089814739296 105835.50000000001 -0.80570469220673135
decision_type=2 2 2 2 2 2 2 2 2 2 2 2 2 2 2 2 2 2 2 2 2 2 2 2 2 2
left_child=2 9 5 4 18 6 7 8 -1 12 -4 -12 14 -7 -2 -13 21 19 -3 -17 24 22 25 -21 -10 -16
right_child=1 3 10 -5 -6 13 -8 -9 20 -11 11 15 -14 -15 16 17 -18 -19 -20 23 -22 -23 -24 -25 -26 -27
leaf_value=-0.037133982663335945 -0.11123665037744544 0.069815371310403093 -0.024823415176677736 -0.035296170570772549 -0.020165153632531671 -0.077232653851356872 0.046725302818369591 -0.075957576098966556 0.068618365454877678 -0.0089130025494609365 0.0022965491789168038 0.090119457027398348 -0.0093235536949541342 -0.015235699030537059 -0.067778207895124565 0.07039352353639991 -0.075445475711760093 0.073547503381982723 0.073183098759526541 0.068240420628970261 0.070580322623278888 -0.069638058667933961 -0.068708439563840956 0.068957589502591662 0.069021492506191814 -0.068134345931966531
leaf_weight=1.278674971312286 0.99168357253074813 1.3990905918180936 0.99259408190846254 2.7079301476478577 1.5336253121495245 1.8792483694851401 3.6081202998757362 3.3314968459308147 1.0241545867174866 3.2854027710855007 1.9297956749796865 1.1393958851695059 1.0982414595782755 1.5950613971799601 0.5417808126658209 1.3453648760914796 1.2485012747347353 0.95169975608587254 2.0784234665334225 0.98123623244464342 1.0742243789136408 0.95030015893280451 0.8009886723011731 1.0087038036435854 0.91237424686551083 0.87021074071526561
leaf_count=14 3 25 14 34 16 28 17 38 26 32 24 6 12 16 23 21 16 12 22 31 16 17 20 24 20 30
internal_value=0 -0.0193059 0.0126398 0.0159706 0.0436742 -0.00627864 0.00686827 -0.012002 0.0376708 -0.0471285 0.0459578 0.0555085 -0.0664393 -0.0487697 -0.0780479 0.0744323 -0.0705877 0.070263 0.0718282 0.0693258 0.0694405 -0.0686705 -0.0682549 0.068604 0.0688083 -0.0679977
internal_weight=0 17.5062 23.0521 7.71907 5.01114 14.7034 11.229 7.62093 4.28943 9.78711 8.34879 7.3562 6.50171 3.47431 5.40347 5.4264 4.41178 4.287 3.47751 3.3353 3.01075 3.16328 2.21298 1.98994 1.93653 1.41199
internal_count=557 250 307 97 63 175 131 114 76 153 132 118 121 44 109 94 106 88 47 76 62 90 73 55 46 53
is_linear=0
shrinkage=0.1


Tree=85
num_leaves=27
num_cat=0
split_feature=13 13 17 14 23 6 0 1 13 12 14 25 14 1 24 17 20 2 17 24 14 2 3 18 14 13
split_gain=0.79793 0.900544 0.60583 0.791238 0.638931 0.718441 0.883961 0.974254 0.710544 0.963774 1.05572 0.731158 0.524092 0.840918 0.504076 0.491389 0.418093 0.62563 0.359404 0.0618623 0.0133686 0.0118154 0.00368739 0.000799982 2.15621e-05 2.25654e-06
threshold=2363254.5000000005 166939.50000000003 -0.57815986702045652 111459.3906045281 0.01472488553563 1.15995 1761431400000.0002 109961.05000000002 354059.50000000006 381.00500000000005 110370.92083836949 0.018884019322219971 109839.00011609019 108642.50000000001 0.00073624075930866877 -0.77913906781947118 31.916409666840178 110174.60000000002 -0.80925291542062128 0.002805894346557813 111632.04773623588 110925.35000000002 110725.65000000001 -1.9512115341140517 107996.18299637108 63369.500000000007
decision_type=2 2 2 2 2 2 2 2 2 2 2 2 2 2 2 2 2 2 2 2 2 2 2 2 2 2
left_child=1 12 4 22 5 6 -3 -8 14 10 15 -11 13 19 -6 -10 -2 -18 -14 -1 -9 -20 24 25 -4 -23
right_child=16 2 3 -5 8 -7 7 20 9 11 -12 -13 18 -15 -16 -17 17 -19 21 -21 -22 23 -24 -25 -26 -27
leaf_value=-0.068780037621801723 -0.090554667880748729 0.075077265345519673 -0.067741512621371056 0.018614375440716372 0.089485605845604513 -0.072289750897146302 0.052238373614726066 -0.054254578222804731 -0.015913695530488547 0.010123027761246434 -0.067869381526538194 0.083248862047982819 -0.00060119392826130558 0.065321988680964574 0.029898198956351957 0.044895715656722492 0.031602913426048984 -0.069263638501456962 -0.084247626136635417 -0.025560359653266276 -0.070848028482011244 -0.068171532214513733 -0.077518172208013297 -0.07259952709214372 -0.068625181422396084 -0.067871000620267602
leaf_weight=0.75007633119821482 1.2293158732354634 1.4271199554204965 0.75476009398699095 2.1105865575373173 2.6634532529860762 1.3890367150306699 1.16996705532074 0.90471682883799065 2.5599084114655897 2.6964413151144981 2.1144929826259613 2.773931534960866 0.88486483506858382 1.2067654971033333 3.0400942619889975 2.7633672654628691 1.2224619928747418 1.2373356232419608 0.86458544433116946 0.59300924651324749 1.0478857364505527 0.5338634764775636 0.63156677596271027 0.62012488581240122 0.43543324060738087 0.46961038932204247
leaf_count=23 14 17 37 12 33 36 12 24 33 39 39 22 8 10 24 17 11 32 7 22 16 20 5 10 14 20
internal_value=0 0.00600297 0.0133805 -0.0230603 0.0192174 -0.00934162 0.00987667 -0.0199222 0.0283302 0.0153422 -0.00809162 0.0472039 -0.0294752 0.00473773 0.0577244 0.0156531 -0.0429342 -0.0191353 -0.0553384 -0.0496974 -0.0631596 -0.0748045 -0.0713421 -0.0697759 -0.0680648 -0.0680309
internal_weight=0 34.4057 28.4828 3.93235 24.5504 5.93873 4.54969 3.12257 18.6117 12.9081 7.43777 5.47037 5.9229 2.54985 5.70355 5.32328 3.68911 2.4598 3.37305 1.34309 1.9526 2.48818 1.82176 1.6236 1.19019 1.00347
internal_count=557 500 380 68 312 105 69 52 207 150 89 61 120 55 57 50 57 43 65 45 40 57 56 50 51 40
is_linear=0
shrinkage=0.1


Tree=86
num_leaves=28
num_cat=0
split_feature=10 14 23 0 19 0 23 19 20 19 10 14 4 17 20 25 3 10 20 3 22 10 13 18 14 9 0
split_gain=0.903438 1.05809 1.8699 1.26056 0.953387 0.965824 0.828411 0.81983 0.804116 0.964031 0.60046 1.07963 0.171145 0.130876 0.0118217 0.00104795 0.000625901 0.000582959 9.60313e-05 1.23569e-05 1.21556e-05 5.56708e-06 4.68822e-06 3.90304e-06 5.05419e-06 7.32165e-07 1.1817e-07
threshold=401.94875000000008 109183.43156771226 0.012757516301438792 1760455800000.0002 -0.70105994805808314 1761453000000.0002 0.044650446284438684 -0.92011996038303245 29.657101541721399 -0.78828392309505169 369.51500000000004 102366.31535390262 1.1599000000000002 -0.80158076785784538 79.045473167115247 0.0014972946142189924 106331.35000000002 397.73000000000008 71.783825578886933 110960.40000000001 71.188195004804456 378.80500000000006 166939.50000000003 -2.186140260735951 112824.57928657449 369.17500000000007 1761647400000.0002
decision_type=2 2 2 2 2 2 2 2 2 2 2 2 2 2 2 2 2 2 2 2 2 2 2 2 2 2 2
left_child=1 6 4 -4 -3 -6 7 12 -9 13 11 -11 -1 -10 15 -5 -15 18 19 20 21 22 -17 24 -21 -24 -26
right_child=-2 2 3 14 5 -7 -8 8 9 10 -12 -13 -14 16 -16 17 -18 -19 -20 23 -22 -23 25 -25 26 -27 -28
leaf_value=0.029995246068683829 0.071145046309235738 0.056196854203779623 0.080062883811601523 -0.072600852333714314 -0.079280599600704466 0.035689355314767114 -0.054803439512823099 0.043897515648071476 -0.028562360200113868 0.072883141830431833 0.06605658956500074 -0.07358802482540025 0.073759764140675504 -0.07265616718674138 -0.082160003073859858 -0.067985775753535718 -0.069065332654763043 -0.071420187417041273 -0.068971721994682628 -0.067681090258842225 -0.068306920963693993 -0.068065985283350172 -0.067482644308343082 -0.067842030072764667 -0.067295468687745399 -0.067660626666193713 -0.067198772151279937
leaf_weight=1.3420211318880326 1.6863724701106537 3.0387544948607683 0.60713456571102131 0.65052761696279038 1.5134857539087518 1.4127170164138076 1.6147617027163494 3.6582041177898716 1.1826898660510781 0.83879492431879166 1.6206451989710329 1.257923439145088 2.6738936044275761 0.87185052037239019 0.74305596947669972 0.39493338018655799 1.0951713994145391 0.557897763326764 0.85757337696850289 0.57968251965939976 0.66890964563935984 0.59390949830412854 0.44920061808079481 0.40882057789713133 0.26054877322167158 0.47609864175319672 0.24543130677193403
leaf_count=26 17 29 4 9 13 31 10 35 10 9 20 36 34 9 4 15 33 7 24 29 24 21 26 18 20 23 21
internal_value=0 -0.00410356 -0.0248132 -0.0580687 0.0169653 -0.0237752 0.0131486 0.0206945 0.0060276 -0.0141463 0.0203424 -0.014992 0.0591347 -0.0548508 -0.0702466 -0.0688057 -0.0706569 -0.0683562 -0.0680098 -0.0678075 -0.06794 -0.0678117 -0.0676973 -0.0675787 -0.0674795 -0.0675742 -0.0672486
internal_weight=0 29.6146 13.4587 7.49372 5.96496 2.9262 16.156 14.5412 10.5253 6.86708 3.71736 2.09672 4.01591 3.14971 6.88659 6.14353 1.96702 5.49301 4.93511 4.07753 2.58305 1.91414 1.32023 1.49448 1.08566 0.925299 0.50598
internal_count=557 540 318 245 73 44 222 212 152 117 65 45 60 52 241 237 42 228 221 197 109 85 64 88 70 49 41
is_linear=0
shrinkage=0.1


Tree=87
num_leaves=27
num_cat=0
split_feature=10 11 0 0 14 23 3 9 18 10 23 1 16 11 12 20 18 1 1 4 17 17 20 25 18 20
split_gain=1.03924 1.32468 1.13102 1.21512 1.98924 1.76542 1.14073 1.19966 1.139 0.875127 0.758849 0.495117 0.489722 0.475004 0.268455 0.384128 0.0214258 0.0108909 0.0103912 0.000709724 0.00029609 0.000583165 5.09695e-05 4.8173e-05 4.06896e-05 2.0835e-06
threshold=362.61995000000007 367.94370000000009 1762057800000.0002 1761312600000.0002 108306.73387963064 0.022411454699425602 111093.10000000002 386.49000000000007 -3.0829408551677222 380.89500000000004 0.026026290902957164 114741.65000000001 366.38500000032838 391.41000000000003 369.46000000000009 60.16744282871921 -1.546673132442143 108316.85000000002 111703.50000000001 1.1607000000000003 -0.70197564775797539 -0.79193247183472981 45.135377356251489 0.024246806382949522 -2.1258030707073758 55.468825832417359
decision_type=2 2 2 2 2 2 2 2 2 2 2 2 2 2 2 2 2 2 2 2 2 2 2 2 2 2
left_child=-1 10 3 4 13 6 7 9 -9 -6 20 14 -12 17 15 -5 18 19 -16 -3 21 -2 -4 25 -22 -21
right_child=1 2 22 11 5 -7 -8 8 -10 -11 12 -13 -14 -15 16 -17 -18 -19 -20 23 24 -23 -24 -25 -26 -27
leaf_value=-0.09515310246801148 0.068928355447471265 -0.071850252074207435 0.069536950387015337 -0.067920645770261565 -0.0095273066263081227 0.079887072139428222 0.06131571713684774 0.060790796995659258 -0.049973116936525674 -0.098138651303382313 -0.028483746914612203 0.0088009810981923564 0.04309389114219677 0.0012738266716074871 -0.071323457642783902 0.010452517033715277 -0.083373649839061828 -0.081336207916858916 -0.058513499843875744 -0.067978358845163345 0.068361104694058664 0.072239273051066505 0.068460877554483685 -0.068986801212621338 0.069320436227565979 -0.067689346808354409
leaf_weight=1.1364496164023865 1.0771885216236117 0.84410252049566348 1.0190984420478333 1.3152599427849039 2.2390500940382463 3.6049759350717059 2.3165024556219569 2.6184099875390543 1.4383691158145651 2.2191633991897106 1.9236027207225563 1.3999113123863933 1.8999870065599678 1.122493205592036 2.1311322432011366 1.1922746598720548 1.1852838415652516 1.1365764364600179 0.9009462147951125 0.58523115515708901 0.93629785627126716 1.0510500632226469 0.77486138977110375 0.59600087068974983 0.83768884092569218 0.43472617864608765
leaf_count=14 28 11 20 29 26 30 30 34 20 14 24 9 23 9 38 13 17 7 20 23 30 14 22 16 16 20
internal_value=0 0.00193962 -0.00784056 -0.0128983 0.000846598 0.0192711 -0.000903326 -0.01783 0.0215184 -0.0536353 0.0387451 -0.0453043 0.00708403 -0.0555165 -0.0565674 -0.030656 -0.0719736 -0.0732405 -0.0675171 -0.0695001 0.0697682 0.0705635 0.0690722 -0.0682725 0.0688141 -0.0678552
internal_weight=0 36.8002 29.0744 27.2804 19.1556 14.4365 10.8315 8.51499 4.05678 4.45821 7.72582 8.12481 3.82359 4.71913 6.7249 2.50753 4.21736 3.59664 3.03208 2.46006 3.90223 2.12824 1.79396 1.61596 1.77399 1.01996
internal_count=557 543 408 366 240 154 124 94 54 40 135 126 47 86 117 42 75 77 58 70 88 42 42 59 46 43
is_linear=0
shrinkage=0.1


Tree=88
num_leaves=25
num_cat=0
split_feature=13 13 16 20 13 19 18 25 1 19 0 20 14 1 20 23 23 22 17 21 20 23 25 19
split_gain=0.726554 0.781147 0.899651 0.680743 1.25049 0.587079 0.862876 1.41435 0.663295 0.724333 0.705906 0.654959 0.467322 0.487503 0.366515 0.430161 0.345943 0.224221 0.318758 0.207247 0.130362 0.0686207 0.0155243 0.00366873
threshold=2363254.5000000005 166939.50000000003 359.62000000145753 43.230198896414088 1737356.5000000002 -2.7058863631690322 -2.6189681617629197 0.00077096622836906714 111352.25000000001 -0.74457486751067103 1760805000000.0002 70.079028434801302 110271.92358892465 108642.50000000001 31.916409666840178 0.020194788957220093 0.015048552399531593 41.317444359565016 -0.72261094076021026 1.0000000180025095e-35 48.488979440889437 0.030835979722403779 0.01731589908885503 -0.9720111576782855
decision_type=2 2 2 2 2 2 2 2 2 2 2 2 2 2 2 2 2 2 2 2 2 2 2 2
left_child=1 12 -3 4 17 -5 7 23 10 -10 -9 19 13 21 -2 -16 -8 18 -4 -12 -14 -1 -19 -7
right_child=14 2 3 5 -6 6 16 8 9 -11 11 -13 20 -15 15 -17 -18 22 -20 -21 -22 -23 -24 -25
leaf_value=-0.069045248720433258 -0.088699593308355168 0.15957929216025424 0.016494805797665407 -0.034328838157815823 0.08555383710380253 -0.077771853401529145 0.026084400423599354 0.088153743287034833 -0.081709742317464862 0.024956510832531295 0.017483718978234586 -0.029669345174458239 -0.031592158174980581 0.034848378049283868 -0.069060382284081581 0.018547985380941746 0.074240231609618151 -0.052553016820469325 -0.058542771091454462 0.059709516316022372 -0.077158601534327464 -0.021183783496029975 -0.070366102111561912 -0.068593455805934775
leaf_weight=0.69828793313354187 1.1482254751026624 0.41116096079349773 1.1553115714341404 1.9014559164643348 0.91639800556004036 0.71347082220017899 2.5132245160639188 1.9960175398737172 1.1316604753956201 1.4553403751924623 2.155474316328764 1.8770860545337198 1.0404136627912524 1.6454704143106935 0.98936131689697537 1.2928025824949143 3.6705170022323728 0.71419861540198359 1.110046057030561 2.5226983539760113 1.5833609485998748 0.52461463306099176 1.5533765247091649 1.1177605008706528
leaf_count=29 14 2 15 15 8 11 23 24 16 27 32 16 35 15 28 15 34 31 33 21 25 16 34 38
internal_value=0 0.00577887 0.0127921 0.0105149 -0.0209871 0.0186682 0.0239296 0.00927351 0.0226635 -0.0217037 0.0360858 0.0202315 -0.0285906 -0.000691964 -0.0426173 -0.0194319 0.0546685 -0.0425259 -0.0202743 0.0402539 -0.05909 -0.0485131 -0.0647557 -0.0721695
internal_weight=0 32.4073 26.9152 26.504 5.44933 21.0547 19.1532 12.9695 11.1383 2.587 8.55128 6.55526 5.49215 2.86837 3.43039 2.28216 6.18374 4.53293 2.26536 4.67817 2.62377 1.2229 2.26758 1.83123
internal_count=557 500 380 378 121 257 242 185 136 43 93 69 120 60 57 43 57 113 48 53 60 45 65 49
is_linear=0
shrinkage=0.1


Tree=89
num_leaves=27
num_cat=0
split_feature=10 14 23 0 19 0 23 19 20 0 4 14 4 20 20 14 25 10 20 3 22 10 0 7 13 10
split_gain=0.81636 0.92737 1.65873 1.10342 0.820143 0.860379 0.730885 0.732438 0.692301 0.865521 0.418833 0.469394 0.166726 0.152424 0.00877802 0.000899762 0.000739592 0.00037713 8.08096e-05 8.22527e-06 9.46002e-06 4.69848e-06 3.33853e-06 3.64092e-06 3.26672e-06 5.76539e-07
threshold=401.94875000000008 109183.43156771226 0.012757516301438792 1760455800000.0002 -0.70105994805808314 1761453000000.0002 0.044650446284438684 -0.92011996038303245 29.657101541721399 1760805000000.0002 1.1599000000000002 102062.5128400751 1.1599000000000002 45.706576063196131 79.045473167115247 106731.26015333149 0.0014972946142189924 397.73000000000008 71.783825578886933 111001.65000000001 71.188195004804456 378.80500000000006 1761636600000.0002 1.1644500000000002 166939.50000000003 368.54000000000002
decision_type=2 2 2 2 2 2 2 2 2 2 2 2 2 2 2 2 2 2 2 2 2 2 2 2 2 2
left_child=1 6 4 -4 -3 -6 7 12 -9 15 11 -11 -1 -13 16 -10 -5 18 19 20 21 24 23 -21 -18 -26
right_child=-2 2 3 14 5 -7 -8 8 9 10 -12 13 -14 -15 -16 -17 17 -19 -20 22 -22 -23 -24 -25 25 -27
leaf_value=0.028552793611572154 0.070159437528004381 0.053275236670530773 0.0674446615245025 -0.071911836933205395 -0.078212546861506055 0.034136436364925998 -0.053142846532826138 0.041398786463993913 -0.073419858330641158 0.042524884889206319 0.048622217022101434 -0.015176852266628136 0.073243885290455821 -0.073610967168583508 -0.080473261238473412 -0.069029827543062319 -0.067831024254429204 -0.070810468010456235 -0.068809072756314968 -0.067367593929765213 -0.068152215243757031 -0.06793880373642365 -0.067263014163627038 -0.067780204549014275 -0.067372651253722673 -0.067541802610654955
leaf_weight=1.2713578287512057 1.5628270860761393 2.8863564617931843 0.6450974941253661 0.5975818010047077 1.3920132108032688 1.3356861360371111 1.5200062915682782 3.4964758325368219 0.91792375687509753 0.94663663208484683 1.7171915881335733 0.88714426476508357 2.4308044798672199 0.89850820507854223 0.69969625771045674 0.95009453035891056 0.37558302562683887 0.49373790994286526 0.79922355897724617 0.3685463974252341 0.60246543213725079 0.54170495178550471 0.41564493719488382 0.50953174475580454 0.32637034542858601 0.52666411176323891
leaf_count=26 17 29 4 9 13 31 10 35 12 11 18 30 34 16 4 30 16 7 24 27 24 21 34 24 22 29
internal_value=0 -0.00413662 -0.0242454 -0.0570786 0.0161192 -0.0231981 0.0126017 0.0199953 0.00569762 -0.0140615 0.00992142 -0.0144013 0.0578965 -0.0445798 -0.0699175 -0.071187 -0.0685884 -0.0681879 -0.0678979 -0.0676993 -0.0678099 -0.0676935 -0.0674965 -0.067607 -0.0675853 -0.0674771
internal_weight=0 27.552 12.5159 6.90185 5.61406 2.7277 15.0361 13.5161 9.81397 6.3175 4.44948 2.73229 3.70216 1.78565 6.25675 1.86802 5.55705 4.95947 4.46573 3.66651 2.37279 1.77032 1.29372 0.878078 1.22862 0.853034
internal_count=557 540 318 245 73 44 222 212 152 117 75 57 60 46 241 42 237 228 221 197 112 88 85 51 67 51
is_linear=0
shrinkage=0.1


Tree=90
num_leaves=29
num_cat=0
split_feature=11 22 14 0 25 3 3 25 2 14 12 17 2 20 17 0 1 16 16 12 13 19 17 24 18 3 17 18
split_gain=0.844794 1.34426 1.07459 0.858579 0.81193 0.689249 0.728049 1.17766 0.828106 0.70554 0.616712 0.656501 0.570278 0.414259 0.263529 0.0638085 0.0224483 0.00269807 0.000779975 0.000555096 0.000174981 0.000144696 7.38767e-05 1.57183e-05 1.53149e-05 8.14187e-06 2.99318e-06 2.14567e-06
threshold=377.43620000000004 50.00193646971001 109984.94939002475 1760967000000.0002 0.019727477546413942 108341.05000000002 108138.35000000002 0.011142725009701334 103233.00000000001 108210.52510979153 362.50495000000006 -0.80925291542062128 112327.00000000001 74.449972793810488 -0.7189148562749389 1760675400000.0002 109767.85000000002 388.9900000007396 396.45000000110161 371.45500000000004 901507.00000000012 -0.73738137834354756 -0.63177231918323506 0.00060207406342127482 -3.1054343759673046 105835.50000000001 -0.80570469220673135 -4.2595514450402225
decision_type=2 2 2 2 2 2 2 2 2 2 2 2 2 2 2 2 2 2 2 2 2 2 2 2 2 2 2 2
left_child=2 12 5 4 18 6 7 8 -1 -9 -4 -12 13 15 -7 -2 -13 22 -3 21 25 -18 23 26 27 -10 -17 -23
right_child=1 3 10 -5 -6 14 -8 9 20 -11 11 16 -14 -15 -16 17 19 -19 -20 -21 -22 24 -24 -25 -26 -27 -28 -29
leaf_value=-0.033759546063977061 -0.099620730902630822 0.069585429753653935 -0.037672395184244312 -0.032652794249190924 -0.024156002005772184 -0.075931556832626243 0.072508105071135337 -0.072974369075115827 0.068294129430096981 0.0049792314431012508 0.0014515935407498981 0.086161994848544504 -0.0097285587846109491 -0.0014299008890322996 -0.017183019222705726 -0.067532469194687181 0.069719823515128301 -0.074219762749765203 0.072877188257435541 0.0717651986819237 0.070198246312305007 0.067917357921663771 -0.069099687183582045 -0.068355813575598209 0.068654445738686412 0.068738363568403668 -0.067864450276521993 0.06819221046936387
leaf_weight=1.1141586266458054 0.90401588380336573 1.723433539271354 0.83440014533698459 2.4055091999471188 1.2880270369350908 1.5121591426432135 1.4896388202905644 2.5043914802372456 0.85845930501818679 2.1645323969423771 1.7538575902581213 1.0312812216579912 3.0026755258440971 0.89324962534010399 1.542317921295761 0.42349079437553794 1.0873266644775865 1.0912264995276926 1.2361007891595361 0.81818075664341439 0.97239787131547917 0.64285493455827203 0.8311748728156102 0.65627650171518315 0.62242699600756246 0.79431902058422565 0.75713842175900958 0.50885180197656166
leaf_count=14 3 34 9 34 15 27 7 36 26 12 24 6 32 9 17 23 21 16 14 13 16 25 18 20 17 20 32 17
internal_value=0 -0.0186339 0.0125508 0.0150831 0.0421173 -0.0047416 0.00807316 -0.00334238 0.0384761 -0.0368348 0.043236 0.0536788 -0.0448421 -0.0638168 -0.0462673 -0.0757669 0.0731227 -0.0700307 0.0709603 0.0694683 0.0691339 0.0688115 -0.0683174 -0.0679635 0.0682548 0.0685076 -0.0677454 0.0680388
internal_weight=0 15.2123 20.2516 6.65307 4.24756 12.9524 9.8979 8.40826 3.73933 4.66892 7.29918 6.46478 8.55925 5.55657 3.05448 4.66332 4.71092 3.75931 2.95953 3.67964 2.62518 2.86146 2.66808 1.83691 1.77413 1.65278 1.18063 1.15171
internal_count=557 250 307 97 63 175 131 124 76 48 132 123 153 121 44 112 99 109 48 93 62 80 93 75 59 46 55 42
is_linear=0
shrinkage=0.1


Tree=91
num_leaves=25
num_cat=0
split_feature=13 13 14 20 14 23 19 0 22 11 23 14 22 14 20 2 17 0 2 20 7 19 19 18
split_gain=0.649481 0.680386 0.499316 0.704965 0.738015 0.644822 0.592572 1.04529 0.518382 0.884999 0.516731 0.444166 0.66868 0.366478 0.323812 0.330735 0.320056 0.295385 0.0111477 0.00494462 0.00129665 0.000359549 4.83504e-06 3.25448e-06
threshold=2363254.5000000005 166939.50000000003 109183.43156771226 47.00387052012416 108325.14358676346 0.014034471553028274 -0.74457486751067103 1761453000000.0002 33.833278047277766 368.11500000000007 0.031677243174031207 109839.00011609019 49.497892586878159 110370.92083836949 31.916409666840178 109695.75000000001 -0.80925291542062128 1760686200000.0002 110323.55000000002 38.256017093371575 1.1607500000000004 -0.61063666537336481 -0.72098612467827017 -2.8774315660280183
decision_type=2 2 2 2 2 2 2 2 2 2 2 2 2 2 2 2 2 2 2 2 2 2 2 2
left_child=1 11 3 17 10 6 -4 -8 -7 -10 -5 12 -1 -11 -2 -16 -13 -3 -18 20 22 23 -19 -20
right_child=14 2 5 4 -6 8 7 -9 9 13 -12 16 -14 -15 15 -17 18 19 21 -21 -22 -23 -24 -25
leaf_value=0.055844868829059174 -0.086960902605466198 0.011225615965631187 -0.03109525869935402 0.0057960485064686299 -0.045151100301786214 0.065242247042188145 0.068487183294233533 -0.046379013958460294 -0.062719734147214323 0.067912645848612105 0.08330078037777916 -0.00033995306215951114 -0.05404993365054403 0.014974871169642171 0.022657694851810982 -0.056852941506766466 -0.085017186518986446 -0.068066995642539527 -0.067672145347616564 -0.060344994318182181 -0.073943906900259482 -0.07104576980446034 -0.067575458925197729 -0.068045285514126183
leaf_weight=1.2206384055316477 1.0694624586030834 0.62397006340325178 3.5052275266498327 2.0424962034448986 1.5075053572654722 4.0364939169958216 2.2097810618579419 1.2349915551021693 1.087060968391597 2.1756349354982376 1.4861051999032495 0.82637470588088069 1.0133427148684857 3.2781545482575893 0.99002753756940398 1.1093708043918011 0.61762173473835025 0.36812209989875599 0.47996509633958384 0.74657356366515149 0.59822358936071396 0.56663938239216738 0.43849364202469565 0.45563637092709541
leaf_count=20 14 12 39 39 18 37 17 37 25 32 14 8 35 38 10 33 3 15 25 24 6 12 27 17
internal_value=0 0.00539142 0.0121425 -0.0088849 0.0134164 0.0215139 -0.00214848 0.0273063 0.0370616 0.0196707 0.0384379 -0.0276312 0.00599615 0.0360929 -0.0421731 -0.0193576 -0.0531291 -0.0493521 -0.0737076 -0.0669213 -0.0704161 -0.0690578 -0.0677998 -0.0678539
internal_weight=0 30.5191 25.3388 7.81149 5.03611 17.5273 6.95 3.44477 10.5773 6.54085 3.5286 5.18022 2.23398 5.45379 3.16886 2.0994 2.94624 2.77538 2.11986 2.15141 1.40484 1.50224 0.806616 0.935601
internal_count=557 500 380 155 71 225 93 54 132 95 53 120 55 70 57 43 65 84 57 72 48 54 42 42
is_linear=0
shrinkage=0.1


Tree=92
num_leaves=27
num_cat=0
split_feature=10 14 23 0 14 23 19 13 9 18 19 22 18 13 20 25 25 10 20 22 2 2 0 3 19 9
split_gain=0.741027 0.819987 1.45863 0.984133 0.792817 0.629559 0.653378 0.61976 0.734209 0.407437 0.382448 0.311322 0.240359 0.164151 0.00627446 0.00605342 0.000559136 0.000254397 6.54882e-05 6.92879e-06 7.40696e-06 3.66768e-06 2.16037e-06 2.24479e-06 2.26901e-06 1.49106e-06
threshold=401.94875000000008 109183.43156771226 0.012757516301438792 1760455800000.0002 111619.89829137579 0.044650446284438684 -0.92011996038303245 2616524.0000000005 366.04500000000002 -3.624400146575891 -0.73841684478861092 12.635644736263716 -4.6359710436865322 372377.00000000006 79.045473167115247 0.01731589908885503 0.0014972946142189924 397.73000000000008 71.783825578886933 71.188195004804456 111397.60000000002 114230.8 1761906600000.0002 110334.8 -0.644135956677101 379.82000000000005
decision_type=2 2 2 2 2 2 2 2 2 2 2 2 2 2 2 2 2 2 2 2 2 2 2 2 2 2
left_child=1 5 4 -4 10 6 13 8 -8 12 -3 -11 -10 -1 16 -14 -5 18 19 21 -21 22 23 -18 25 -25
right_child=-2 2 3 14 -6 -7 7 -9 9 11 -12 -13 15 -15 -16 -17 17 -19 -20 20 -22 -23 -24 24 -26 -27
leaf_value=0.026230849729009728 0.069030421335169026 0.022246911333544429 0.0586606450263659 -0.071422520720991242 0.051879367774034457 -0.051115625564347379 0.04739119533125935 0.050426326499987066 -0.011731216436622345 0.058350620034064639 -0.057157672297963459 -0.023696989509900054 -0.062844595874919792 0.072534634817933902 -0.078910290188990762 -0.073591334386333876 -0.067743522270986942 -0.070321129717318284 -0.068647794618640831 -0.068168846542523628 -0.067559968487362482 -0.067218804014630582 -0.067346595858874189 -0.067297393727480101 -0.067749223688186422 -0.067585684903190016
leaf_weight=1.1615363731980317 1.4684629850089539 1.0090139526873829 0.66891535371541966 0.54813633020967234 2.7801358439028263 1.410109944641589 1.7109513878822378 2.3046714719384909 1.1019526366144394 0.75445240736007901 1.520807215012608 1.1949300812557337 0.89616530109196979 2.2461416311562061 0.64154808223247517 1.2625943962484596 0.7567696347832692 0.44024981930851925 0.72838313691318024 0.38954642601311196 0.41015548165887594 0.35116141149774183 0.36768111400306214 0.41553669422865169 0.29801688902079781 0.31570870988070965
leaf_count=25 17 15 4 9 26 10 23 19 16 9 32 33 23 35 4 29 35 7 24 15 25 32 26 32 15 17
internal_value=0 -0.00400915 -0.0236332 -0.0560481 0.0150196 0.0122588 0.0193325 0.00551115 -0.00944537 -0.02811 -0.0254873 0.00805718 -0.0497322 0.0567516 -0.0695978 -0.06913 -0.068408 -0.0680386 -0.0677895 -0.0676003 -0.0678566 -0.0675185 -0.0675673 -0.0676128 -0.0675166 -0.0674219
internal_weight=0 25.6853 11.6418 6.33181 5.30996 14.0435 12.6334 9.22572 6.92105 5.21009 2.52982 1.94938 3.26071 3.40768 5.66289 2.15876 5.02135 4.47321 4.03296 3.30458 0.799702 2.50487 2.15371 1.78603 1.02926 0.731245
internal_count=557 540 318 245 73 222 212 152 133 110 47 42 68 60 241 52 237 228 221 197 40 157 125 99 64 49
is_linear=0
shrinkage=0.1


Tree=93
num_leaves=25
num_cat=0
split_feature=11 22 14 0 25 0 1 25 10 17 2 20 23 0 1 16 18 16 1 13 17 24 9 17
split_gain=0.719773 1.14192 0.918464 0.712569 0.759183 0.6511 1.28956 1.06464 0.61803 0.589772 0.559081 0.397828 0.0667226 0.0475653 0.0144649 0.00203379 0.000706179 0.000532714 0.000125046 0.00011151 5.15335e-05 1.17417e-05 3.46895e-06 2.44613e-06
threshold=377.43620000000004 50.00193646971001 109984.94939002475 1760967000000.0002 0.019727477546413942 1762111800000.0002 102762.70000000003 0.01731589908885503 363.11000000000007 -0.80925291542062128 112327.00000000001 74.449972793810488 0.028774913715957067 1760675400000.0002 109767.85000000002 388.9900000007396 -1.9512115341140517 396.45000000110161 110833.65000000001 278753.50000000006 -0.63177231918323506 0.00060207406342127482 369.53560000000004 -0.80570469220673135
decision_type=2 2 2 2 2 2 2 2 2 2 2 2 2 2 2 2 2 2 2 2 2 2 2 2
left_child=2 10 5 4 17 7 -7 12 -4 -10 11 13 -1 -2 -11 20 18 -3 -16 -8 21 23 -20 -15
right_child=1 3 8 -5 -6 6 19 -9 9 14 -12 -13 -14 15 16 -17 -18 -19 22 -21 -22 -23 -24 -25
leaf_value=-0.077818524706147099 -0.096042586471265678 0.069252287038608432 -0.040253588605787066 -0.029994944328928616 -0.023626532637771286 -0.045033523458807678 0.068374315565446403 0.009120601087699973 0.0036765979718331333 0.083659605199273818 -0.0077512952135249183 -0.00069659348819633418 -0.048873015559080232 -0.067438579416838687 0.069600946330290805 -0.073507293303395602 0.071755872038917951 0.072114572526183404 0.067916041364475113 0.069665426841328412 -0.068841879282497062 -0.068198956749360495 0.068238331647610603 -0.067755723590975814
leaf_weight=1.8559893779456635 0.86043123900890162 1.5450649447739122 0.81534219533204932 2.286508833989501 1.264053141698241 1.5682151261717079 1.2497635651379826 4.6732009183615446 1.7456052899360655 0.94802160561084736 2.9273427147418261 0.86588219553232182 1.3948688451200721 0.37625715415924699 0.81528850458562407 1.0063768755644558 1.0592826381325724 1.1227220743894575 0.84840215370058991 1.4393614977598188 0.74886565096676472 0.59272269345819939 0.55077697895467281 0.68772653024643682
leaf_count=30 3 34 13 34 15 24 37 37 25 6 32 9 18 23 20 16 16 14 35 29 18 20 17 32
internal_value=0 -0.0178061 0.0119168 0.0143953 0.0402099 -0.00450492 0.0270364 -0.0214511 0.0414093 0.0525671 -0.0426324 -0.0625047 -0.0653987 -0.0750313 0.0727822 -0.0697326 0.0696323 0.0704569 0.0686165 0.0690654 -0.0681535 -0.0678423 0.0680429 -0.0676436
internal_weight=0 14.284 18.9641 6.21835 3.93184 12.1814 4.25734 7.92406 6.78272 5.96738 8.06561 5.13826 3.25086 4.27238 4.22177 3.41195 3.27375 2.66779 2.21447 2.68913 2.40557 1.65671 1.39918 1.06398
internal_count=557 250 307 97 63 175 90 85 132 119 153 121 48 112 94 109 88 48 72 66 93 75 52 55
is_linear=0
shrinkage=0.1


Tree=94
num_leaves=26
num_cat=0
split_feature=17 17 3 1 2 17 2 1 20 14 11 20 18 11 18 20 23 18 22 20 14 3 14 17 23
split_gain=0.593066 0.653562 1.58863 0.872321 0.852229 0.834656 0.569757 0.69632 0.498891 0.48005 0.440853 0.659361 0.41206 0.274428 0.226103 0.208952 0.0974725 0.0845701 0.0250464 0.00871394 0.00516058 0.000352059 1.39532e-05 1.9242e-06 5.08805e-07
threshold=-0.63177231918323506 -0.70197564775797539 111093.10000000002 109291.35000000002 113990.00000000001 -0.80570469220673135 106032.90000000001 107590.70000000003 48.586215538509144 109984.94939002475 380.65500000000003 62.555273804873757 -2.975891891791937 368.12500000000006 -4.9606866848806819 65.750863349860012 0.01358789534009514 -0.50435326211877463 32.042078689465839 45.859238895439098 108118.44204700676 111829.80000000002 108210.52510979153 -0.55025255265336082 0.035050846306435783
decision_type=2 2 2 2 2 2 2 2 2 2 2 2 2 2 2 2 2 2 2 2 2 2 2 2 2
left_child=1 2 3 5 13 14 -7 -8 17 -5 11 -11 15 -3 -1 -10 -4 19 -18 22 -16 -20 23 -2 -25
right_child=8 4 16 9 -6 6 7 -9 12 10 -12 -13 -14 -15 20 -17 18 -19 21 -21 -22 -23 -24 24 -26
leaf_value=-0.01893316701836717 -0.067621740459345991 -0.03064332138570805 -0.036026308179636334 0.072798747944180606 0.087550070088013965 -0.035013444922517671 0.074410414007730644 -0.0087552287671696667 -0.072426578327268579 0.040499265210320851 0.059157667375563439 -0.043396700043916658 0.025038146236698863 0.029185227028010713 -0.069199669507713266 -0.0062850621764379763 -0.091207006427923981 -0.021232519497448164 -0.071201384044543375 -0.084385139180208221 -0.079787227758767357 -0.068052992996995826 -0.068024079623747236 -0.06721003135919161 -0.067403795947515791
leaf_weight=1.2271849177777769 0.32118099182844162 1.2374439109116786 0.78851387649774496 2.4103922052308899 2.1513715935871005 1.7687514275312466 2.0255469344556332 2.0015908805653453 0.93553610146045663 1.925443943589926 1.8666101666167376 1.8244253164157269 2.1671340949833393 2.0152496509253979 0.94949101377279344 0.97586291003972292 0.78904092498123679 0.41297154780477185 0.56862303800880887 0.39004668500274409 0.89367734640836716 0.94615415949374437 0.71728553250432014 0.25478446669876598 0.28951048292219639
leaf_count=25 17 28 12 36 19 16 30 33 20 28 23 20 17 24 33 21 8 11 10 7 8 38 31 23 19
internal_value=0 0.00786653 -0.000476421 0.0115862 0.0387206 -0.0100353 0.0122962 0.033075 -0.0260604 0.0354687 0.019448 -0.000318671 -0.00481301 0.00642425 -0.0521904 -0.0386581 -0.0663734 -0.0623831 -0.0767602 -0.0709972 -0.0743331 -0.0692348 -0.0676979 -0.0674276 -0.0673131
internal_weight=0 25.3895 19.9854 16.8931 5.40407 8.86624 5.79589 4.02714 6.46431 8.02687 5.61648 3.74987 4.07853 3.25269 3.07035 1.9114 3.09233 2.38578 2.30382 1.97281 1.84317 1.51478 1.58276 0.865476 0.544295
internal_count=557 391 320 252 71 145 79 63 166 107 71 48 58 52 66 41 68 108 56 97 41 48 90 59 42
is_linear=0
shrinkage=0.1


Tree=95
num_leaves=30
num_cat=0
split_feature=10 14 1 1 23 4 2 0 14 25 25 9 23 14 20 25 20 2 4 20 4 11 13 22 19 13 20 23 9
split_gain=0.659413 0.696963 1.38805 1.12065 1.16865 0.556502 0.938499 0.908222 1.33252 0.547037 0.209159 0.0592355 0.0170637 0.008499 0.0023766 0.0018254 0.00146146 0.000765677 0.000151834 0.000101576 5.02113e-05 1.50268e-05 1.4611e-05 4.43045e-06 3.51691e-06 2.01134e-06 9.22834e-07 5.43861e-07 1.11476e-06
threshold=401.94875000000008 109183.43156771226 111352.25000000001 111481.90000000001 0.01358789534009514 1.1599000000000002 102252.05 1760805000000.0002 105454.10326854663 0.01933300229854833 0.01731589908885503 366.09500000000008 0.0076927235458909846 108306.73387963064 75.262288362041019 0.011142725009701334 71.783825578886933 111582.40000000001 1.1653500000000003 32.595165001001746 1.1602500000000002 377.48750000000001 278753.50000000006 69.207614645439961 -0.45054996308595024 166939.50000000003 36.614753921882759 0.013234915247436472 368.16000000000003
decision_type=2 2 2 2 2 2 2 2 2 2 2 2 2 2 2 2 2 2 2 2 2 2 2 2 2 2 2 2 2
left_child=1 5 12 -4 -5 6 -1 8 -7 11 13 -8 -3 -9 20 22 17 18 23 -10 -6 24 -13 25 26 -14 -22 -27 -29
right_child=-2 2 3 4 14 7 9 10 19 -11 -12 15 16 -15 -16 -17 -18 -19 -20 -21 21 -23 -24 -25 -26 27 -28 28 -30
leaf_value=0.070215144931745618 0.067688740474583106 -0.050714323647369719 0.091613005025379612 0.024862184986541611 -0.068912379260489001 0.080720572890351741 -0.03478371903785784 0.069725279547796948 -0.071921948447182568 0.0041229693745050977 0.02905836953710781 -0.067741408290710778 -0.067666410749941827 0.080718847065671173 -0.075552464779669787 -0.074479334152559737 -0.073071132093155702 -0.072870163751965658 -0.06960115007730433 -0.070256399266080835 -0.067343774937210388 -0.06802033373256415 -0.068440135411083861 -0.067856644679842607 -0.067660736659976725 -0.067512676275029132 -0.067085108284327372 -0.067203609413043749 -0.067441173339887098
leaf_weight=1.1797646358609251 1.3576866686344136 0.53840175177901795 1.2398966206237672 3.1949165966361761 0.37331827916204963 0.90263281762599978 0.62120821140706572 1.5525101423263552 0.55758658796548832 2.5256372801959515 1.5532223582267759 0.72771774884313323 0.37413260340690735 1.2854889966547487 0.53384465817362059 0.68006175756454457 0.98325612396001805 0.35977398045361031 0.43672043830156315 1.0665747690945862 0.23523170407861449 0.50950033217668533 0.50831524468958378 0.35164877912029613 0.22291973792016506 0.31891650985926367 0.33342290576547384 0.29959641536697745 0.57976328860968351
leaf_count=18 17 17 12 31 9 4 12 32 8 21 19 36 19 12 5 6 17 9 9 34 17 22 20 18 13 19 38 26 37
internal_value=0 -0.00394309 -0.022663 0.0058731 -0.0138022 0.0115402 -0.0101068 0.0310741 -0.0166913 -0.0288234 0.0585592 -0.0616183 -0.0673489 0.0747049 -0.0697425 -0.0703182 -0.0697669 -0.0685728 -0.0679178 -0.0708282 -0.0678901 -0.0675967 -0.0680288 -0.0675358 -0.0673241 -0.067464 -0.0671921 -0.0674008 -0.0673602
internal_weight=0 24.046 10.8853 6.64305 5.40315 13.1607 6.2427 6.91802 2.52679 5.06294 4.39122 2.5373 4.24221 2.838 2.20824 1.91609 3.70381 2.72055 2.36078 1.62416 1.67439 1.30107 1.23603 1.92406 0.791574 1.57241 0.568655 1.19828 0.87936
internal_count=557 540 318 147 135 222 113 109 46 95 63 74 171 44 104 62 154 137 128 42 99 90 56 119 68 101 55 82 63
is_linear=0
shrinkage=0.1


Tree=96
num_leaves=28
num_cat=0
split_feature=10 11 0 0 14 23 3 23 25 23 1 12 23 25 12 20 19 1 1 3 11 11 3 11 20 18 0
split_gain=0.837926 0.949578 0.828556 0.927966 1.57581 1.39703 0.913306 0.850814 1.02466 0.637805 0.446355 0.376076 0.363237 0.246395 0.243991 0.292049 0.0189706 0.00737085 0.0070057 0.000553998 0.000542544 0.000393144 6.57902e-05 2.80633e-05 2.26233e-05 1.67364e-05 1.66268e-06
threshold=362.41500000000002 367.94370000000009 1762057800000.0002 1761312600000.0002 108306.73387963064 0.022411454699425602 111112.35000000002 0.018784746554827005 0.017771774351255144 0.026026290902957164 114741.65000000001 392.82500000000005 0.032725428982870571 0.016632392438896155 369.46000000000009 60.16744282871921 -1.617553659110363 108316.85000000002 111703.50000000001 109937.95000000001 377.26000000000005 362.96500000000009 110384.00000000001 388.9550000000001 45.135377356251489 -3.1054343759673046 1760805000000.0002
decision_type=2 2 2 2 2 2 2 2 2 2 2 2 2 2 2 2 2 2 2 2 2 2 2 2 2 2 2
left_child=-1 9 3 4 11 6 7 13 -9 21 14 17 -11 -6 15 -5 -16 20 19 -18 -3 -2 -23 -22 -4 -24 -25
right_child=1 2 24 10 5 -7 -8 8 -10 12 -12 -13 -14 -15 16 -17 18 -19 -20 -21 23 22 25 26 -26 -27 -28
leaf_value=-0.094165104219205639 0.07132302966432949 -0.071532078337232505 0.06886535428321626 -0.065736485841455847 -0.0039680778167458311 0.077857112337071488 0.07044878217982202 0.012084833623225474 -0.085486820101659589 -0.022000069928498362 0.010924677442017012 0.00097714664727165525 0.045565841295144793 0.052385038672133871 -0.08393217265920104 0.0086287611249452542 -0.072250075105732753 -0.079717085252088773 -0.058623921812482632 -0.068711020975501913 -0.0685053667637784 0.069194308135168789 0.06772074041608761 -0.067645458977619338 0.068043695968546758 0.068497870532760241 -0.067363200299318943
leaf_weight=0.93343217670917766 0.7448207139968902 0.58383742347360357 0.78093806654214748 1.0404250696301454 1.4975623041391357 3.0461029782891265 1.5102813243865965 1.9003286249935625 2.4820694141089916 1.9303416647017004 1.273389473557472 0.91613471880555142 1.353629248216748 1.6100337393581865 0.87085894588381041 1.0724552422761915 0.75348289310932237 0.97536920942366112 0.73764633759856213 1.071064638905227 0.44289869070053078 1.2007542401552203 0.5307870386168364 0.48440458159893751 0.58696306496858597 0.57988241314887945 0.36666563153266907
leaf_count=12 16 7 20 29 25 30 25 29 23 21 9 9 27 22 14 13 12 6 20 29 14 31 25 25 22 17 25
internal_value=0 0.0020273 -0.00706461 -0.011632 0.00166344 0.0193202 -0.000491357 -0.0147957 -0.0431771 0.0364476 -0.0424673 -0.054766 0.00585011 0.0252283 -0.0547266 -0.0279902 -0.0711815 -0.0726647 -0.0668477 -0.0701725 -0.0690016 0.069325 0.0686812 -0.0678598 0.0685128 0.0681265 -0.0675239
internal_weight=0 30.3431 24.0029 22.635 15.8157 12.0464 9.00028 7.48999 4.3824 6.34022 6.81932 3.76931 3.28397 3.1076 5.54593 2.11288 3.43305 2.85318 2.56219 1.82455 1.87781 3.05624 2.31142 1.29397 1.3679 1.11067 0.85107
internal_count=557 545 408 366 240 154 124 99 52 137 126 86 48 47 117 42 75 77 61 41 71 89 73 64 42 42 50
is_linear=0
shrinkage=0.1


Tree=97
num_leaves=25
num_cat=0
split_feature=13 13 11 9 20 19 23 19 17 0 20 24 9 14 0 12 20 18 22 20 25 9 9 20
split_gain=0.543245 0.544432 0.538016 0.497719 0.531157 0.447703 0.436796 0.632426 0.453379 0.425792 0.419892 0.404504 0.675814 0.828212 0.364764 0.278395 0.258189 0.257744 0.447487 0.228753 0.206121 0.125223 0.0968791 0.000795616
threshold=2363254.5000000005 166939.50000000003 358.03000000000003 366.33000000000004 27.366240382781623 -2.7058863631690322 0.015048552399531593 -0.70105994805808314 -0.90141776829700027 1761604200000.0002 18.816887663257798 0.0021144443049802559 380.91000000000003 109984.94939002475 1761420600000.0002 375.31000000000006 31.916409666840178 -2.5290200099578137 50.00193646971001 45.408906167735211 0.00316268634824628 379.82000000000005 379.26000000000005 62.555273804873757
decision_type=2 2 2 2 2 2 2 2 2 2 2 2 2 2 2 2 2 2 2 2 2 2 2 2
left_child=1 10 -3 -4 -5 -6 7 9 -8 20 -1 15 13 -13 -9 -10 -2 18 -12 -18 -7 -17 -20 -19
right_child=16 2 3 4 5 6 8 14 11 -11 17 12 -14 -15 -16 21 19 23 22 -21 -22 -23 -24 -25
leaf_value=0.06748800566684654 -0.083656234516145983 0.1000530240384558 -0.069217319136267857 -0.071581686187085672 -0.031247872223977149 -0.075728427476361854 -0.026458240624030346 0.073667400794621821 0.018608566326635132 0.02230738488649496 0.025288946382682437 0.030809612547285203 0.05584887360339344 -0.07938984801768055 0.00011732295409573148 0.080725424296887949 0.026411390621124072 -0.068414471032193266 -0.024604010766534318 -0.04600064382461734 -0.016429783534406259 0.046091140342092517 -0.077321227310394799 -0.073170060014120672
leaf_weight=0.43328125029802933 0.93704917468130533 0.6687377411872174 0.78444347158074634 0.73594424081966536 1.9085860941559243 1.5059480862692005 1.2557278163731265 1.2666206676512843 1.5863848682492774 1.0942250750958917 1.2714564404450359 1.5684025930240753 2.3404013747349381 1.2067236602306364 1.4418712481856344 2.7231559287756681 0.68984558805823315 0.73812167812138774 0.58501524478197076 1.186787669546902 0.95976683124899853 1.6929045710712669 0.86260862834751606 0.67216085968539119
leaf_count=3 14 8 33 17 19 35 18 14 38 14 29 31 31 21 34 23 12 32 27 31 14 30 19 10
internal_value=0 0.00536113 0.0116865 0.00900905 0.0118918 0.0148811 0.0196038 -0.00190235 0.0304986 -0.029608 -0.026164 0.0369317 0.0162699 -0.017109 0.0345129 0.0545405 -0.0407876 -0.0359906 -0.017998 -0.0193822 -0.0526467 0.0674483 -0.0560171 -0.0706811
internal_weight=0 27.3025 22.7398 22.0711 21.2867 20.5507 18.6421 6.26843 12.3737 3.55994 4.56264 11.118 5.11553 2.77513 2.70849 6.00245 2.81368 4.12936 2.71908 1.87663 2.46571 4.41606 1.44762 1.41028
internal_count=557 500 380 372 339 322 303 111 192 63 120 174 83 52 48 91 57 117 75 43 49 53 46 42
is_linear=0
shrinkage=0.1


Tree=98
num_leaves=26
num_cat=0
split_feature=10 14 22 0 0 22 14 23 24 25 19 17 20 18 3 25 19 11 12 20 4 22 16 10 14
split_gain=0.589404 0.671901 0.812622 0.789979 0.571038 0.44592 0.887187 0.396714 0.56717 0.404665 0.334107 0.296015 0.113677 0.0671439 0.00453248 0.000372551 0.000138075 7.56168e-05 3.22918e-05 2.60329e-05 5.63045e-06 4.88757e-06 2.72805e-06 2.0134e-06 2.41324e-07
threshold=401.94875000000008 108181.91468090368 0.76364825590017216 1761507000000.0002 1760455800000.0002 52.016953983971462 109105.7354387628 0.033297553732022804 0.001210932100160377 0.024962019511468089 -0.74457486751067103 -0.82166322304965511 29.657101541721399 -1.6042046510846379 108301.30000000002 0.010673365654857282 -0.5626720721625339 377.21500000000009 378.54000000000002 67.608528625529146 1.1642500000000002 71.188195004804456 363.00000000012278 368.92525000000006 113937.62869001071
decision_type=2 2 2 2 2 2 2 2 2 2 2 2 2 2 2 2 2 2 2 2 2 2 2 2 2
left_child=1 7 3 10 -4 14 -7 8 11 15 -3 -1 -9 -5 -6 -10 19 22 -19 20 21 -8 -16 24 -24
right_child=-2 2 4 13 5 6 16 12 9 -11 -12 -13 -14 -15 17 -17 -18 18 -20 -21 -22 -23 23 -25 -26
leaf_value=0.06307199594544792 0.066498900753258039 0.055393576172886753 0.048692462798671586 -0.029901720815964983 -0.075049042316761586 0.033772034646281285 -0.067362769203579906 0.067173564650516868 -0.067745900993843949 0.015182395456052131 0.0034249026586589439 -0.00082144467577339596 0.027223091967489121 -0.071792590262685058 -0.067653382734842588 -0.071061266607498133 -0.069775386149838498 -0.069116420941870274 -0.068026683940607985 -0.068447941616593094 -0.067115415206151774 -0.067876111319417717 -0.067200685193811546 -0.067444728812902296 -0.067047328879999382
leaf_weight=1.4992996230721476 1.2540447078645218 2.4091176353394981 0.6843404322862624 0.69027410633862019 1.5087016820907595 1.5920124519616368 0.38661040179431416 1.5611091107130053 0.69839414861053251 0.97173738479614247 2.5428726561367498 1.4042364638298801 1.3098539859056471 0.85847338382154681 0.27820130623877071 0.6585382204502821 0.41268231347203244 0.51989825349301078 0.5701146898791194 0.35015685483813275 0.33535272721201181 0.35649859253317118 0.25411607883870602 0.43411956634372473 0.17210910003632307
leaf_count=33 17 24 4 34 11 19 28 16 36 14 27 35 25 17 15 15 7 18 23 13 36 16 23 29 22
internal_value=0 -0.00394585 -0.0169408 0.00921223 -0.0385851 -0.0469147 -0.0208968 0.0190761 0.002686 -0.0340781 0.0287074 0.0321712 0.0489465 -0.0531219 -0.0708165 -0.0693549 -0.0681642 -0.0679511 -0.0685465 -0.0676988 -0.0674555 -0.067609 -0.0673812 -0.0672931 -0.0671388
internal_weight=0 22.4588 14.3557 6.50074 7.85491 7.17057 3.43331 8.10317 5.23221 2.32867 4.95199 2.90354 2.87096 1.54875 3.73726 1.35693 1.8413 2.22856 1.09001 1.42862 1.07846 0.743109 1.13855 0.860345 0.426225
internal_count=557 540 366 102 264 260 119 174 133 65 51 68 41 51 141 51 100 130 41 93 80 44 89 74 45
is_linear=0
shrinkage=0.1


Tree=99
num_leaves=28
num_cat=0
split_feature=10 11 0 0 14 23 3 23 25 23 1 11 16 12 20 25 19 1 1 14 11 11 3 11 18 19 20
split_gain=0.703017 0.840696 0.749728 0.816883 1.35749 1.25089 0.826594 0.748266 0.995991 0.588585 0.420698 0.363372 0.348454 0.235795 0.266728 0.205647 0.0183583 0.0069919 0.00492619 0.000420908 0.000375854 0.000319532 4.43291e-05 2.214e-05 1.8198e-05 1.54862e-05 1.32727e-06
threshold=362.41500000000002 367.94370000000009 1762057800000.0002 1761312600000.0002 108306.73387963064 0.022411454699425602 111112.35000000002 0.018784746554827005 0.016884573460010734 0.026026290902957164 114741.65000000001 391.59500000000008 366.38500000032838 369.46000000000009 60.16744282871921 0.016632392438896155 -1.617553659110363 111703.50000000001 108316.85000000002 110245.62873699566 377.26000000000005 362.43500000000006 110384.00000000001 388.9550000000001 -1.99432476149076 -0.76154374061759611 51.125611024311269
decision_type=2 2 2 2 2 2 2 2 2 2 2 2 2 2 2 2 2 2 2 2 2 2 2 2 2 2 2
left_child=-1 9 3 4 11 6 7 15 -9 21 13 18 -11 14 -5 -6 -15 19 20 -18 -3 -2 -23 -22 -4 -24 -25
right_child=1 2 24 10 5 -7 -8 8 -10 12 -12 -13 -14 16 -16 -17 17 -19 -20 -21 23 22 25 26 -26 -27 -28
leaf_value=-0.088031917771610416 0.070982015544023211 -0.070982116304400489 0.067984528972035468 -0.064701953254286113 -0.0031841204738645964 0.076446363096088765 0.070205132546523247 0.01675937039282157 -0.083155406583895128 -0.026717689041545135 0.011213885116240965 0.0027241132436231687 0.039308882203074158 -0.083754244005207784 0.0078416366406261224 0.049409279488239984 -0.071729259799678036 -0.057857510617377178 -0.077889651148765587 -0.068492186393685164 -0.068355411335246044 0.068898781155270594 0.068397835176880944 -0.067588121792103148 0.068749776701314838 0.067622448668268928 -0.0673220350682283
leaf_weight=0.89678876474499958 0.65213163755834402 0.52242128178477987 0.66134919878095388 0.97822876088321153 1.4533750619739279 2.7909697350114575 1.3754898421466348 1.693989587947726 2.42723298817873 1.6107842586934569 1.2365484777837989 0.87018931284546841 1.5865865051746366 0.81313451472669829 1.051794560626149 1.5220708381384609 0.69024649448692865 0.6897835861891507 0.90800877287983883 0.96082396991550922 0.40075643267482497 1.0778405480086806 0.48100490402430329 0.33116943761706352 0.58619865030050167 0.55452655814588014 0.4320011530071497
leaf_count=12 14 7 27 29 25 30 25 28 24 25 9 8 23 14 13 22 12 20 7 29 14 31 15 19 15 29 31
internal_value=0 0.00189677 -0.00698749 -0.0114314 0.00154529 0.0183835 -0.000744108 -0.0144956 -0.0420864 0.0352649 -0.0411976 -0.0531951 0.00604575 -0.0536993 -0.0271157 0.0237197 -0.0708095 -0.066313 -0.0719513 -0.0698455 -0.0687537 0.069047 0.0684499 -0.0677536 0.0683441 0.0679826 -0.0674375
internal_weight=0 28.3587 22.3958 21.1482 14.7277 11.2631 8.47216 7.09667 4.12122 5.96287 6.42056 3.46455 3.19737 5.18401 2.03002 2.97545 3.15399 2.34085 2.59436 1.65107 1.68635 2.7655 2.11337 1.16393 1.24755 1.03553 0.763171
internal_count=557 545 408 366 240 154 124 99 52 137 126 86 48 117 42 47 75 61 78 41 71 89 75 64 42 44 50
is_linear=0
shrinkage=0.1


Tree=100
num_leaves=25
num_cat=0
split_feature=13 9 9 19 20 20 14 1 0 23 20 24 0 20 2 1 0 0 2 1 1 17 19 18
split_gain=0.460874 0.56695 0.746401 0.407301 0.438894 0.549631 0.709303 0.581565 0.697189 0.485816 0.455698 0.375241 0.246911 0.241444 0.252907 0.239618 0.207261 0.139758 0.0908925 0.0496196 0.000307346 0.000122888 4.83625e-05 4.75678e-06
threshold=2363254.5000000005 361.68500000000006 366.33000000000004 -0.59997778948411262 70.079028434801302 61.854536181042825 111632.04773623588 108404.35000000002 1760805000000.0002 0.015845712109855175 56.138482902518945 0.002805894346557813 1761453000000.0002 31.916409666840178 109695.75000000001 108266.85000000002 1761528600000.0002 1761442200000.0002 110090.85000000002 109887.20000000001 107978.50000000001 -0.7355320170921783 -0.87187647121006517 -2.3611455613785304
decision_type=2 2 2 2 2 2 2 2 2 2 2 2 2 2 2 2 2 2 2 2 2 2 2 2
left_child=1 -1 21 4 5 6 7 8 -4 -6 11 17 -5 -2 -15 20 -7 -9 -14 -19 22 -3 -10 -23
right_child=13 2 3 12 9 16 -8 10 15 -11 -12 -13 18 14 -16 -17 -18 19 -20 -21 -22 23 -24 -25
leaf_value=0.1143279228299809 -0.081854800997109275 -0.069460108849598717 0.039876004664723602 0.014528428855517583 0.027268773508596269 0.030008362474630058 -0.054424777472503544 0.077195608323748291 -0.067765621081105218 -0.03484104694466679 -0.015686373213583828 0.002609833272359462 -0.016153860947451481 0.020868469570503971 -0.054503290745308741 0.00037736152799804594 0.07955986150304456 0.05593480689224422 -0.07039227921954315 0.025565760921740822 -0.071301003774594598 -0.067337798897305012 -0.069146910365792971 -0.067832843265088469
leaf_weight=0.4673104570247294 0.86807905882596914 0.58801759406924248 1.5063920710235996 0.74555366858839223 1.9489484690129746 1.6294769896194332 1.4934973679482926 2.4575668647885323 0.57174522941932104 3.559296584688127 1.4353107735514639 1.4530759872868655 0.42593495408073057 0.87368309684097745 0.9077202221378684 0.71458678133785714 1.751402369700372 1.2076118281111123 1.1251111561432479 0.97028983756899823 0.5536208003759383 0.44976351177319884 0.45535449963063002 0.34145987872034556
leaf_count=5 14 18 29 23 22 28 30 25 30 35 17 35 28 10 33 7 15 27 37 13 8 34 18 16
internal_value=0 0.00518182 0.00317248 0.00728281 0.0115196 0.0198108 0.0103514 0.0188934 -0.0129853 -0.0128651 0.0350013 0.0469504 -0.0327649 -0.0386105 -0.0175375 -0.0476778 0.0556776 0.0608498 -0.0554978 0.0424049 -0.0694017 -0.0683652 -0.068378 -0.0675514
internal_weight=0 25.8513 25.384 24.0048 21.7082 16.1999 12.8191 11.3256 3.8017 5.50825 7.52386 6.08854 2.2966 2.64948 1.7814 2.29531 3.38088 4.63547 1.55105 2.1779 1.58072 1.37924 1.0271 0.791223
internal_count=557 500 495 427 339 282 239 209 92 57 117 100 88 57 43 63 43 65 65 40 56 68 48 50
is_linear=0
shrinkage=0.1


Tree=101
num_leaves=29
num_cat=0
split_feature=10 1 16 11 13 19 19 23 17 2 13 17 4 2 18 13 2 23 3 3 23 1 23 22 0 23 20 1
split_gain=0.520298 0.580095 0.789133 0.779926 0.621665 0.406295 0.555917 0.384663 0.377166 0.493551 0.596648 0.46416 0.675147 0.352256 0.348136 0.195614 0.121895 0.0217706 0.00494024 0.00100455 7.6321e-05 7.583e-05 2.7174e-05 2.78988e-06 1.60257e-06 1.30042e-06 7.80386e-07 1.74331e-07
threshold=401.94875000000008 108395.00000000001 377.51999999819276 380.02500000000003 13201.500000000002 -0.70105994805808314 -0.60896425322122372 0.010458297665495568 -0.85289846546291703 102252.05 3239769.0000000005 -0.75822159328751593 1.1599000000000002 109437.90000000001 -3.8369080948426775 188647.50000000003 107328.90000000001 0.027668209256354995 108301.30000000002 110621.85000000002 0.033686469523837206 111494.20000000003 0.0069023629765078949 19.74520502945521 1762057800000.0002 0.026026290902957164 35.242079358588711 112753.60000000002
decision_type=2 2 2 2 2 2 2 2 2 2 2 2 2 2 2 2 2 2 2 2 2 2 2 2 2 2 2 2
left_child=1 8 4 5 -3 7 -7 -4 16 -10 11 17 15 -5 -9 -13 -1 -11 -6 -15 22 -21 -20 24 -24 26 -25 -28
right_child=-2 2 3 13 18 6 -8 14 9 10 -12 12 -14 19 -16 -17 -18 -19 20 21 -22 -23 23 25 -26 -27 27 -29
leaf_value=0.023904087908193584 0.065139343525686705 0.079252057764907513 0.077718902608825413 0.013337491149720319 -0.076133207805196959 -0.065694810021806202 0.030056318434300192 0.060834447773048798 0.069540623104347929 -0.050155227855674479 0.049795167707281429 0.0030227961267771802 0.071160225816763734 -0.073578598004138712 -0.020794213435320258 -0.07002677734315621 0.07239884358880655 -0.072046495650364362 -0.068379252358656592 -0.069395220591840626 -0.069147217378743478 -0.06780988334180614 -0.067589381277207247 -0.067277226258385434 -0.067278284476653974 -0.067410103510134892 -0.067128113384907234 -0.066998172976833331
leaf_weight=0.88526734430342946 1.1520821079611767 0.3036881629377598 1.4985832292586581 0.68609339464455876 1.0148205868899824 1.1208460265770557 1.3209430887363818 0.87125642970204564 0.97903257980943248 0.77076932229101602 1.3808613400906322 0.65066949836909838 0.91058604419231404 0.647327085956931 1.3051254972815494 0.8395866104401648 1.2504471093416212 1.1063749110326169 0.28875337727367911 0.70015187421813585 0.32268910948187102 0.53018957003951073 0.4512656941078601 0.25739928660914302 0.2615645662881434 0.24270499125123024 0.1858171452768147 0.2323577031493187
leaf_count=31 17 3 11 19 8 18 28 10 18 24 12 21 16 19 30 23 16 25 9 21 12 25 28 21 22 16 20 34
internal_value=0 -0.00388047 -0.0179459 -0.00168394 -0.0575864 0.0177219 -0.013896 0.0387301 0.0157447 0.00398396 -0.00735795 -0.025806 0.00332 -0.0479834 0.0118836 -0.0381322 0.0522975 -0.0630578 -0.070344 -0.0703898 -0.0677243 -0.0687121 -0.0674851 -0.0673268 -0.0674752 -0.0672116 -0.0671402 -0.0670559
internal_weight=0 21.0152 12.2416 8.68052 3.56106 6.11675 2.44179 3.67497 8.77359 6.63788 5.65885 4.27799 2.40084 2.56376 2.17638 1.49026 2.13571 1.87714 3.25737 1.87767 2.24255 1.23034 1.91986 1.63111 0.71283 0.918279 0.675574 0.418175
internal_count=557 540 354 181 173 97 46 51 186 139 121 109 60 84 40 44 47 49 170 65 162 46 150 141 50 91 75 54
is_linear=0
shrinkage=0.1


Tree=102
num_leaves=28
num_cat=0
split_feature=24 18 3 9 0 14 23 14 9 24 10 14 25 17 14 9 19 1 23 17 20 19 2 20 20 25 20
split_gain=0.527326 0.535875 0.578951 0.526212 0.553604 0.855987 1.01909 0.816223 0.713027 0.588276 0.566772 0.862526 0.542392 0.508481 0.475346 0.440033 0.065044 0.00349466 0.00277198 0.000917903 0.000253268 0.000123661 0.000104003 1.77934e-05 9.8642e-06 2.23299e-06 7.02621e-07
threshold=0.0039929649130570066 -0.39373518357551934 113609.95000000001 362.33500000000009 1762047000000.0002 108306.73387963064 0.039774461051731276 103154.23622160581 386.43500000000006 1.0000000180025095e-35 381.58500000000004 111177.78892755622 0.01731589908885503 -0.76241983889423348 109839.00011609019 396.40000000000003 -1.2548940218603251 108316.85000000002 0.013811823355197863 -0.77341811869722266 28.918091916764663 -0.82044041387180244 108193.55000000002 59.578323728898845 41.003022863202453 0.024246806382949522 52.042704595705523
decision_type=2 2 2 2 2 2 2 2 2 2 2 2 2 2 2 2 2 2 2 2 2 2 2 2 2 2 2
left_child=1 2 3 -1 5 15 8 -6 9 23 11 12 14 18 -11 17 -4 20 -10 -9 -5 -2 25 -7 -21 26 -22
right_child=21 -3 16 4 7 6 -8 19 13 10 -12 -13 -14 -15 -16 -17 -18 -19 -20 24 22 -23 -24 -25 -26 -27 -28
leaf_value=-0.076724063601911502 0.069864426741183608 -0.067321488840451749 0.031500919948977343 -0.070610492967858124 -0.056033992984422056 -0.067917460251764247 0.076690931164951223 0.072789308890461576 0.07407062148178635 -0.073385000903817235 -0.052133910466558235 0.073316086116144777 0.035125358841976102 -0.0071976882799843229 0.00026984420250759271 0.015018001756838912 0.06930601899686438 -0.076445758026018676 0.066207623946237235 0.068517677086420328 -0.067457093904336338 0.067689465740095545 -0.069447634340267614 -0.068526693534600711 0.067998504923936318 -0.067681557368525366 -0.067240784571117873
leaf_weight=0.9726729858666755 0.50196674838662148 1.2574377497658158 0.79190397448837746 0.5429037008434604 0.67876260355114881 0.81295047979801793 1.6467165015637864 0.65358707122504767 0.82772325165569804 1.6796048730611786 2.18474180996418 1.4992439681664107 1.6106848958879707 1.6324726305901993 1.8318260964006183 0.75450512208044518 1.0700437920168031 0.88493145257234562 0.97820292320102453 0.88590495381504253 0.31774148996919371 0.54550466313958057 0.37264662608504295 1.168378949165344 0.62355196848511696 0.32053711451590061 0.28473006002604961
leaf_count=16 14 15 6 11 11 36 16 13 15 22 19 23 21 27 32 8 34 6 30 26 21 27 10 34 26 15 23
internal_value=0 -0.00362089 -0.000420356 -0.00473241 -0.00157708 -0.00762977 0.00221552 0.0396372 -0.00640541 -0.019045 -0.00796812 0.00660455 -0.0129219 0.0332493 -0.0349611 -0.0525608 0.0532272 -0.0712825 0.0698115 0.0696587 -0.0687973 0.0687317 -0.0680376 -0.0682767 0.0683032 -0.0674683 -0.0673549
internal_weight=0 26.2844 25.027 23.165 22.1923 19.3505 15.8725 2.84181 14.2258 10.7874 8.8061 6.62136 5.12212 3.4384 3.51143 3.478 1.86195 2.72349 1.80593 2.16304 1.83856 1.04747 1.29566 1.98133 1.50946 0.923009 0.602472
internal_count=557 516 501 461 445 369 275 76 259 187 117 98 75 72 54 94 40 86 45 65 80 41 69 70 52 59 44
is_linear=0
shrinkage=0.1


Tree=103
num_leaves=23
num_cat=0
split_feature=16 13 9 9 13 19 20 23 19 17 12 24 0 17 25 1 14 19 20 20 17 1
split_gain=0.507019 0.403989 0.455014 0.640839 0.402163 0.35673 0.394419 0.5603 0.500022 0.423242 0.414169 0.428622 0.324889 0.306407 0.20856 0.19297 0.600949 0.108315 0.1415 0.0550334 9.5282e-05 6.18856e-07
threshold=394.63500000253458 25937.500000000004 360.69000000000005 366.33000000000004 2363254.5000000005 -2.7058863631690322 70.079028434801302 0.015609980170199962 -0.70105994805808314 -0.65931790676281843 381.00500000000005 0.00060207406342127482 1761615000000.0002 -0.56897170686363763 0.0038886593554498779 108316.85000000002 107036.59426489232 -0.88367050394550084 50.116749515909611 34.767041852360613 -0.70197564775797539 110658.80000000002
decision_type=2 2 2 2 2 2 2 2 2 2 2 2 2 2 2 2 2 2 2 2 2 2
left_child=1 -1 -3 20 5 -5 7 8 12 15 11 -8 14 -11 -7 16 -9 -17 -19 -6 -4 -22
right_child=-2 2 3 4 19 6 10 9 -10 13 -12 -13 -14 -15 -16 17 -18 18 -20 -21 21 -23
leaf_value=-0.046412328063229188 -0.068817356931165946 0.10433956175537012 -0.069179924193160144 -0.030057242992537571 -0.0489196708672755 -0.073961273257173471 0.012817390334764856 0.06389135549735471 0.045168225522472211 0.026999409306115048 0.039069293665429917 -0.056172879708925462 0.02575110901136515 -0.067610058516021809 -0.013840854059511402 0.079014205045985358 -0.044544976094208724 0.06594515497117838 0.024511987826988171 -0.01717426622062862 -0.067445371633004417 -0.06723974095333822
leaf_weight=1.503569055814302 0.9957527332007875 0.47091315127909439 0.54918613797053695 1.7553635025397074 1.0226402580738061 1.1694934777915484 1.6542575391940766 1.4282530504278992 1.5299700638279272 0.89787236787378788 1.4131779354065654 1.976465404499322 0.92836793139576901 0.5532444310374387 1.1389703648164866 1.938397916965201 0.79586778767406929 2.0712661249562956 1.3690595342777667 1.1718677645549176 0.3061023019254232 0.2804477964527905
leaf_count=34 39 4 18 21 15 27 29 30 30 22 15 28 12 39 28 24 18 25 27 27 21 24
internal_value=0 0.00389709 0.00699455 0.00508054 0.00873019 0.0130615 0.0170737 0.0258089 -0.0019403 0.0404185 -0.00686148 -0.024739 -0.0242073 -0.00907085 -0.0442985 0.0498643 0.0250891 0.0601089 0.049457 -0.0319676 -0.0682333 -0.0673471
internal_weight=0 25.9248 24.4212 23.9503 22.8145 20.62 18.8647 13.8208 4.7668 9.05396 5.0439 3.63072 3.23683 1.45112 2.30846 7.60284 2.22412 5.37872 3.44033 2.19451 1.13574 0.58655
internal_count=557 518 484 480 417 375 354 282 97 185 72 57 67 61 55 124 48 76 52 42 63 45
is_linear=0
shrinkage=0.1


Tree=104
num_leaves=29
num_cat=0
split_feature=10 14 1 1 23 23 19 20 19 10 14 11 0 18 20 20 17 3 11 4 23 11 22 19 20 20 17 10
split_gain=0.462175 0.506766 1.1233 0.751599 0.861035 0.423527 0.4776 0.407752 0.562434 0.381622 0.670093 0.122401 0.105237 0.0214745 0.00135221 0.000993568 0.00051498 9.88384e-05 4.16012e-05 2.31229e-05 1.30099e-05 5.13375e-06 3.08619e-06 2.31874e-06 1.19842e-06 3.18504e-07 2.70256e-07 9.36404e-08
threshold=401.94875000000008 109183.43156771226 111352.25000000001 111481.90000000001 0.01358789534009514 0.044650446284438684 -0.92011996038303245 29.657101541721399 -0.78828392309505169 369.51500000000004 102366.31535390262 377.26000000000005 1760805000000.0002 -5.5787508104216768 71.783825578886933 75.262288362041019 -0.50583168997988104 106117.60000000002 388.9550000000001 1.1602500000000002 0.010017719259880022 377.48750000000001 68.45711320790538 -0.45054996308595024 59.226792734108322 36.614753921882759 -0.68011807529423274 378.22000000000008
decision_type=2 2 2 2 2 2 2 2 2 2 2 2 2 2 2 2 2 2 2 2 2 2 2 2 2 2 2 2
left_child=1 5 13 -4 -5 6 11 -8 12 10 -10 -1 17 -3 16 19 18 -9 20 -6 -15 23 24 25 26 -21 27 -22
right_child=-2 2 3 4 15 -7 7 8 9 -11 -12 -13 -14 14 -16 -17 -18 -19 -20 21 22 -23 -24 -25 -26 -27 -28 -29
leaf_value=0.023757157090810176 0.063879186140241781 -0.041407954015065473 0.080828008221813852 0.021593157954227973 -0.068391365082256378 -0.048792304525561346 0.03645291413854837 -0.071114589875586887 0.07070760198870274 0.063978833345629996 -0.07212759439076806 0.070940115021271719 -0.023347258505996428 -0.068053635151536826 -0.073083091490262098 -0.073160509978161745 -0.072164749977623677 -0.069246835002213097 -0.068752138162123264 -0.067142429759289815 -0.067104935539587005 -0.067645413428618101 -0.067679046623444358 -0.067472586467893156 -0.0674189826709264 -0.066961290005656871 -0.067293076796570914 -0.067201485164273503
leaf_weight=0.82231018319725935 1.0592323653399933 0.29727510875091212 1.0835799402557311 2.8320379927754402 0.28016844298690535 1.0690741017460812 2.5215290030464592 0.42354174703359493 0.54155900143087066 1.0569048365578053 0.83464408712461591 1.659167720004916 0.78455914836376894 0.35106821963563906 0.80283095408231009 0.43343840911984433 0.30026566330342808 0.85582336783409119 0.32503165211528529 0.16634979704394881 0.20350409671664527 0.37515067728236318 0.25455119600519527 0.17576733184978421 0.42661127168685198 0.23308117967098951 0.20772008271887588 0.19837284320965409
leaf_count=25 17 22 12 31 9 10 35 5 9 20 36 35 10 15 13 5 8 37 12 17 22 22 15 13 29 38 17 18
internal_value=0 -0.00394501 -0.0214594 0.00606701 -0.0119511 0.010881 0.0175962 0.00426408 -0.0137845 0.0187871 -0.0159195 0.0553047 -0.0521823 -0.0670712 -0.0695563 -0.0690433 -0.0683074 -0.0698652 -0.0677185 -0.067593 -0.0675139 -0.0673576 -0.0673671 -0.0671699 -0.0672904 -0.0670367 -0.0672005 -0.0671526
internal_weight=0 19.5159 8.9468 5.57957 4.49599 10.5691 9.50004 7.01856 4.49703 2.43311 1.3762 2.48148 2.06392 3.36723 3.06996 1.66396 2.26713 1.27937 1.96686 1.23052 1.64183 0.950349 1.29076 0.575198 1.03621 0.399431 0.609597 0.401877
internal_count=557 540 318 147 135 222 212 152 117 65 45 60 52 171 149 104 136 42 128 99 116 90 101 68 86 55 57 40
is_linear=0
shrinkage=0.1


Tree=105
num_leaves=29
num_cat=0
split_feature=10 11 0 0 14 23 3 0 3 0 20 23 9 1 22 12 18 19 1 1 14 20 11 3 18 18 14 2
split_gain=0.48345 0.695506 0.639308 0.635547 1.00767 1.06219 0.713886 0.613565 0.65505 0.795925 0.485126 0.477623 0.400204 0.365444 0.305399 0.222694 0.201262 0.018171 0.00679738 0.00241519 0.000275248 0.000197822 0.000119777 3.67889e-05 1.59366e-05 1.20025e-05 9.42898e-06 1.07437e-07
threshold=362.41500000000002 367.94370000000009 1762057800000.0002 1761312600000.0002 108306.73387963064 0.022411454699425602 111112.35000000002 1760545800000.0002 108957.10000000002 1760967000000.0002 68.977599913098913 0.026026290902957164 396.40000000000003 114741.65000000001 40.021969430257869 369.46000000000009 -2.9605980057856551 -2.2113750713161058 111703.50000000001 108316.85000000002 110034.66502409164 38.256017093371575 362.96500000000009 110311.90000000001 -1.6390889880459218 -1.5666154114045667 107411.29624653072 107137.45000000001
decision_type=2 2 2 2 2 2 2 2 2 2 2 2 2 2 2 2 2 2 2 2 2 2 2 2 2 2 2 2
left_child=-1 11 3 4 12 6 7 -6 -9 -10 -11 22 19 15 -13 16 -5 -17 20 21 -19 -3 -2 -24 -4 -25 27 -23
right_child=1 2 24 13 5 -7 -8 8 9 10 -12 14 -14 -15 -16 17 -18 18 -20 -21 -22 26 23 25 -26 -27 -28 -29
leaf_value=-0.075906973400364175 0.069933605277331626 -0.06987231815896254 0.067834195645223569 0.0090442029738097753 -0.073961114888931603 0.074671869637108354 0.069855914406161887 -0.071577438814207806 0.076203756870795655 -0.061444378490112965 0.026349362895570241 0.050809162687259671 0.014321886659224313 0.011613618487132289 -0.017797233423963058 -0.085699892158814378 -0.057909697448729036 -0.070972306587339426 -0.056716692145492936 -0.075661297048029097 -0.068209999829714721 -0.067353893064853357 0.06868310386782904 0.067416795388297548 0.068609381284618062 0.068175817102857986 -0.068040033837022743 -0.067261068792828352
leaf_weight=0.82517179101705806 0.54978068917990031 0.71829741634429189 0.61097270157188177 0.89433687459677458 1.383014839142559 2.382823197171092 1.1737086493521927 0.99225968029350031 1.5220887586474416 1.1988757075741889 1.3250316977500913 1.0190998762845995 0.72937204129993904 1.1369207203388212 1.785863298922777 0.57993624079972494 0.90154146030545124 0.59111030306667156 0.60055771470069874 0.74078704230487336 0.92555141355842352 0.26546956785023212 0.90526264254003741 0.45537602249532949 0.46862098760902771 0.3840295374393462 0.27396614197641611 0.23512839153409004
leaf_count=12 16 19 29 23 7 30 25 22 30 28 12 17 8 9 31 9 19 12 20 6 34 20 30 30 13 13 13 20
internal_value=0 0.00190121 -0.00663842 -0.0109874 0.0012146 0.0164211 -0.00185435 -0.0149619 0.00123357 0.0190901 -0.0153533 0.0348083 -0.0499923 -0.0390344 0.00712886 -0.0518505 -0.024567 -0.0700169 -0.0657211 -0.0709933 -0.0692866 -0.0686769 0.0686465 0.0682409 0.0681707 0.067764 -0.0675684 -0.0673103
internal_weight=0 24.7498 19.6504 18.5708 12.9408 9.9778 7.59498 6.42127 5.03826 4.046 2.52391 5.09941 2.96302 5.62995 2.80496 4.49303 1.79588 2.69716 2.11722 2.23365 1.51666 1.49286 2.29445 1.74467 1.07959 0.839406 0.774564 0.500598
internal_count=557 545 408 366 240 154 124 99 92 70 40 137 86 126 48 117 42 75 66 78 46 72 89 73 42 43 53 40
is_linear=0
shrinkage=0.1


Tree=106
num_leaves=25
num_cat=0
split_feature=9 19 16 20 20 20 14 23 14 17 23 2 18 20 20 18 19 19 19 13 17 2 12 13
split_gain=0.407919 0.568158 0.368552 0.358095 0.365512 0.518791 0.697862 0.360206 0.288057 0.624776 0.417311 0.742183 0.323572 0.249694 0.389289 0.244647 0.0929677 0.0705587 0.0402677 0.000635777 0.000104422 1.91011e-05 9.16911e-06 7.2754e-07
threshold=360.69000000000005 -0.59997778948411262 366.20500000108206 27.366240382781623 70.079028434801302 65.750863349860012 111619.89829137579 0.015845712109855175 111459.3906045281 -0.64969391087148887 0.031299792603293318 109259.50000000001 -4.2105993871374956 47.00387052012416 52.549632204723814 -5.3049878327148443 -2.0491122201902825 -0.70105994805808314 -0.51488877109082487 19551.500000000004 -0.67550575070681285 112327.00000000001 365.17425000000009 865213.50000000012
decision_type=2 2 2 2 2 2 2 2 2 2 2 2 2 2 2 2 2 2 2 2 2 2 2 2
left_child=-1 2 22 -4 5 6 8 -6 9 10 11 13 -13 -5 -15 -3 -11 -14 -17 -20 -21 23 -2 -22
right_child=1 15 3 4 7 -7 -8 -9 -10 16 -12 12 17 14 -16 18 -18 -19 19 20 21 -23 -24 -25
leaf_value=0.092519943236786653 -0.067287871266047336 0.0047690833585387806 -0.041659963333195521 -0.069532047981055153 0.022662739672424395 0.068824947101101791 -0.053938703220232712 -0.032167278480330845 0.067957800227766429 -0.016423806319182714 0.064398052342243869 -0.00042213100636212238 0.072319004908103987 0.041896755957751011 -0.055840809032058042 -0.040107761737909385 -0.065373069753106181 0.039588681361489103 -0.073248346421698252 -0.069789083610842004 -0.0671123484270955 -0.068233058827311496 -0.06802825908859654 -0.067351596530802443
leaf_weight=0.47976739518344658 0.37818366708234918 0.81529282731935415 1.3972958563827003 0.95589660946280508 1.8866270408034314 1.8139698300510634 1.4386716606095422 3.2833466734737158 1.127005886286496 0.70383000560104847 2.0669187819585204 1.3613110259175365 1.6448871567845409 0.84616145491600014 0.78612795751541853 0.70544438529759701 0.86469767242669415 1.0985030960291493 0.31987528782337427 0.29694579727947745 0.2704775645397598 0.29738993756473064 0.29991594096645713 0.23978525446727872
leaf_count=4 31 31 20 35 22 23 35 35 8 13 26 33 34 16 27 31 27 17 7 8 30 11 14 19
internal_value=0 -0.000572872 0.00496006 0.00727323 0.0107129 0.0187525 0.0117081 -0.0121587 0.0199527 0.0147145 0.025122 0.0129926 0.0394353 -0.0289438 -0.0051747 -0.0418149 -0.0434085 0.0592132 -0.0596463 -0.0693225 -0.0681856 -0.067596 -0.0676153 -0.0672248
internal_weight=0 24.8986 21.9534 21.2753 19.878 14.708 12.894 5.16997 11.4553 10.3283 8.75981 6.69289 4.1047 2.58819 1.63229 2.94521 1.56853 2.74339 2.12992 1.42447 1.1046 0.807653 0.6781 0.510263
internal_count=557 553 416 371 351 294 271 57 236 228 188 162 84 78 43 137 40 51 106 75 68 60 45 49
is_linear=0
shrinkage=0.1


Tree=107
num_leaves=31
num_cat=0
split_feature=10 14 1 1 23 4 0 14 14 25 2 13 18 2 20 20 17 14 4 25 0 23 20 16 22 19 20 20 19 13
split_gain=0.409928 0.443969 1.01295 0.63503 0.771072 0.385501 0.646407 0.881143 0.613829 0.727216 0.659961 0.16601 0.0187469 0.001514 0.000943739 0.000791047 0.000368989 0.000177295 4.3526e-05 3.80512e-05 2.12033e-05 1.2764e-05 4.80086e-06 3.35446e-06 1.81868e-06 1.72001e-06 1.09387e-06 2.34987e-07 9.62888e-08 9.71747e-08
threshold=401.94875000000008 109183.43156771226 111352.25000000001 111481.90000000001 0.01358789534009514 1.1599000000000002 1760805000000.0002 105454.10326854663 108181.91468090368 0.011561022685725441 102252.05 865213.50000000012 -5.1127072427732694 108679.45000000001 71.783825578886933 75.262288362041019 -0.50583168997988104 103190.08883396095 1.1648500000000002 0.018884019322219971 1760481000000.0002 0.0095118594040815314 40.670903883017274 377.47999999787493 69.207614645439961 -0.45054996308595024 60.118138294291867 36.614753921882759 -0.66816121577155485 278753.50000000006
decision_type=2 2 2 2 2 2 2 2 2 2 2 2 2 2 2 2 2 2 2 2 2 2 2 2 2 2 2 2 2 2
left_child=1 5 12 -4 -5 8 7 -7 9 10 -1 13 -3 -8 16 20 18 -12 21 -9 -6 -14 -19 25 26 27 28 -22 29 -23
right_child=-2 2 3 4 15 6 11 19 -10 -11 17 -13 14 -15 -16 -17 -18 22 -20 -21 23 24 -24 -25 -26 -27 -28 -29 -30 -31
leaf_value=0.068824678923815538 0.062332666804668257 -0.043605467690465763 0.076103796419657768 0.020026887718589438 -0.068372325816508039 0.068109439080884626 0.068909387013710521 -0.070414151954097767 -0.072297107595380786 0.060762075155948773 -0.069951780270723615 0.022748522894916693 -0.068012355287906376 0.074152098898994198 -0.072362393650009182 -0.072683591368287934 -0.071576704304590691 -0.067767906003261255 -0.06878728646996117 -0.069287622062354282 -0.067083797776141277 -0.06715329069630524 -0.067289113178658003 -0.067517458435987457 -0.067515327750379425 -0.067395001557928921 -0.067355723293619815 -0.066912047230891059 -0.067189673573709793 -0.067052908449771728
leaf_weight=0.47543062642217249 0.97728354670107265 0.3163344319909841 1.0261698919348416 2.7469925321638584 0.23435856681317069 0.75316294282674778 1.2846978586167104 0.56891811359673716 1.2018808107823131 1.5677852965891359 0.48461715644225456 1.0341730676591394 0.30014768056571828 0.96425761841237534 0.73947401996701945 0.40763962129130948 0.27730538602917665 0.46756777772679925 0.28216325491666783 0.63393925270065665 0.1461983853951091 0.18482159264386011 0.37931836163625121 0.39142130734398961 0.2578507699072361 0.15592586901038941 0.34121219767257571 0.17503533326089382 0.17874515242874289 0.20165592152625322
leaf_count=11 17 26 12 31 8 4 38 19 14 21 13 12 12 13 13 5 8 24 8 23 17 18 30 27 19 13 25 34 17 25
internal_value=0 -0.00415086 -0.0210809 0.0054887 -0.0115311 0.0102743 0.0287964 -0.0167107 -0.0109293 0.0109263 -0.0323136 0.0559087 -0.0666653 0.0711572 -0.0693051 -0.0689194 -0.068188 -0.0684264 -0.06765 -0.0698204 -0.0675282 -0.0674309 -0.0675535 -0.0673005 -0.067281 -0.0671225 -0.0672143 -0.0669902 -0.067129 -0.0671009
internal_weight=0 18.1792 8.36345 5.28374 4.25757 9.81575 5.23915 1.95602 4.5766 3.37472 1.80693 3.28313 3.07971 2.24896 2.76338 1.51058 2.0239 1.3315 1.7466 1.20286 1.10294 1.46443 0.846886 0.868581 1.16429 0.47716 0.906435 0.321234 0.565223 0.386478
internal_count=557 540 318 147 135 222 109 46 113 99 78 63 171 51 145 104 132 67 124 42 99 116 54 91 104 64 85 51 60 43
is_linear=0
shrinkage=0.1


Tree=108
num_leaves=29
num_cat=0
split_feature=11 22 14 10 10 12 17 20 3 3 25 14 2 19 17 6 23 13 1 16 16 17 13 18 3 10 3 0
split_gain=0.437757 0.733003 0.5202 0.587737 0.483207 0.457171 0.417488 0.416459 0.39506 0.40121 0.6925 0.638292 0.439516 0.233928 0.19458 0.0228666 0.0242757 0.00770289 0.00470533 0.00322567 0.000365299 0.00035632 7.8208e-05 3.06766e-05 5.80996e-06 9.29904e-07 8.31238e-07 2.17983e-07
threshold=377.43620000000004 50.00193646971001 109984.94939002475 362.95000000000005 387.02815000000004 400.14000000000004 -0.80925291542062128 71.783825578886933 108341.05000000002 108138.35000000002 0.011142725009701334 108306.73387963064 103233.00000000001 -0.9720111576782855 -0.69823231577226019 1.1608000000000003 0.017715472875936788 643127.00000000012 109568.95000000003 391.4499999993306 388.9900000007396 -0.72817883411895268 901507.00000000012 -1.99432476149076 110311.90000000001 368.13500000000005 105835.50000000001 1760805000000.0002
decision_type=2 2 2 2 2 2 2 2 2 2 2 2 2 2 2 2 2 2 2 2 2 2 2 2 2 2 2 2
left_child=2 7 8 -4 -3 19 -5 15 9 10 12 -12 -1 -9 -10 16 -2 -17 -8 -6 27 -20 26 24 -23 -26 -14 -19
right_child=1 4 3 6 5 -7 18 13 14 -11 11 -13 22 -15 -16 17 -18 20 21 -21 -22 23 -24 -25 25 -27 -28 -29
leaf_value=-0.028521322559877049 -0.067830819226744693 -0.025024593672849833 -0.059828220285918603 0.0034369769636387396 0.061136192606860554 -0.026454557165236842 0.079220703881863266 0.019053591691696709 -0.071917700288037886 0.065683926422833827 -0.071663812952268341 0.020310278388878264 0.067651241424500588 -0.036733093643701448 -0.010301135975679348 -0.082569236024360462 -0.036141769383274548 -0.067361984737125388 0.07052389505681185 0.069686124528040169 -0.071108023053104777 0.067929321690416711 0.069171982336388479 0.068510194868454485 0.067301996690163013 0.067548976203309727 0.067837995671895399 -0.067236711229143806
leaf_weight=0.6646628212183735 0.63562781270593227 1.8474960662424562 0.55124325677752395 1.3384505379945038 0.6761381542310122 0.72200891934335221 0.53001503087580237 1.2575478889048102 1.0495174648240211 1.0327165722846983 1.7984488895162942 1.2999558523297308 0.50251565873622872 1.8684957409277556 1.0016428045928476 0.71539184264838707 0.39010908082127571 0.27114054001867749 0.82268683891743455 1.2702395645901559 0.45967639796435833 0.37644078582525264 0.63433721195906401 0.63771599158644643 0.29455330967903137 0.31598299741744995 0.45334647316485643 0.2847979087382555
leaf_count=14 31 26 4 25 26 16 4 6 31 7 38 10 26 38 13 5 17 20 22 29 9 17 16 20 22 18 20 27
internal_value=0 -0.0160153 0.0113711 0.0374058 0.0142876 0.041506 0.0498251 -0.0392771 -0.00364745 0.00861619 -0.00239293 -0.0330755 0.0397679 -0.0142912 -0.0418285 -0.0676102 -0.0557788 -0.074621 0.0706782 0.066716 -0.0690223 0.0688282 0.0683111 0.0679696 0.0676203 0.0674298 0.0677398 -0.0672978
internal_weight=0 10.3987 13.3042 4.86709 4.51588 2.66839 4.31585 5.88279 8.43714 6.38598 5.35327 3.0984 2.25486 3.12604 2.05116 2.75674 1.02574 1.73101 2.97739 1.94638 1.01561 2.44738 1.5902 1.62469 0.986977 0.610536 0.955862 0.555938
internal_count=557 250 307 132 97 71 128 153 175 131 124 48 76 44 44 109 48 61 103 55 56 99 62 77 57 40 46 47
is_linear=0
shrinkage=0.1


Tree=109
num_leaves=26
num_cat=0
split_feature=12 9 12 23 13 14 17 14 2 17 20 23 13 18 19 25 3 23 6 0 17 14 17 20 18
split_gain=0.366229 0.518429 0.376625 0.334632 0.296867 0.286889 0.714925 0.642853 0.621542 0.392442 0.387991 0.346583 0.328669 0.266724 0.229345 0.46012 0.110231 0.0554587 0.0412948 0.0229922 0.00264345 0.000481611 2.09383e-05 4.20483e-06 1.53333e-06
threshold=359.62000000000006 366.33000000000004 389.23000000000008 0.031299792603293318 49476.500000000007 111619.89829137579 -0.69170378887646911 111459.3906045281 114916.70000000003 -0.65426338034371123 69.855651612361328 0.017598027614094677 372377.00000000006 -1.1016765145591467 -0.82981270217448155 0.01577031815721951 106916.50000000001 0.029136924999813515 1.15995 1761161400000.0002 -0.56897170686363763 107553.55385408206 -0.70197564775797539 53.04422381595684 -2.3611455613785304
decision_type=2 2 2 2 2 2 2 2 2 2 2 2 2 2 2 2 2 2 2 2 2 2 2 2 2
left_child=-1 22 4 21 -3 7 18 9 -8 10 11 12 -6 20 17 -16 -14 19 -7 -13 -11 -4 -2 -23 -24
right_child=1 2 3 -5 5 6 8 -9 -10 13 -12 14 16 -15 15 -17 -18 -19 -20 -21 -22 23 24 -25 -26
leaf_value=0.089526312458684351 -0.068193310645056043 -0.035701794340238215 -0.071893869317842543 0.013942257574643763 0.032555859217382702 -0.051638517580631066 -0.027351379347430611 0.075498347931159893 0.064513143649717622 -0.059667133459867988 -0.016321673026223577 0.037410627230288401 -0.0076603789761220484 0.013070869195560867 0.055999698086277062 -0.026866701076433824 -0.068253891569261677 0.077296192766043284 -0.085142846095579094 0.060260622159447587 -0.069941795910259383 -0.067475981606722302 -0.067182035033065066 -0.067909715259931072 -0.067508243839078871
leaf_weight=0.4606799259781863 0.49692343082278967 1.5083928792737484 0.37975224107503824 0.7815642375499009 1.2279436774551959 0.72040046378970124 1.5405747154727572 1.676294432952999 1.4111175704747436 0.40786457620561112 2.6716295322403303 0.84673663042486536 0.54811880178749539 0.71631661616264963 1.5550745138898414 1.1773772500455377 0.66384979570284486 1.1805462902411816 0.75174504425376654 0.91754689253866673 0.64859171258285631 0.53036848036572337 0.35433821752667427 0.38631911110132933 0.24284902215004212
leaf_count=2 23 39 4 7 35 24 29 12 16 18 34 14 16 15 26 17 28 18 16 26 31 36 37 18 16
internal_value=0 -0.000510586 0.00279431 -0.0377415 0.00697047 0.0104196 -0.011824 0.0173309 0.0165664 0.00956864 0.0167335 0.027613 -0.00390685 -0.0340353 0.0411592 0.0202937 -0.0408502 0.0605198 -0.0687474 0.0492942 -0.0659751 -0.0688993 -0.0677137 -0.0676588 -0.0673147
internal_weight=0 23.3422 22.2481 2.078 20.1701 18.6617 4.42384 14.2379 2.95169 12.5616 10.7888 8.11719 2.43991 1.77277 5.67728 2.73245 1.21197 2.94483 1.47215 1.76428 1.05646 1.29644 1.09411 0.916688 0.597187
internal_count=557 555 479 65 414 375 85 290 45 278 214 180 79 64 101 43 44 58 40 40 49 58 76 54 53
is_linear=0
shrinkage=0.1


Tree=110
num_leaves=28
num_cat=0
split_feature=10 1 16 0 14 13 19 11 17 2 13 17 4 13 2 2 23 14 3 3 4 23 14 13 0 1 18
split_gain=0.360709 0.386187 0.594128 0.563643 0.526982 0.47571 0.38089 0.705189 0.286041 0.351033 0.410009 0.296361 0.547211 0.155808 0.0912668 0.0314127 0.00278394 0.00276995 0.000647188 0.000194973 4.6291e-05 1.07354e-05 1.36683e-06 1.36665e-06 1.01419e-06 2.36441e-07 3.74375e-08
threshold=401.94875000000008 108395.00000000001 377.51999999819276 1761431400000.0002 109183.43156771226 13201.500000000002 -0.70105994805808314 380.02500000000003 -0.85289846546291703 102252.05 5421525.0000000009 -0.77694355556827588 1.1599000000000002 188647.50000000003 107328.90000000001 107835.00000000001 0.010017719259880022 108397.46223255286 110246.00000000001 108562.70000000003 1.1602500000000002 0.0073090800138550785 109839.00011609019 256594.00000000003 1761679800000.0002 111817.25000000001 -4.8776193725944772
decision_type=2 2 2 2 2 2 2 2 2 2 2 2 2 2 2 2 2 2 2 2 2 2 2 2 2 2 2
left_child=1 8 5 4 -4 -3 7 -6 14 -10 11 15 13 -13 -1 -11 -8 -7 -9 -19 -20 -21 -23 24 -24 26 -25
right_child=-2 2 3 -5 6 17 16 18 9 10 -12 12 -14 -15 -16 -17 -18 19 20 21 -22 22 23 25 -26 -27 -28
leaf_value=0.02295526149615227 0.060858277616782419 0.0735619301366644 0.048304819707263399 0.042686348967387239 0.034842689993192809 -0.075401096625083652 -0.076681519239430396 -0.072829249327302351 0.06864957946296911 -0.069726629065121809 0.049463991578416217 0.0026457176580154274 0.069791123804991431 -0.069185009219165539 0.071005782091443467 -0.040047596445365458 -0.068385356746883452 -0.06996194927145867 -0.068894826801695216 -0.067901270063234154 -0.06721686105010706 -0.067364877722615582 -0.06741810652518733 -0.067024631059126358 -0.067112928595560645 -0.066919070864473115 -0.067092336550049758
leaf_weight=0.67943282239139058 0.90041306056082149 0.25545159773900961 0.94587128423154343 2.055286131799221 1.4809089065529439 0.64547246135771308 0.74746058881282473 0.46878218278288819 0.69868399761617794 0.87788861477747537 0.98042348958551873 0.5204320037737491 0.73657886590808619 0.71939057670533657 0.945209008641541 0.60059803910553455 0.88152010273188353 0.33524082601070393 0.30014916881918907 0.24342929385602463 0.36355046601966023 0.29213410522788741 0.19416199810802937 0.16005910839885495 0.2479699810501188 0.19075264921411872 0.16675572982057907
leaf_count=31 17 3 23 28 32 6 5 10 18 36 9 21 18 25 16 12 38 6 9 11 36 25 16 21 29 37 19
internal_value=0 -0.00411557 -0.0166204 -0.00163378 -0.0191909 -0.0563638 -0.0342396 -0.0105831 0.0143401 0.0027674 -0.00761086 -0.0238075 0.00152425 -0.0390331 0.0509108 -0.0576703 -0.0721921 -0.0697685 -0.0699848 -0.0677823 -0.0679757 -0.0672936 -0.0671755 -0.0671178 -0.0672469 -0.0670075 -0.0670592
internal_weight=0 16.7336 9.97496 7.24353 5.18824 2.73143 4.24237 2.61339 6.75864 5.134 4.43531 3.45489 1.9764 1.23982 1.62464 1.47849 1.62898 2.47598 1.13248 1.8305 0.6637 1.49526 1.25183 0.959699 0.442132 0.517567 0.326815
internal_count=557 540 354 181 153 173 130 87 186 139 121 112 64 46 47 48 43 170 55 164 45 158 147 122 45 77 40
is_linear=0
shrinkage=0.1


Tree=111
num_leaves=26
num_cat=0
split_feature=11 22 14 9 10 11 17 20 0 2 25 2 9 6 23 13 1 16 16 12 13 17 18 14 23
split_gain=0.401601 0.637223 0.452753 0.426469 0.412743 0.39845 0.396867 0.382694 0.365915 0.729338 0.644815 0.213642 0.0448034 0.0208617 0.024724 0.00526539 0.00343817 0.00319002 0.000273767 0.00011163 4.3716e-05 3.09686e-05 8.51353e-06 5.64131e-07 2.47773e-07
threshold=377.43620000000004 50.00193646971001 109984.94939002475 386.43500000000006 401.07500000000005 359.29000000000002 -0.80925291542062128 71.783825578886933 1762111800000.0002 103233.00000000001 0.01731589908885503 112904.90000000001 368.84500000000008 1.1608000000000003 0.017715472875936788 643127.00000000012 109767.85000000002 391.68500000001541 388.9900000007396 371.45500000000004 278753.50000000006 -0.70945203810423596 -2.6747980527913153 111346.10934869912 0.015609980170199962
decision_type=2 2 2 2 2 2 2 2 2 2 2 2 2 2 2 2 2 2 2 2 2 2 2 2 2
left_child=2 7 8 -3 17 -4 -7 13 10 -10 12 -9 -1 14 -2 -15 -8 -5 24 21 -11 -18 23 -23 -17
right_child=1 3 5 4 -6 6 16 11 9 20 -12 -13 -14 15 -16 18 19 -19 -20 -21 -22 22 -24 -25 -26
leaf_value=-0.073347077776454037 -0.067740191790919987 -0.023557912097279528 -0.037798412262068135 0.060694885286341239 -0.025831847941607863 0.0031543326991554537 0.076649813608196282 -0.041171421104340918 -0.041195844227549433 0.067648722104463238 0.010723303289761218 0.011907304838094419 -0.044120944370448549 -0.080518365857455837 -0.034577296671267778 -0.067154928133720745 0.068547337801798558 0.069548248707918842 -0.070697366508488665 0.069760847945218335 0.068689831238937044 0.06741664547091239 0.067901957923011166 0.067208759158296758 -0.067296649845131923
leaf_weight=1.2133496031165143 0.58229626715183114 1.779496203176677 0.62590021826326836 0.63936576154083047 0.67139113694429386 1.3143438724800947 0.65844253636896644 1.4806623980402949 0.97169209457933936 0.72744425386190392 3.0909488806501031 1.554363941773772 0.92394820135086764 0.65948690008372046 0.36618129909038544 0.21941625745967031 0.52779412176460039 1.1197568010538814 0.41933426540344954 0.41917477827519167 0.90517930220812559 0.3101844871416688 0.50335921347141221 0.2253839005716145 0.28179589845240116
leaf_count=31 31 26 7 27 17 25 6 18 24 37 37 26 17 5 17 24 22 27 9 11 29 20 21 20 23
internal_value=0 -0.0157144 0.0113841 0.0136387 0.0408721 0.0363428 0.0480652 -0.0379263 -0.00322478 0.0273998 -0.0184796 -0.0139876 -0.0607127 -0.0666605 -0.0549369 -0.0736981 0.0703877 0.0663304 -0.068812 0.0683114 0.0682259 0.0679236 0.0676067 0.0673292 -0.0672346
internal_weight=0 9.77355 12.4171 4.21001 2.43051 4.58458 3.95868 5.56354 7.83256 2.60432 5.22825 3.03503 2.1373 2.52851 0.948478 1.58003 2.64434 1.75912 0.920546 1.9859 1.63262 1.56672 1.03893 0.535568 0.501212
internal_count=557 250 307 97 71 132 125 153 175 90 85 44 48 109 48 61 100 54 56 94 66 83 61 40 47
is_linear=0
shrinkage=0.1


Tree=112
num_leaves=24
num_cat=0
split_feature=13 13 14 22 2 1 20 14 23 21 17 23 18 24 20 20 23 19 17 20 10 2 2
split_gain=0.30889 0.343763 0.290239 0.337345 0.246589 0.37622 0.392053 0.298479 0.437236 0.294833 0.34981 0.57167 0.42578 0.216621 0.176545 0.203774 0.141317 0.123036 0.0942799 0.0797231 0.0465778 0.00056357 6.39684e-05
threshold=2363254.5000000005 166939.50000000003 111177.78892755622 50.00193646971001 109501.45000000001 108809.20000000003 47.00387052012416 109984.94939002475 0.0077614948901407474 1.0000000180025095e-35 -0.70197564775797539 0.017598027614094677 -2.6189681617629197 0.0021144443049802559 31.916409666840178 42.106341529790093 0.031299792603293318 -1.3558901556176817 -0.7355320170921783 52.549632204723814 379.29000000000002 111485.95000000001 106995.55000000002
decision_type=2 2 2 2 2 2 2 2 2 2 2 2 2 2 2 2 2 2 2 2 2 2 2
left_child=1 2 3 -1 5 6 16 18 -9 13 11 -11 -12 -10 -2 -16 22 -8 -6 -19 -5 -4 -3
right_child=14 4 21 20 7 -7 17 8 9 10 12 -13 -14 -15 15 -17 -18 19 -20 -21 -22 -23 -24
leaf_value=0.026128013616376622 -0.078286323937404576 -0.069362249001966483 -0.072959410847108205 -0.02872285244152711 0.071848118667658986 -0.075149466414434263 -0.0066497459132006144 -0.035981740078431183 0.014089034078596142 -0.042540849964949667 0.0090468190572703354 0.037125486843541 0.081347487926529807 -0.071288925892253635 0.035218903315760115 -0.044067158896477797 -0.0081483776673569389 0.070136439059887756 0.027996992990012088 0.026147158473549537 -0.072944713043644763 -0.068118408036194497 -0.067479328382966622
leaf_weight=1.3845893819816479 0.66084710322320406 0.31093173706904298 0.42244982998818148 0.46903008199296881 1.1710785757750275 0.71643748180940736 0.79425160214304957 1.6363951619714487 0.64082158356904784 1.4319630358368201 1.3813944989815357 2.4279725644737482 1.9848572378978091 0.55415645474568009 0.50529572553932645 0.90425346000120044 0.82789699081331491 0.60639667510986317 0.84340286022052069 1.2851207135245202 0.48392145056277514 0.5582771385088563 0.42987246881239116
leaf_count=33 14 13 7 32 26 13 14 24 27 30 31 32 17 18 10 33 32 13 21 36 13 35 33
internal_value=0 0.00490266 -0.0245446 -0.00538807 0.010636 -0.00810901 0.00318036 0.0183547 0.0113175 0.0205086 0.0281176 0.00757078 0.0516778 -0.025504 -0.0356392 -0.0156447 -0.0365401 0.0263802 0.053489 0.0402496 -0.0511793 -0.0702037 -0.0682696
internal_weight=0 20.3612 3.31827 2.33754 17.0429 4.97091 4.25447 12.072 10.0576 8.42117 7.22619 3.85994 3.36625 1.19498 2.0704 1.40955 1.5687 2.68577 2.01448 1.89152 0.952952 0.980727 0.740804
internal_count=557 500 120 78 380 154 141 226 179 155 110 62 48 45 57 43 78 63 47 49 45 42 46
is_linear=0
shrinkage=0.1


Tree=113
num_leaves=26
num_cat=0
split_feature=2 25 14 14 14 1 20 25 22 17 13 14 25 25 2 25 23 25 0 1 23 20 23 3 17
split_gain=0.342616 0.351454 0.628981 0.504013 0.618428 0.42197 0.460169 0.428197 0.422981 0.318999 0.329953 0.16704 0.16692 0.15274 0.132524 0.000812864 0.000515723 0.000462435 0.000405182 5.43898e-05 2.00355e-05 3.81284e-06 8.98445e-07 2.29673e-07 1.59274e-07
threshold=113990.00000000001 1.0000000180025095e-35 111433.24778419503 111619.89829137579 109183.43156771226 111382.10000000002 47.00387052012416 0.02245346577343087 66.986781124082185 -0.66506197730305971 969018.00000000012 108181.91468090368 0.0084507663508702688 0.010673365654857282 109437.90000000001 0.0063531602160872853 0.044196404369203919 0.01978879044588815 1761528600000.0002 111633.10000000002 0.017598027614094677 66.125618104364605 0.020857667146000413 114546.95000000003 -0.7971692032972566
decision_type=2 2 2 2 2 2 2 2 2 2 2 2 2 2 2 2 2 2 2 2 2 2 2 2 2
left_child=1 3 5 4 -1 6 7 9 12 11 13 -3 -8 -11 -10 -4 -13 20 -2 -17 -14 -21 -22 -20 -24
right_child=18 2 15 -5 -6 -7 8 -9 14 10 -12 16 17 -15 -16 19 -18 -19 23 21 22 -23 24 -25 -26
leaf_value=0.06277311503685562 -0.072157664632537241 -0.0066029909901770259 -0.073234685970918173 0.07198114501337248 -0.051830477645908785 0.076419373354951484 0.0020838758460927655 0.049825344244549395 0.040247636544021546 -0.0015996900920447173 -0.041930446989724771 -0.067447516813186822 -0.068226362211589661 0.061684795154775089 -0.018413342782812481 -0.068940448559213816 -0.072371335279237739 -0.070628640501642415 -0.067190497805827767 -0.06708729045524231 -0.067367190620298958 -0.067631419827065442 -0.067052216309792731 -0.067363783891841236 -0.067179116445957116
leaf_weight=0.80648733861744526 0.37991963047534305 0.81765433494001383 0.45347240939736255 1.5783794522285459 1.1314452928490935 0.71574867097660977 0.3959440537728377 2.1557239536195993 0.75944022461771943 0.56643694592639704 0.66309127816930402 0.42780323559418321 0.27823453349992622 1.1673612250015137 0.78134944615885615 0.39452093257568777 0.42311111837625504 1.0397315355949102 0.16205988149158657 0.23725316720083356 0.21525791427120566 0.28166302526369691 0.2051957293879243 0.14484950131736696 0.19093886902555801
leaf_count=31 5 19 4 21 38 13 11 34 18 33 17 38 14 31 31 17 4 26 22 32 17 16 26 20 19
internal_value=0 0.00218351 -0.00586238 0.0300303 -0.00413721 0.00222433 -0.00304022 0.013797 -0.0301342 -0.00530709 0.0180645 -0.0388802 -0.0570592 0.0410096 0.0105001 -0.0697737 -0.0698959 -0.0691966 -0.0699746 -0.0680555 -0.0675229 -0.0673826 -0.0672027 -0.0672723 -0.0671134
internal_weight=0 15.6862 12.1699 3.51631 1.93793 10.803 10.0873 6.22118 3.86609 4.06546 2.39689 1.66857 2.3253 1.7338 1.54079 1.36691 0.850914 1.92936 0.686829 0.913437 0.889627 0.518916 0.611393 0.306909 0.396135
internal_count=557 510 420 90 69 351 338 176 162 142 81 61 113 64 49 69 42 102 47 65 76 48 62 42 45
is_linear=0
shrinkage=0.1


Tree=114
num_leaves=30
num_cat=0
split_feature=24 18 3 10 0 14 14 23 0 3 0 14 0 17 11 11 18 1 23 19 2 24 25 13 0 20 20 11 20
split_gain=0.367563 0.347985 0.44767 0.492382 0.435841 0.608338 0.561112 0.73316 0.568519 0.463874 0.669423 0.485097 0.556854 0.496515 0.318976 0.250126 0.0425557 0.0400652 0.00146295 0.000741497 0.000202472 0.000138004 7.36298e-05 4.72657e-05 2.5473e-05 1.15805e-05 7.85413e-06 5.80734e-06 4.06652e-07
threshold=0.0039929649130570066 -0.39373518357551934 113609.95000000001 362.61995000000007 1762047000000.0002 103154.23622160581 108306.73387963064 0.029574814480847474 1761312600000.0002 111112.35000000002 1760545800000.0002 111177.78892755622 1761204600000.0002 -0.76241983889423348 393.9559000000001 368.00500000000005 -1.1016765145591467 109826.60000000002 0.044650446284438684 -1.0635130915518722 108365.40000000001 0.00064578722990315943 0.010846433681814227 3695682.0000000005 1762252200000.0002 59.578323728898845 41.003022863202453 377.26000000000005 51.125611024311269
decision_type=2 2 2 2 2 2 2 2 2 2 2 2 2 2 2 2 2 2 2 2 2 2 2 2 2 2 2 2 2
left_child=1 2 3 -1 6 -6 14 8 9 10 -8 12 13 -12 18 -10 -4 -17 20 -7 23 25 -2 27 26 -19 -21 -5 -29
right_child=22 -3 16 4 5 19 7 -9 15 -11 11 -13 -14 -15 -16 17 -18 21 -20 24 -22 -23 -24 -25 -26 -27 -28 28 -30
leaf_value=-0.091892916137776393 0.069396233358579182 -0.060855188544122765 0.068769367270416118 -0.067762989724144448 -0.054115112866055165 0.072687288928189694 -0.070605272843452346 0.05393370922887613 0.00054778877258707408 0.069344077226847156 0.057076774183228943 0.072690336690706597 -0.070311546960491841 -0.028420168502380529 0.014049463955185063 -0.035924732628478229 0.034656438780712874 -0.067523301737119637 -0.07472230921879007 0.067954913551360074 -0.07052064586378104 -0.069897887681315482 0.067407469707935971 -0.068812756656969343 0.068662146138014676 -0.068126516999616873 0.067305926973958319 -0.067254604089453149 -0.067081585370262445
leaf_weight=0.62238001078368199 0.35551267117261787 0.99227098934352653 0.78637791518121958 0.23407732415944627 0.52281273808330242 0.47953854501247417 1.2166543267667274 2.1784166684374204 0.88737997319549355 0.99442520085722197 1.502270530909309 1.0453481320291755 0.95312162302434433 1.2398507362231526 0.58784266561269749 0.47662848839536343 0.68359086476266273 0.490835355594754 0.49917528778314579 0.47376998187974051 0.35231755860149849 0.46851676143705834 0.39079671073704958 0.30656517669558525 0.42405176442116499 0.90519074816256762 0.30751777999103069 0.26891892217099667 0.27451008697971702
leaf_count=11 14 15 34 12 12 10 7 32 18 26 33 19 23 27 7 14 6 31 4 21 6 12 27 10 13 34 23 24 32
internal_value=0 -0.00311035 -0.000123261 -0.00452424 -0.00134242 0.0401204 -0.00749326 0.00128083 -0.00998611 0.00611861 -0.00443543 0.0125468 -0.00446722 0.0184193 -0.0504652 -0.0446625 0.0529056 -0.0617987 -0.0700587 0.0693614 -0.068438 -0.0684128 0.0683548 -0.0677612 0.0680382 -0.0679144 0.0676995 -0.0673466 -0.0671672
internal_weight=0 20.1744 19.1821 17.7121 17.0897 2.20769 14.882 12.3586 10.1802 6.95167 5.95725 4.74059 3.69524 2.74212 2.52341 3.22855 1.46997 2.34117 1.93556 1.68488 1.43639 1.86454 0.746309 1.08407 1.20534 1.39603 0.781288 0.777506 0.543429
internal_count=557 516 501 461 450 79 371 276 244 135 109 102 83 60 95 109 40 91 88 67 84 77 41 78 57 65 44 68 56
is_linear=0
shrinkage=0.1


Tree=115
num_leaves=27
num_cat=0
split_feature=2 22 22 3 3 0 20 17 11 23 18 23 17 9 17 2 16 25 2 2 0 13 0 11 20 25
split_gain=0.264934 0.38459 0.311094 0.256041 0.388362 0.29035 0.268311 0.420525 0.402278 0.324186 0.346366 0.317239 0.215758 0.137117 0.192205 0.378418 0.0224894 0.00529814 0.000457997 0.000153221 9.82473e-05 3.58561e-05 3.12555e-05 5.87936e-06 3.40141e-06 1.37077e-06
threshold=106032.90000000001 79.918281298474454 72.970678794610919 106589.30000000002 107917.50000000001 1760805000000.0002 70.079028434801302 -0.66924194282643679 368.12500000000006 0.01472488553563 -2.7513880884385338 0.015845712109855175 -0.85740805510596252 380.12500000000006 -0.70745234958250636 110913.05000000002 374.15500000046035 0.025506391691728855 110125.25000000001 108403.05000000002 1760610600000.0002 994817.50000000012 1760837400000.0002 366.77000000000004 53.508571396952952 0.010560249436684774
decision_type=2 2 2 2 2 2 2 2 2 2 2 2 2 2 2 2 2 2 2 2 2 2 2 2 2 2
left_child=1 17 3 -2 5 -5 7 9 18 10 -6 -8 -4 14 15 16 -11 21 -9 22 -14 25 -7 -20 -22 -1
right_child=2 -3 12 4 6 19 11 8 -10 13 -12 -13 20 -15 -16 -17 -18 -19 23 -21 24 -23 -24 -25 -26 -27
leaf_value=-0.067150803355794 0.055806453101576683 0.033300537919279789 0.022721386615190957 0.026366225172642588 -0.05564795848256468 -0.068941094835265934 0.019035932125716457 -0.072326885402126562 0.0094644296537691203 0.05276693162416727 0.037573617954812719 -0.031243297846739057 -0.069600652697999504 0.014000062588669916 0.082144026559130903 -0.010322742609271858 0.075128289683909361 -0.082758711449090958 -0.067151986016807302 -0.070472617432918994 -0.067211694153735999 -0.06881427005854468 -0.067578502792806652 -0.067806548557835133 -0.067678577361840783 -0.067517587045956617
leaf_weight=0.21940186107531434 1.0388078796677351 0.50140227610245336 0.36134414933621883 0.44298400636762636 0.76581805106252432 0.26406925171613671 2.2203245004639021 0.30642250273375848 2.6627087737433612 0.82002385705710146 0.83112301398069355 2.886066026519984 0.31773050967603811 1.1899278853088615 1.4409740287810495 1.0527408567722885 0.99609165731817484 0.37309183180332184 0.25292782532051206 0.41892723739147186 0.31820344645529985 0.26478975475765765 0.4643884589895606 0.29996758420020342 0.30619614198803902 0.19024465791881084
leaf_count=27 33 7 9 19 32 9 36 7 39 24 19 33 13 24 14 24 18 2 30 9 29 12 39 17 17 15
internal_value=0 -0.0387227 0.0042331 0.00758554 0.00469262 -0.0423996 0.00945532 0.0185135 -0.00973472 0.0325329 -0.00713108 -0.00938124 -0.0429728 0.04405 0.0523466 0.0373799 0.0650315 -0.0731969 -0.0692258 -0.0689488 -0.0681691 -0.0679074 -0.0680724 -0.0675071 -0.0674406 -0.0673211
internal_weight=0 1.54893 19.6578 18.3543 17.3155 1.59037 15.7251 10.6187 3.52203 7.0967 1.59694 5.10639 1.30347 5.49976 4.30983 2.86886 1.81612 1.04753 0.859318 1.14738 0.94213 0.674436 0.728458 0.552895 0.6244 0.409647
internal_count=557 63 494 426 393 76 317 248 93 155 51 69 68 104 80 66 42 56 54 57 59 54 48 47 46 42
is_linear=0
shrinkage=0.1


Tree=116
num_leaves=26
num_cat=0
split_feature=2 25 14 14 14 1 20 22 25 17 13 25 14 25 17 25 23 25 0 1 23 20 9 10 3
split_gain=0.303541 0.310131 0.58023 0.469885 0.556577 0.38105 0.397405 0.385423 0.363653 0.283744 0.290572 0.17811 0.16069 0.13229 0.117732 0.000605947 0.000398547 0.000358661 0.000273844 4.46903e-05 1.4336e-05 2.99157e-06 7.2179e-07 1.81642e-07 1.25794e-07
threshold=113990.00000000001 1.0000000180025095e-35 111433.24778419503 111619.89829137579 109183.43156771226 111382.10000000002 47.00387052012416 66.986781124082185 0.02245346577343087 -0.66506197730305971 969018.00000000012 0.0081590784009387858 108181.91468090368 0.010673365654857282 -0.78233823503367927 0.0063531602160872853 0.044196404369203919 0.01978879044588815 1761528600000.0002 111633.10000000002 0.017598027614094677 66.125618104364605 378.80000000000007 368.92525000000006 114546.95000000003
decision_type=2 2 2 2 2 2 2 2 2 2 2 2 2 2 2 2 2 2 2 2 2 2 2 2 2
left_child=1 3 5 4 -1 6 8 11 9 12 13 -8 -3 -11 -9 -4 -14 20 -2 -17 -13 -21 23 -22 -20
right_child=18 2 15 -5 -6 -7 7 14 -10 10 -12 17 16 -15 -16 19 -18 -19 24 21 22 -23 -24 -25 -26
leaf_value=0.062122946338529286 -0.071458085934883592 -0.0060080875194426994 -0.072620842241341771 0.071471340520416371 -0.050525617579389441 0.073784507372852956 0.0079606848618886793 0.044489820660640327 0.04723879215200455 -0.0003539509650516264 -0.040167883985273323 -0.06806109916290877 -0.067395685681375245 0.060260537152703922 -0.013003575602829593 -0.068798609721033813 -0.071909979384902498 -0.070277622628376335 -0.067151560235997429 -0.067056549254596906 -0.067005514128670202 -0.067560342635353307 -0.067326786326282029 -0.067142444643636751 -0.067287131656619634
leaf_weight=0.73942354694008772 0.34037343040108758 0.80411401158198337 0.41989630460739025 1.4609329951927064 1.0781101132743058 0.69470557384193021 0.36200299579650241 0.60004277713596821 2.0402288073673844 0.53908728109672743 0.62383240531198669 0.25438523804768898 0.38877178844995797 1.0842010471969841 0.87635259516537167 0.3692317467648536 0.3935326412320137 0.95894380565732718 0.14652893994934857 0.21523157460615039 0.16893989825621247 0.26055711461231112 0.17732915608212352 0.22710767248645425 0.12843176396563649
leaf_count=31 5 19 4 21 38 13 9 20 34 33 17 14 38 31 29 17 4 26 22 32 25 16 15 24 20
internal_value=0 0.00212424 -0.00563538 0.0292447 -0.00469703 0.00229153 -0.00293715 -0.0289734 0.0131316 -0.00502041 0.0178387 -0.0560019 -0.0373997 0.0401307 0.0103631 -0.0695159 -0.0696666 -0.0689613 -0.069562 -0.0679731 -0.0674363 -0.0673324 -0.0671591 -0.067084 -0.0672149
internal_weight=0 14.737 11.4585 3.27847 1.81753 10.1936 9.49887 3.6251 5.87377 3.83354 2.24712 2.14871 1.58642 1.62329 1.4764 1.26492 0.782304 1.78671 0.615334 0.84502 0.827762 0.475789 0.573377 0.396048 0.274961
internal_count=557 510 420 90 69 351 338 162 176 142 81 113 61 64 49 69 42 104 47 65 78 48 64 49 42
is_linear=0
shrinkage=0.1


Tree=117
num_leaves=31
num_cat=0
split_feature=24 9 18 2 0 17 2 0 14 0 11 23 1 11 13 23 13 19 14 23 19 24 2 20 22 3 20 20 4 15
split_gain=0.331986 0.35209 0.317531 0.583683 0.402373 0.387406 0.325652 0.822923 0.490007 0.756022 0.438428 0.38323 0.552973 0.372455 0.292765 0.290053 0.148085 0.100779 0.0224686 0.000965229 0.000511776 0.000370284 0.000119965 7.79106e-05 5.67994e-05 4.2435e-05 1.65358e-05 5.41282e-06 3.79678e-06 5.27308e-07
threshold=0.0039929649130570066 358.90000000000003 -0.39373518357551934 112327.00000000001 1760535000000.0002 -0.67749972699932159 103329.55 1762047000000.0002 108306.73387963064 1761204600000.0002 367.94370000000009 0.02401158556606826 108994.05 394.32500000000005 93119.500000000015 0.019169665364389136 1455185.0000000002 -0.61276845131582547 113937.62869001071 0.044650446284438684 -1.0635130915518722 0.00064578722990315943 108365.40000000001 28.918091916764663 47.821421501733305 103582.50000000001 59.578323728898845 41.003022863202453 1.1607000000000003 1.161700000064233
decision_type=2 2 2 2 2 2 2 2 2 2 2 2 2 2 2 2 2 2 2 2 2 2 2 2 2 2 2 2 2 2
left_child=1 -1 3 4 -3 18 -6 8 13 11 -11 12 -10 19 -12 -14 21 -7 -5 22 -9 26 23 -8 -2 -22 29 -27 -25 -16
right_child=24 2 -4 5 6 17 7 20 9 10 14 -13 15 -15 16 -17 -18 -19 -20 -21 25 -23 -24 28 -26 27 -28 -29 -30 -31
leaf_value=-0.10122957950064609 0.069125080873826836 -0.06694334819062224 -0.057776474225329437 0.06161359583227121 -0.069854837885486756 -0.038107281619267491 -0.069119328975475861 0.072028627271033416 -0.071483335870643594 0.026177239598738012 0.01472542557970921 0.072824358839966852 0.071576113805219901 0.028260775552397067 -0.067324794129414028 -0.0021766379659039232 -0.015568732211919024 0.026993505844313259 0.084179742326515095 -0.073750761351317043 0.068847426621307425 -0.07045140121307987 -0.070107943953312366 -0.067602277397226337 0.067292041626767968 0.067802617279899655 -0.06815788646417946 0.067257747069823334 -0.067108992654145702 -0.067520435338992935
leaf_weight=0.35868279822171345 0.34026227099820872 1.0095506235957241 0.94123976770787976 0.97410150524228833 0.66410274989902873 0.50007448578253388 0.34400693792849713 0.44002670235931862 0.62908892892300938 1.2796021448448298 0.72678793221712146 1.5665286909788845 1.0812492370605471 0.49376623705029477 0.27669508429244227 1.0520982928574083 0.68044668436050404 0.4533799490891387 0.80656721163541079 0.45123225450515736 0.40599784720688947 0.95500153582543124 0.31861462909728278 0.23747192416340113 0.33594180596992373 0.44482827791944146 0.6856613103300333 0.30895091686397791 0.45499567268416286 0.27438109228387475
leaf_count=2 14 5 15 28 21 13 11 10 16 21 11 25 29 6 22 22 10 27 18 4 11 25 6 14 27 22 26 25 53 18
internal_value=0 -0.00310174 -0.00119472 0.0018459 -0.00600532 0.0442907 -0.00153813 0.00192321 -0.00741924 0.00289431 -0.0240981 0.0333137 0.0109078 -0.0487057 -0.0419733 0.0352036 -0.0563205 -0.00715101 0.0718351 -0.0697448 0.0691249 -0.0689723 -0.0684109 -0.0678892 0.0682144 0.0680232 -0.0678301 0.0675793 -0.0672782 -0.0674222
internal_weight=0 18.8151 18.4564 17.5152 14.7811 2.73412 13.7715 13.1074 11.5076 9.20754 4.87858 4.32897 2.76244 2.30009 3.59897 2.13335 2.87219 0.953454 1.78067 1.80632 1.5998 2.19174 1.35509 1.03647 0.676204 1.15978 1.23674 0.753779 0.692468 0.551076
internal_count=557 516 514 499 413 86 408 387 319 225 133 92 67 94 112 51 101 40 46 88 68 91 84 78 41 58 66 47 67 40
is_linear=0
shrinkage=0.1


Tree=118
num_leaves=23
num_cat=0
split_feature=9 9 19 20 20 19 20 14 23 18 25 0 7 12 13 0 16 23 25 0 12 2
split_gain=0.351328 0.42982 0.259805 0.253218 0.279899 0.385775 0.297163 0.411098 0.241301 0.202857 0.18919 0.247949 0.129014 0.38009 0.224961 0.473541 0.0424796 0.032241 0.00227582 6.03098e-05 7.63639e-06 3.63528e-07
threshold=358.90000000000003 366.33000000000004 -0.59997778948411262 27.366240382781623 70.079028434801302 -2.7058863631690322 64.809144372558279 111619.89829137579 0.015845712109855175 -5.3049878327148443 0.0088206488893018964 1761409800000.0002 1.1540500000000002 375.31000000000006 607908.00000000012 1761204600000.0002 368.36500000051257 0.02401158556606826 0.016339225869038403 1761647400000.0002 365.51500000000004 110925.35000000002
decision_type=2 2 2 2 2 2 2 2 2 2 2 2 2 2 2 2 2 2 2 2 2 2
left_child=-1 19 3 -3 5 -5 7 10 -6 -4 11 -7 -12 -14 15 -15 -11 -16 -18 -2 21 -21
right_child=1 2 9 4 8 6 -8 -9 -10 16 12 -13 13 14 17 -17 18 -19 -20 20 -22 -23
leaf_value=0.098663392207595541 -0.069197625148122929 -0.039895577982277365 0.015600514255703208 -0.051814690696634372 0.019331999172113187 -0.046346429375949336 0.064568289346594587 -0.047172385722084847 -0.029138081658655748 -0.023415438645056741 0.060341337514385578 0.022054571916559854 -0.043336694889237297 -0.052311802770687789 0.069617698423647331 0.07018739565483155 -0.069866663536745546 0.046039877515665378 -0.059524460594656103 -0.067207091102517061 -0.067863040353982135 -0.067030576904002159
leaf_weight=0.36209584120661276 0.23876823694445448 1.1023978590965366 0.58125221077352751 0.7379418273922117 1.6113633289933194 0.78269275696947138 1.4769551153294731 0.91984602250158864 2.832669475581497 0.30474861944093834 1.348921352997422 1.6411826249677686 0.68654333963058878 0.68929052772000454 0.99282469972968135 0.58202713821083307 0.62403162801638246 1.3946673329919574 0.32285111793316901 0.25683992262929678 0.20114911790005863 0.21379773528315127
leaf_count=2 8 20 22 19 22 33 26 34 36 29 25 36 25 35 11 19 28 31 28 27 12 29
internal_value=0 -0.000746883 0.00253159 0.00643202 0.00968562 0.0180773 0.0229824 0.0161865 -0.0115633 -0.0332179 0.0233656 -3.27716e-05 0.0333255 0.024939 0.0377504 0.00377006 -0.055889 0.0558446 -0.0663404 -0.0678325 -0.0673473 -0.0671269
internal_weight=0 19.5428 18.6322 16.7993 15.6969 11.2529 10.515 9.038 4.44403 1.83288 8.11815 2.42388 5.69427 4.34535 3.65881 1.27132 1.25163 2.38749 0.946883 0.910555 0.671787 0.470638
internal_count=557 555 479 372 352 294 275 249 58 107 215 69 146 121 96 54 85 42 56 76 68 56
is_linear=0
shrinkage=0.1


Tree=119
num_leaves=26
num_cat=0
split_feature=10 2 4 25 14 18 7 17 14 11 3 20 22 19 3 14 23 23 14 20 19 4 14 17 20
split_gain=0.276526 0.297043 0.569682 0.308893 0.841689 0.352703 0.289197 0.440005 0.566716 0.187274 0.0657575 0.000182729 0.000105914 8.60986e-05 6.61366e-05 1.81236e-05 4.46012e-06 2.77464e-06 1.9966e-06 1.83987e-06 4.89641e-07 3.72255e-07 3.68081e-07 1.93036e-07 2.78467e-08
threshold=401.94875000000008 102252.05 1.1567500000000004 0.0038886593554498779 110834.030337652 -3.1844623128479665 1.1607500000000004 -0.84785688798278935 105454.10326854663 373.06500000000005 101613.05000000002 65.750863349860012 36.52645450079374 -0.70105994805808314 102590.00000000001 108325.14358676346 0.035050846306435783 0.0076927235458909846 111165.11781855389 32.846434907916347 -0.52891390955163109 1.1621500000000002 109855.94139193899 -0.72615404676404471 38.256017093371575
decision_type=2 2 2 2 2 2 2 2 2 2 2 2 2 2 2 2 2 2 2 2 2 2 2 2 2
left_child=1 -1 10 5 6 -4 -5 -8 -9 -10 -3 18 -11 -13 -12 -14 17 -16 -6 -19 21 -20 23 -21 -23
right_child=-2 2 3 4 11 -7 7 8 9 12 14 13 15 -15 16 -17 -18 19 20 22 -22 24 -24 -25 -26
leaf_value=0.068223526590884973 0.058716592102242317 -0.0080786760082646701 0.069530814873742214 0.044652564790160193 -0.067374592856953963 0.0033000922113315049 0.038930333361613674 0.057961923867330845 0.00075963591607644098 -0.069943143275295966 -0.069276239019636809 -0.070045913502026505 -0.068880045710128707 -0.068322217834250062 -0.067534586128861623 -0.06788804873025521 -0.067699717784093311 -0.067399415735002174 -0.067073173658299609 -0.067041768176850244 -0.067202369967528069 -0.066912407520656927 -0.066935943667498443 -0.067171742112020344 -0.066839547990647383
leaf_weight=0.54839617758989234 0.74456712044775564 0.2116464301943769 1.2057846812531354 1.6163676744326947 0.22635839832946647 2.4134248308837396 1.4717326676473015 0.58855311572551805 0.49918638542294536 0.89120632503181674 0.19784453464671958 0.56673684623092413 0.33108862210065126 0.5929955714382229 0.23178343567997195 0.41504867747426033 0.24642076296731819 0.21144727803766727 0.16609936440363182 0.23098936257883873 0.10833229729906069 0.097168115200474858 0.17620591330341995 0.22613641247153315 0.11400048737414181
leaf_count=18 17 3 33 36 22 36 36 4 6 27 7 17 14 30 16 30 15 16 21 32 15 20 31 23 32
internal_value=0 -0.00387305 -0.00690586 0.00127785 -0.0100664 0.0253657 0.00871241 -0.00512963 -0.028925 -0.0528599 -0.0603031 -0.0683904 -0.0692072 -0.0691646 -0.067571 -0.0683282 -0.0673159 -0.0672281 -0.0671293 -0.067144 -0.067015 -0.0669612 -0.0670587 -0.0671061 -0.0668731
internal_weight=0 13.585 13.0366 11.3041 7.68487 3.61921 5.81318 4.19682 2.72508 2.13653 1.73247 1.87169 1.63734 1.15973 1.52083 0.746137 1.32298 1.07656 0.711959 0.844779 0.4856 0.377268 0.633332 0.457126 0.211169
internal_count=557 540 522 379 310 69 153 117 81 77 143 157 71 47 140 44 133 118 110 102 88 73 86 55 52
is_linear=0
shrinkage=0.1


Tree=120
num_leaves=26
num_cat=0
split_feature=11 22 14 10 0 10 17 20 0 1 25 6 14 6 16 16 13 1 16 17 13 18 3 22 23
split_gain=0.306033 0.445773 0.356897 0.366989 0.321778 0.43976 0.31141 0.29564 0.291196 0.537125 0.507621 0.264606 0.0377213 0.0159957 0.0216 0.00222414 0.00212417 0.00145083 0.000122839 8.12233e-05 2.33964e-05 9.78619e-06 3.43335e-06 2.74858e-07 7.46823e-08
threshold=377.43620000000004 50.00193646971001 109984.94939002475 362.95000000000005 1760967000000.0002 387.02815000000004 -0.80925291542062128 71.783825578886933 1762111800000.0002 102762.70000000003 0.01731589908885503 1.15995 109691.43070863404 1.1608000000000003 378.44500000056576 392.1399999995981 643127.00000000012 109767.85000000002 388.9900000007396 -0.72817883411895268 278753.50000000006 -1.99432476149076 110311.90000000001 21.452248936730168 0.015609980170199962
decision_type=2 2 2 2 2 2 2 2 2 2 2 2 2 2 2 2 2 2 2 2 2 2 2 2 2
left_child=2 7 8 -4 5 -3 -5 13 10 -10 12 -9 -1 14 -2 -7 -15 -8 24 -19 -11 22 -21 -24 -18
right_child=1 4 3 6 -6 15 17 11 9 20 -12 -13 -14 16 -16 -17 18 19 -20 21 -22 -23 23 -25 -26
leaf_value=-0.071147147812186895 -0.067508688467826664 -0.03362987321279251 -0.04895523528565978 0.0041261132178330049 -0.025932059773009955 0.061090646634240409 0.074039481208701921 -0.043317260893304843 -0.038292701597874207 0.067446038426451568 0.010560564799196143 0.020358961776498076 -0.04138510188053781 -0.07673114539515323 -0.032335307067097523 0.06906276591259404 -0.067032091304844874 0.069186210503024773 -0.069766846952804565 0.067656725552461841 0.068311123825384859 0.06797426963846552 0.067274668252447614 0.067112809655535455 -0.067123379757789953
leaf_weight=1.0531225702725366 0.43190425215288808 0.63058516010642129 0.44885469973087344 1.0970020596869292 1.364755787886679 0.56412077881395795 0.54329789616167579 1.4002598943188789 0.76272274926304851 0.56185599602758862 2.5595003552734852 1.2222175812348721 0.71496942592784751 0.53886166773736455 0.29305732250213623 0.92181223351508379 0.15881171403452754 0.4611193276941784 0.32075999956578016 0.27085302397608813 0.70479837572202086 0.45828498434275222 0.22953866980969906 0.193237388972193 0.20567925414070487
leaf_count=26 30 6 4 25 34 29 6 32 24 37 37 12 22 5 18 28 24 20 9 17 29 20 19 21 23
internal_value=0 -0.0150326 0.0111258 0.0358082 0.011929 0.0363422 0.0475028 -0.0355641 -0.00324874 0.0280055 -0.0179051 -0.0136407 -0.0591122 -0.065062 -0.0532903 0.0660362 -0.0720336 0.06957 -0.0683396 0.0680647 0.0679274 0.0676157 0.0673788 0.0672007 -0.0670836
internal_weight=0 8.05283 10.0592 3.70219 3.48127 2.11652 3.25333 4.57155 6.35697 2.02938 4.32759 2.62248 1.76809 1.94907 0.724962 1.48593 1.22411 2.15633 0.685251 1.61303 1.26665 1.15191 0.693629 0.422776 0.364491
internal_count=557 250 307 132 97 63 128 153 175 90 85 44 48 109 48 57 61 103 56 97 66 77 57 40 47
is_linear=0
shrinkage=0.1


Tree=121
num_leaves=23
num_cat=0
split_feature=9 9 19 20 20 20 14 3 19 23 18 7 18 9 10 25 13 16 25 0 12 2
split_gain=0.284082 0.376047 0.22491 0.215548 0.241748 0.316712 0.435042 0.218635 0.18946 0.381005 0.253611 0.234633 0.175195 0.162791 0.11134 0.0940688 0.0552997 0.0457071 0.00223545 3.79563e-05 5.22963e-06 2.97836e-07
threshold=358.90000000000003 366.33000000000004 -0.59997778948411262 27.366240382781623 70.079028434801302 65.750863349860012 111619.89829137579 109748.70000000001 -0.70105994805808314 0.019169665364389136 -4.3837833654545308 1.1540500000000002 -5.3049878327148443 390.90000000000003 378.77000000000004 0.0063531602160872853 573147.50000000012 368.36500000051257 0.016339225869038403 1761647400000.0002 365.51500000000004 110925.35000000002
decision_type=2 2 2 2 2 2 2 2 2 2 2 2 2 2 2 2 2 2 2 2 2 2
left_child=-1 19 3 -3 5 6 8 -6 9 11 -11 -5 -4 14 -12 -13 -17 -14 -19 -2 21 -21
right_child=1 2 12 4 7 -7 -8 -9 -10 10 13 15 17 -15 -16 16 -18 18 -20 20 -22 -23
leaf_value=0.091234347162311213 -0.068842378742098739 -0.038098915625055074 0.014460217102946879 0.022612849110334066 -0.044272299439595354 0.063877404638129812 -0.049591770179751818 0.004391763610232414 0.046684645490561803 -0.017674290771287977 0.030903837018362051 -0.069356382812468406 -0.020058625157049231 -0.00052748207343583295 0.073865178927745495 -0.043504702118736971 0.01169388056956608 -0.069605123234882688 -0.058900177085122407 -0.067154997173948822 -0.067724658658179102 -0.066985108995581619
leaf_weight=0.34194404631853359 0.20768255437724548 1.0351416799239874 0.54472583951428521 0.77281059138476971 1.3477919832803298 1.2797848125919689 1.0565169204492111 2.9306868365965784 1.8563608424738021 0.90832520974800113 1.0985404970124357 0.77788683911785461 0.29070236883125733 0.68997188471257676 1.3379819970577953 0.41786769242025912 0.32085598539561033 0.56471237470395863 0.29801854724064469 0.22789598465897143 0.17878477904014289 0.18858693330548704
leaf_count=2 8 20 22 17 19 23 36 39 35 22 30 30 29 23 37 32 9 28 28 27 12 29
internal_value=0 -0.000759175 0.00230625 0.00601622 0.00910268 0.0172557 0.0107964 -0.0109382 0.0185954 0.0103504 0.0288393 -0.0222341 -0.0322788 0.0423527 0.0544955 -0.0450864 -0.0195298 -0.0543519 -0.0659072 -0.0676784 -0.0672723 -0.0670781
internal_weight=0 18.3316 17.5287 15.8305 14.7954 10.5169 9.23712 4.27848 8.1806 6.32424 4.03482 2.28942 1.69816 3.12649 2.43652 1.51661 0.738724 1.15343 0.862731 0.80295 0.595268 0.416483
internal_count=557 555 479 372 352 294 271 58 235 200 112 88 107 90 67 71 41 85 56 76 68 56
is_linear=0
shrinkage=0.1


Tree=122
num_leaves=26
num_cat=0
split_feature=2 25 14 14 14 1 20 22 25 17 13 25 11 4 2 1 25 25 0 1 23 20 2 3 25
split_gain=0.261714 0.27055 0.484075 0.41317 0.457897 0.311804 0.314081 0.319247 0.279823 0.302061 0.184247 0.146518 0.115291 0.228634 0.100557 0.0295926 0.000438755 0.00022765 0.000194363 3.16205e-05 6.93551e-06 1.48578e-06 5.47507e-07 1.06216e-07 8.16574e-08
threshold=113990.00000000001 1.0000000180025095e-35 111433.24778419503 111619.89829137579 109183.43156771226 111382.10000000002 47.00387052012416 66.986781124082185 0.020277722570212379 -0.74716149955436773 969018.00000000012 0.0081590784009387858 364.77500000000003 1.1599000000000002 109437.90000000001 107800.10000000002 0.0063531602160872853 0.01978879044588815 1761528600000.0002 111633.10000000002 0.017645910712597159 66.125618104364605 110323.55000000002 114546.95000000003 0.01108014850543102
decision_type=2 2 2 2 2 2 2 2 2 2 2 2 2 2 2 2 2 2 2 2 2 2 2 2 2
left_child=1 3 5 4 -1 6 8 11 9 15 12 -8 -11 -14 -9 -3 -4 20 -2 -18 -13 -21 24 -20 -22
right_child=18 2 16 -5 -6 -7 7 14 -10 10 -12 17 13 -15 -16 -17 19 -19 23 21 22 -23 -24 -25 -26
leaf_value=0.061039400235778064 -0.071004491424646154 -0.028217861531763436 -0.072057093981015674 0.070970088282206703 -0.047735757405234815 0.069254209968680244 0.0054374839268906648 0.038247274000727756 0.041842663991101321 0.059875626294704234 -0.037008230690345464 -0.067757792600995584 -0.035203146519484398 0.061847052343749168 -0.01694147547734717 -0.06910701141211309 -0.06855744855015132 -0.069787473604690176 -0.067055463618276454 -0.066977190078277377 -0.066946997838524133 -0.067376948158924851 -0.067220419944744494 -0.067194703811408296 -0.067055197699506061
leaf_weight=0.64010715205222302 0.31117317662574429 0.25048947473987526 0.37761513516306766 1.3003785433247683 0.97870427928864956 0.64000525162555355 0.32532041519880328 0.62818505940958835 1.9538219189271329 0.70970776258036605 0.56021055742166925 0.2254652385599909 0.55772666959092021 0.42981538875028491 0.69586939527653158 0.60327722877264023 0.31272422103211284 0.80620953533798456 0.11666554538533092 0.16994673223234713 0.15965857426635921 0.20527412812225521 0.17198781436309218 0.10328782093711197 0.12386006396263838
leaf_count=31 5 13 4 21 38 13 9 18 36 22 17 16 32 18 31 38 17 26 22 32 28 16 18 20 16
internal_value=0 0.00223887 -0.0056448 0.0289945 -0.0047241 0.0020289 -0.00321697 -0.0280847 0.0121825 -0.00644379 0.0127182 -0.0553526 0.0291314 0.00703674 0.0092423 -0.0571104 -0.0693182 -0.0686504 -0.0693962 -0.0678148 -0.0673042 -0.0671959 -0.0670797 -0.0671208 -0.0669943
internal_weight=0 12.8264 9.90717 2.91919 1.61881 8.84161 8.20161 3.13656 5.06505 3.11123 2.25746 1.8125 1.69725 0.987542 1.32405 0.853767 1.06556 1.48718 0.531127 0.687945 0.680972 0.375221 0.455506 0.219953 0.283519
internal_count=557 510 420 90 69 351 338 162 176 140 89 113 72 50 49 51 69 104 47 65 78 48 62 42 44
is_linear=0
shrinkage=0.1


Tree=123
num_leaves=27
num_cat=0
split_feature=11 22 14 10 17 2 23 17 0 9 0 1 25 11 7 18 20 16 1 0 19 17 13 18 3 11
split_gain=0.266631 0.391824 0.323441 0.351094 0.291856 0.897109 0.330167 0.287348 0.287189 0.390996 0.269942 0.475501 0.453258 0.0382533 0.0172877 0.00750578 0.00410412 0.00218858 0.00103116 0.000314581 0.000222954 6.07349e-05 1.83389e-05 6.70648e-06 2.56357e-06 1.59878e-06
threshold=377.43620000000004 50.00193646971001 109984.94939002475 362.41500000000002 -0.69823231577226019 112904.90000000001 0.014034471553028274 -0.80925291542062128 1760967000000.0002 386.43500000000006 1762111800000.0002 102762.70000000003 0.01731589908885503 368.00500000000005 1.16415 -4.100352518754244 71.783825578886933 392.1399999995981 109767.85000000002 1760697000000.0002 -1.7973038456248316 -0.72817883411895268 278753.50000000006 -1.99432476149076 110334.8 388.9550000000001
decision_type=2 2 2 2 2 2 2 2 2 2 2 2 2 2 2 2 2 2 2 2 2 2 2 2 2 2
left_child=2 4 10 -4 5 6 -2 -5 9 -3 12 -12 13 -1 15 -6 19 -11 -9 -8 -15 -20 -13 24 -23 -21
right_child=1 8 3 7 14 -7 16 18 -10 17 11 22 -14 20 -16 -17 -18 -19 21 25 -22 23 -24 -25 -26 -27
leaf_value=-0.038880661533187366 0.016247056276535301 -0.031477877819099921 -0.052841323456022854 0.0050947298591928116 -0.049324483236048419 0.075895509831684541 -0.071501950448374416 0.073224536475216054 -0.024319851274762758 0.060569554715045153 -0.035743795357998084 0.067380845547213464 0.0093812705616431458 -0.072179024195289349 -0.082490779291132757 -0.068202348421874961 -0.07940043096384114 0.068816216932333557 0.068917738882527002 -0.067439544786491085 -0.069099523231338833 0.067562361765688458 0.068181500010689497 0.067838323342257464 0.067152797463253894 -0.067057829885134132
leaf_weight=0.63197283167392182 0.55047295754775483 0.5959920231252912 0.40097502991557155 1.0772470519877975 0.34944789204746485 0.78259570337831963 0.28665630891919114 0.49115085229277577 1.3181773102842269 0.5223066722974179 0.71742979064583767 0.51258039847016312 2.4993286589160562 0.3701319936662909 0.62143731117248535 0.53012906201183685 0.77150147035717964 0.83837274042889476 0.44705677824094925 0.21345116291195154 0.64443515054881584 0.25861114449799072 0.64739737613126636 0.4133601598441593 0.37362030567601323 0.22580087091773748
leaf_count=8 33 6 3 25 18 15 4 6 34 29 24 37 37 9 3 28 7 28 21 15 31 18 29 20 39 30
internal_value=0 -0.0143428 0.0107896 0.0351466 -0.0340776 -0.0151747 -0.0499771 0.0466724 0.0117597 0.0360658 -0.00321015 0.028249 -0.0174561 -0.0581932 -0.069723 -0.0607023 -0.0743222 0.0656507 0.06925 -0.068925 -0.070223 0.0679422 0.0678277 0.0675251 0.0673203 -0.0672433
internal_weight=0 7.60634 9.4853 3.46202 4.33149 2.83048 2.04788 3.06105 3.27485 1.95667 6.02328 1.87741 4.14587 1.64654 1.50101 0.879577 1.49741 1.36068 1.9838 0.725908 1.01457 1.49265 1.15998 1.04559 0.632231 0.439252
internal_count=557 250 307 132 153 104 89 129 97 63 175 90 85 48 49 46 56 57 104 49 40 98 66 77 57 45
is_linear=0
shrinkage=0.1


Tree=124
num_leaves=30
num_cat=0
split_feature=13 13 9 9 19 2 2 2 17 10 1 0 3 19 19 1 14 14 3 14 0 23 2 19 23 20 11 20 1
split_gain=0.198468 0.220458 0.209502 0.329409 0.163761 0.188626 0.59136 0.362401 0.311596 0.282961 0.524927 0.224236 0.150341 0.208869 0.139666 0.113175 0.102211 0.0970993 0.0952481 0.167293 0.112083 0.0728633 0.00120768 0.000213043 0.000112516 3.55804e-05 2.38017e-05 2.62687e-06 2.44136e-06
threshold=25937.500000000004 2363254.5000000005 358.90000000000003 366.33000000000004 -2.7058863631690322 112327.00000000001 114916.70000000003 111713.05000000002 -0.56959527244369046 382.31500000000005 108849.85000000002 1762047000000.0002 102590.00000000001 -2.1184948684968665 -0.82044041387180244 109434.40000000001 111459.3906045281 111165.11781855389 106589.30000000002 108825.82696792758 1760805000000.0002 0.025543514271803066 111014.45000000001 -0.67510802782116075 0.017715472875936788 60.118138294291867 360.75500000000005 50.563014074804791 109789.55
decision_type=2 2 2 2 2 2 2 2 2 2 2 2 2 2 2 2 2 2 2 2 2 2 2 2 2 2 2 2 2
left_child=-1 2 -2 26 -5 7 23 8 9 11 18 15 -13 -14 -3 -6 24 21 -11 20 -20 22 25 -7 -10 -17 -4 -28 -26
right_child=1 14 3 4 5 6 -8 -9 16 10 -12 12 13 -15 -16 17 -18 -19 19 -21 -22 -23 -24 -25 28 -27 27 -29 -30
leaf_value=-0.043310000820465967 0.086660128937471048 -0.0085239215366239435 -0.068527060686353058 -0.025756342581393678 0.0156724122267928 -0.067777680616862943 0.049237855755056563 0.06134823539363974 -0.070152312141537193 0.054258305160396196 -0.076074622958174923 0.040070632147925792 0.043579487263984112 -0.069799733633919572 -0.068647878079553762 0.067684652817949303 -0.0054065917168459954 0.017811827264420019 0.010618255543144897 0.051109401430776115 -0.068573770187636982 0.033057359811153993 0.073977989497167093 -0.070723014806650594 -0.067090212006691935 0.068855835781868283 -0.06699045768404728 -0.067528863686556362 -0.06759728557810761
leaf_weight=0.95949482778087514 0.32505615334958093 1.0174499205313621 0.2098716520704319 1.2666396768763668 1.6091211866587363 0.550809534965083 0.73439842509105802 1.5625792164355505 0.23032241594046066 0.54805391095578704 0.85336047178134311 0.37908983277156927 0.22970861825160682 0.55519837699830532 0.6228997465223064 0.50912946090102262 0.44538640230894089 0.79008286260068405 0.38320886949077226 0.4564509391784668 0.33492539776489139 0.77638836856931437 0.58015501126646984 0.44317605486139722 0.18431831663474441 0.52882497105747461 0.23206990770995617 0.14867320447228849 0.19582559820264578
leaf_count=34 2 22 9 21 26 33 14 18 6 14 32 6 5 37 35 27 3 14 23 7 21 13 12 15 29 15 38 13 13
internal_value=0 0.00345841 0.00724963 0.00549815 0.00855285 0.0119267 -0.0188124 0.0166908 0.00941402 0.0157546 -0.0119378 0.0277283 -0.0116424 -0.0366185 -0.0313551 0.0372882 -0.0418324 0.0482104 0.0198343 0.00377227 -0.0263155 0.0582406 0.0703238 -0.0690909 -0.0684082 0.0682814 -0.067672 -0.0672007 -0.0673514
internal_weight=0 16.7032 15.0628 14.7378 14.1472 12.8805 1.72838 11.1521 9.58955 8.5337 2.576 5.9577 1.164 0.784907 1.64035 4.7937 1.05585 3.18458 1.72264 1.17459 0.718134 2.3945 1.61811 0.993986 0.610466 1.03795 0.590615 0.380743 0.380144
internal_count=557 523 466 464 404 383 62 321 303 252 97 155 48 42 57 107 51 81 65 51 44 67 54 48 48 42 60 51 42
is_linear=0
shrinkage=0.1


Tree=125
num_leaves=31
num_cat=0
split_feature=10 2 4 1 25 14 20 0 20 23 0 10 1 14 0 1 25 2 20 13 23 3 20 19 14 20 19 0 0 19
split_gain=0.240009 0.234441 0.470075 0.265798 0.423647 0.33785 0.4747 0.291584 0.264872 0.237656 0.156364 0.0546872 0.0110707 0.000711701 0.000161622 9.72278e-05 8.51231e-05 8.20573e-05 2.24942e-05 1.04534e-05 7.55576e-06 7.47381e-06 6.17439e-06 1.8855e-06 7.87191e-07 6.67091e-07 3.00743e-07 3.00254e-07 2.10515e-07 6.2545e-08
threshold=401.94875000000008 102252.05 1.1567500000000004 108395.00000000001 0.0038886593554498779 110834.030337652 70.079028434801302 1760805000000.0002 31.202280863630076 0.044196404369203919 1761431400000.0002 366.19500000000005 108741.75000000001 108768.76042795893 1760455800000.0002 102159.25000000001 0.0074118827925188768 108316.8 82.686584361713599 898088.50000000012 0.031888702811026091 107024.00000000001 65.400336245490692 -1.617553659110363 111189.75210914273 32.846434907916347 -0.52891390955163109 1760545800000.0002 1762057800000.0002 -0.61204660565130686
decision_type=2 2 2 2 2 2 2 2 2 2 2 2 2 2 2 2 2 2 2 2 2 2 2 2 2 2 2 2 2 2
left_child=1 -1 11 7 10 6 8 -4 -6 17 -5 -3 -10 -14 -7 -13 -16 21 22 -15 23 -9 24 -17 -18 -25 27 -26 -27 -30
right_child=-2 2 3 4 5 14 -8 9 12 -11 -12 15 13 19 16 20 18 -19 -20 -21 -22 -23 -24 25 26 28 -28 -29 29 -31
leaf_value=0.067895681868216734 0.058138854371249271 -0.01052125738325718 -0.015471225142616672 -0.0068013691915368843 0.024982497418887546 -0.070763672556945365 0.073712854903833891 0.068425266777807039 -0.046791533936333438 -0.0014448223617053299 0.039914285820425797 -0.069750903243069012 -0.073899767769626784 -0.06711432890697086 -0.069615311225905752 -0.06739722828901748 -0.067203021847673391 0.069686838016801006 -0.068512891371944704 -0.068053233939774638 -0.067866132003389881 0.067850321418706366 -0.067533691159248718 -0.067246042073072498 -0.067053668180145576 -0.067066822083520661 -0.067110487445255843 -0.066830945153973254 -0.066984021214896647 -0.066883424151161178
leaf_weight=0.43656166829168697 0.65558509808033782 0.19360393565148015 1.2217061847913995 1.3540120888501408 0.49645342491567213 0.20743466168642033 0.54099816642701615 0.46098088473081611 0.28190510906279065 0.72066195681691159 1.521742846816778 0.18302420526742924 0.28834138531237841 0.22842413350008428 0.21143721416592587 0.21830362291075267 0.18320670281536855 0.55610478296875954 0.16583876125514507 0.24659584369510412 0.17118525831028819 0.44372409814968705 0.44322818226646632 0.14981903485022485 0.087506458163258305 0.28053779085166752 0.088783878483812639 0.19633080100174993 0.14435618277639128 0.10807698685675882
leaf_count=18 17 9 37 19 15 3 5 20 7 9 29 3 5 28 5 21 22 11 5 14 11 23 37 14 11 39 15 59 22 24
internal_value=0 -0.00402105 -0.00677646 0.00097615 -0.0108146 -0.0333513 -0.0068805 0.0236427 -0.0351612 0.0455479 0.0179188 -0.059991 -0.0637266 -0.0699807 -0.0681616 -0.0676207 -0.0677694 0.0687309 -0.0674343 -0.0676017 -0.0672571 0.0681433 -0.0672553 -0.0671414 -0.0670333 -0.0670596 -0.0669499 -0.0668996 -0.0670072 -0.066941
internal_weight=0 11.8309 11.3943 9.94542 6.54224 3.66648 2.08272 3.40318 1.54172 2.18147 2.87575 1.44891 1.04527 0.763361 1.58377 1.2553 1.37633 1.46081 1.16489 0.47502 1.07228 0.904705 0.999056 0.901094 0.555828 0.68279 0.372621 0.283837 0.532971 0.252433
internal_count=557 540 522 379 279 231 74 100 69 63 48 143 54 47 157 134 154 54 149 42 131 43 144 120 107 99 85 70 85 46
is_linear=0
shrinkage=0.1


Tree=126
num_leaves=30
num_cat=0
split_feature=18 2 0 2 14 23 23 18 9 3 10 22 11 22 16 9 13 13 17 20 20 0 1 1 13 13 20 0 2
split_gain=0.237216 0.300626 0.285069 0.476028 0.428822 0.542519 0.335591 0.263005 0.306728 0.329117 0.610415 0.290064 0.24596 0.21854 0.140819 0.107832 0.106609 0.178337 0.00390723 0.0068909 0.000966126 0.000396688 0.00021196 0.000209872 2.72875e-05 1.21132e-05 2.45909e-06 1.92854e-06 8.87562e-08
threshold=-0.33200336512290668 115302.60000000002 1762047000000.0002 103233.00000000001 108306.73387963064 0.039774461051731276 0.012757516301438792 -1.7395783932988185 386.43500000000006 111093.10000000002 380.77500000000003 31.1910308271442 393.9559000000001 35.714098553192152 399.57500000032223 377.26500000000004 1431717.0000000002 28166.500000000004 -0.76609983483436528 42.904982540398905 18.346129348126826 1762111800000.0002 108316.85000000002 112545.05000000002 2616524.0000000005 278753.50000000006 61.035232116486938 1761150600000.0002 107199.50000000001
decision_type=2 2 2 2 2 2 2 2 2 2 2 2 2 2 2 2 2 2 2 2 2 2 2 2 2 2 2 2 2
left_child=1 2 4 -4 12 6 26 8 9 10 13 -11 20 -8 18 -9 17 -15 19 -10 -1 -5 24 -13 27 -23 -6 28 -22
right_child=-2 -3 3 21 5 -7 7 15 14 11 -12 23 -14 16 -16 -17 -18 -19 -20 -21 22 25 -24 -25 -26 -27 -28 -29 -30
leaf_value=-0.075220966114545706 -0.054048842673098285 0.073702715624225118 -0.034276422140033146 0.071508327259648577 -0.067357940657040247 0.072145371813145218 -0.040009397171156168 -0.012676897682618827 0.0677263566903646 -0.026452241393278311 -0.076513785791770955 0.070850165727656358 0.0142354118560279 0.039960279358677575 -0.00028877115743673997 -0.072338037236866479 0.045346024094089998 -0.028630297345263601 0.070398807038676028 0.046467906775744854 -0.067029100737575883 0.067233388866593788 -0.070442923873165988 0.067864520930758204 -0.068353778583166783 0.067946779168090651 -0.067717221379979445 -0.06737679336839851 -0.066917897962578785
leaf_weight=0.26182807330041669 0.7832374977879234 0.56892927456647235 0.67258221656084183 0.36648771632462718 0.31516841519623717 0.99481546226888973 0.79528266424312599 0.5940535841509742 0.36193539481610049 0.47068230062723138 1.2393569825217126 0.39341433020308614 0.45906880497932423 0.71117616631090663 0.47895918413996685 0.61820892244577408 1.0063675502315161 0.81171270227059722 0.53710122685879458 0.26348252780735493 0.17310478794388451 0.40397455310449004 0.38525405153632164 0.5863289819099009 0.29732927912846208 0.57936990214511752 0.48162646312266588 0.21460816357284784 0.12261260161176324
leaf_count=3 14 22 24 17 26 16 21 22 20 8 16 7 7 10 13 19 13 36 11 22 26 35 6 35 13 30 25 17 23
internal_value=0 0.00238772 -0.000392047 0.0344539 -0.00599694 0.00182812 -0.00540972 0.000175841 0.00702868 -0.0034283 -0.0166158 0.0380673 -0.0495816 0.00571364 0.0453427 -0.0431019 0.0200905 0.00340092 0.0641429 0.0587704 -0.0697202 0.0687003 -0.0685129 0.0690634 -0.0675923 0.0676537 -0.0675751 -0.0671486 -0.066983
internal_weight=0 15.1648 14.5959 2.02241 12.5735 10.6597 9.66486 8.86806 7.6558 6.01432 4.5639 1.45043 1.91381 3.32454 1.64148 1.21226 2.52926 1.52289 1.16252 0.625418 1.45474 1.34983 1.19291 0.979743 0.807655 0.983344 0.796795 0.510326 0.295717
internal_count=557 543 521 106 415 320 304 253 212 146 96 50 95 80 66 41 59 46 53 42 88 82 85 42 79 65 51 66 49
is_linear=0
shrinkage=0.1


Tree=127
num_leaves=30
num_cat=0
split_feature=2 22 3 3 9 1 12 24 3 0 14 17 14 18 2 0 0 17 10 25 20 14 13 1 3 2 12 25 11
split_gain=0.18679 0.279221 0.248161 0.300049 0.260652 0.314095 0.251974 0.517145 0.302758 0.311279 0.243889 0.299423 0.64735 0.324843 0.273118 0.249197 0.171579 0.0529067 0.00338717 0.00232757 0.00132509 7.9105e-05 1.765e-05 1.19801e-05 6.23048e-06 6.02255e-06 2.72818e-06 9.92454e-07 8.77609e-07
threshold=106032.90000000001 79.918281298474454 106589.30000000002 107917.50000000001 386.43500000000006 108849.85000000002 381.18000000000006 0.002805894346557813 108006.60000000002 1761204600000.0002 109984.94939002475 -0.70197564775797539 111177.78892755622 -4.2595514450402225 113990.00000000001 1761420600000.0002 1760805000000.0002 -0.69493665990570141 381.8875000000001 0.025506391691728855 71.481930940251615 108306.73387963064 1004383.5000000001 107126.60000000002 109791.30000000002 108287.45000000003 392.14000000000004 0.010673365654857282 377.21500000000009
decision_type=2 2 2 2 2 2 2 2 2 2 2 2 2 2 2 2 2 2 2 2 2 2 2 2 2 2 2 2 2
left_child=1 19 -2 16 6 -6 7 8 -5 -10 17 12 13 -12 15 -13 -4 -11 24 22 26 23 27 -18 -9 -25 -7 -1 -26
right_child=2 -3 3 4 5 20 -8 18 9 10 11 14 -14 -15 -16 -17 21 -19 -20 -21 -22 -23 -24 25 28 -27 -28 -29 -30
leaf_value=-0.066981601700791968 0.055721813877999404 0.032503499147075406 0.01352751496389133 0.076349373777941945 0.033777143278943975 -0.067607602640998285 0.052162630632332008 -0.067805548099983723 -0.060335135121400756 0.055701641856562581 -0.024987944995325112 0.039138721847085965 -0.064158466013918475 0.069107011982868435 0.056371453589712045 -0.029888716830372686 -0.068376830530990015 0.021291609569867708 -0.080945580733477698 -0.078761078235905307 -0.075718788745302079 -0.069702872309181818 -0.068432510221611106 -0.067113593985729914 -0.066946286346080741 -0.067855415780791614 -0.067185387260755625 -0.067352964918596089 -0.067270561655817435
leaf_weight=0.15097657428123301 0.86480396706610818 0.37863947474397719 0.35409108456224092 0.66266167443245372 0.42927909269928821 0.37627710960805416 1.2530319448560465 0.19249953050166446 0.65023868996649881 1.2011702549643812 0.66016587754711509 0.91473008692265345 1.6144692043308166 0.82589543703942803 1.4106205489952115 1.2212478085421024 0.18781572300940752 0.71150400489568522 0.28030733205378056 0.31694137305021286 0.27771575469523668 0.28821694105863571 0.17458110209554434 0.26012317009735852 0.18514051428064704 0.18892941018566489 0.25795592204667628 0.13750649383291602 0.1519611356779933
leaf_count=28 33 7 22 5 11 27 14 10 11 37 18 17 35 24 30 36 12 12 3 2 8 7 11 37 34 11 28 15 12
internal_value=0 -0.0379553 0.00367724 0.000585166 0.00504164 -0.0367563 0.00973854 0.00476235 0.0110642 0.00636693 0.0114339 0.00237932 -0.02032 0.0273064 0.0222237 -0.000327795 -0.0456696 0.0429013 -0.0720565 -0.0721582 -0.0699583 -0.0683283 -0.0676389 -0.0677062 -0.0673517 -0.0674257 -0.0674359 -0.0671586 -0.0670925
internal_weight=0 1.15865 15.4209 14.556 13.2769 1.34123 11.9356 10.6826 9.8727 9.21004 8.5598 6.64713 3.10053 1.48606 3.5466 2.13598 1.27918 1.91267 0.809909 0.780006 0.911949 0.925085 0.463064 0.636868 0.529601 0.449053 0.634233 0.288483 0.337102
internal_count=557 63 494 461 372 74 298 284 225 220 209 160 77 42 83 53 89 49 59 56 63 67 54 60 56 48 55 43 46
is_linear=0
shrinkage=0.1


Tree=128
num_leaves=31
num_cat=0
split_feature=2 4 2 0 2 25 2 23 11 1 14 25 17 23 3 25 25 3 22 20 1 20 0 19 17 14 23 20 7 19
split_gain=0.233438 0.211526 0.487032 0.326701 0.41419 0.302493 0.300576 0.390541 0.325246 0.290196 0.288491 0.260837 0.530021 0.131128 0.0585879 0.0571341 0.00112133 0.000707442 0.00020045 0.000135839 8.02304e-05 5.47999e-05 2.16304e-05 1.26878e-05 7.51722e-06 6.05923e-06 1.92128e-06 8.55945e-07 2.8044e-07 1.17978e-07
threshold=113990.00000000001 1.1567500000000004 102252.05 1761431400000.0002 111713.05000000002 0.014699971803606264 106032.90000000001 0.020451001576856906 371.94670000000002 108592.40000000001 109183.43156771226 0.017959599877756652 -0.51100073710274896 0.02401158556606826 107096.85000000002 0.011999510185262284 0.0063531602160872853 109231.30000000002 0.76364825590017216 76.586303994431816 102159.25000000001 33.664439087274573 1761075000000.0002 -1.2548940218603251 -0.66506197730305971 103190.08883396095 0.0069023629765078949 29.657101541721399 1.1486500000000002 -0.64807323560557728
decision_type=2 2 2 2 2 2 2 2 2 2 2 2 2 2 2 2 2 2 2 2 2 2 2 2 2 2 2 2 2 2
left_child=1 2 -1 4 6 -5 -3 10 -9 -7 14 12 16 -10 -8 20 -12 -11 -6 23 -4 -15 -23 -2 -18 -22 -27 -28 -29 -30
right_child=19 3 15 5 18 9 7 8 13 17 11 -13 -14 21 -16 -17 24 -19 -20 -21 25 22 -24 -25 -26 26 27 28 29 -31
leaf_value=0.067761861241229293 -0.068415035756817913 0.076890299253962777 -0.069552877261074966 0.070462725563806394 -0.070849424176456149 0.069699421459970087 0.026200292031014788 0.032223613537484312 -0.0094597944806632771 -0.075901597011583943 -0.074328347678635553 0.045627703521715586 0.051300699987436971 -0.069798596411840927 0.069115776364734829 -0.0064099613509053625 -0.06712546530121781 -0.067048863837531891 -0.06768647299693463 -0.071011357865282704 -0.06784862237467798 -0.067924030470417104 -0.068972312237752284 -0.066948505891686591 -0.067925875885825202 -0.067467719195785314 -0.067261997513707192 -0.067125349575512055 -0.066991101850078782 -0.066879961226858062
leaf_weight=0.39145572949200769 0.10953286290168762 0.56033350527286341 0.17310696095228173 1.366446631029248 0.38022333942353714 0.24488660134375084 0.46822212869301461 0.61191112548112903 0.51700064004398871 0.17167821573093534 0.48070208355784194 0.7775942776352166 0.56408426724374539 0.51225549168884732 0.99225194565951824 0.17648675013333548 0.26510248892009036 0.19035983236972243 0.42357412725687027 0.23649047641083598 0.13021811563521624 0.37777413777075708 0.41097433771938086 0.12785491894465018 0.21050875727087481 0.13026091968640685 0.14925854559987783 0.12280845176428556 0.28596858249511548 0.14340821327641629
leaf_count=18 7 4 3 28 6 7 20 7 31 2 4 24 8 12 34 12 37 38 36 4 10 32 10 36 9 9 12 14 49 34
internal_value=0 0.00233694 -0.0301242 0.00814011 -0.00132621 0.0443697 0.00675575 0.000405345 -0.0308378 -0.0143768 0.0206046 -0.00148223 -0.0255762 -0.0520632 0.0553572 -0.0593407 -0.0709223 -0.0712468 -0.0691827 -0.0693151 -0.067571 -0.0689933 -0.0684702 -0.0676252 -0.0674797 -0.0672143 -0.067115 -0.0670495 -0.0669921 -0.066954
internal_weight=0 11.2289 1.70297 9.52588 7.55251 1.97337 6.74872 6.18838 2.42992 0.606925 3.75847 2.29799 1.5204 1.818 1.46047 1.31152 0.956313 0.362038 0.803797 0.473878 1.13503 1.301 0.788748 0.237388 0.475611 0.961923 0.831705 0.701444 0.552185 0.429377
internal_count=557 510 161 349 274 75 232 228 92 47 136 82 58 85 54 143 50 40 42 47 131 54 42 43 46 128 118 109 97 83
is_linear=0
shrinkage=0.1


Tree=129
num_leaves=26
num_cat=0
split_feature=14 14 0 24 14 23 20 25 13 0 13 7 20 19 23 17 3 23 20 20 10 22 23 20 22
split_gain=0.365709 0.299649 0.212975 0.362179 0.347272 0.349755 0.309477 0.247656 0.226355 0.220519 0.30111 0.243 0.235381 0.129735 0.0902675 0.0662118 0.0472368 0.0213199 0.000337331 0.000164853 0.000132211 1.03525e-05 3.47342e-06 1.81703e-06 1.83334e-06
threshold=115012.61991691073 114636.44945734636 1760455800000.0002 0.0031029441560831428 108306.73387963064 0.044196404369203919 29.657101541721399 0.011142725009701334 1431717.0000000002 1762047000000.0002 166939.50000000003 1.16415 61.456894129231422 -0.65141476738693971 0.025713703916456238 -0.63177231918323506 102758.55000000002 0.031299792603293318 31.526588645570452 33.721148124235924 379.29000000000002 50.00193646971001 0.019133827039977448 59.578323728898845 47.821421501733305
decision_type=2 2 2 2 2 2 2 2 2 2 2 2 2 2 2 2 2 2 2 2 2 2 2 2 2
left_child=1 2 -1 4 7 8 -5 13 9 10 12 14 -6 16 20 19 -4 -9 -19 -8 23 -21 -23 24 -12
right_child=-2 -3 3 6 5 -7 15 17 -10 -11 11 -13 -14 -15 -16 -17 -18 18 -20 21 -22 22 -24 -25 -26
leaf_value=-0.062354106338324534 0.082382953828579783 -0.071548261370288427 -0.070413811799160952 -0.015999324526555066 -0.022968867046002688 0.072590062932815655 0.070200257801584384 -0.045173707611256123 0.02864532271190667 0.040459071647763648 -0.067181569011562456 0.0019085373345027212 0.052963146022400834 0.067681151502831549 -0.021368030542856697 0.02935517967748006 -0.00033520934611389649 -0.072241037960880633 -0.068736421253568422 0.068091167760317622 -0.069409121269414689 0.067176609245196431 0.067671362212047489 -0.067567781474310501 -0.067555778351241255
leaf_weight=0.52957787364721021 0.51664007478393692 0.61489921249449331 0.14301303960382938 0.86526370793580953 0.81828257301822283 0.66872036457061756 0.36370271164923906 0.48038522666320194 1.7302729454822836 0.68374744802713383 0.35505135310813851 1.0528793204575775 0.81470955070108175 0.24460435356013333 0.55197735130786885 0.64422090956941214 0.29375427425839007 0.52995335590094306 0.57010236661881208 0.40479747718200088 0.48586738761514414 0.2778165596537292 0.29004376661032438 0.61992665007710457 0.20739931659772992
leaf_count=4 18 9 5 30 28 6 12 24 32 25 39 26 12 20 14 36 39 10 33 19 16 28 20 38 14
internal_value=0 -0.00326406 -0.000182621 0.00233138 -0.00643084 0.00336284 0.0338926 -0.0410226 -0.00296133 -0.0127448 -0.0201597 -0.0376584 0.0149141 0.00937307 -0.056422 0.0556891 -0.0232814 -0.0627496 -0.0704248 0.0683839 -0.0680204 0.0677048 0.0674293 -0.0674497 -0.0673196
internal_weight=0 14.241 13.6261 13.0965 10.2506 7.98883 2.84585 2.26181 7.32011 5.58984 4.90609 3.2731 1.63299 0.681372 2.22022 1.98058 0.436767 1.58044 1.10006 1.33636 1.66824 0.972658 0.56786 1.18238 0.562451
internal_count=557 539 530 526 381 250 145 131 244 212 187 147 40 64 121 115 44 67 43 79 107 67 48 91 53
is_linear=0
shrinkage=0.1


Tree=130
num_leaves=25
num_cat=0
split_feature=9 9 19 20 20 19 23 20 14 25 25 23 3 20 22 19 23 2 25 12 3 12 19 18
split_gain=0.194655 0.277499 0.167656 0.150003 0.174713 0.264819 0.201941 0.196302 0.300824 0.147526 0.270675 0.144273 0.280458 0.16791 0.155276 0.118208 0.132247 0.104409 0.00192668 2.18054e-05 4.2331e-06 2.1784e-06 2.61198e-07 1.83572e-08
threshold=358.90000000000003 366.33000000000004 -0.59997778948411262 27.366240382781623 70.079028434801302 -2.7058863631690322 0.015845712109855175 64.809144372558279 111619.89829137579 0.012113900127979265 0.0063531602160872853 0.031299792603293318 107917.50000000001 56.138482902518945 34.567583584897193 -0.87187647121006517 0.019169665364389136 107493.20000000003 0.016755924200057493 361.60325000000006 111606.25000000001 365.51500000000004 -0.49987943667586249 -4.2595514450402225
decision_type=2 2 2 2 2 2 2 2 2 2 2 2 2 2 2 2 2 2 2 2 2 2 2 2
left_child=-1 19 3 -3 5 -5 -6 8 11 10 20 12 14 15 -7 16 -14 -13 -11 -2 -4 22 23 -21
right_child=1 2 9 4 6 7 -8 -9 -10 18 -12 17 13 -15 -16 -17 -18 -19 -20 21 -22 -23 -24 -25
leaf_value=0.081475373655685621 -0.068563675537763852 -0.03448445318469312 -0.066964974456979354 -0.05059207780152189 0.02104347475539636 0.0089670857538404238 -0.028082784910402715 0.060744470629702001 -0.045367429991291439 -0.069823978336051182 0.057701724520561881 0.07185166382966017 -0.01545284711239062 -0.0062575325171513102 -0.068647096266330088 0.060505919310527012 0.05179179772508094 0.02037814710519369 -0.058492145892575169 -0.066900511237821564 -0.067695261945126498 -0.067464463168795355 -0.067123738402553174 -0.066959658098817099
leaf_weight=0.2929252181202181 0.14111420884728332 0.88031727308407148 0.14697567641269482 0.55866999807767115 1.3156079486943775 0.47691704938188351 2.298897648579441 1.0583129236474631 0.74868650757707644 0.41952879843302071 0.37753806263208389 0.8432739647105334 0.6049403483048017 1.1199097549542782 0.56094113679137081 1.3456481588073144 0.56619582348503172 0.73976456746459007 0.23357820464298129 0.10352304601110518 0.17256389744579792 0.14396111003588885 0.10488860867917538 0.10641174856573343
leaf_count=2 5 20 32 19 22 30 36 26 34 16 16 19 32 23 33 34 21 23 35 23 8 14 16 18
internal_value=0 -0.000831303 0.00193202 0.00538554 0.00825357 0.0159893 -0.0102018 0.0206017 0.014538 -0.0316216 0.00037387 0.0217054 0.0128692 0.0259544 -0.0329818 0.0402879 0.0170572 0.0477977 -0.0657712 -0.0674766 -0.0673594 -0.0671422 -0.0669949 -0.0669305
internal_weight=0 15.0682 14.4683 13.1181 12.2378 8.62326 3.61451 8.06459 7.00628 1.35018 0.697078 6.25759 4.67455 3.63669 1.03786 2.51678 1.17114 1.58304 0.653107 0.599899 0.31954 0.458785 0.314823 0.209935
internal_count=557 555 479 372 352 294 58 275 249 107 56 215 173 110 63 87 53 42 51 76 40 71 57 41
is_linear=0
shrinkage=0.1


Tree=131
num_leaves=29
num_cat=0
split_feature=9 1 16 11 13 19 19 14 23 0 17 2 0 4 25 1 17 3 3 13 3 23 17 22 13 14 17 2
split_gain=0.201408 0.209293 0.304527 0.319821 0.284588 0.212811 0.234886 0.182382 0.177981 0.205189 0.166743 0.224642 0.282401 0.286101 0.217832 0.0516492 0.000643593 0.000188124 0.00016508 1.50745e-05 1.0551e-05 1.47744e-06 5.21562e-07 2.40766e-07 3.06458e-07 1.44876e-07 5.81946e-08 3.59116e-08
threshold=400.59750000000003 108395.00000000001 377.51999999819276 380.02500000000003 13201.500000000002 -0.70105994805808314 -0.60896425322122372 109183.43156771226 0.010458297665495568 1761237000000.0002 -0.85289846546291703 106032.90000000001 1760859000000.0002 1.1599000000000002 0.011842138965271564 107191.80000000002 -0.47022116631279648 110246.00000000001 107977.50000000001 1553927.5000000002 108562.70000000003 0.0069023629765078949 -0.58451352332446016 40.541704829306774 278753.50000000006 109855.94139193899 -0.74716149955436773 111895.45000000001
decision_type=2 2 2 2 2 2 2 2 2 2 2 2 2 2 2 2 2 2 2 2 2 2 2 2 2 2 2 2
left_child=1 10 4 5 -3 8 -7 -5 -4 -10 15 14 -13 -14 -12 -1 18 -9 -6 -19 -20 -22 23 24 -23 -26 -27 -25
right_child=-2 2 3 7 16 6 -8 17 9 -11 11 12 13 -15 -16 -17 -18 19 20 -21 21 22 -24 27 25 26 -28 -29
leaf_value=0.022204469991188479 0.068657621149818687 0.06776182917707356 0.071325099960992164 0.018539513340039025 -0.069870397258050984 -0.061932615831023767 0.023331025574280524 -0.070667885683508166 0.053849652368272008 -0.025805652973862378 -0.0098044089235805477 -0.069099779829951316 -0.029052744911436987 0.068650926357146883 0.073713498464223162 0.06935748908926341 -0.074548519444798608 -0.067036033665829581 -0.06802077373747055 -0.068096953532260057 -0.067373345974042181 -0.067094831526942109 -0.067176882745613731 -0.066887267790110519 -0.06701937974685622 -0.066930525941618205 -0.066805866068337702 -0.066789631991089893
leaf_weight=0.38942548912018526 0.40306175313890058 0.17205700650811184 0.77863771189004127 0.32445226935669758 0.30504365637898423 0.62921110168099403 0.66410743747837953 0.33981459005735815 0.59953569294884779 0.7021019640378654 0.57153527904301726 0.70167391118593503 0.74587815906852462 0.50103214662522078 0.68849267531186342 0.57572656217962503 0.16309743840247382 0.21604763774666935 0.12859479431062937 0.35236085369251668 0.11540089454501867 0.15571157413069137 0.11743977351579837 0.073294048430398107 0.085240970714949071 0.063517499482258932 0.091241360642016156 0.077510997303761542
leaf_count=31 13 3 11 19 5 18 28 11 12 28 35 35 36 25 11 16 3 35 5 20 9 22 16 17 14 14 33 32
internal_value=0 -0.00339771 -0.0151206 -0.00222476 -0.0534902 0.0137031 -0.0181505 -0.0458162 0.0335066 0.0108837 0.0138883 0.00292607 -0.0183513 0.0102064 0.0358307 0.0503319 -0.0686508 -0.0688065 -0.0678577 -0.0676937 -0.0671816 -0.0670431 -0.0669857 -0.0669446 -0.0669856 -0.0669147 -0.066857 -0.0668371
internal_weight=0 10.3282 6.15442 4.60627 1.54815 3.37359 1.29332 1.23268 2.08028 1.30164 4.17376 3.20861 1.94858 1.24691 1.26003 0.965152 1.37609 0.908223 1.213 0.568408 0.907952 0.779357 0.663956 0.546516 0.395711 0.24 0.154759 0.150805
internal_count=557 544 355 182 173 97 46 85 51 40 189 142 96 61 46 47 170 66 167 55 162 157 148 132 83 61 47 49
is_linear=0
shrinkage=0.1


Tree=132
num_leaves=27
num_cat=0
split_feature=0 2 14 23 18 3 19 18 9 11 2 11 11 19 14 22 20 22 20 3 13 0 13 19 4 0
split_gain=0.193958 0.380283 0.345005 0.42979 0.318774 0.282983 0.382138 0.33002 0.44496 0.281245 0.265388 0.267843 0.264897 0.201854 0.0797754 0.0768665 0.0304971 0.00472178 0.000610097 9.70278e-05 2.29773e-05 2.11801e-05 7.07606e-06 5.9012e-06 1.03308e-06 5.47654e-08
threshold=1762057800000.0002 103233.00000000001 108306.73387963064 0.039774461051731276 -0.35793045091926901 113609.95000000001 -0.48542612078025194 -1.7983243468305701 386.43500000000006 367.94370000000009 112327.00000000001 377.43620000000004 394.32500000000005 -0.77221727062915868 115012.61991691073 58.830261432406438 47.00387052012416 58.830261432406438 18.346129348126826 107846.55000000002 831107.50000000012 1760923800000.0002 278753.50000000006 -0.61204660565130686 1.1607000000000003 1760805000000.0002
decision_type=2 2 2 2 2 2 2 2 2 2 2 2 2 2 2 2 2 2 2 2 2 2 2 2 2 2
left_child=2 -2 12 4 5 6 7 8 9 -4 11 13 18 -11 -7 -13 -9 -10 -1 20 24 -19 -3 -24 -20 -26
right_child=1 22 3 -5 -6 14 -8 16 17 10 -12 15 -14 -15 -16 -17 -18 21 19 -21 -22 -23 23 -25 25 -27
leaf_value=-0.073870222986071724 -0.032931912842415909 0.06721318189125991 0.046352099263507945 0.07109005581510551 -0.075810363916495302 0.023517823886440376 -0.074682242142948288 -0.034038115090515381 0.05464563580716808 0.044866221592792334 0.043507705759220451 -0.072610659862308344 0.028096948488254721 -0.022994365499742962 0.081223937618791431 -0.031246493136492838 -0.069998199639811354 0.067456410204111014 -0.067283353564853474 -0.069754359279286957 -0.068175400952075124 0.068478208316581801 0.06805962558287651 0.067468488525860931 -0.066991411580164431 -0.066900285305243071
leaf_weight=0.22886762721463938 0.58360942313447672 0.38476436492055632 0.94147406611591034 0.82797632180154401 0.58061677264049549 0.48509643599391061 0.72586146090179671 0.43120619049295772 0.39835955575108506 0.6904102172702492 0.67977492697536934 0.90743992640636839 0.35957592912018288 1.200529124122119 0.47331329924054444 0.88973548915237188 0.52053620154038072 0.47423062333837152 0.1430022809654472 0.27964891493320465 0.34405039763078094 0.35450890846550465 0.32266468461602915 0.35431301873177301 0.14544656849466264 0.12066395673900843
leaf_count=3 24 37 36 16 10 22 23 21 12 16 30 32 6 32 18 16 22 36 14 6 17 11 15 32 24 26
internal_value=0 0.0319125 -0.00466311 0.00191881 -0.0039534 0.000595143 -0.00540461 0.00131074 0.00932143 -0.00322176 -0.0139071 -0.0244895 -0.0476198 0.00178255 0.0520161 -0.0521323 -0.0537058 0.0635928 -0.0691989 -0.0681637 -0.0675731 0.0678935 0.0675556 0.0677502 -0.0670666 -0.0669501
internal_weight=0 1.64535 12.2023 10.5811 9.75309 9.17248 8.21407 7.48821 6.53646 5.30936 4.36789 3.68811 1.62126 1.89094 0.95841 1.79718 0.951742 1.2271 1.26168 1.03281 0.753163 0.82874 1.06174 0.676978 0.409113 0.266111
internal_count=557 108 449 353 337 327 287 264 221 162 126 96 96 48 40 48 43 59 90 87 81 47 84 47 64 50
is_linear=0
shrinkage=0.1


Tree=133
num_leaves=24
num_cat=0
split_feature=13 13 9 9 22 23 19 4 25 1 0 20 12 1 25 22 22 10 0 17 11 3 1
split_gain=0.153143 0.159555 0.154581 0.262471 0.229704 0.138503 0.351271 0.189634 0.158052 0.157444 0.287271 0.216572 0.289207 0.113973 0.0843422 0.0806833 0.0621079 0.0164336 6.12941e-05 1.85813e-05 2.24264e-06 5.04154e-07 5.05468e-08
threshold=19551.500000000004 2363254.5000000005 358.90000000000003 368.11500000000007 79.918281298474454 0.015048552399531593 -0.70105994805808314 1.1602500000000002 1.0000000180025095e-35 108404.35000000002 1760805000000.0002 70.079028434801302 386.31450000000001 108266.85000000002 0.00316268634824628 25.49146837494914 36.040271798230812 376.82000000000005 1761150600000.0002 -0.70197564775797539 366.77000000000004 107490.20000000001 110658.80000000002
decision_type=2 2 2 2 2 2 2 2 2 2 2 2 2 2 2 2 2 2 2 2 2 2 2
left_child=-1 2 -2 4 19 6 7 -5 -8 10 -7 12 15 18 -9 -11 -3 -17 -12 -4 22 -20 -21
right_child=1 16 3 5 -6 9 8 14 -10 11 13 -13 -14 -15 -16 17 -18 -19 21 20 -22 -23 -24
leaf_value=-0.05172201147916853 0.079435585205993531 -0.0011537046652787023 -0.068035286739788745 0.015722485639554994 0.031564768072139718 0.037663465918613137 -0.00019511622043933132 -0.071092161397631123 0.069862531699661973 0.025190659171582325 -0.069055819702905918 0.0028547140003813403 -0.02073640469108242 0.0031842952495754473 -0.02078041715861802 0.052766855351149382 -0.046840287268680676 0.071186858693341862 -0.066978978943011247 -0.066961819268561554 -0.067403900159671057 -0.067254133347485645 -0.066872855198899933
leaf_weight=0.53674872999545264 0.2814266225323071 0.46104951947927364 0.44272941071540117 0.55148947332054454 0.32166473101824522 0.73032547486945976 0.68679306074045399 0.9346298500895498 0.60631251614540815 0.70045149186626154 0.40830651775468119 2.7024416853673756 0.62465955200605083 0.33314814977347851 0.5177992288954556 0.7655378035269681 0.83910701400600374 1.3185903299599884 0.14190948277246207 0.14017311949282774 0.15379466558806598 0.12546304310671985 0.11731654684990644
leaf_count=24 2 22 34 12 6 33 32 39 15 22 13 38 36 6 23 28 35 30 28 25 14 12 28
internal_value=0 0.00271412 0.00615441 0.00448092 -0.0404582 0.00922031 -0.00797981 -0.0342001 0.0326536 0.0164436 -0.0101034 0.0239979 0.0407578 -0.0446835 -0.0531557 0.0545526 -0.0306393 0.0644209 -0.0682851 -0.0675857 -0.0671018 -0.0671081 -0.0669213
internal_weight=0 13.9051 12.605 12.3235 1.17568 11.1479 3.29702 2.00392 1.29311 7.85083 1.73915 6.11168 3.40924 1.00883 1.45243 2.78458 1.30016 2.08413 0.675679 0.854014 0.411284 0.267373 0.25749
internal_count=557 533 476 474 107 367 121 74 47 246 92 154 116 59 62 80 57 58 53 101 67 40 53
is_linear=0
shrinkage=0.1


Tree=134
num_leaves=26
num_cat=0
split_feature=2 25 14 14 14 1 20 22 25 17 13 25 22 2 9 2 25 25 20 1 18 23 20 9 23
split_gain=0.195881 0.180424 0.34006 0.297402 0.334879 0.211658 0.220415 0.239537 0.197941 0.224664 0.120004 0.105498 0.0778153 0.0635174 0.0617425 0.0231798 0.00016907 9.27756e-05 8.23804e-05 1.41694e-05 8.12024e-06 4.07874e-06 4.49787e-07 2.69943e-07 6.78779e-08
threshold=113990.00000000001 1.0000000180025095e-35 111433.24778419503 111619.89829137579 109183.43156771226 111382.10000000002 47.00387052012416 66.986781124082185 0.020277722570212379 -0.74716149955436773 969018.00000000012 0.0081590784009387858 52.016953983971462 109437.90000000001 367.09500000000008 108316.8 0.0063531602160872853 0.01978879044588815 76.586303994431816 111633.10000000002 -0.85843836852627586 0.017598027614094677 66.125618104364605 378.80000000000007 0.026026290902957164
decision_type=2 2 2 2 2 2 2 2 2 2 2 2 2 2 2 2 2 2 2 2 2 2 2 2 2
left_child=1 3 5 4 -1 6 8 11 9 15 12 -8 14 -9 -11 -3 -4 21 20 -18 -2 -13 -21 24 -23
right_child=18 2 16 -5 -6 -7 7 13 -10 10 -12 17 -14 -15 -16 -17 19 -19 -20 22 -22 23 -24 -25 -26
leaf_value=0.060636677874100667 -0.06690028535960757 -0.028113480600491642 -0.070665510718958144 0.069731382048433224 -0.046576132782091828 0.063906062610669293 0.003231908430697586 0.036912111560053369 0.040336597604203654 0.041215199546383391 -0.033219065354789544 -0.067591013376781264 0.053763322990612566 -0.013601553569636375 -0.022285666793292587 -0.068644634470132609 -0.068109508293859686 -0.06902316929597406 -0.07034629818248396 -0.066873626966030969 -0.068186230918193438 -0.06686616351897294 -0.067145814008611041 -0.067101637498961322 -0.066978264915334415
leaf_weight=0.47680673003196561 0.10830025863833725 0.20533216372132224 0.2745495568960904 0.94731348101049651 0.74896501132752746 0.5114707015454768 0.25514873210340772 0.46597789414226987 1.4845982934348283 0.2605326557531964 0.41937581263482582 0.15775829507037975 0.61983646429143846 0.53441983519587666 0.37138246418908238 0.45107199624180794 0.23564409243408591 0.59849855257198215 0.20397395943291485 0.10990907298400998 0.08983891434036273 0.13379380549304187 0.13563245406839997 0.11176864756271243 0.09058362222276628
leaf_count=31 37 13 4 21 38 13 9 18 36 17 17 14 30 31 25 38 17 26 4 32 6 34 16 15 15
internal_value=0 0.00230564 -0.00510962 0.0276499 -0.00487197 0.00209207 -0.00304034 -0.0271431 0.0118049 -0.00639376 0.0130778 -0.0546636 0.0285886 0.00992734 0.00389514 -0.0559659 -0.0686854 -0.068186 -0.0689356 -0.0675556 -0.0674834 -0.0671715 -0.067024 -0.0669747 -0.0669114
internal_weight=0 9.60037 7.42729 2.17309 1.22577 6.67155 6.16008 2.34795 3.81213 2.32753 1.67113 1.34755 1.25175 1.0004 0.631915 0.656404 0.755735 1.0924 0.402113 0.481186 0.198139 0.493904 0.245542 0.336146 0.224377
internal_count=557 510 420 90 69 351 338 162 176 140 89 113 72 49 42 51 69 104 47 65 43 78 48 64 49
is_linear=0
shrinkage=0.1


Tree=135
num_leaves=28
num_cat=0
split_feature=11 22 14 12 17 2 0 25 1 0 20 0 13 2 11 18 7 20 1 0 19 17 13 20 18 17 3
split_gain=0.179892 0.276395 0.270957 0.271064 0.216247 0.212434 0.204749 0.329617 0.322515 0.204479 0.296307 0.168501 0.216335 0.411731 0.0312327 0.0108011 0.00283587 0.00152702 0.000537573 0.000159422 0.000123027 2.94749e-05 9.19397e-06 6.58101e-06 5.286e-06 2.87657e-07 9.72225e-08
threshold=377.43620000000004 50.00193646971001 109984.94939002475 359.62000000000006 -0.80925291542062128 115350.45000000003 1762111800000.0002 0.01731589908885503 102762.70000000003 1760967000000.0002 29.911626679441778 1760902200000.0002 696128.00000000012 109437.90000000001 368.00500000000005 -4.4778581682697807 1.16415 48.838905460074493 109767.85000000002 1760729400000.0002 -2.1643737046669869 -0.70945203810423596 278753.50000000006 65.750863349860012 -1.99432476149076 -0.58559638216835896 106892.50000000001
decision_type=2 2 2 2 2 2 2 2 2 2 2 2 2 2 2 2 2 2 2 2 2 2 2 2 2 2 2
left_child=2 5 6 -4 -5 11 7 14 -8 10 -3 12 13 19 -1 -13 23 -12 -6 -2 -16 -20 -10 -17 25 -23 -21
right_child=1 9 3 4 18 -7 8 -9 22 -11 17 15 -14 -15 20 16 -18 -19 21 26 -22 24 -24 -25 -26 -27 -28
leaf_value=-0.037920466188874458 -0.071519504524033967 -0.031189541727745719 -0.055520002832585215 0.0060718758922791837 0.071938119697146072 0.033603196002861199 -0.03129634724623083 0.0084499952371995275 0.067161948907500865 -0.022471700562306903 0.068802316934883423 -0.050522516308394799 -0.062724567159734679 0.075870865513674599 -0.071411656058131157 -0.067204831163838422 -0.077751019081102962 0.06081431503519219 0.068336138216908815 -0.066900187315035747 -0.068754382492229968 0.066994012919631196 0.067840374742099196 -0.067912232852918822 0.06762559886636367 0.067165211119960863 -0.067032255841276617
leaf_weight=0.5114347920753064 0.11728835338726706 0.45867609325796399 0.29206972941756282 0.85210846317932065 0.40700680296868053 0.41891201585531224 0.55370994471013524 1.8528141439892349 0.34759724419564009 1.0405195537023244 0.62118750764057018 0.27965540904551778 0.6341234496794641 0.47034510690718889 0.25878803618252277 0.32140916702337496 0.53436297550797462 0.38928774138912559 0.44727640878409181 0.11311230296269059 0.53323956718668342 0.24225082993507419 0.46965235355310142 0.22258552070707083 0.28373867738991887 0.16499364841729403 0.10989460512064397
leaf_count=8 3 8 2 25 6 3 24 37 37 34 31 22 14 12 8 36 6 24 27 26 32 38 29 13 17 17 18
internal_value=0 -0.0134353 0.0102954 0.0354355 0.0465165 -0.0328175 -0.00463926 -0.0186551 0.0276285 0.0114458 0.0354678 -0.0427449 -0.0189732 0.0152514 -0.0571838 -0.0680352 -0.0725768 0.0657249 0.068819 -0.068535 -0.0696226 0.0677037 0.0675518 -0.0674943 0.0672942 0.0670634 -0.0669653
internal_weight=0 5.73136 7.21668 2.68944 2.39737 3.22169 4.52724 3.15628 1.37096 2.50967 1.46915 2.80278 1.44476 0.81064 1.30346 1.35801 1.07836 1.01048 1.54527 0.340295 0.792028 1.13826 0.81725 0.543995 0.690983 0.407244 0.223007
internal_count=557 250 307 132 130 153 175 85 90 97 63 150 73 59 48 77 55 55 105 47 40 99 66 49 72 55 44
is_linear=0
shrinkage=0.1


Tree=136
num_leaves=26
num_cat=0
split_feature=9 9 19 20 20 20 3 23 19 25 25 25 19 9 7 12 13 0 2 0 25 12 2 12 18
split_gain=0.149537 0.234339 0.141053 0.126671 0.156235 0.195015 0.300151 0.163331 0.144536 0.119594 0.222056 0.117712 0.237072 0.149961 0.0857541 0.247844 0.106261 0.270298 0.0535577 0.0296175 0.00139555 1.39028e-05 1.82914e-06 1.53819e-06 1.77988e-07
threshold=358.90000000000003 366.33000000000004 -0.59997778948411262 27.366240382781623 70.079028434801302 65.750863349860012 111461.70000000003 0.015845712109855175 -2.7470827269662599 0.012113900127979265 0.0063531602160872853 0.0088206488893018964 -0.69322810716063399 368.76500000000004 1.1540500000000002 375.31000000000006 607908.00000000012 1761193800000.0002 107108.85000000002 1760783400000.0002 0.01664794931439215 361.60325000000006 111834.20000000003 365.51500000000004 -3.624400146575891
decision_type=2 2 2 2 2 2 2 2 2 2 2 2 2 2 2 2 2 2 2 2 2 2 2 2 2
left_child=-1 21 3 -3 5 6 8 -6 -5 10 22 12 13 -10 -13 -16 17 -17 -15 -18 -11 -2 -4 24 -23
right_child=1 2 9 4 7 -7 -8 -9 11 20 -12 14 -14 18 15 16 19 -19 -20 -21 -22 23 -24 -25 -26
leaf_value=0.075869764104694329 -0.068301611688330308 -0.033865181322989928 -0.06701370560990777 -0.045683118532324755 0.019266157530520411 0.060689317600257447 -0.054325000918630552 -0.026794111291652625 0.018908269870359755 -0.069409093191883306 0.05657468943180656 0.056809866035310325 0.059031950558312098 -0.013173359751448011 -0.042780304390435564 -0.0506594292568356 0.061010640367620321 0.061724566829747952 -0.069163384735067196 0.033783128004687288 -0.059172913745037962 -0.066866917604170559 -0.067537225569091738 -0.067371010045418164 -0.067032094294567648
leaf_weight=0.25962627772241909 0.12237194553017516 0.77680836734361669 0.13981171394698388 0.34612346405628613 1.2070281188935044 0.86054029897786666 0.65235902206040908 2.1256433641538024 0.51404085475951411 0.32500317576341331 0.31564653594978154 0.94245102675631676 0.48547427775338547 0.25447802327107638 0.49049631541129235 0.42173496726900372 0.96955168480053522 0.43449595663696527 0.51983941625803709 0.67951836530119181 0.22567169601097703 0.14356458245310932 0.12769381888210773 0.12245323311071843 0.1195708301384002
leaf_count=2 5 20 33 15 22 23 33 36 15 14 16 26 9 12 25 34 27 21 36 18 37 37 7 14 20
internal_value=0 -0.000758918 0.00188165 0.00515041 0.00792997 0.0158717 0.0101245 -0.010112 0.0170645 -0.0317929 -0.000232842 0.0208667 -0.000523199 -0.0229645 0.030501 0.0222244 0.0349513 0.00637004 -0.0507624 0.0497912 -0.0652142 -0.0673729 -0.0672636 -0.0670782 -0.066942
internal_weight=0 13.3224 12.8144 11.6806 10.9038 7.5711 6.71056 3.33267 6.0582 1.13383 0.583152 5.71208 1.77383 1.28836 3.93825 2.9958 2.5053 0.856231 0.774317 1.64907 0.550675 0.507961 0.267506 0.385589 0.263135
internal_count=557 555 479 372 352 294 271 58 238 107 56 223 72 63 151 125 100 55 48 45 51 76 40 71 57
is_linear=0
shrinkage=0.1


Tree=137
num_leaves=29
num_cat=0
split_feature=2 4 2 0 14 25 2 23 11 10 20 14 23 25 25 14 19 20 20 3 23 18 23 23 20 16 19 23
split_gain=0.178174 0.163995 0.389174 0.242997 0.324364 0.248289 0.200189 0.355686 0.256352 0.174032 0.172407 0.114279 0.0976858 0.0804128 0.132545 0.0498112 0.0456214 6.48371e-05 3.16768e-05 2.78625e-05 9.03224e-06 6.51459e-06 2.07411e-06 1.02948e-06 3.68342e-07 8.64893e-08 5.02766e-08 4.58867e-08
threshold=113990.00000000001 1.1567500000000004 102252.05 1761431400000.0002 111433.24778419503 0.014822406806235852 106032.90000000001 0.020451001576856906 371.94670000000002 368.92525000000006 72.814712914500731 110834.030337652 0.02401158556606826 0.017959599877756652 0.0063531602160872853 101859.12094360033 -0.70105994805808314 76.586303994431816 33.664439087274573 102214.75000000001 0.03295253868269362 -0.85843836852627586 0.031888702811026091 0.0069023629765078949 29.657101541721399 368.7799999995612 -0.67510802782116075 0.018257564048313725
decision_type=2 2 2 2 2 2 2 2 2 2 2 2 2 2 2 2 2 2 2 2 2 2 2 2 2 2 2 2
left_child=1 2 -1 4 6 -5 -3 10 -9 -7 11 13 -10 14 -8 -4 -6 21 -14 -17 -20 -2 23 -21 -25 26 27 -26
right_child=17 3 15 5 16 9 7 8 12 -11 -12 -13 18 -15 -16 19 -18 -19 20 22 -22 -23 -24 24 25 -27 -28 -29
leaf_value=0.067566869935672388 -0.066878421047563544 0.074012139463771609 0.0010292065707100896 0.069526855356088019 -0.027785321396130852 -0.070301205172680112 0.067789841627039882 0.032283943148239437 -0.010272360272686529 0.051765297307353554 -0.030234189221011759 -0.0031804005413735379 -0.069141015420670249 0.071787562572022678 -0.010948849983207052 -0.068665065600505878 -0.071168710930859622 -0.070085893595647861 -0.067555964156409881 -0.067295411480809683 -0.068340618569703346 -0.068083611013970896 -0.067389985561325916 -0.067115192175756178 -0.06695191288041194 -0.06698812186632068 -0.066817019854596121 -0.066860504506775081
leaf_weight=0.31429148372262528 0.096996971173211932 0.43359261751174916 0.12061038985848405 1.0806280993856487 0.41230026097036898 0.26851059834007163 0.42810446768999166 0.48795742169022549 0.40425064624287177 0.20671686495188624 0.44873355934396375 0.52417848480399687 0.41019743331707992 0.85892106522805989 0.42705858882982284 0.13118201866745949 0.58820072351954855 0.18903164775110781 0.25946677755564451 0.10072134900838137 0.33755933656357229 0.083428971935064378 0.17954665375873446 0.10224309004843235 0.10511307837441553 0.092084110481664538 0.094710457255132607 0.11500350199639797
leaf_count=18 37 4 2 29 32 30 28 7 31 16 15 35 12 30 20 5 17 4 31 9 12 6 17 11 20 15 32 32
internal_value=0 0.00207481 -0.0299601 0.00780625 -0.00129784 0.0430354 0.00906444 0.0029244 -0.0301977 -0.0172041 0.0263383 0.0376802 -0.0517981 0.0501756 0.0284686 -0.0593987 -0.0532907 -0.0687917 -0.0684645 -0.0673155 -0.0679996 -0.0674357 -0.0670912 -0.0670033 -0.0669455 -0.0669029 -0.0668779 -0.0669042
internal_weight=0 8.93188 1.35551 7.57638 6.02052 1.55586 5.02002 4.58643 1.89943 0.475227 2.687 2.23826 1.41147 1.71408 0.855163 1.04121 1.0005 0.369458 1.00722 0.920604 0.597026 0.180426 0.789422 0.609876 0.509154 0.406911 0.314827 0.220117
internal_count=557 510 161 349 274 75 225 221 93 46 128 113 86 78 48 143 49 47 55 141 43 43 136 119 110 99 84 52
is_linear=0
shrinkage=0.1


Tree=138
num_leaves=25
num_cat=0
split_feature=0 24 14 25 24 20 3 9 12 14 1 25 14 17 19 17 22 23 24 13 20 23 2 23
split_gain=0.169966 0.262823 0.280767 0.286564 0.335617 0.238069 0.228745 0.200394 0.222327 0.285114 0.232082 0.184872 0.156467 0.147359 0.0958789 0.0551268 0.0291467 0.024014 0.0022488 0.000209129 0.000108805 7.71164e-06 2.86969e-06 1.92133e-06
threshold=1760455800000.0002 0.0031029441560831428 108306.73387963064 0.016339225869038403 0.00098939305814399405 29.657101541721399 109125.95000000001 379.44000000000005 375.31000000000006 109984.94939002475 114741.65000000001 0.011142725009701334 111177.78892755622 -0.83881762695999118 -0.65141476738693971 -0.63177231918323506 38.415808006286319 0.031153265404271095 0.00064578722990315943 643127.00000000012 33.664439087274573 0.019753794963388801 112627.40000000001 0.010930990206257329
decision_type=2 2 2 2 2 2 2 2 2 2 2 2 2 2 2 2 2 2 2 2 2 2 2 2
left_child=-1 2 11 6 12 -3 -4 8 9 -8 18 14 -5 -11 16 20 -2 -13 23 -19 -7 22 -22 -10
right_child=1 5 3 4 -6 15 7 -9 10 13 -12 17 -14 -15 -16 -17 -18 19 -20 -21 21 -23 -24 -25
leaf_value=-0.059575175255851334 -0.054770310683433535 -0.014586987355259387 -0.061442270636447222 -0.030538734503874343 0.070586709945119674 0.069807590318328269 -0.035243936427398502 0.050165250287165002 -0.067226656292156156 -0.006368418687993713 0.013789556006399624 -0.038403218310487451 0.030464041704728204 0.069038041945434406 0.067476821044634414 0.028160967500175112 0.00388726212666908 -0.071526467774272684 -0.077579219554666221 -0.068500825255355086 0.067047481015276411 0.068029161351712095 0.067506859986598458 -0.067592504381184443
leaf_weight=0.46207149326801378 0.1524687223136425 0.72516861301846747 0.77423943206667889 0.83452620985917769 1.1340765426866708 0.28019901993684471 0.80494312080554742 0.62072034506127227 0.27329061995260395 0.39959618542343178 0.49086172878742218 0.32970488513819851 0.84740852983668447 0.73737402912229477 0.18284214404411425 0.51769404625520077 0.19061825610697269 0.40271385782398283 0.35044696042314172 0.52789932582527399 0.2403674169909209 0.20205515110865235 0.31314221490174532 0.30237479135394096
leaf_count=4 32 30 25 36 38 11 33 12 29 11 3 22 29 34 20 36 12 14 6 31 32 16 20 21
internal_value=0 0.00226678 -0.00515047 0.0032645 0.0285442 0.0327222 -0.0117103 -0.00203488 -0.0116814 0.0102954 -0.0417999 -0.0408119 0.000196271 0.0425359 0.00898948 0.0548066 -0.0221803 -0.0615939 -0.0712636 -0.0698101 0.0681245 0.0675004 0.0673074 -0.0674188
internal_weight=0 11.6347 9.35611 7.56986 2.81601 2.27863 4.75385 3.97961 3.35889 1.94191 1.41697 1.78625 1.68193 1.13697 0.525929 1.55346 0.343087 1.26032 0.926112 0.930613 1.03576 0.755565 0.55351 0.575665
internal_count=557 553 408 277 103 145 174 149 137 78 59 131 65 45 64 115 44 67 56 45 79 68 52 50
is_linear=0
shrinkage=0.1


Tree=139
num_leaves=29
num_cat=0
split_feature=13 13 1 0 0 23 19 9 9 23 19 17 23 19 10 23 25 11 14 10 13 19 0 17 3 18 11 20
split_gain=0.135855 0.127294 0.116479 0.116193 0.172684 0.12932 0.128566 0.110139 0.276761 0.124635 0.471577 0.134357 0.154 0.360665 0.130429 0.286882 0.229032 0.132282 0.19351 0.0780514 0.059786 0.0258657 0.000284891 1.56457e-05 4.00832e-06 2.09852e-06 1.24302e-06 1.40566e-07
threshold=19551.500000000004 2363254.5000000005 105703.35000000002 1762047000000.0002 1761928200000.0002 0.031677243174031207 -2.1184948684968665 358.90000000000003 368.11500000000007 0.015048552399531593 -0.74457486751067103 -0.89973357161891931 0.015783552895651327 -2.7058863631690322 382.31500000000005 0.019169665364389136 0.019727477546413942 377.37000000000006 109984.94939002475 395.99500000000006 3239769.0000000005 -1.050376347583722 1762057800000.0002 -0.70197564775797539 102214.75000000001 -1.99432476149076 366.77000000000004 66.426259748475829
decision_type=2 2 2 2 2 2 2 2 2 2 2 2 2 2 2 2 2 2 2 2 2 2 2 2 2 2 2 2
left_child=-1 3 -3 4 7 6 -5 -2 23 10 21 -11 -13 -14 17 -16 19 18 -15 -17 -4 -10 -8 -9 -24 27 -25 -26
right_child=1 2 20 5 -6 -7 22 8 9 11 -12 12 13 14 15 16 -18 -19 -20 -21 -22 -23 24 26 25 -27 -28 -29
leaf_value=-0.05122563540538521 0.073158396179036397 0.024485525628228824 -0.017120971166088083 0.021596034753200679 0.067652259146877863 0.03379989741088734 -0.072089046632252879 -0.06821007683019259 -0.038490032592833276 -0.029189845748440559 0.034162643593996199 0.060250138878461694 -0.070401880747265819 0.04139856737064667 -0.073773224581269586 0.012778154721878449 0.063639833528119638 0.06372052563330656 -0.022405839724511063 -0.06750092731512812 -0.07055533830919257 -0.070592722226195156 -0.067819474891500989 -0.066875454079927385 -0.066846533385633761 -0.067480797289495548 -0.067324961688429871 -0.067029974674740353
leaf_weight=0.48642257356550622 0.24079348053782901 0.30225902551319339 0.36555670225061476 0.2131303574424237 0.48363989987410683 0.27869767288211733 0.18388895690441021 0.25418652745429426 0.39623994869180024 0.60534280538558327 1.100890267174689 0.82881577243097737 0.46285019069909417 1.3967424682341585 0.40632847172673781 0.24105491535738088 0.63818814558908343 1.0064188698306678 0.72055701096542168 0.2433916802983731 0.49014901125337929 0.68463162705302261 0.13177699642255902 0.12779476179275562 0.09399981121532619 0.11562862596474588 0.11862071207724512 0.075181694701313972
leaf_count=24 2 7 16 9 32 22 2 15 19 16 33 13 9 31 18 14 18 27 26 26 34 37 8 33 31 11 11 13
internal_value=0 0.00266525 -0.0288786 0.00597119 0.00936785 -0.0249897 -0.0451279 0.00639211 0.00465069 0.00879647 -0.0119041 0.015692 0.0202626 0.0137838 0.0221586 -0.00177303 0.0242868 0.0338724 0.0196847 -0.027555 -0.0477282 -0.0588241 -0.0688106 -0.0676596 -0.0673635 -0.0671525 -0.0670918 -0.0669281
internal_weight=0 12.2068 1.15796 11.0488 9.95649 1.0923 0.813606 9.47285 9.23205 8.73145 2.18176 6.54969 5.94435 5.11553 4.65268 1.52896 1.12263 3.12372 2.1173 0.484447 0.855706 1.08087 0.600476 0.500602 0.416587 0.28481 0.246415 0.169182
internal_count=557 533 57 476 380 96 74 348 346 287 89 198 182 169 160 76 58 84 57 40 50 56 65 59 63 55 44 44
is_linear=0
shrinkage=0.1


Tree=140
num_leaves=28
num_cat=0
split_feature=9 14 1 15 19 24 20 18 18 19 14 22 17 18 0 17 20 20 0 17 17 9 10 17 13 14 17
split_gain=0.164377 0.169641 0.463199 0.236238 0.210244 0.136959 0.207053 0.226054 0.155453 0.149637 0.136632 0.123748 0.0497467 0.0202618 0.000128721 8.71001e-05 2.50995e-05 1.73523e-05 9.53676e-06 1.33955e-06 2.75715e-07 1.87578e-07 1.25333e-07 9.57199e-08 4.15825e-08 4.75067e-08 9.2079e-09
threshold=400.59750000000003 109183.43156771226 111352.25000000001 1.1625000001445243 -0.74457486751067103 0.00098939305814399405 29.657101541721399 -4.6359710436865322 -3.9189307324802014 -0.92011996038303245 111619.89829137579 29.312527560251038 -0.63177231918323506 -6.8589466843113263 1760902200000.0002 -0.49163359530255063 75.262288362041019 33.664439087274573 1761204600000.0002 -0.90472510802535056 -0.60936262863322599 377.48000000000008 364.19000000000005 -0.87275569177461554 168702.00000000003 109839.00011609019 -0.75305823058701271
decision_type=2 2 2 2 2 2 2 2 2 2 2 2 2 2 2 2 2 2 2 2 2 2 2 2 2 2 2
left_child=1 5 13 4 -4 8 11 -8 9 -1 -6 -7 17 -3 -15 18 21 -9 -16 -20 23 22 -5 -21 -25 -26 -27
right_child=-2 2 3 16 10 6 7 12 -10 -11 -12 -13 -14 14 15 -17 -18 -19 19 20 -22 -23 -24 24 25 26 -28
leaf_value=0.061917815746610982 0.06841733497272813 -0.020089054078062434 0.049553937822448248 -0.066982994705951107 -0.052913686304960211 -0.0051352293909958865 0.020891828252455776 -0.068851721957307946 0.06804683905590439 -0.044343600903092639 0.022745341387937504 0.054570173716394027 -0.023648122739687787 -0.069998503072369975 -0.067761860230501764 -0.069930784188738146 -0.068686351344404026 -0.067840748383841284 -0.067303898149928973 -0.067002703609711042 -0.067115557817644736 -0.067029907057237159 -0.066753040599637867 -0.066940485921860915 -0.066921812921495419 -0.066847724169194864 -0.066791966722035676
leaf_weight=0.21905043069273233 0.33041503001004535 0.094059534021652458 1.1255613397806887 0.039939465466886648 0.46688170335255574 0.63675697194412373 0.68747191922739137 0.28882781416177716 0.72135409573092857 0.33548284519929439 0.48835615639109164 0.7632505614310503 0.38863016804680239 0.2924491154262806 0.25093693309463461 0.13991586910560805 0.13151930691674352 0.41188991046510637 0.1389820349868377 0.096322481869718923 0.08407272771001062 0.12906701117753983 0.058299671392887831 0.10013750218786299 0.078361186198890209 0.063029720913617804 0.055872841621750102
leaf_count=16 13 13 32 7 14 25 22 12 35 29 30 17 33 21 15 4 4 37 12 17 12 24 36 19 18 18 22
internal_value=0 -0.00350791 -0.0189277 0.00734847 0.0202708 0.00976848 -0.00134607 -0.0240075 0.0374425 -0.00236847 -0.0142337 0.0274147 -0.0523429 -0.0649088 -0.0681515 -0.0676154 -0.0675868 -0.0682575 -0.0672421 -0.0670307 -0.0669512 -0.0669507 -0.0668465 -0.0669161 -0.066888 -0.0668614 -0.0668215
internal_weight=0 8.28648 3.83376 2.43962 2.0808 4.45271 3.17683 1.77682 1.27589 0.554533 0.955238 1.40001 1.08935 1.39414 1.30008 1.00763 0.358825 0.700718 0.867715 0.616778 0.477796 0.227306 0.0982391 0.393724 0.297401 0.197264 0.118903
internal_count=557 544 318 147 76 226 146 104 80 45 44 42 82 171 158 137 71 49 133 118 106 67 43 94 77 58 40
is_linear=0
shrinkage=0.1


Tree=141
num_leaves=30
num_cat=0
split_feature=0 14 23 2 11 23 14 17 11 25 17 11 0 17 19 12 25 23 20 3 11 3 13 10 13 19 1 3 20
split_gain=0.151114 0.257302 0.349364 0.241825 0.218692 0.211782 0.171409 0.329979 0.316853 0.196375 0.285652 0.189427 0.303136 0.149151 0.104679 0.0367302 0.00246095 0.000355115 0.000348442 0.00016531 0.000105385 4.87867e-05 9.31611e-06 7.43011e-06 3.35793e-06 3.35141e-06 9.73051e-07 7.70327e-07 4.84577e-08
threshold=1762047000000.0002 108306.73387963064 0.039774461051731276 103233.00000000001 394.32500000000005 0.012757516301438792 111177.78892755622 -0.70197564775797539 380.94500000000011 0.0074118827925188768 -0.69493665990570141 367.94370000000009 1761204600000.0002 -0.76241983889423348 -2.1184948684968665 369.46000000000009 0.016632392438896155 0.0073090800138550785 18.346129348126826 112543.15000000001 375.16345000000007 107846.55000000002 831107.50000000012 371.26500000000004 278753.50000000006 -0.59997778948411262 111547.05000000002 107468.25000000001 51.125611024311269
decision_type=2 2 2 2 2 2 2 2 2 2 2 2 2 2 2 2 2 2 2 2 2 2 2 2 2 2 2 2 2
left_child=1 4 5 -2 18 26 11 8 16 -9 -11 -7 13 -13 -5 -14 -8 -16 -1 -18 -17 22 27 -12 -19 -26 -3 28 -20
right_child=3 2 -4 14 -6 6 7 9 -10 10 23 12 15 -15 17 20 19 24 21 -21 -22 -23 -24 -25 25 -27 -28 -29 -30
leaf_value=-0.072558516459264963 -0.031134579335377291 -0.067391986111405108 0.070198460191692277 -0.0076180993883084224 0.029406498641047642 0.029260506027260165 0.078149520001493528 -0.075111940167043242 -0.011645041048770108 -0.077767877834788071 0.067056712784334505 0.024309157919397667 -0.033700227122496811 -0.032859519666805274 0.072212510869817642 -0.069943007098971929 0.070607320434129511 0.06709511204755389 -0.066937837924536489 0.067601853780886095 -0.067900470166047777 -0.069108979729381348 -0.067806102126600307 0.067971802000091688 0.06783144533701306 0.067291014100209254 -0.067113557608576638 -0.067231022145415709 -0.06684256545546903
leaf_weight=0.19617492938414105 0.48295531468466002 0.26039569987915268 0.68143473286181677 0.22597597679123271 0.2937538456171751 0.84276639064773906 0.51196435838937782 0.46893402747809865 0.69043228728696693 0.21874159900471568 0.18092594505287707 1.1789714558981332 0.42024987353943277 0.74457558989525119 0.19319108827039588 0.47618032526224829 0.36771456827409565 0.25859246915206313 0.11238447576761246 0.36434374912641943 0.53799999202601612 0.22361852321773767 0.26383160287514329 0.1741225766018033 0.21679834974929679 0.24377539451234054 0.24232807126827538 0.098056834656745195 0.10169355408288538
leaf_count=3 24 24 16 9 6 25 5 5 24 2 30 39 26 31 3 9 9 32 23 32 35 6 17 10 13 30 28 12 29
internal_value=0 -0.00483612 0.00157565 0.0281582 -0.0464144 -0.00451263 -0.00011812 0.0182379 0.0426804 -0.0271077 0.012124 -0.0131275 -0.0237658 0.00218004 0.0533141 -0.0585588 0.072831 0.068406 -0.0687819 0.0691115 -0.0688595 -0.0678554 -0.0673687 0.0675055 0.0673835 0.0675454 -0.0672578 -0.0669989 -0.0668926
internal_weight=0 9.6516 8.36208 1.62129 1.28951 7.68065 7.17792 2.97718 1.93445 1.04272 0.57379 4.20074 3.35798 1.92355 1.13833 1.43443 1.24402 0.912357 0.99576 0.732058 1.01418 0.799585 0.575966 0.355049 0.719166 0.460574 0.502724 0.312135 0.214078
internal_count=557 446 350 111 96 334 282 117 70 47 42 165 140 70 87 70 46 78 90 41 44 87 81 40 75 43 52 64 52
is_linear=0
shrinkage=0.1


Tree=142
num_leaves=27
num_cat=0
split_feature=9 9 19 20 20 20 3 17 1 23 23 24 2 25 25 22 0 2 25 22 16 2 12 20 19 15
split_gain=0.120893 0.19154 0.120944 0.101361 0.135855 0.167722 0.227503 0.139892 0.153 0.128369 0.125839 0.229853 0.104015 0.0977939 0.181067 0.0925627 0.070744 0.0471145 0.00147279 3.33084e-05 8.82675e-06 1.20433e-06 9.17175e-07 9.24591e-08 8.95187e-08 9.12035e-09
threshold=358.90000000000003 366.33000000000004 -0.59997778948411262 27.366240382781623 70.079028434801302 65.750863349860012 111461.70000000003 -0.51310085936301963 111433.95000000001 0.015845712109855175 0.031299792603293318 0.0030058164315834852 109259.50000000001 0.012113900127979265 0.0063531602160872853 25.49146837494914 1760815800000.0002 110654.10000000002 0.01664794931439215 51.372753388810416 361.6032500007264 111834.20000000003 365.51500000000004 35.432382513216318 -0.49987943667586249 1.1598999997270107
decision_type=2 2 2 2 2 2 2 2 2 2 2 2 2 2 2 2 2 2 2 2 2 2 2 2 2 2
left_child=-1 20 3 -3 5 6 7 8 10 -6 11 12 16 14 21 -14 -5 -17 -15 -13 -2 -4 24 -21 25 -22
right_child=1 2 13 4 9 -7 -8 -9 -10 -11 -12 19 15 18 -16 17 -18 -19 -20 23 22 -23 -24 -25 -26 -27
leaf_value=0.071438496095891424 -0.068075487610006064 -0.031791698944441012 -0.066971937005519719 0.022735348006334578 0.017670996834293975 0.059597389940784375 -0.052331122582302297 -0.038699267321101009 0.065308656468955215 -0.025617219344490873 0.040646200777953903 -0.068892612838006947 0.00096309554638551525 -0.069346218682702507 0.054756281986958845 0.06832197620863327 -0.03768422020376757 0.023772903026858902 -0.057961747892948848 -0.067093057052140623 -0.066871195653030291 -0.06743536519177061 -0.067256893665043047 -0.066969781676862003 -0.066980112007428885 -0.066820391375603902
leaf_weight=0.23565697483718473 0.10241253487765689 0.70610719290561696 0.11122961214277971 0.3081428376026415 1.0642204675823452 0.76343282544985402 0.53596211271360505 0.42820781003684061 0.6693032239563762 1.9227284141816197 1.226823315490037 0.15723271807655681 0.72280365321785189 0.28246471867896616 0.26615822315216064 0.52939077047631145 0.52220878715161234 0.43040904588997364 0.19012170273344964 0.11365866311825812 0.067891268990933895 0.11309248488396406 0.10066455189371482 0.13092461123596877 0.074604840716347098 0.073687889147549868
leaf_count=2 5 20 33 14 22 23 33 15 14 36 37 7 27 14 16 27 38 18 37 16 17 7 14 25 16 24
internal_value=0 -0.000908841 0.00157646 0.00476539 0.00747531 0.0155471 0.00972391 0.0160722 0.0209472 -0.0101941 0.0137782 0.00246951 0.0136986 -0.0323025 -0.0010232 0.0279907 -0.0152626 0.0483446 -0.0647662 -0.0677571 -0.0672684 -0.0672056 -0.0670076 -0.0670271 -0.0668915 -0.0668448
internal_weight=0 11.6139 11.1946 10.2316 9.52545 6.5385 5.77507 5.23911 4.8109 2.98695 4.14159 2.91477 2.51296 0.963067 0.49048 1.6826 0.830352 0.9598 0.472586 0.401816 0.419261 0.224322 0.316849 0.244583 0.216184 0.141579
internal_count=557 555 479 372 352 294 271 238 223 58 209 172 124 107 56 72 52 45 51 48 76 40 71 41 57 41
is_linear=0
shrinkage=0.1


Tree=143
num_leaves=29
num_cat=0
split_feature=10 14 1 15 19 24 13 13 18 19 9 25 14 18 17 18 14 0 17 20 0 17 22 9 10 13 3 19
split_gain=0.151893 0.14562 0.419088 0.207135 0.173033 0.126259 0.164951 0.228767 0.142796 0.130288 0.097528 0.14129 0.091848 0.0571048 0.0210769 0.0196842 0.000816903 9.07321e-05 6.3983e-05 1.87596e-05 7.69026e-06 1.02937e-06 1.90828e-07 1.25284e-07 9.01972e-08 6.22841e-08 3.0006e-08 2.27388e-08
threshold=401.94875000000008 109183.43156771226 111352.25000000001 1.1625000001445243 -0.78001339871007447 0.00098939305814399405 2616524.0000000005 389445.50000000006 -3.9189307324802014 -0.92011996038303245 366.50500000000005 0.01933300229854833 111619.89829137579 -4.6359710436865322 -0.58451352332446016 -6.8589466843113263 108181.91468090368 1760902200000.0002 -0.49163359530255063 75.262288362041019 1761204600000.0002 -0.90472510802535056 66.582587574334326 377.48000000000008 364.19000000000005 166939.50000000003 109776.20000000001 -0.70674926561810947
decision_type=2 2 2 2 2 2 2 2 2 2 2 2 2 2 2 2 2 2 2 2 2 2 2 2 2 2 2 2
left_child=1 5 15 4 -4 8 7 10 9 -1 -7 14 -6 -9 -12 -3 -15 -17 20 23 -19 -22 25 24 -5 -23 -27 -28
right_child=-2 2 3 19 12 6 -8 13 -10 -11 11 -13 -14 16 -16 17 -18 18 -20 -21 21 22 -24 -25 -26 26 27 -29
leaf_value=0.060343470598209541 0.058055354525758218 -0.019708292002937271 0.054795626590657481 -0.066949631238475305 -0.038438381432592372 0.069923436845961029 0.034230165956693599 -0.018653161106492552 0.067925121441104408 -0.042849332603827291 -0.068222764119140383 0.046041087879612905 0.01842780970198514 -0.063213006137743818 -0.018979119979873178 -0.069635278776611173 -0.070107491674663888 -0.067683547417931145 -0.069610198086930294 -0.068498252916170121 -0.067246993419363146 -0.066961312328022951 -0.06705889096907118 -0.066987055479470148 -0.06674363695942763 -0.066806519297345213 -0.066918606737337502 -0.06684896625156761
leaf_weight=0.20074269687756896 0.4177435878664254 0.090863335295580439 0.80405438353773218 0.036001564236357697 0.49053560756146908 0.26303596980869848 0.87036947323940683 0.3877813252620399 0.65231271367520072 0.31330803770106286 0.19093581929337256 0.32078002719208598 0.67467828368535265 0.34516065951902397 0.15954532753676154 0.26502432383131236 0.34227834898047149 0.23207013052888215 0.12791099678725004 0.11973907437641174 0.12863176339305937 0.093471691943705082 0.084938894025981426 0.11345244862604886 0.05189728521509096 0.063878775399643928 0.099647695431485772 0.088551157503388822
leaf_count=16 17 13 27 7 15 9 20 14 35 29 20 14 34 28 24 21 13 15 4 4 12 17 15 24 36 24 21 29
internal_value=0 -0.00387677 -0.0186117 0.00696845 0.0191117 0.00910689 -0.00213485 -0.0178854 0.0368641 -0.00255136 0.0183103 -0.00191451 -0.00551191 -0.0493371 -0.0458062 -0.0645632 -0.0666458 -0.0680052 -0.0675351 -0.0675071 -0.0671996 -0.0669988 -0.0669246 -0.0669176 -0.066828 -0.0668916 -0.0668657 -0.0668858
internal_weight=0 7.6116 3.56535 2.29036 1.96927 4.04625 2.87989 2.00952 1.16636 0.514051 0.934297 0.671261 1.16521 1.07522 0.350481 1.27499 0.687439 1.18413 0.919101 0.32109 0.79119 0.55912 0.430488 0.201351 0.0878988 0.345549 0.252078 0.188199
internal_count=557 540 318 147 76 222 142 122 80 45 67 58 49 55 44 171 41 158 137 71 133 118 106 67 43 91 74 50
is_linear=0
shrinkage=0.1


Tree=144
num_leaves=31
num_cat=0
split_feature=0 14 23 2 11 23 1 1 14 17 11 11 9 25 17 19 25 25 20 23 2 1 3 13 16 13 19 1 3 20
split_gain=0.135629 0.235835 0.318576 0.212474 0.199141 0.194217 0.161989 0.242104 0.209999 0.289865 0.300205 0.281233 0.230754 0.174909 0.248699 0.101958 0.0200354 0.00220541 0.000312751 0.000286183 0.000191756 0.000174625 3.84445e-05 6.97422e-06 4.94971e-06 2.64931e-06 2.62123e-06 8.10902e-07 5.62305e-07 3.63123e-08
threshold=1762047000000.0002 108306.73387963064 0.039774461051731276 103233.00000000001 394.32500000000005 0.012757516301438792 108849.85000000002 109211.85000000002 111177.78892755622 -0.70197564775797539 380.94500000000011 368.00500000000005 386.49000000000007 0.0074118827925188768 -0.69493665990570141 -2.1184948684968665 0.010810056846047566 0.015930195368679574 18.346129348126826 0.0073090800138550785 111235.10000000002 111481.90000000001 107846.55000000002 831107.50000000012 369.92060000023866 278753.50000000006 -0.61204660565130686 111547.05000000002 107468.25000000001 51.125611024311269
decision_type=2 2 2 2 2 2 2 2 2 2 2 2 2 2 2 2 2 2 2 2 2 2 2 2 2 2 2 2 2 2
left_child=1 4 5 -2 18 27 -7 -8 11 10 17 -9 16 -11 -15 -5 -13 -10 -1 -17 -18 -19 23 28 -16 -21 -27 -3 29 -20
right_child=3 2 -4 15 -6 6 7 8 9 13 -12 12 -14 14 24 19 20 21 22 25 -22 -23 -24 -25 -26 26 -28 -29 -30 -31
leaf_value=-0.07235702214597263 -0.029720298851371563 -0.067336002951456614 0.069869544745526854 -0.0076538907339211834 0.027667236796907354 -0.051579172796120704 0.065255075062281828 0.030763245240573767 0.078032354636609666 -0.074364789607171036 -0.011863192270746328 -0.043224343561239074 0.012283008323974181 -0.075562157255077991 0.067012898140096658 0.071813096866855539 -0.067990889900468865 0.070862820601771306 -0.0669120990511924 0.067057190295534849 -0.070709536942283824 0.067676691703059885 -0.068917777718637607 -0.067699868982438516 0.067806180958240203 0.067763918277063476 0.067257097475231301 -0.067070185474477503 -0.067174856245451484 -0.06682522371241055
leaf_weight=0.18576948065310517 0.4517980422824629 0.24069463158957649 0.62899442901834834 0.22426252905279387 0.2802019827067852 0.55918802926316846 0.59512929245829571 0.76077175373211536 0.42191715165972732 0.42934690415859211 0.67385692056268442 0.41182229272089932 0.58971552830189455 0.19836233509704471 0.16095334640704095 0.18159565422683943 0.54543460765853502 0.28349697589874268 0.10162507137283683 0.23642590828239918 0.49480494717136025 0.43746385793201625 0.20585879916325212 0.24051664816215634 0.15382622228935361 0.17992050969041873 0.23576660873368394 0.21934738242998719 0.088955660350620747 0.091371161513961852
leaf_count=3 24 24 16 9 6 26 12 23 4 5 24 27 35 2 30 3 34 4 23 32 8 38 6 17 10 12 31 28 12 29
internal_value=0 -0.00470267 0.00162966 0.0276864 -0.0460865 -0.00435163 -4.59768e-05 0.00463442 -0.0018522 0.0177311 0.0410762 -0.0211327 -0.0404693 -0.0272689 0.0121363 0.0522014 -0.0618932 0.07229 -0.0686945 0.0683022 -0.0692841 0.0689295 -0.0677603 -0.0673043 0.0674006 0.0673245 0.0674765 -0.0672093 -0.0669668 -0.066871
internal_weight=0 8.99943 7.80513 1.50977 1.1943 7.17613 6.71609 6.1569 5.56177 2.75922 1.81673 2.80255 2.04178 0.942489 0.513142 1.05797 1.45206 1.14288 0.914097 0.833709 1.04024 0.720961 0.728327 0.522469 0.31478 0.652113 0.415687 0.460042 0.281952 0.192996
internal_count=557 446 350 111 96 334 282 256 244 117 70 127 104 47 42 87 69 46 90 78 42 42 87 81 40 75 43 52 64 52
is_linear=0
shrinkage=0.1


Tree=145
num_leaves=28
num_cat=0
split_feature=13 9 0 23 18 25 23 1 3 14 11 2 13 3 12 14 23 14 5 0 11 9 3 18 0 20 10
split_gain=0.111342 0.112337 0.0921064 0.161932 0.118386 0.341259 0.300379 0.177749 0.203457 0.144573 0.191214 0.19061 0.177078 0.175777 0.0930352 0.110649 0.0713088 0.0640713 0.026347 0.00986177 4.06057e-05 1.6639e-05 1.28474e-06 2.84888e-06 8.64362e-07 1.00336e-07 2.83385e-08
threshold=25937.500000000004 391.33500000000009 1762057800000.0002 0.031677243174031207 -2.975891891791937 0.0038886593554498779 0.033297553732022804 108404.35000000002 111415.70000000001 111644.92115375646 380.02500000000003 112033.45000000001 1431717.0000000002 109707.75000000001 387.35500000000008 106859.52825877581 0.030668411553254827 114499.83086601036 1.1629500000000002 1761463800000.0002 384.01500000000004 393.25500000000005 102214.75000000001 -1.99432476149076 1760502600000.0002 66.426259748475829 398.49000000000007
decision_type=2 2 2 2 2 2 2 2 2 2 2 2 2 2 2 2 2 2 2 2 2 2 2 2 2 2 2
left_child=-1 2 4 22 5 19 9 -6 18 10 12 -11 13 -7 -12 -16 21 -10 -9 -2 24 -3 -4 25 -13 -24 -23
right_child=1 16 3 -5 7 6 -8 8 17 11 14 20 -14 -15 15 -17 -18 -19 -20 -21 -22 26 23 -25 -26 -27 -28
leaf_value=-0.040284488486717479 -0.070764269829987556 -0.068438221764402271 -0.067631857928042702 0.034970598325639521 -0.033601495584069815 -0.015597211711097396 -0.061255062900095726 0.071601781576593429 -0.01153498604668658 0.064522452356167048 0.075446110571807543 -0.067238262991939232 -0.025919422643140011 0.062373472597345353 0.068923113776348327 -0.015596003164101988 0.0037455898122697863 0.026824865563540669 0.044845276251633842 -0.049091773957880704 -0.069224601931497723 -0.067045939326962276 -0.066806847631510999 -0.067497964377265407 -0.066864852643957778 -0.066980297825110044 -0.066975681707221485
leaf_weight=0.63044927467126477 0.41800029529258331 0.12529523589182723 0.11302797822281796 0.24248379992786795 0.49932822538539534 0.4744850380811847 0.53374167205765832 0.71786472736857854 0.88232079870067515 0.15220743510872115 0.83436506008729316 0.13088262034580112 0.9384022036101668 0.74016714305616915 0.29363069916144013 0.32783469534479082 0.23159749992191792 0.85965889145154506 0.75516493292525411 0.42185857146978378 0.13329082494601607 0.10528273461386561 0.070405386562924832 0.1804664678638801 0.11776966461911798 0.063368358882144094 0.126259331475012
leaf_count=34 24 9 8 21 25 18 30 25 30 5 9 12 19 35 13 33 4 11 29 19 7 15 30 19 35 13 25
internal_value=0 0.00298474 0.00550768 -0.0303002 0.00810571 -0.00118675 0.0093531 0.0219071 0.0305283 0.0184495 0.0256362 -0.0301061 0.00670829 0.0319154 0.0536289 0.0243377 -0.039465 0.00739542 0.0578848 -0.0598782 -0.0678163 -0.0675099 -0.0673427 -0.0672387 -0.0670614 -0.066889 -0.0670076
internal_weight=0 10.4892 9.90073 0.669752 9.23097 5.51664 4.67678 3.71434 3.21501 4.14304 3.60888 0.534151 2.15305 1.21465 1.45583 0.621465 0.588435 1.74198 1.47303 0.839859 0.381943 0.356837 0.427268 0.31424 0.248652 0.133774 0.231542
internal_count=557 523 470 91 379 259 216 120 95 186 127 59 72 53 55 46 53 41 54 43 54 49 70 62 47 43 40
is_linear=0
shrinkage=0.1


Tree=146
num_leaves=27
num_cat=0
split_feature=2 14 9 14 1 19 14 23 19 20 0 10 14 4 18 0 20 17 16 19 0 17 22 13 3 3
split_gain=0.138515 0.130793 0.137458 0.168737 0.35389 0.229638 0.132832 0.111243 0.144409 0.183137 0.212839 0.124678 0.105827 0.0424712 0.0151193 7.04627e-05 5.13882e-05 4.66724e-05 1.36542e-05 7.45293e-06 6.47994e-06 7.20043e-07 1.14001e-07 3.23223e-08 1.79373e-08 1.64576e-08
threshold=113990.00000000001 113205.66776525011 400.59750000000003 109183.43156771226 111352.25000000001 -0.70674926561810947 111644.92115375646 0.044650446284438684 -0.92011996038303245 29.657101541721399 1760805000000.0002 369.51500000000004 102062.5128400751 1.1599000000000002 -5.1127072427732694 1760902200000.0002 77.551237224398932 -0.50193635693887273 388.9900000007396 -2.2987032485833678 1761204600000.0002 -0.90472510802535056 53.90750263310877 168702.00000000003 109791.30000000002 114546.95000000003
decision_type=2 2 2 2 2 2 2 2 2 2 2 2 2 2 2 2 2 2 2 2 2 2 2 2 2 2
left_child=1 2 3 7 14 6 -6 8 13 -10 18 12 -12 -1 -5 -16 19 20 -11 -2 -17 -22 23 -23 -25 -21
right_child=16 -3 -4 4 5 -7 -8 -9 9 10 11 -13 -14 -15 15 17 -18 -19 -20 25 21 22 -24 24 -26 -27
leaf_value=0.019449200855785442 -0.068239518093892268 0.061745741593610508 0.06811852888697463 -0.03000023488970506 0.065499869317086623 -0.043354286961517212 -0.011225827442984782 -0.042891088161149865 0.037542042047005293 -0.068781972870973804 0.020312878777720058 0.037975384013623832 -0.069095565604492648 0.068332559015088265 -0.069445598081629006 -0.067664060549928559 -0.070166553392112516 -0.069196769829966739 -0.067771486061870112 -0.066846283597960271 -0.067197637624071244 -0.066925136193190835 -0.06701245392760373 -0.066813220175945792 -0.066879823346841408 -0.066930521973711063
leaf_weight=0.26564296847209412 0.071503254352137446 0.34871191077399988 0.27587008010596026 0.11633121303748306 0.62359334772918373 0.54341501038288675 0.35358326375717297 0.36796073894947756 1.012026319280267 0.2822320598643272 0.24620999116450526 0.62961296178400517 0.28635567391756922 0.53708350704982877 0.24860906973481223 0.19646699656732336 0.12355745583772659 0.13822587695904121 0.25413110642693937 0.051695240137632825 0.1173517035786058 0.10414358321577355 0.087039364501833916 0.065211129549425095 0.1064323193859309 0.042063882865477353
leaf_count=26 3 17 13 26 19 29 35 10 37 23 11 26 38 34 21 13 2 7 21 22 12 21 17 25 29 20
internal_value=0 0.00200259 -0.0010354 -0.00393399 -0.0231299 0.00875754 0.0377373 0.00942168 0.0149006 0.00386758 -0.0161964 0.00785174 -0.0277612 0.0521558 -0.0642279 -0.0679719 -0.0686239 -0.0675223 -0.0683032 -0.0674705 -0.0671803 -0.0669823 -0.0669127 -0.0668812 -0.0668545 -0.0668841
internal_weight=0 7.20624 6.85753 6.58166 2.7004 1.52059 0.977177 3.88126 3.51329 2.71057 1.69854 1.16218 0.532566 0.802726 1.17981 1.06348 0.28882 0.814871 0.536363 0.165262 0.676645 0.480178 0.362826 0.275787 0.171643 0.0937591
internal_count=557 510 493 480 254 83 54 226 216 156 119 75 49 60 171 145 47 124 44 45 117 104 92 75 54 42
is_linear=0
shrinkage=0.1


Tree=147
num_leaves=27
num_cat=0
split_feature=14 14 0 24 14 23 13 25 1 1 14 24 20 1 17 9 19 3 14 23 17 13 20 17 23 0
split_gain=0.208124 0.175128 0.137867 0.212436 0.214414 0.200435 0.193256 0.13755 0.127154 0.228817 0.122583 0.171001 0.192268 0.141508 0.0970528 0.0802042 0.0717282 0.0327328 0.0240389 0.0187764 0.0027579 0.000102139 6.86324e-05 4.1015e-05 5.23229e-06 1.69963e-06
threshold=115012.61991691073 114636.44945734636 1760455800000.0002 0.0031029441560831428 108306.73387963064 0.044196404369203919 1918443.0000000002 0.011142725009701334 108849.85000000002 109211.85000000002 109768.95364818138 0.001210932100160377 60.16744282871921 111172.60000000002 -0.55773017588354123 372.01500000000004 -0.65141476738693971 102758.55000000002 110315.50521978457 0.031299792603293318 -0.63963994388945178 643127.00000000012 30.140236690024945 -0.81279992335011397 0.019753794963388801 1760502600000.0002
decision_type=2 2 2 2 2 2 2 2 2 2 2 2 2 2 2 2 2 2 2 2 2 2 2 2 2 2
left_child=1 2 -1 4 7 8 14 16 -6 -10 -11 12 15 -14 20 18 17 -4 -12 -9 22 -21 -5 -17 25 -24
right_child=-2 -3 3 6 5 -7 -8 19 9 10 11 -13 13 -15 -16 23 -18 -19 -20 21 -22 -23 24 -25 -26 -27
leaf_value=-0.057339342416069486 0.077439425161007644 -0.067128114960662774 -0.069094735050437103 0.069268862769527942 -0.055033636364147299 0.070141351902137911 -0.019234202527451439 -0.039318862270674812 0.063274621553400565 -0.040913142091205779 -0.037446798460404621 0.05297845646453872 0.042421153217188624 -0.022839623286548066 -0.0017414968357954024 -0.068958966158475937 0.067241085303549539 0.0040709193804538907 0.00047689373150080268 -0.070521409250407938 0.055707597726596704 -0.0680945709226604 0.067406303328254577 -0.067137315446564108 0.067822121582251454 0.066974111444619955
leaf_weight=0.39815896749496182 0.33563914126716632 0.40376593032851893 0.093641994521021843 0.30615078890696146 0.4133451604284345 0.41847005113959301 0.52182051423005749 0.30042530293576419 0.55117362458258856 0.78374860039912198 0.2857833027374006 0.56765513238497067 0.86594543629325904 0.53911517863161862 0.26697241025976826 0.25026958365924656 0.13834342709742287 0.1762017821893096 0.40263091726228595 0.32483616610988975 0.22807458648458123 0.37206482503097504 0.17629595939069986 0.24419864604715258 0.19776894035749137 0.18804913409985602
leaf_count=4 18 9 5 11 19 6 28 24 12 29 25 22 34 36 24 13 20 39 22 14 21 29 12 32 18 31
internal_value=0 -0.00269715 0.000189836 0.00284928 -0.00546395 0.00370997 0.0325184 -0.0402034 -0.00195893 0.00292651 -0.00551709 0.00327414 -0.0076283 0.0173809 0.0523272 -0.0373349 0.00869576 -0.0213192 -0.0152665 -0.0602169 0.0654936 -0.0692258 0.0680642 -0.0680593 0.067408 0.0671832
internal_weight=0 9.41491 9.01114 8.61298 6.72785 5.32234 1.88513 1.40551 4.90387 4.49052 3.93935 3.1556 2.58794 1.40506 1.36331 1.18288 0.408187 0.269844 0.688414 0.997326 1.09634 0.696901 0.868265 0.494468 0.562114 0.364345
internal_count=557 539 530 526 381 250 145 131 244 225 213 184 162 70 117 92 64 44 47 67 93 43 72 45 61 43
is_linear=0
shrinkage=0.1


Tree=148
num_leaves=24
num_cat=0
split_feature=9 9 19 20 20 19 3 20 14 25 18 25 25 25 18 25 25 20 3 16 2 12 18
split_gain=0.0968052 0.159762 0.101547 0.0869038 0.110958 0.144226 0.116685 0.113066 0.170252 0.078791 0.118053 0.0772024 0.146828 0.0664564 0.170961 0.102152 0.099405 0.00910451 0.00121504 4.05136e-06 7.8325e-07 7.591e-07 5.44756e-08
threshold=358.90000000000003 366.33000000000004 -0.59997778948411262 27.366240382781623 70.079028434801302 -2.7058863631690322 109748.70000000001 65.750863349860012 111619.89829137579 0.0088206488893018964 -2.7513880884385338 0.012113900127979265 0.0063531602160872853 0.012023220155034956 -4.3837833654545308 0.019727477546413942 0.015930195368679574 61.854536181042825 110960.40000000001 361.86500000154655 111834.20000000003 365.64550000000003 -3.624400146575891
decision_type=2 2 2 2 2 2 2 2 2 2 2 2 2 2 2 2 2 2 2 2 2 2 2
left_child=-1 19 3 -3 5 -5 -6 8 9 10 -7 12 20 17 -15 16 -16 -11 -13 -2 -4 22 -21
right_child=1 2 11 4 6 7 -8 -9 -10 13 -12 18 -14 14 15 -17 -18 -19 -20 21 -22 -23 -24
leaf_value=0.068407558399922949 -0.067755154149427135 -0.031723453256561458 -0.066942717679366784 -0.048074743581263013 -0.041190524776399381 -0.03419996514721127 0.0042629097195754015 0.058451521778802855 -0.044009701993037442 0.046119598359204851 0.026919980596975299 -0.068755558592264648 0.053150264292658282 -0.028827292538539023 0.047597010320834299 0.058196547759335061 -0.020719090697396709 0.070152129872138452 -0.057385940198567034 -0.066811749736654477 -0.067351466114460218 -0.067236115260596516 -0.066919443467271175
leaf_weight=0.20493241865187961 0.087456869194283082 0.61892368108965179 0.089298890554346921 0.34107279626186482 0.81854862824548069 0.58001054998021573 1.8217774725053457 0.63942303741350759 0.46205730357905839 0.32992129656486247 0.6943180277012313 0.23912214167648926 0.22034667315892875 0.53123651142231709 0.39372690860182469 0.95415719971060753 0.46399537730030715 0.30187096074223518 0.15486968192271888 0.099793882458470762 0.098690601997077465 0.076391037262510508 0.088734961813315749
leaf_count=2 7 20 33 19 19 39 39 22 34 35 30 28 16 23 18 30 39 5 23 36 7 12 21
internal_value=0 -0.00101546 0.00137444 0.00442933 0.00711482 0.0149745 -0.00982847 0.0189935 0.0136382 0.0199068 -0.000898758 -0.032707 -0.00223684 0.028819 0.0210579 0.0356841 0.0106406 0.0576024 -0.0642864 -0.067165 -0.0671573 -0.0669702 -0.0668624
internal_weight=0 10.1057 9.75337 8.95104 8.33212 5.69179 2.64033 5.35072 4.71129 4.24924 1.27433 0.802328 0.408336 2.97491 2.34312 1.81188 0.857722 0.631792 0.393992 0.352377 0.187989 0.26492 0.188529
internal_count=557 555 479 372 352 294 58 275 253 219 69 107 56 150 110 87 57 40 51 76 40 69 57
is_linear=0
shrinkage=0.1


Tree=149
num_leaves=31
num_cat=0
split_feature=9 11 14 1 1 23 4 14 25 2 23 0 18 0 20 20 17 1 2 19 1 9 17 17 6 18 1 20 18 0
split_gain=0.126462 0.1272 0.136082 0.318753 0.179831 0.235526 0.148868 0.215498 0.255022 0.199123 0.135536 0.0457884 0.0198353 0.000179417 6.22625e-05 5.12607e-05 4.48925e-05 2.75478e-05 5.86235e-06 5.13219e-06 1.3672e-06 1.22895e-06 3.85453e-07 4.0961e-07 1.60616e-07 5.94625e-08 5.46401e-08 3.15217e-08 2.87531e-08 2.30637e-08
threshold=400.59750000000003 394.15000000000003 109183.43156771226 111352.25000000001 111481.90000000001 0.01358789534009514 1.1599000000000002 108181.91468090368 0.011561022685725441 102252.05 0.031677243174031207 1760815800000.0002 -6.8589466843113263 1761183000000.0002 77.551237224398932 71.783825578886933 -0.50193635693887273 102159.25000000001 108805.55000000002 -2.5240476934084302 111748.95000000001 366.37500000000006 -0.92079592224110141 -0.61344795826586185 1.1576500000000001 -2.186140260735951 107025.15000000001 39.833070598645797 -4.1671834852396179 1761053400000.0002
decision_type=2 2 2 2 2 2 2 2 2 2 2 2 2 2 2 2 2 2 2 2 2 2 2 2 2 2 2 2 2 2
left_child=1 2 6 12 -5 -6 7 8 9 -1 11 -8 -4 18 19 16 22 -11 -13 -7 -21 -19 -14 27 -22 29 -23 -24 -29 -26
right_child=-2 -3 3 4 5 14 10 -9 -10 17 -12 13 15 -15 -16 -17 -18 21 -20 20 24 26 23 -25 25 -27 -28 28 -30 -31
leaf_value=0.06731896913914813 0.068037457061477916 -0.067835968874478611 -0.016247841523727925 0.060292472810926027 0.016582470487388735 -0.067945505994624122 0.02714038947370518 -0.068685972270911805 0.060648217037453878 -0.068784485950607654 -0.0021669728428326401 0.06707437504602666 -0.067156322577160782 0.070629122034067029 -0.069853707390432354 -0.068939520295161122 -0.069478795401852547 -0.067306377478272394 0.067815258775080794 -0.067408878900795097 -0.067027817606778645 -0.066842652494317423 -0.066912688414839785 -0.067078745277262028 -0.066849799200194168 -0.066926603921217145 -0.066950592119107574 -0.066786081750341106 -0.066862318159612438 -0.066762097920877006
leaf_weight=0.1466339919716122 0.25826790463179339 0.29186756815761317 0.081539015634916834 0.47644818201661143 1.0476410910487173 0.070620756479911506 0.4134885831736026 0.44029052648693312 0.57587369484826922 0.12867007032036781 0.6979898476274683 0.20972512080334127 0.078333739307709149 0.30420806258916855 0.11383386701345444 0.27515930403023958 0.081252692732960097 0.10919583553913981 0.2176210368052125 0.063623725669458397 0.059843820286914706 0.11434504971839488 0.082154522417113296 0.11434105888474722 0.052565540303476155 0.052960760309360921 0.079506149748340249 0.068454725202173106 0.1784048763802274 0.069807175081223249
leaf_count=11 13 22 13 12 31 6 17 14 21 3 33 30 9 6 2 13 5 14 11 9 8 35 21 18 14 15 15 32 54 50
internal_value=0 -0.00327447 -0.000332266 -0.0160223 0.00664045 -0.0100572 0.01321 -0.00916329 0.0135422 -0.033362 0.0325664 0.0537389 -0.0634275 0.068773 -0.0678089 -0.0678085 -0.0672924 -0.0675586 0.0674517 -0.0671788 -0.0669976 -0.0670381 -0.0669518 -0.0669157 -0.0668864 -0.0668381 -0.0668869 -0.066859 -0.0668412 -0.0667998
internal_weight=0 6.6964 6.40453 2.96698 2.00734 1.5309 3.43755 1.59452 1.15422 0.578351 1.84303 1.14504 0.95964 0.731554 0.483256 0.878101 0.602942 0.431717 0.427346 0.369422 0.298801 0.303047 0.521689 0.443355 0.235177 0.175333 0.193851 0.329014 0.24686 0.122373
internal_count=557 544 522 312 147 135 210 113 99 78 97 64 165 47 104 152 139 67 41 102 96 64 134 125 87 79 50 107 86 64
is_linear=0
shrinkage=0.1


Tree=150
num_leaves=28
num_cat=0
split_feature=0 1 1 18 4 9 14 23 17 3 0 20 18 10 1 23 0 22 20 22 22 9 13 20 18 19 20
split_gain=0.120421 0.221231 0.197847 0.213557 0.17421 0.206598 0.186872 0.275774 0.166368 0.224279 0.2015 0.14922 0.149902 0.103232 0.137952 0.0245346 0.0217003 0.0742324 0.0061302 0.00519732 2.83062e-05 5.76171e-06 2.91164e-06 1.60504e-06 1.54901e-06 2.99343e-07 2.65827e-08
threshold=1762057800000.0002 102762.70000000003 107800.10000000002 -0.35793045091926901 1.1621500000000002 358.90000000000003 108306.73387963064 0.028917057825916453 -0.70945203810423596 111093.10000000002 1760535000000.0002 70.212885316469567 -4.1671834852396179 401.07500000000005 108994.05 0.020692686971261604 1761528600000.0002 12.635644736263716 76.586303994431816 27.981932562013295 36.040271798230812 361.89500000000004 278753.50000000006 31.916409666840178 -3.4623230341301001 -0.73738137834354756 42.431427983874208
decision_type=2 2 2 2 2 2 2 2 2 2 2 2 2 2 2 2 2 2 2 2 2 2 2 2 2 2 2
left_child=2 -2 20 4 6 -6 -4 8 9 10 -8 12 -12 14 -7 -14 18 -18 -16 -10 23 -19 -3 -1 -24 -23 -27
right_child=1 22 3 -5 5 13 7 -9 19 -11 11 -13 15 -15 16 -17 17 21 -20 -21 -22 25 24 -25 -26 26 -28
leaf_value=-0.067432153135737236 -0.027629849984492846 0.06699874302919584 -0.069366038403714234 -0.071679962451037471 -0.077209866478430172 -0.0021390410798771521 -0.074551202617154394 0.050025361391009805 -0.051332164905196723 0.053502652637824548 0.011814848036308084 0.042792557583894185 -0.068224172315128256 -0.023090626288083296 0.062088232320104665 -0.029435089403246351 -0.018913071905338558 0.06784068837804326 0.079254474894359217 -0.06980773750212374 -0.068667406354553359 0.067091285852140414 0.067271712507050885 -0.066837408956188657 0.067654991142610213 0.066918365828271001 0.066836574890360309
leaf_weight=0.074919853359458943 0.39200638653710551 0.22937574121169746 0.4370948423165818 0.39753517694771368 0.17685881257057223 0.48096600419376079 0.47953058034181539 0.86036256910301734 0.30271107330918479 0.56444425240624685 0.74864247953519136 0.53520431229844678 0.41445467248559065 0.26399114658124734 0.44057935941964366 0.26883684529457241 0.13704408332705498 0.10379393515177071 0.39412254095077515 0.30634713545441628 0.26814993820153177 0.10806918679736588 0.23972826811950654 0.11506771389394999 0.18824424943886697 0.076100876904092396 0.083157546701841056
leaf_count=6 24 37 17 11 1 28 4 22 37 36 33 9 27 16 39 24 5 6 2 8 24 15 35 38 12 16 25
internal_value=0 0.0318285 -0.00419074 -0.000333661 0.0036153 0.0265651 -0.00695362 -0.000865028 -0.0129595 -0.00331822 -0.0164267 -0.0022577 -0.0190958 0.0353558 0.0438157 -0.0529628 0.060275 0.0439828 0.0701936 -0.0606251 -0.0680058 0.0672083 0.0672862 -0.0670719 0.0674403 0.0669628 0.0668757
internal_weight=0 1.04935 8.03798 7.57985 7.18231 2.26468 4.91763 4.48053 3.62017 3.01111 2.44667 1.96714 1.43193 2.08782 1.82383 0.683292 1.34287 0.508166 0.834702 0.609058 0.458138 0.371122 0.657348 0.189988 0.427973 0.267328 0.159258
internal_count=557 108 449 381 370 153 217 200 178 133 97 93 84 152 136 51 108 67 41 45 68 62 84 44 47 56 41
is_linear=0
shrinkage=0.1


Tree=151
num_leaves=28
num_cat=0
split_feature=2 22 14 3 9 19 12 24 14 17 14 18 0 18 0 17 2 10 19 25 2 1 13 14 13 15 14
split_gain=0.0954738 0.140248 0.135806 0.142929 0.133038 0.175167 0.152179 0.26971 0.141295 0.190969 0.291038 0.14106 0.176987 0.138077 0.125687 0.0781029 0.0823479 0.000709291 0.000290832 0.000273106 1.0979e-05 4.42195e-06 4.20771e-06 1.17816e-06 1.15397e-06 6.27654e-07 1.99069e-07
threshold=106032.90000000001 79.918281298474454 106731.26015333149 107917.50000000001 386.43500000000006 -0.99183738419828404 381.18000000000006 0.002805894346557813 109984.94939002475 -0.70197564775797539 111177.78892755622 -2.975891891791937 1761409800000.0002 -4.2595514450402225 1760805000000.0002 -0.68850445899985824 109501.45000000001 382.31500000000005 -0.93853464714118828 0.025506391691728855 108662.50000000001 106976.15000000001 1046250.5000000001 107996.18299637108 898088.50000000012 1.1646000003291934 101983.53055166874
decision_type=2 2 2 2 2 2 2 2 2 2 2 2 2 2 2 2 2 2 2 2 2 2 2 2 2 2 2
left_child=1 19 -2 14 6 -6 7 8 15 10 13 12 -11 -10 -4 16 -5 24 -7 22 21 -16 26 -23 -9 -20 -1
right_child=2 -3 3 4 5 18 -8 17 9 11 -12 -13 -14 -15 20 -17 -18 -19 25 -21 -22 23 -24 -25 -26 -27 -28
leaf_value=-0.067083375631761907 0.058286121761088217 0.030678761200849905 0.01771237679467964 0.015734040185278301 0.033927178481989978 -0.07232013576507644 0.049802076221062995 -0.066912574311486603 -0.028485153211946414 0.034689290619797336 -0.062272381377522702 0.038217582550093145 -0.068197806442327466 0.047582412389219175 -0.067864533588985809 0.0040797494590071454 0.068946099156153545 -0.075415337908265781 -0.067198969888806789 -0.072361406164281036 -0.068371730175859888 -0.066957996599695632 -0.067809274136093972 -0.067389009977284184 -0.067298406169262026 -0.0669267374091575 -0.066854104088543503
leaf_weight=0.066709647420794549 0.42533109418582071 0.20721646049059927 0.25447866786271145 0.49117234628647544 0.24664434930309653 0.15120886173099279 0.80030923569574941 0.15111664764117438 0.41739269648678601 0.32846412342041453 0.97493638109881431 1.3880699946312289 0.34052881173556671 0.5571654539089621 0.12174285907531157 0.64319400931708504 0.71298976778052747 0.15382349491119385 0.22582821710966516 0.18463518470525742 0.15159025124739856 0.15430553490296006 0.091441325552295893 0.10767323442269117 0.15916217456106097 0.13551233871839941 0.087601995561271906
leaf_count=16 23 7 26 10 10 5 14 35 18 12 35 33 38 25 15 17 37 1 32 2 8 39 10 11 23 27 28
internal_value=0 -0.0369125 0.00311733 0.000410027 0.00447614 -0.0353168 0.0087202 0.00351632 0.00933389 -0.00121558 -0.0236419 0.0200381 -0.017682 0.0150035 -0.0401462 0.0322136 0.0472411 -0.0698631 -0.0686378 -0.0694552 -0.0676512 -0.0673666 -0.0672717 -0.0671351 -0.0671105 -0.0670969 -0.0669532
internal_weight=0 0.637605 9.09264 8.66731 7.87752 0.759194 7.11833 6.31802 5.85391 4.00656 1.94949 2.05706 0.668993 0.974558 0.789791 1.84736 1.20416 0.464102 0.512549 0.430388 0.535312 0.383722 0.245753 0.261979 0.310279 0.361341 0.154312
internal_count=557 63 494 471 372 74 298 284 225 161 78 83 50 43 99 64 47 59 64 56 73 65 54 50 58 59 44
is_linear=0
shrinkage=0.1


Tree=152
num_leaves=28
num_cat=0
split_feature=10 12 13 0 12 3 14 0 17 4 9 20 13 13 9 25 17 13 2 20 3 17 22 19 13 23 20
split_gain=0.115366 0.110474 0.111536 0.167331 0.11728 0.215506 0.193542 0.258086 0.170094 0.156407 0.129306 0.112872 0.130437 0.0647923 0.018893 0.000162513 0.000159737 2.60048e-05 1.20314e-05 2.09203e-06 1.73471e-06 2.94028e-07 9.17634e-08 8.70358e-08 2.2951e-08 1.2836e-08 2.74418e-09
threshold=401.94875000000008 393.50000000000006 2047522.0000000002 1760805000000.0002 377.24500000000006 108138.35000000002 109183.43156771226 1761431400000.0002 -0.51100073710274896 1.1599000000000002 366.04500000000002 31.916409666840178 2408622.0000000005 169382.50000000003 380.91000000000003 0.0063531602160872853 -0.47022116631279648 643127.00000000012 108679.45000000001 70.543941257476035 108562.70000000003 -0.90472510802535056 36.52645450079374 -0.63597311367040354 256594.00000000003 0.027308036146917094 39.617274522446216
decision_type=2 2 2 2 2 2 2 2 2 2 2 2 2 2 2 2 2 2 2 2 2 2 2 2 2 2 2
left_child=1 2 3 17 5 9 14 8 15 10 -5 -4 -13 -12 -6 -8 18 -1 -7 -17 -20 -22 23 -23 -25 26 -24
right_child=-2 -3 11 4 6 16 7 -9 -10 -11 13 12 -14 -15 -16 19 -18 -19 20 -21 21 22 25 24 -26 -27 -28
leaf_value=-0.066973679565615327 0.056951458542762262 -0.067688783962906521 0.064577215064048329 0.038112392719198265 0.034906730141601519 -0.068365827179872038 -0.07034919405913613 0.037404155185591433 0.016142057450243105 0.069701820891209229 -0.0033397363175971862 0.052876904142230369 -0.041685385622838508 -0.067983142668969224 0.068158961995571643 -0.06690611326900707 -0.071390828730284475 -0.068663520643457043 -0.067416381404980699 -0.067426301091966109 -0.06712207942451566 -0.066934699477689069 -0.066766127695722058 -0.066860506934056013 -0.066758889166892141 -0.06681896235971814 -0.066723167890872376
leaf_weight=0.13479763519717369 0.32949697552248824 0.25912108691409219 0.47515358682721831 0.30335614387877263 0.27311702538281712 0.071693699806927746 0.34227807074785233 0.79804676538333286 0.36673005553893723 0.27808958850800991 0.26490214315708727 0.25696462381165475 0.3373970907414332 0.37390030111419037 0.45640036091208458 0.1348430085927248 0.10727642150595862 0.28071141079999506 0.074088668450713158 0.18120702297892421 0.047158745583145922 0.15211963717592791 0.030058411473874003 0.0448583638644795 0.04405327991116792 0.038536905427463353 0.029425258107949048
leaf_count=34 17 26 14 25 13 2 6 29 8 11 31 10 31 37 37 34 3 27 5 14 7 37 16 14 30 13 26
internal_value=0 -0.00378294 -0.000974916 -0.00744799 -0.00173471 -0.0208367 0.0121806 -0.0052377 -0.038436 0.00380362 -0.015647 0.0282437 -0.000802599 -0.0411765 0.05571 -0.0688394 -0.0678707 -0.0681153 -0.0671608 -0.0672044 -0.0669732 -0.0668881 -0.0668556 -0.0668888 -0.0668102 -0.066774 -0.0667449
internal_weight=0 6.15629 5.89716 4.82765 4.41214 1.85952 2.55262 1.8231 1.02506 1.22025 0.942159 1.06952 0.594362 0.638802 0.729517 0.658328 0.639269 0.415509 0.531993 0.31605 0.460299 0.386211 0.339052 0.241031 0.0889116 0.0980206 0.0594837
internal_count=557 540 514 459 398 257 141 91 62 104 93 55 41 68 50 54 153 61 150 48 148 143 136 81 44 55 42
is_linear=0
shrinkage=0.1


Tree=153
num_leaves=25
num_cat=0
split_feature=0 1 2 24 0 18 23 14 25 14 1 13 17 19 3 23 14 3 22 13 19 20 0 1
split_gain=0.111577 0.173266 0.162549 0.153609 0.206246 0.119678 0.19111 0.271981 0.247479 0.158835 0.180159 0.174221 0.111042 0.0743147 0.0289258 0.000139735 9.77056e-05 3.20062e-05 1.97558e-05 1.60758e-06 1.18087e-06 1.07955e-06 6.16686e-07 2.02698e-07
threshold=1762047000000.0002 107800.10000000002 103233.00000000001 1.0000000180025095e-35 1760902200000.0002 -4.2595514450402225 0.02401158556606826 111495.57178458919 0.019727477546413942 109839.00011609019 108404.35000000002 166939.50000000003 -0.70197564775797539 -2.1184948684968665 109748.70000000001 0.0073090800138550785 109839.00011609019 111693.45000000001 36.040271798230812 278753.50000000006 -0.61204660565130686 31.916409666840178 1761507000000.0002 111547.05000000002
decision_type=2 2 2 2 2 2 2 2 2 2 2 2 2 2 2 2 2 2 2 2 2 2 2 2
left_child=1 18 -2 4 -3 6 7 8 -5 10 -7 14 -13 -4 -11 -15 -6 -9 21 -17 -21 -1 23 -18
right_child=2 3 13 5 16 9 -8 17 -10 11 -12 12 -14 15 -16 19 22 -19 -20 20 -22 -23 -24 -25
leaf_value=-0.067338954818547014 -0.027050513013656099 0.050301738199852432 -0.0038680274589260352 0.032866192793273956 -0.070068113509422367 0.0078089135069456779 0.057735041607635089 0.068989409751663566 -0.063086778131782026 0.070963561043286688 -0.069058516887752414 0.022028705285809837 -0.034155589321969444 0.07071505973143237 0.031388702591215512 0.066979300047630794 -0.067143980553416235 0.067191935505793984 -0.068433110095961189 0.067566321213069297 0.067183371989158594 -0.066820881979638203 -0.06727991061023901 -0.066977439460282104
leaf_weight=0.065942831570282467 0.3718074783682821 0.1914075071690603 0.18406594428233802 0.44136948930099584 0.14852952922228724 0.53644198575057156 0.91795755107887078 0.15445805178023864 0.6874619834125042 0.30843099672347341 0.70645000087097287 0.58886661857832212 0.8736693215323611 0.14676986867561936 0.46035936730913818 0.18433574598748237 0.13605799968354404 0.27621249319054186 0.24093236878979951 0.14143662247806787 0.18696830945555121 0.10311848460696638 0.20680980081669986 0.15788935357704759
leaf_count=6 24 8 9 32 13 22 38 10 16 5 31 32 34 3 35 32 18 37 24 12 31 38 21 26
internal_value=0 -0.00472083 0.0280352 -0.000910201 -0.040923 0.00474173 0.0215341 0.000225453 -0.0255695 -0.00723289 -0.0358819 0.00872518 -0.0115339 0.0523142 0.0472657 0.0679944 -0.0678157 0.0678366 -0.0678516 0.0672156 0.0673483 -0.067023 -0.0671476 -0.0670545
internal_weight=0 7.20237 1.21538 6.79237 0.840694 5.95168 2.47746 1.5595 1.12883 3.47422 1.24289 2.23133 1.46254 0.843576 0.76879 0.659511 0.649287 0.430671 0.409994 0.512741 0.328405 0.169061 0.500757 0.293947
internal_count=557 446 111 378 86 292 133 95 48 159 53 106 66 87 40 78 78 47 68 75 43 44 65 44
is_linear=0
shrinkage=0.1


Tree=154
num_leaves=26
num_cat=0
split_feature=13 12 23 0 23 14 17 14 2 18 25 24 1 22 9 5 1 23 3 19 3 18 20 23 20
split_gain=0.0865783 0.0972499 0.122775 0.0830753 0.123784 0.0859555 0.305166 0.181196 0.180193 0.104964 0.175431 0.152306 0.143092 0.0618062 0.0734921 0.04975 0.0381742 0.0102262 2.39365e-05 8.71141e-07 1.1165e-06 6.52896e-07 3.94391e-07 1.23433e-07 3.82309e-08
threshold=25937.500000000004 389.23000000000008 0.031299792603293318 1762057800000.0002 0.031677243174031207 111619.89829137579 -0.70197564775797539 111482.14156110022 113990.00000000001 -2.5790622612969671 0.0063531602160872853 0.00064578722990315943 108404.35000000002 35.714098553192152 377.26500000000004 1.1629500000000002 109434.40000000001 0.015048552399531593 107468.25000000001 -2.0491122201902825 102214.75000000001 -1.99432476149076 64.809144372558279 0.027437965772717159 66.426259748475829
decision_type=2 2 2 2 2 2 2 2 2 2 2 2 2 2 2 2 2 2 2 2 2 2 2 2 2
left_child=-1 3 18 5 19 7 17 9 -8 10 -2 16 -11 -13 -15 -14 -12 -7 -3 -5 -21 24 23 -20 -22
right_child=1 2 -4 4 -6 6 8 -9 -10 12 11 13 15 14 -16 -17 -18 -19 22 20 21 -23 -24 -25 -26
leaf_value=-0.03940915392054184 -0.052771427201626503 -0.068591226878297537 0.015904761364046133 -0.067514028831359235 0.03324430082673957 -0.046087482674994781 -0.023923363515366183 0.069940130294130251 0.050446506610142688 -0.024546956830475666 0.022904916975207731 0.024000621283938157 0.070696422214060389 -0.041743113450314534 0.0038456101525797559 0.027742405816506055 0.067838395442921612 -0.071740813739195872 -0.066842625241284648 -0.067434294104201431 -0.066778653436962182 -0.067242412235496762 -0.067175295184670802 -0.067013492020918775 -0.066902611388415953
leaf_weight=0.51231924956664521 0.53664412291254748 0.15041917376220215 0.30560094304382801 0.090418176259845495 0.18936712248250842 0.23817593697458539 0.56134140997892223 0.55129391083028156 0.77641306386794895 0.3395784957101563 0.34309144387953017 0.53972329205134872 0.55637096846476175 0.6180657463846726 0.82643485884182155 0.52321037254296243 0.42117922403849661 0.44707356236176565 0.092080969479866326 0.091171014006249496 0.052627405792009085 0.066121014766395092 0.095122468424960971 0.078168315114453435 0.047192062600515783
leaf_count=34 34 4 7 9 21 16 33 11 31 22 21 28 22 32 29 26 23 39 30 8 30 10 13 11 13
internal_value=0 0.00291514 -0.0322156 0.00615781 -0.0318031 0.00895795 -0.00855767 0.0157001 0.0192398 0.00934378 -0.000473959 0.00973713 0.0320703 -0.00487251 -0.0156607 0.0498791 0.0476671 -0.0628243 -0.0675834 -0.067247 -0.0671532 -0.0669987 -0.0670122 -0.0669211 -0.0668373
internal_weight=0 8.53689 0.721392 7.81549 0.536897 7.2786 2.023 5.25559 1.33775 4.7043 3.28514 2.74849 1.41916 1.98422 1.4445 1.07958 0.764271 0.685249 0.415791 0.34753 0.257111 0.16594 0.265372 0.170249 0.0998195
internal_count=557 523 65 458 91 367 119 248 64 237 167 133 70 89 61 48 44 55 58 70 61 53 54 41 43
is_linear=0
shrinkage=0.1


Tree=155
num_leaves=28
num_cat=0
split_feature=2 25 14 14 14 1 20 22 25 17 13 17 11 22 1 22 25 0 20 3 16 1 20 20 20 19 23
split_gain=0.111254 0.109179 0.206339 0.173919 0.1603 0.116082 0.149341 0.136057 0.103236 0.126352 0.0669207 0.0581364 0.0409133 0.0456557 0.0318928 0.0179373 4.13928e-05 3.61667e-05 3.08507e-05 8.11674e-06 4.81535e-06 4.05829e-06 3.75306e-06 6.46624e-07 8.00609e-08 1.74369e-08 1.4105e-08
threshold=113990.00000000001 1.0000000180025095e-35 111433.24778419503 111619.89829137579 109183.43156771226 111252.55000000002 47.00387052012416 66.986781124082185 0.020277722570212379 -0.74716149955436773 969018.00000000012 -0.78233823503367927 364.77500000000003 63.67709142511368 106922.60000000002 36.52645450079374 0.0063531602160872853 1761193800000.0002 77.551237224398932 101947.75000000001 396.45000000110161 111633.10000000002 75.262288362041019 70.543941257476035 66.125618104364605 -0.57139765404591203 0.019531935666333825
decision_type=2 2 2 2 2 2 2 2 2 2 2 2 2 2 2 2 2 2 2 2 2 2 2 2 2 2 2
left_child=1 3 5 4 -1 6 8 14 9 15 12 -9 -11 -14 -8 -3 -4 -16 22 -17 -21 -18 25 26 -23 -2 -19
right_child=18 2 16 -5 -6 -7 7 11 -10 10 -12 -13 13 -15 17 19 21 23 -20 20 -22 24 -24 -25 -26 -27 -28
leaf_value=0.058066763193470816 -0.066896601560177821 -0.022041606561625508 -0.069186801765760295 0.068494994991753794 -0.04259076500690423 0.048980637628921471 -0.0063564157134506291 0.043823354012775928 0.037585596997450954 0.055646654820836541 -0.030642459455908624 -0.023056549714137703 -0.020104208168670059 0.045318686317936535 -0.068560731132415065 -0.068549963431133842 -0.067618223289644133 -0.066875600954008949 -0.069636088722033251 -0.066868573180446519 -0.067853365840326793 -0.066783320551178776 -0.067936030194596653 -0.067223666530994 -0.066936604184782741 -0.066796293614786201 -0.066812277027707034
leaf_weight=0.24821119871921815 0.031606431497493759 0.12540035694837559 0.18173104524612416 0.57534562284126878 0.43634465290233493 0.46488247450906772 0.096653435495681839 0.23528139543486759 0.89255630038678635 0.31449020071886546 0.2607877550763078 0.29039239627309144 0.24581410444807261 0.18843973428010941 0.42446711810771376 0.07611512579023838 0.15107117057777941 0.058555116527713835 0.1072823740541935 0.10463578760391101 0.094489993527531624 0.0619666738784872 0.056742805754765868 0.06159177387598902 0.07570138992741704 0.038366822525858768 0.08809755538823083
leaf_count=31 16 3 4 21 38 24 22 19 36 22 17 27 30 20 24 2 17 16 2 37 8 32 3 8 16 26 36
internal_value=0 0.00195275 -0.00534208 0.027968 -0.00609363 0.00198662 -0.00415395 -0.0319059 0.0109715 -0.0058737 0.0129833 0.0068776 0.0281782 0.00828535 -0.0598582 -0.0533895 -0.0680045 -0.0680312 -0.0683882 -0.0676716 -0.0673359 -0.0672603 -0.0673317 -0.0669518 -0.0668676 -0.0668416 -0.0668376
internal_weight=0 5.75302 4.49312 1.2599 0.684556 4.02265 3.55777 1.25504 2.30273 1.41017 1.00953 0.525674 0.748744 0.434254 0.729365 0.400641 0.47047 0.632712 0.233998 0.275241 0.199126 0.288739 0.126716 0.208244 0.137668 0.0699733 0.146653
internal_count=557 510 420 90 69 351 327 152 175 139 89 46 72 50 106 50 69 84 47 47 45 65 45 60 48 42 52
is_linear=0
shrinkage=0.1


Tree=156
num_leaves=27
num_cat=0
split_feature=0 24 14 25 24 3 13 21 23 14 25 20 17 0 19 17 23 14 17 0 20 13 23 23 22 23
split_gain=0.0987049 0.168217 0.160194 0.167996 0.21363 0.144978 0.142335 0.101576 0.155288 0.116988 0.0981336 0.0942351 0.0746247 0.0568941 0.0535025 0.0276315 0.0220244 0.0146973 0.00237205 0.000414605 5.92145e-05 3.40646e-05 8.55064e-06 4.22048e-06 5.23558e-07 1.81779e-08
threshold=1760455800000.0002 0.0031029441560831428 108306.73387963064 0.016339225869038403 0.00098939305814399405 109125.95000000001 1918443.0000000002 1.0000000180025095e-35 0.015845712109855175 109984.94939002475 0.011142725009701334 63.023146120128338 -0.55773017588354123 1761604200000.0002 -0.65141476738693971 -0.74716149955436773 0.030835979722403779 103684.17371485017 -0.63963994388945178 1761507000000.0002 19.588530680015015 778193.00000000012 0.031888702811026091 0.020035520384646104 60.042744860430979 0.010458297665495568
decision_type=2 2 2 2 2 2 2 2 2 2 2 2 2 2 2 2 2 2 2 2 2 2 2 2 2 2
left_child=-1 2 10 5 11 -4 12 9 19 -7 14 13 18 -5 17 -11 -12 -2 21 25 -18 23 -22 24 -3 -9
right_child=1 6 3 4 -6 7 -8 8 -10 15 16 -13 -14 -15 -16 -17 20 -19 -20 -21 22 -23 -24 -25 -26 -27
leaf_value=-0.055065652035572454 -0.054348716162795754 0.067170804870542083 -0.059374810174980967 -0.067255059508087855 0.069092053362855149 -0.010842080059080416 -0.017117584414494239 -0.067001073899536009 0.0035737664549154165 0.026097630447501831 -0.03030288992849825 0.027935245707618281 -0.00070311453758257472 -0.002299208859151879 0.067101442624265151 0.068005015796225796 -0.070116543137379903 -0.00012199107482119585 0.05477865904737398 -0.073183012505883049 -0.068420798029192959 0.068770246803831134 -0.067500651053949798 0.067729271712178046 0.066902944684471624 -0.067054828242196537
leaf_weight=0.31371617689728726 0.081722620408982038 0.18151297920849163 0.52851446950808201 0.23747158725745954 0.71677287213969965 0.69805901020299643 0.41793194389902044 0.1190458022756502 0.82359213021118194 0.29387521627359048 0.20303246635012329 0.55936843575909734 0.21635408932343114 0.31201584509108216 0.10188117343932368 0.33862916519865438 0.17159112542867661 0.12868632306344807 0.17708294722251594 0.19335136143490672 0.17987242876552045 0.23101038869936019 0.23029056808445603 0.13850584276951849 0.12202745105605572 0.13341026962734759
leaf_count=4 6 20 25 26 38 34 28 22 27 14 19 19 24 20 20 29 3 38 21 5 12 12 33 14 26 18
internal_value=0 0.00218203 -0.00521803 0.00243863 0.0265447 -0.0116285 0.032348 -0.00192279 -0.0221591 0.0173833 -0.0397935 -0.000958159 0.0517323 -0.0303711 0.00761841 0.0485339 -0.0586601 -0.0211836 0.0650767 -0.0696983 -0.0685567 0.0677861 -0.0679042 0.0672718 0.0670631 -0.0670295
internal_weight=0 7.53561 6.05118 4.95411 1.82563 3.12848 1.48443 2.59996 1.2694 1.33056 1.09708 1.10886 1.06649 0.549487 0.31229 0.632504 0.784787 0.210409 0.85014 0.445807 0.581754 0.673057 0.410163 0.442046 0.30354 0.252456
internal_count=557 553 408 277 103 174 145 149 72 77 131 65 117 46 64 43 67 44 93 45 48 72 45 60 46 40
is_linear=0
shrinkage=0.1


Tree=157
num_leaves=29
num_cat=0
split_feature=2 22 3 3 9 1 3 2 14 3 23 2 17 11 17 17 18 1 0 2 25 25 1 20 5 14 14 13
split_gain=0.0753069 0.121721 0.1195 0.143837 0.103225 0.150476 0.139768 0.144339 0.160395 0.161468 0.131924 0.149808 0.320121 0.119557 0.11683 0.110219 0.130976 0.0768258 0.0692048 0.0346484 0.000576826 0.000171725 0.000138454 6.2367e-06 2.26822e-06 7.23837e-07 6.67991e-07 6.35104e-07
threshold=106032.90000000001 79.918281298474454 106589.30000000002 107917.50000000001 386.43500000000006 108849.85000000002 108006.60000000002 109437.90000000001 109984.94939002475 109748.70000000001 0.0077614948901407474 112327.00000000001 -0.70197564775797539 377.48750000000001 -0.67417826458604868 -0.67550575070681285 -1.5889219420052518 111382.10000000002 1760805000000.0002 111313.15000000001 0.018337344376205319 0.025506391691728855 109169.45000000001 45.532132069842653 1.1546500000000002 107996.18299637108 110851.22035807281 284980.00000000006
decision_type=2 2 2 2 2 2 2 2 2 2 2 2 2 2 2 2 2 2 2 2 2 2 2 2 2 2 2 2
left_child=1 21 -2 18 6 -6 -5 -8 14 -10 -11 13 20 19 -9 -14 -17 -15 -4 -12 -13 24 -7 25 -1 -20 -24 -22
right_child=2 -3 3 4 5 22 7 8 9 10 11 12 15 17 -16 16 -18 -19 23 -21 27 -23 26 -25 -26 -27 -28 -29
leaf_value=-0.066838814420748016 0.05458494159067058 0.031008113684853345 0.0053761475615574632 0.068571312974281484 0.033619689771414607 -0.071017017492348608 -0.056307966715221827 0.068533057138037465 -0.063204136300468811 -0.035581001003043566 0.015456705415302072 -0.073668962129098167 0.060643479300827523 0.071112767999240795 -0.00096210082984532768 -0.067210215468612985 0.041027532778866657 0.024695561072610055 -0.066911970407274868 -0.034272465194239078 -0.06735674839394587 -0.071552795058919871 -0.06721657547781161 -0.067870058974154282 -0.067506720685383631 -0.067305111810331497 -0.066919381101978398 -0.067027856819439638
leaf_weight=0.10630330652929831 0.42509487568167958 0.18303551047574729 0.18507059989497054 0.36120140552520741 0.2193116156850009 0.12586157792247832 0.3662387141957878 0.67536030372139066 0.36807630117982615 0.6445966875180601 0.30383437022101167 0.3057238608598698 0.45465526334009954 0.68369207205250837 0.37691011233255245 0.20854493888327741 0.24098754581064297 0.74525364022701979 0.09406310273334384 0.26000179612310603 0.097374660661444068 0.15777484700083733 0.1537310506682843 0.25121977261733264 0.097463064565090463 0.093268430733587593 0.14886418834794313 0.14788126025814563
leaf_count=37 33 7 22 6 11 5 14 39 13 24 31 4 10 27 14 32 11 14 31 17 12 2 24 25 17 11 34 30
internal_value=0 -0.0354371 0.00300417 8.51696e-05 0.00424885 -0.0337471 0.00819296 0.00448344 0.008522 0.000237414 0.00594323 0.0137062 -0.0106865 0.0315183 0.0436408 0.0259268 -0.0091856 0.0469043 -0.045904 -0.00747491 -0.070771 -0.069076 -0.0682297 -0.0675444 -0.0671583 -0.0671077 -0.0670704 -0.0671584
internal_weight=0 0.544577 7.93682 7.51172 6.8881 0.647768 6.24033 5.87913 5.51289 4.46062 4.09255 3.44795 1.45517 1.99278 1.05227 0.904188 0.449532 1.42895 0.623622 0.563836 0.55098 0.361541 0.428457 0.438551 0.203766 0.187332 0.302595 0.245256
internal_count=557 63 494 461 372 74 298 292 278 225 212 188 99 89 53 53 43 41 89 48 46 56 63 67 54 42 58 42
is_linear=0
shrinkage=0.1


Tree=158
num_leaves=28
num_cat=0
split_feature=2 25 14 14 14 1 20 22 25 17 3 25 1 22 1 22 25 0 20 3 16 1 20 20 20 3 17
split_gain=0.100445 0.0995595 0.187896 0.153694 0.140718 0.100112 0.13125 0.127112 0.0862889 0.113825 0.0600257 0.0693929 0.113059 0.0550396 0.0288112 0.0189465 3.35351e-05 2.89646e-05 2.18968e-05 7.69703e-06 3.30725e-06 3.14009e-06 2.81529e-06 4.2462e-07 5.33012e-08 8.04278e-09 6.4632e-09
threshold=113990.00000000001 1.0000000180025095e-35 111433.24778419503 111619.89829137579 109183.43156771226 111252.55000000002 47.00387052012416 66.986781124082185 0.020277722570212379 -0.74716149955436773 108138.35000000002 0.011142725009701334 103132.85000000002 78.39156657235182 106976.15000000001 36.52645450079374 0.0063531602160872853 1761193800000.0002 77.551237224398932 101947.75000000001 396.45000000110161 111633.10000000002 75.262288362041019 70.212885316469567 66.125618104364605 114453.8 -0.7355320170921783
decision_type=2 2 2 2 2 2 2 2 2 2 2 2 2 2 2 2 2 2 2 2 2 2 2 2 2 2 2
left_child=1 3 5 4 -1 6 8 14 9 15 11 12 -11 -9 -8 -3 -4 -16 22 -17 -21 -18 25 26 -23 -2 -19
right_child=18 2 16 -5 -6 -7 7 13 -10 10 -12 -13 -14 -15 17 19 21 23 -20 20 -22 24 -24 -25 -26 -27 -28
leaf_value=0.0574759301017592 -0.066789706585286615 -0.019958787319090319 -0.069024847805759001 0.068326857483842721 -0.03993850111303645 0.04670918556589844 -0.008755299866133763 0.038770831397106534 0.035413558485302442 0.067192739276670452 -0.027130832410149405 0.053632938033495829 -0.067001471497874027 -0.027115284144317672 -0.068431147812465384 -0.068474202689936536 -0.067539278702600139 -0.066789069833471257 -0.069308260403811425 -0.066854417440568026 -0.0677155906885583 -0.066769432094791387 -0.067816063044609812 -0.067120353371016003 -0.066902609123285314 -0.066860883974094579 -0.066836628505620554
leaf_weight=0.23199604102410354 0.034124216472264268 0.12466301023960136 0.16863756999373425 0.52000645524822176 0.41097322932910174 0.44149746361654241 0.096036389935761468 0.26205036614555866 0.85246868385002006 0.10640390682965606 0.26716346712782979 0.42511712433770299 0.15314151142956689 0.24564289231784642 0.38518624310381711 0.073210164904594421 0.13837703940225765 0.075397347594844177 0.09647141769528389 0.095343378372490406 0.083782706642523408 0.054969887423794717 0.051625325810164213 0.067231771536171436 0.06629774667089805 0.029685739194974303 0.046014285995624959
leaf_count=31 20 3 4 21 38 24 23 22 36 10 25 17 37 24 23 2 17 35 2 37 8 32 3 10 16 22 15
internal_value=0 0.00199162 -0.00513474 0.0279034 -0.00478945 0.00194165 -0.00394273 -0.0308469 0.0105814 -0.00534899 0.0130704 0.0287574 -0.0119869 0.00689242 -0.0594497 -0.0518533 -0.0679269 -0.067934 -0.0681963 -0.0676103 -0.0672572 -0.0672137 -0.067267 -0.0669187 -0.0668422 -0.0668228 -0.0668071
internal_weight=0 5.39161 4.22863 1.16298 0.642969 3.80035 3.35885 1.17756 2.18129 1.32883 0.951826 0.684663 0.259545 0.507693 0.669866 0.376999 0.428282 0.57383 0.211907 0.252336 0.179126 0.259645 0.115435 0.188643 0.121268 0.06381 0.121412
internal_count=557 510 420 90 69 351 327 152 175 139 89 64 47 46 106 50 69 83 47 47 45 65 45 60 48 42 50
is_linear=0
shrinkage=0.1


Tree=159
num_leaves=30
num_cat=0
split_feature=0 1 1 25 20 4 2 9 23 14 25 23 25 19 2 19 3 23 24 22 17 19 13 19 20 9 18 0 23
split_gain=0.0957773 0.144587 0.140269 0.127111 0.142815 0.129938 0.105322 0.241159 0.154041 0.20132 0.0890898 0.101591 0.0777968 0.0615615 0.0103381 0.0103105 8.18962e-05 8.03554e-05 5.31035e-05 1.15501e-05 3.13825e-06 1.96754e-06 1.21727e-06 1.07058e-06 6.25657e-07 4.50074e-07 2.01706e-07 2.62322e-07 1.43884e-07
threshold=1762047000000.0002 107800.10000000002 102762.70000000003 0.012023220155034956 70.543941257476035 1.1645500000000004 112327.00000000001 358.90000000000003 0.020940738311077785 108306.73387963064 0.016884573460010734 0.01866675518070882 0.01731589908885503 -2.1184948684968665 111107.50000000001 -1.097749934819044 111439.40000000001 0.0073090800138550785 0.00146779507431044 36.040271798230812 -0.89726374906816886 -0.45054996308595024 278753.50000000006 -0.61204660565130686 31.916409666840178 381.10000000000008 -1.9566787933493555 1761053400000.0002 0.019531935666333825
decision_type=2 2 2 2 2 2 2 2 2 2 2 2 2 2 2 2 2 2 2 2 2 2 2 2 2 2 2 2 2
left_child=1 19 -2 4 5 18 8 -8 10 -10 -5 14 -11 -4 -12 -6 -9 -15 20 24 -3 25 -19 -24 -1 26 27 -18 -22
right_child=2 3 13 6 15 -7 7 16 9 12 11 -13 -14 17 -16 -17 21 22 -20 -21 28 -23 23 -25 -26 -27 -28 -29 -30
leaf_value=-0.067229942228356016 -0.027583149904076145 -0.06756603721644576 -0.0015454078747807643 0.023406766565202557 -0.0082680197554555121 0.026054169853209977 -0.074784067962369666 0.069862581956919828 -0.03171323287796661 0.013922101316939973 -0.0058060119008868242 -0.052744299314501752 0.068904337347115679 0.070040667481163499 0.026953188089958332 0.012129683542889826 0.067048658460388558 0.066938958419152872 -0.068877874016222973 -0.068138356989280349 -0.066925481691533048 0.067476691172565315 0.067503416834683597 0.067111168159943738 -0.066802613784236867 0.067217749558756076 0.067095826239687004 0.066799832508457307 -0.067077082085217232
leaf_weight=0.055646513123065122 0.31755369901657082 0.1516915124375372 0.1656626183539629 0.35539703257381994 0.41420444939285517 0.18195788178127259 0.1451440006494521 0.14486155658960342 0.46078563295304764 0.42445489251986124 0.21411149925552286 0.8507910342887044 0.6536552554462105 0.12439056253060699 0.17512433638330549 0.61686184746213235 0.074949225410819054 0.15757572534494102 0.35675539309158921 0.20093286945484579 0.14379408303648233 0.14524097612593323 0.12556367891374975 0.15606887673493475 0.089156074798665941 0.1027765772305429 0.085539477178826928 0.097464909893460572 0.11088085151277483
leaf_count=6 24 13 9 12 5 27 1 3 20 17 21 34 27 3 19 35 9 32 13 24 32 13 12 31 38 11 12 37 17
internal_value=0 -0.00479277 0.0278895 -0.00111354 -0.0218022 -0.0498815 0.00928869 0.0417725 0.00103925 0.0236117 -0.0207335 -0.0333842 0.0472577 0.0520448 0.00893295 0.00393543 0.0677661 0.067797 -0.0679876 -0.0676477 -0.067206 0.0671659 0.0671615 0.067286 -0.0669668 0.0670408 0.0669703 0.066908 -0.0669915
internal_weight=0 6.25218 1.04682 5.90644 1.97615 0.94508 3.9303 0.795977 3.13432 1.5389 1.59542 1.24003 1.07811 0.729261 0.389236 1.03107 0.650833 0.563599 0.763122 0.345735 0.406366 0.505971 0.439208 0.281633 0.144803 0.36073 0.257954 0.172414 0.254675
internal_count=557 446 111 378 142 102 236 86 150 64 86 74 44 87 40 40 85 78 75 68 62 82 75 43 44 69 58 46 49
is_linear=0
shrinkage=0.1


Tree=160
num_leaves=25
num_cat=0
split_feature=13 9 0 23 25 25 25 2 17 2 24 22 18 20 25 14 22 10 13 3 19 3 18 19
split_gain=0.0705065 0.0748544 0.0699411 0.103218 0.0675365 0.0723977 0.0958175 0.0773056 0.250023 0.0824904 0.120965 0.115253 0.100529 0.0769219 0.076506 0.0673976 0.0587984 0.0359578 0.0268884 6.16192e-06 8.2874e-07 7.42448e-07 4.46044e-07 2.28147e-08
threshold=19551.500000000004 391.33500000000009 1762057800000.0002 0.031677243174031207 0.026693590305451639 0.025187880447978775 0.020252944377810739 112327.00000000001 -0.69170378887646911 111713.05000000002 0.002805894346557813 14.990970161461549 -2.4051038376613825 64.266214693658057 1.0000000180025095e-35 110834.030337652 42.599894255524568 379.02000000000004 228421.00000000003 107781.65000000001 -2.0491122201902825 102214.75000000001 -1.99432476149076 -0.59997778948411262
decision_type=2 2 2 2 2 2 2 2 2 2 2 2 2 2 2 2 2 2 2 2 2 2 2 2
left_child=-1 2 4 20 5 6 7 9 -9 10 11 12 14 18 -2 -12 -3 -8 -13 -18 -4 -22 23 -23
right_child=1 16 3 -5 -6 -7 17 8 -10 -11 15 13 -14 -15 -16 -17 19 -19 -20 -21 21 22 -24 -25
leaf_value=-0.047533706755706721 -0.06972049628349504 0.011696592657835294 -0.067462935390025666 0.029581177907258435 -0.030771345736449116 0.046121063402017326 -0.067377620323695445 -0.070963707943894991 0.028252787111701511 0.04587706870380661 -0.070475058095292961 0.069505455111213935 0.02387390178689416 0.010636598902084828 -0.0045812153023846646 0.0076318893897564721 -0.067960644481093208 -0.0063655455582427847 0.034792186525918221 -0.066963836259834944 -0.067336980111632125 -0.066856882436130735 -0.067167850195346018 -0.066751793184475924
leaf_weight=0.29337861930252973 0.28045314736664229 0.14635980530874793 0.083852865442167968 0.17264708445873111 0.43329675309360016 0.51109664415707801 0.22188397857826192 0.44390513654798269 0.59366073261480756 0.76991173904389132 0.26827995444182295 0.51873942743986823 0.72089049476198985 0.70866977609694004 0.50492887338623405 0.18781654152553529 0.09972123010084033 0.17107261356431991 0.3915759677765891 0.16400627512484789 0.079997138702310511 0.043017189251258969 0.058122658287175 0.039746057795127854
leaf_count=24 25 8 9 23 33 22 27 38 29 18 29 27 25 24 30 19 7 16 24 38 8 15 10 29
internal_value=0 0.00242494 0.00479073 -0.0321958 0.00741581 0.0100452 0.00685616 0.0103325 -0.0141953 0.0161811 0.00979717 0.0168181 -0.00309111 0.0353412 -0.0278419 -0.0383113 -0.0391324 -0.0408162 0.0545734 -0.0673408 -0.0671953 -0.0670937 -0.0669555 -0.0668064
internal_weight=0 7.61365 7.20356 0.477383 6.72618 6.29289 5.78179 5.38883 1.03757 4.35127 3.58135 3.12526 1.50627 1.61899 0.785382 0.456096 0.410087 0.392957 0.910315 0.263728 0.304736 0.220883 0.140886 0.0827632
internal_count=557 533 480 94 386 353 331 288 67 221 203 155 80 75 55 48 53 43 51 45 71 62 54 44
is_linear=0
shrinkage=0.1


Tree=161
num_leaves=31
num_cat=0
split_feature=9 11 2 14 14 1 19 4 14 25 9 18 20 0 1 0 18 20 11 22 0 20 1 20 9 19 20 20 1 14
split_gain=0.0969011 0.0916013 0.0914018 0.0810311 0.101396 0.211374 0.18322 0.0941877 0.158918 0.181975 0.111019 0.108334 0.162124 0.126925 0.042815 0.059775 0.0223846 1.57939e-05 1.55331e-05 1.78854e-05 1.2189e-05 1.16617e-05 9.59436e-06 2.18518e-06 4.14604e-07 2.67614e-07 8.70878e-08 2.69155e-08 1.56225e-08 1.15777e-08
threshold=400.59750000000003 394.15000000000003 113990.00000000001 113205.66776525011 109183.43156771226 111352.25000000001 -0.74457486751067103 1.1599000000000002 108181.91468090368 0.011561022685725441 362.33500000000009 -3.9189307324802014 31.916409666840178 1760837400000.0002 111481.90000000001 1761431400000.0002 -6.9792000022940712 77.551237224398932 377.48750000000001 0.76364825590017216 1760556600000.0002 50.563014074804791 102159.25000000001 75.262288362041019 366.37500000000006 -0.83492197161866832 65.400336245490692 44.0780119218294 107025.15000000001 109855.94139193899
decision_type=2 2 2 2 2 2 2 2 2 2 2 2 2 2 2 2 2 2 2 2 2 2 2 2 2 2 2 2 2 2
left_child=1 2 3 4 7 16 14 8 9 10 -1 12 -9 -14 -7 -16 -6 23 25 -20 -21 -13 -12 -4 -24 -18 -22 -27 -26 -29
right_child=-2 -3 17 -5 5 6 -8 11 -10 -11 22 21 13 -15 15 -17 18 -19 19 20 26 -23 24 -25 28 27 -28 29 -30 -31
leaf_value=0.044764940651112771 0.06773258430541014 -0.06752128761068403 -0.066807613837938193 0.061184316159902011 -0.0022754733973740799 0.071418700593189027 -0.038003749936182496 0.069888300601926454 -0.06821954909656533 0.060295959167951163 -0.068158097616612734 0.068348859983583213 -0.067987915410764294 0.023415067363387353 -0.026083686699246458 0.059484619442479014 -0.067015464788040754 -0.069037578147805242 -0.068792357742470431 -0.068387256549140546 -0.066797870071688567 0.067366358859041228 -0.067135983067155083 -0.067721467169597899 -0.066794647704563864 -0.066871972576274266 -0.066945286969618878 -0.066819644864972952 -0.066864436634998234 -0.066751359394111739
leaf_weight=0.12753870198503159 0.19885014137253154 0.21360064763575781 0.058174335368676 0.22202088392805297 0.057348303264006195 0.29762683191802353 0.48366648890078046 0.29649526812136173 0.32542845932766795 0.42284549027681351 0.092317666858434677 0.2484857430681584 0.29108204884687439 0.3177826046012342 0.15488621580880135 0.1726280118455179 0.10734626863268126 0.087033137679100037 0.14201145060360432 0.079835431592073292 0.07589771447237581 0.2351144717540592 0.06152945791836828 0.047555338300298899 0.080688256362918764 0.045592070790009154 0.084902577102184296 0.042340243118815124 0.053240333159919828 0.060036426759324968
leaf_count=13 13 22 42 17 11 8 35 7 14 21 3 20 29 21 29 11 24 2 4 5 36 20 12 3 35 14 17 16 15 38
internal_value=0 -0.00345348 -0.000585398 0.00225444 -0.000748699 -0.018895 0.00821034 0.012077 -0.00891029 0.0141174 -0.0328985 0.0296588 0.00924758 -0.0202823 0.0439658 0.0190181 -0.0621198 -0.0680399 -0.0674993 -0.0679024 -0.0673772 0.0678712 -0.0673179 -0.0672186 -0.0669211 -0.0668953 -0.0668757 -0.0668081 -0.0668224 -0.0667796
internal_weight=0 4.98505 4.77145 4.57869 4.35667 1.80412 1.10881 2.55255 1.16359 0.83816 0.415314 1.38896 0.90536 0.608865 0.625141 0.327514 0.69531 0.192763 0.637962 0.382647 0.240636 0.4836 0.287776 0.10573 0.195458 0.255315 0.1608 0.147969 0.133929 0.102377
internal_count=557 544 522 475 458 248 83 210 113 99 78 97 57 50 48 40 165 47 154 62 58 40 65 45 62 92 53 68 50 54
is_linear=0
shrinkage=0.1


Tree=162
num_leaves=25
num_cat=0
split_feature=0 2 18 1 4 9 25 14 3 11 14 25 10 1 18 1 25 22 0 22 24 20 15 20
split_gain=0.0824021 0.161291 0.135523 0.148117 0.1257 0.141279 0.0932478 0.0908211 0.181316 0.0831794 0.111826 0.118155 0.0751222 0.103818 0.0160756 0.000671466 0.000876961 9.12679e-06 1.82299e-06 1.62895e-06 9.11074e-07 4.09607e-07 3.0187e-07 2.38031e-07
threshold=1762057800000.0002 103233.00000000001 -0.35793045091926901 107800.10000000002 1.1621500000000002 358.90000000000003 0.012023220155034956 109984.94939002475 109995.60000000002 370.12500000000006 111177.78892755622 0.021334717256365127 401.07500000000005 108994.05 -1.516341914915355 109211.85000000002 0.0087313482179487301 36.040271798230812 1761636600000.0002 17.371008094152561 0.00146779507431044 31.916409666840178 1.1491000004496301 79.609984382775608
decision_type=2 2 2 2 2 2 2 2 2 2 2 2 2 2 2 2 2 2 2 2 2 2 2 2
left_child=2 -2 3 17 6 -6 7 -5 -9 -8 11 -11 13 -7 15 -15 -17 21 20 -3 -18 -1 -21 -10
right_child=1 19 -4 4 5 12 9 8 23 10 -12 -13 -14 14 -16 16 18 -19 -20 22 -22 -23 -24 -25
leaf_value=-0.067159492467840406 -0.026766362150917728 0.067336505265117086 -0.069666561317424769 -0.067931321983423609 -0.073862410687120211 -0.0030024269574455828 0.037820467180649804 0.035622336059421687 -0.066949248572979195 -0.047933071506818678 0.024519924783242712 0.014506838301914569 -0.023193540209201918 0.072797525849561978 0.03950832453594591 0.056511505125098144 0.067503092378966859 -0.068025802720758921 0.066871345994051368 0.067061380145417432 0.067174129903299129 -0.066793098884749977 0.066833454174347912 -0.067130663656925521
leaf_weight=0.048779521253891178 0.29918599780648936 0.23273185850121081 0.29967924836091686 0.42150696506723784 0.13189505040645588 0.37161703023593862 0.54883374180644784 0.39435417321510613 0.18771946313790977 0.79106809291988633 0.75389157072640944 0.49126075697131455 0.20139460545033205 0.15879733115434613 0.30194818391464662 0.092087606200948358 0.15796812810003757 0.18274684547213838 0.11805032845586538 0.13642210396938026 0.180261634523049 0.081476159277372062 0.10122166498331353 0.11765505513176322
leaf_count=6 24 30 11 38 1 28 26 13 38 35 33 20 16 2 12 14 10 24 36 21 34 38 33 14
internal_value=0 0.0306368 -0.00411022 -0.000683601 0.00317883 0.0255721 -0.00717721 -0.0312616 -0.0091723 0.00326911 -0.00604371 -0.0240123 0.0338615 0.0421836 0.0588239 0.0670713 0.0654131 -0.0675699 0.0672097 0.0671485 0.0673278 -0.0669303 0.0669643 -0.0670191
internal_weight=0 0.769562 6.03299 5.73331 5.42031 1.71402 3.70629 1.12124 0.699729 2.58505 2.03622 1.28233 1.58212 1.38073 1.00911 0.707165 0.548368 0.313003 0.45628 0.470376 0.33823 0.130256 0.237644 0.305375
internal_count=557 108 449 438 370 153 217 103 65 114 88 55 152 136 108 96 94 68 80 84 44 44 54 52
is_linear=0
shrinkage=0.1


Tree=163
num_leaves=28
num_cat=0
split_feature=13 9 14 2 2 11 2 17 20 23 2 0 0 14 14 7 14 23 22 14 1 1 3 22 2 10 1
split_gain=0.0652512 0.0693371 0.0603898 0.127098 0.129526 0.193513 0.0875579 0.103978 0.0967258 0.0762422 0.0661785 0.109516 0.151356 0.10409 0.125276 0.167879 0.0741477 0.0748389 0.0536569 0.00464647 3.9709e-05 2.80245e-05 6.77625e-06 1.70804e-06 1.39575e-07 1.08034e-07 4.61159e-08
threshold=25937.500000000004 391.33500000000009 114912.15195371748 114916.70000000003 112327.00000000001 358.03000000000003 111713.05000000002 -0.57815986702045652 31.916409666840178 0.0077206956296674697 111422.75000000001 1760805000000.0002 1760902200000.0002 109183.43156771226 109984.94939002475 1.1613500000000003 108325.14358676346 0.031677243174031207 42.599894255524568 109691.43070863404 111459.15000000001 112455.10000000002 107714.25000000001 32.042078689465839 108010.00000000001 396.66000000000003 113038.55
decision_type=2 2 2 2 2 2 2 2 2 2 2 2 2 2 2 2 2 2 2 2 2 2 2 2 2 2 2
left_child=-1 2 3 4 6 -6 7 8 -2 -9 11 -10 -13 16 19 -16 17 -14 -3 -15 24 -7 -20 -23 -11 -24 -25
right_child=1 18 -4 -5 5 21 -8 9 10 20 -12 12 13 14 15 -17 -18 -19 22 -21 -22 23 25 26 -26 -27 -28
leaf_value=-0.037587218723029635 -0.033919822970660193 0.011010017845426566 -0.039031769882371621 0.068515092396898333 0.062645814042846568 -0.068853345456370063 0.040998492994360619 0.016277990715157533 0.06586931937990835 -0.066796628260051547 -0.019274631115696939 -0.069096604577381524 -0.021389217793310662 0.068859464350240734 -0.035770230201918961 0.054213439335940986 -0.043159117128971761 0.056442742705910931 -0.068068500912172272 0.053422115032472565 -0.069126071522438257 -0.067370100956820625 -0.067020763901503203 -0.06687517089070609 -0.066977758089639003 -0.066857648848764425 -0.066981233912370639
leaf_weight=0.42550124449189741 0.46392337017459695 0.13732246815925453 0.29570486344164226 0.32093229156453151 0.14735385146923352 0.13526171119883657 0.73942293867003162 0.16116958856582719 0.44539489562157619 0.07333231094526127 0.49893825512845058 0.21039455005666274 0.25525712527451139 0.4618252422660587 0.43723754200618714 0.39431046159006655 0.36451799911446869 0.23941446654498577 0.078531989362090826 0.33743205480277538 0.14848525822162628 0.19852949795313179 0.079264560132287443 0.068555254489183426 0.1013267143862322 0.083250034134835005 0.10196885251207277
leaf_count=34 28 8 20 8 4 9 23 3 32 35 25 27 38 22 35 27 16 6 4 23 3 16 15 21 24 26 25
internal_value=0 0.002749 0.00513542 0.00720687 0.00391883 -0.0381662 0.00906203 0.00392056 0.00908636 -0.0399032 0.0145605 0.0199269 0.0123493 0.0192311 0.0340716 0.00689899 -0.00893728 0.0162804 -0.0388824 0.0623421 -0.0679238 -0.067622 -0.0673058 -0.0671707 -0.0669017 -0.0669372 -0.0669386
internal_weight=0 6.97906 6.60069 6.30498 5.98405 0.651669 5.33238 4.59296 4.10865 0.484314 3.64472 3.14578 2.70039 2.48999 1.63081 0.831548 0.85919 0.494672 0.378369 0.799257 0.323144 0.504315 0.241047 0.369054 0.174659 0.162515 0.170524
internal_count=557 523 470 450 442 75 367 344 279 65 251 226 194 167 107 62 60 44 53 45 62 71 45 62 59 41 46
is_linear=0
shrinkage=0.1


Tree=164
num_leaves=31
num_cat=0
split_feature=9 11 2 25 2 14 14 1 14 20 0 11 3 25 23 1 22 25 20 0 3 1 20 20 23 22 22 17 10 19
split_gain=0.0850053 0.0860574 0.0839469 0.0796825 0.177684 0.134656 0.11746 0.105807 0.149903 0.0629337 0.133699 0.11635 0.0911047 0.129123 0.0433867 0.0306521 0.0246202 1.92335e-05 1.15618e-05 9.97499e-06 2.98164e-06 1.76965e-06 1.73235e-06 4.45405e-07 6.64173e-08 6.00399e-08 2.31991e-08 1.82384e-08 1.2714e-08 7.4941e-09
threshold=400.59750000000003 394.15000000000003 113990.00000000001 1.0000000180025095e-35 111606.60000000002 111619.89829137579 109183.43156771226 111382.10000000002 109183.43156771226 29.657101541721399 1760805000000.0002 377.26000000000005 107917.50000000001 0.011561022685725441 0.033950727605073956 101959.85000000002 7.4789304389199893 0.0063531602160872853 77.551237224398932 1760556600000.0002 102214.75000000001 111619.80000000002 75.262288362041019 72.814712914500731 0.031021612616097694 69.207614645439961 48.260373314699251 -0.65931790676281843 379.02000000000004 -0.58624948493714346
decision_type=2 2 2 2 2 2 2 2 2 2 2 2 2 2 2 2 2 2 2 2 2 2 2 2 2 2 2 2 2 2
left_child=1 2 3 5 7 6 -1 8 9 14 -11 12 13 15 -5 -12 -10 -6 22 -18 -17 -19 29 25 -22 27 -23 28 -21 -4
right_child=-2 -3 18 4 17 -7 -8 -9 16 10 11 -13 -14 -15 -16 20 19 21 -20 23 24 26 -24 -25 -26 -27 -28 -29 -30 -31
leaf_value=0.056378726594722206 0.067612587048870521 -0.067469968609139772 -0.066837852061259015 0.057107950976285828 -0.068559518152435592 0.068085470446553262 -0.038471890049630961 0.063656726097433641 0.0031459772326320615 -0.067874676055099961 0.0066083907792985567 0.068231059475872338 -0.05881421859667274 0.05004670273704781 0.0084054989054919722 -0.067756164527719695 -0.068329144334569533 -0.067340829215257414 -0.068819781721300086 -0.066750829204145476 -0.066784425156527841 -0.066850445645325704 -0.067647968872910233 -0.0671259576809521 -0.066941047662400333 -0.066910520750859043 -0.06675910951610188 -0.066851549243132372 -0.066818046533673056 -0.066761075519726584
leaf_weight=0.20141086587682344 0.17693018075078715 0.19826421421021212 0.02275778228067793 0.35443041659891772 0.14001920539885748 0.44808330270461738 0.37114794895751402 0.26715217658784229 0.057898171304259338 0.26698919606860716 0.085013607051223294 0.26901230961084366 0.24429646949283779 0.37858736049383879 0.37799762561917305 0.051768130681011826 0.058074861590284854 0.14157132158288732 0.07956685870885849 0.06872835019021295 0.072366422740742564 0.069970887503586709 0.044231847510673106 0.06650849839206785 0.043261046055704355 0.069669675489421934 0.046151268441462889 0.048111019423231483 0.047648678766563535 0.02880516301956948
leaf_count=31 13 22 15 21 4 21 38 7 12 29 6 15 11 25 19 4 5 18 2 45 36 23 3 9 13 20 30 15 18 27
internal_value=0 -0.00301649 -0.000126161 0.00267421 -0.00503225 0.0270266 -0.00510598 0.00377067 -0.00247794 0.00818925 -0.00415403 0.0107133 -0.00696424 0.01311 0.0319732 -0.0422912 -0.0573635 -0.0676161 -0.0679288 -0.0671293 -0.0671254 -0.0671035 -0.0671888 -0.0668976 -0.066843 -0.0668327 -0.0668141 -0.0667998 -0.0667784 -0.066795
internal_weight=0 4.61949 4.42123 4.24587 3.22523 1.02064 0.572559 2.82751 2.56036 2.14372 1.41129 1.14431 0.875293 0.630997 0.732428 0.252409 0.416639 0.397713 0.175362 0.358741 0.167396 0.257693 0.0957948 0.300666 0.115627 0.234158 0.116122 0.164488 0.116377 0.0515629
internal_count=557 544 522 475 385 90 69 310 303 179 139 110 95 84 40 59 124 75 47 112 53 71 45 107 49 98 53 78 63 42
is_linear=0
shrinkage=0.1


Tree=165
num_leaves=28
num_cat=0
split_feature=0 24 14 25 24 13 3 13 3 14 0 14 23 25 17 22 25 17 7 17 13 3 13 18 23 20 22
split_gain=0.0749484 0.126944 0.123072 0.130535 0.163168 0.117389 0.115579 0.0852987 0.143896 0.115441 0.145907 0.0790077 0.0731371 0.0963581 0.0632214 0.0478616 0.045047 0.00227735 0.000376622 0.000301197 3.21367e-05 2.33987e-05 1.52016e-05 5.81277e-06 2.88469e-06 3.98681e-07 1.84389e-07
threshold=1760455800000.0002 0.0031029441560831428 108306.73387963064 0.016339225869038403 0.00098939305814399405 1918443.0000000002 109125.95000000001 93119.500000000015 109431.70000000001 114912.15195371748 1762047000000.0002 111177.78892755622 0.031387653675163447 0.020749261932455802 -0.55773017588354123 38.415808006286319 0.011842138965271564 -0.63963994388945178 1.16415 -0.63645953905776409 778193.00000000012 107846.55000000002 705909.00000000012 -4.3837833654545308 0.020194788957220093 61.035232116486938 60.042744860430979
decision_type=2 2 2 2 2 2 2 2 2 2 2 2 2 2 2 2 2 2 2 2 2 2 2 2 2 2 2
left_child=-1 2 12 6 11 14 -4 -8 -9 10 16 -5 13 15 17 -2 18 20 19 22 24 23 25 -14 26 -10 -3
right_child=1 5 3 4 -6 -7 7 8 9 -11 -12 -13 21 -15 -16 -17 -18 -19 -20 -21 -22 -23 -24 -25 -26 -27 -28
leaf_value=-0.05376975597190279 -0.035680411886555921 0.067032006103198705 -0.058340436484583862 -0.029365935840576576 0.068580851664954978 -0.018218760750844311 0.04225889615481191 0.050483348736032621 -0.066888466039062955 0.035749175973275822 0.029358954952371386 0.030110501564724668 -0.067977497238894125 -0.067933138271019808 -0.0021053802518605259 0.057327372552729045 -0.014672335275364531 0.053316777720936515 -0.071687036880336383 -0.061869726696166874 0.068734891709230792 -0.068967405294496742 -0.068278176265756996 -0.06700012656645063 0.067598738285737078 -0.067129465459969603 0.066853036505427829
leaf_weight=0.25047479197382916 0.080151255475357064 0.14028864540159702 0.43391877901740405 0.45690537290647604 0.55917295726248994 0.34364339063176885 0.365402459399775 0.31488252012059081 0.11180922877974764 0.2640404594130813 0.25719017174560577 0.43692802346777171 0.12265052134171128 0.172667350852862 0.17799396184273042 0.17865225655259565 0.20798695064149797 0.13694632658734918 0.16328774020075798 0.12353425426408671 0.20505587721709162 0.1927704568952322 0.14946743473410606 0.12076646194327623 0.099963692831806839 0.17779637593775988 0.097629826166667044
leaf_count=4 36 22 25 36 38 28 15 12 33 5 22 29 6 15 24 33 8 21 2 23 12 5 5 36 11 24 27
internal_value=0 0.00204502 -0.00511074 0.00225748 0.0262127 0.0311677 -0.0112897 -0.0017289 -0.0108099 -0.0240735 -0.0373352 -0.000292372 -0.0392686 -0.0100772 0.0509506 0.0285229 -0.0557027 0.0648406 -0.067459 -0.0662318 0.0677473 -0.0681444 -0.0674591 -0.0674926 0.067148 -0.0670364 0.0669586
internal_weight=0 6.0915 4.88998 4.02232 1.45301 1.20152 2.56932 2.1354 1.77 1.45511 1.19107 0.893833 0.867658 0.431471 0.857878 0.258804 0.933882 0.679884 0.725895 0.562607 0.542938 0.436187 0.439073 0.243417 0.337882 0.289606 0.237918
internal_count=557 553 408 277 103 145 174 149 134 122 117 65 131 84 117 69 95 93 87 85 72 47 62 42 60 57 49
is_linear=0
shrinkage=0.1


Tree=166
num_leaves=28
num_cat=0
split_feature=13 9 0 23 14 17 14 17 14 14 14 1 19 23 18 25 22 20 23 22 14 3 19 3 18 1 25
split_gain=0.0577218 0.0626858 0.055254 0.090093 0.0601338 0.210006 0.127601 0.113909 0.0908006 0.11045 0.120791 0.123858 0.146901 0.0693712 0.0575345 0.0496421 0.0485456 0.0388534 0.00839673 0.000396208 1.39228e-05 5.41654e-06 5.37754e-07 4.45238e-07 2.67911e-07 6.86991e-08 1.10682e-08
threshold=25937.500000000004 391.33500000000009 1762057800000.0002 0.031677243174031207 111619.89829137579 -0.70197564775797539 111482.14156110022 -0.66924194282643679 111177.78892755622 111050.84055458459 110315.50521978457 109434.40000000001 -0.82981270217448155 0.020730545569877034 -4.2105993871374956 0.026466576202896767 42.599894255524568 65.750863349860012 0.014825768065022232 12.635644736263716 112708.91784024746 107714.25000000001 -2.0491122201902825 102214.75000000001 -1.99432476149076 110292.05 0.010167689093135824
decision_type=2 2 2 2 2 2 2 2 2 2 2 2 2 2 2 2 2 2 2 2 2 2 2 2 2 2 2
left_child=-1 2 4 22 6 18 8 -7 9 10 11 12 13 -2 -13 -15 -3 -9 -6 -20 -21 -18 -4 -24 26 -23 -25
right_child=1 16 3 -5 5 7 -8 17 -10 -11 -12 14 -14 15 -16 -17 21 -19 19 20 -22 25 23 24 -26 -27 -28
leaf_value=-0.036412082861528992 -0.015114940097986912 0.0099535182027826827 -0.06735803259523454 0.032001398713183776 -0.042928520321346419 0.055245283032797236 0.066111378088509462 -0.040405561675152135 -0.030878639490222955 0.069066127149381748 -0.045205320771015328 0.01494038927839831 -0.056553093438514002 0.051007053291244553 0.067552367794863538 0.0020439966586897969 -0.067967233173826608 0.012698973597182601 -0.074668912675587881 -0.068612182428671592 -0.066965817523851418 -0.066982141342483759 -0.06723471986169946 -0.066742128842192772 -0.067093701709139433 -0.066845249056890974 -0.066824954137165535
leaf_weight=0.4022853651549666 0.48656729032518364 0.12948213034542266 0.071809509070590138 0.14396911440417171 0.15922238794155419 0.4371133022941649 0.41675986180780444 0.26795667328406103 0.52282597741577763 0.32777597359381605 0.37432353408075858 0.34717835439369082 0.36198601219803217 0.5338199824327603 0.51794765738304693 0.33829095959663391 0.072517519816756248 0.28358043520711362 0.14352649450302124 0.10727885080268607 0.098553881340194494 0.070501790381968021 0.068792976613622048 0.035260534146800637 0.04685586632695049 0.076373069954570383 0.029744851141003892
leaf_count=34 39 8 9 21 15 12 12 32 21 10 36 24 32 38 36 11 4 20 1 12 28 15 8 31 10 26 12
internal_value=0 0.00262716 0.00497707 -0.0311271 0.00747726 -0.00974454 0.0135767 0.017117 0.00783118 0.0139866 0.00788765 0.0155735 5.4738e-05 0.0151365 0.046439 0.0320143 -0.0386028 -0.0131011 -0.0619616 -0.070636 -0.0678239 -0.0672601 -0.0671265 -0.0670345 -0.0669114 -0.066911 -0.06678
internal_weight=0 6.47001 6.12114 0.396433 5.72471 1.49723 4.22748 0.98865 3.81072 3.28789 2.96011 2.58579 1.72066 1.35868 0.865126 0.872111 0.348875 0.551537 0.508582 0.349359 0.205833 0.219392 0.252464 0.180654 0.111861 0.146875 0.0650054
internal_count=557 523 470 91 379 120 259 64 247 226 216 180 120 88 60 49 53 52 56 41 40 45 70 61 53 41 43
is_linear=0
shrinkage=0.1


Tree=167
num_leaves=31
num_cat=0
split_feature=9 11 14 1 19 2 0 4 14 25 2 23 23 0 23 0 23 0 20 1 2 14 1 1 17 17 20 19 23 20
split_gain=0.0764914 0.0798252 0.0695904 0.190933 0.100541 0.20376 0.142228 0.0841147 0.139885 0.147393 0.127105 0.0895303 0.0723247 0.0308055 0.022832 0.0385818 4.48726e-05 1.34528e-05 8.83121e-06 7.85642e-06 8.43672e-07 4.43583e-07 2.63493e-07 1.81402e-07 6.21472e-08 4.65985e-08 1.96683e-08 7.55835e-09 8.36697e-09 7.39155e-09
threshold=400.59750000000003 394.15000000000003 109183.43156771226 111272.25000000001 -0.70674926561810947 111922.15000000001 1761453000000.0002 1.1599000000000002 108181.91468090368 0.011561022685725441 102252.05 0.031677243174031207 0.01472488553563 1760815800000.0002 0.011406326356906695 1761528600000.0002 0.019455619899803323 1760923800000.0002 75.262288362041019 102159.25000000001 108916.20000000003 103190.08883396095 112509.10000000002 109169.45000000001 -0.90472510802535056 -0.65865071380470375 29.911626679441778 -0.6564805124300388 0.020333321933505736 35.725144778862415
decision_type=2 2 2 2 2 2 2 2 2 2 2 2 2 2 2 2 2 2 2 2 2 2 2 2 2 2 2 2 2 2
left_child=1 2 7 17 5 -5 -6 8 9 10 -1 13 -7 -9 -8 -16 20 -4 22 -12 -15 -21 -14 -19 -25 27 -23 28 -26 -17
right_child=-2 -3 3 4 6 12 14 11 -10 -11 19 -13 18 16 15 29 -18 23 -20 21 -22 26 -24 24 25 -27 -28 -29 -30 -31
leaf_value=0.067098741199972042 0.067529662766292006 -0.067417541593533664 -0.067999115672897459 0.065102796790938264 -0.068758509434471413 0.028742202659141652 0.067469478201309399 0.024806939921062698 -0.068031311069396694 0.05907218059068884 -0.068079223950546344 -0.0042720868712239502 -0.067114892412241764 0.066992636400576511 0.067144274673992255 -0.066790827793003008 0.069161602756382751 -0.067051181101625543 -0.068194811516283996 -0.067171411392138058 0.067348236336042075 -0.066864383815235365 -0.066807797287059031 -0.066933053679955293 -0.066819535144193226 -0.066877228593025403 -0.066783572833833169 -0.06674829311095308 -0.066764548885745553 -0.066708604756850767
leaf_weight=0.096272065769881232 0.16022619372233737 0.18324878613930184 0.15107923492905673 0.52504799963207915 0.33677956234896533 0.1197778731584549 0.11285571474581957 0.25795154878869631 0.28666007239371538 0.36650532297790051 0.084846144542098045 0.45427070930600166 0.048399534891359508 0.1450718161650002 0.042345737107098103 0.022421442903578281 0.19085431657731533 0.046752722118981183 0.10913271643221378 0.047128084406722337 0.12353190034627914 0.047545170411467552 0.066094268520828336 0.05725219589658026 0.071079875924623948 0.084241102333181717 0.082168077322421595 0.041209985734894872 0.04531582904746756 0.021338310121791437
leaf_count=11 13 22 20 23 23 6 7 17 14 21 3 33 11 31 4 11 6 8 4 10 10 13 33 13 25 31 41 29 30 34
internal_value=0 -0.00284943 4.77907e-05 -0.0139396 0.00491291 0.0259295 -0.0291556 0.0122302 -0.00890131 0.0144956 -0.0311453 0.0304661 -0.0339645 0.0524626 0.0378797 -0.000902635 0.0679892 -0.0672119 -0.0675511 -0.0672882 0.0671562 -0.0669087 -0.0669376 -0.066868 -0.0668394 -0.0668172 -0.0668132 -0.0667851 -0.0667981 -0.0667507
internal_weight=0 4.26718 4.08393 1.90112 1.40419 0.868452 0.535741 2.18281 1.01112 0.724465 0.35796 1.17168 0.343404 0.71741 0.198961 0.0861055 0.459458 0.496931 0.223627 0.261687 0.268604 0.176841 0.114494 0.345852 0.299099 0.241847 0.129713 0.157606 0.116396 0.0437598
internal_count=557 544 522 312 156 77 79 210 113 99 78 97 54 64 56 49 47 156 48 67 41 64 44 136 128 115 54 84 55 45
is_linear=0
shrinkage=0.1


Tree=168
num_leaves=26
num_cat=0
split_feature=14 18 17 0 24 13 14 0 19 14 23 17 17 9 23 25 18 11 13 0 22 20 20 14 22
split_gain=0.118172 0.0963726 0.125945 0.0732622 0.0906305 0.14481 0.0895475 0.119725 0.118407 0.0912763 0.141511 0.111945 0.0691589 0.0528099 0.0341388 0.0572549 0.0299611 0.0296737 0.0248776 0.00291623 0.00104099 1.93422e-05 1.45279e-05 1.74877e-06 7.06355e-07
threshold=115012.61991691073 -1.7395783932988185 -0.65497988620966641 1760455800000.0002 0.0033230323482955626 1918443.0000000002 108306.73387963064 1761204600000.0002 -0.42554607679309608 109839.00011609019 0.022411454699425602 -0.89157687092989579 -0.61344795826586185 377.48000000000008 0.031387653675163447 0.020749261932455802 -3.3232117162510044 377.85000000000008 643127.00000000012 1761528600000.0002 41.317444359565016 30.140236690024945 23.664634345974502 108325.14358676346 23.606519467121029
decision_type=2 2 2 2 2 2 2 2 2 2 2 2 2 2 2 2 2 2 2 2 2 2 2 2 2
left_child=1 3 19 -1 6 20 8 17 14 -9 11 -11 -4 16 15 18 -13 -8 -5 -3 -6 -22 -16 -23 -15
right_child=-2 2 12 4 5 -7 7 9 -10 10 -12 13 -14 24 22 -17 -18 -19 -20 -21 21 23 -24 -25 -26
leaf_value=-0.051899137471338286 0.072393063831147048 -0.069687748392342472 0.053599897247819453 0.052429282353617379 0.056642798425233412 -0.019407849762212413 0.063044947306679186 -0.043645585017366539 0.052226454801521695 0.037492457269234329 0.064135625422254081 0.019968416560349547 -0.023302812711571055 -0.066901576734518173 -0.068712838193847783 -0.067872752615868143 -0.031414707498912058 0.02350492205277456 -0.025172979154373228 -0.055117172500140581 0.068450359667418206 0.067469631619992129 -0.067431274033755748 0.066932530484739336 -0.067224186292427046
leaf_weight=0.22887682169675816 0.21590512548573304 0.30275426950538531 0.19047974958084524 0.091056228266097605 0.1058387376833706 0.31316612951923162 0.34354800172150168 0.47336686402559269 0.14530723827192593 0.33758368645794656 0.33269738242961455 0.1828135582618412 0.30289586726576068 0.13948616583365947 0.14899700786918402 0.15043109410908073 0.29921120707877025 0.42411025916226208 0.075615605630446225 0.25144672230817378 0.18398232525214553 0.092744221445173025 0.21769073902396485 0.17501768667716533 0.13218416157178581
leaf_count=4 18 28 16 15 18 26 9 31 29 11 16 37 31 33 6 13 16 34 30 19 9 14 39 39 16
internal_value=0 -0.00299131 -0.0303614 0.00325032 0.00614215 0.0350073 -0.0010512 0.00787801 -0.0297527 -0.00560401 0.007042 -0.0103641 0.00638736 -0.0317993 -0.0471735 -0.0231459 -0.0119271 0.0412002 0.0172227 -0.0630769 0.0655695 0.067661 -0.067952 0.0671186 -0.0670585
internal_weight=0 5.6413 1.04758 4.59373 4.36485 0.870749 3.4941 2.665 0.829098 1.89734 1.42398 1.09128 0.493376 0.753695 0.683791 0.317103 0.482025 0.767658 0.166672 0.554201 0.557583 0.451744 0.366688 0.267762 0.27167
internal_count=557 539 94 445 441 106 335 203 132 160 129 113 47 102 103 58 53 43 45 47 80 62 45 53 49
is_linear=0
shrinkage=0.1


Tree=169
num_leaves=24
num_cat=0
split_feature=2 3 3 22 14 14 14 23 23 13 13 14 17 2 23 14 0 19 5 25 20 5 14
split_gain=0.0570239 0.0879601 0.0983872 0.0870887 0.0741638 0.0942165 0.122438 0.106497 0.079659 0.0737662 0.082971 0.0848535 0.177501 0.0857975 0.0647833 0.063168 0.0500484 0.03196 0.00728149 7.42385e-05 2.29738e-06 7.75584e-07 2.70309e-07
threshold=106032.90000000001 106589.30000000002 107917.50000000001 79.918281298474454 108306.73387963064 109183.43156771226 109984.94939002475 0.022411454699425602 0.0076699158931794716 93119.500000000015 1977083.5000000002 111619.89829137579 -0.70197564775797539 113990.00000000001 0.017598027614094677 111346.10934869912 1760805000000.0002 -0.99183738419828404 1.1629500000000002 0.025506391691728855 45.532132069842653 1.1546500000000002 107996.18299637108
decision_type=2 2 2 2 2 2 2 2 2 2 2 2 2 2 2 2 2 2 2 2 2 2 2
left_child=3 -2 16 19 -4 -6 17 8 -8 -10 11 14 -13 -14 15 -11 -3 -7 -16 21 22 -1 -18
right_child=1 2 4 -5 5 6 7 -9 9 10 -12 12 13 -15 18 -17 20 -19 -20 -21 -22 -23 -24
leaf_value=-0.066789345138772285 0.054124936969574468 0.0043603802668946336 0.050750589882909793 0.030256649218043209 -0.046940377797249515 0.05735626423002721 -0.048824275727119747 -0.062427241675743296 -0.04329363017052712 -0.021937104205030825 -0.030195255959536201 -0.059354801407029895 -0.015416169650912089 0.049605532401369758 0.070741096990319483 0.045475507269567762 -0.066836468185271558 0.019493220009287941 0.049032955723974425 -0.070329611304642298 -0.067533093349198881 -0.06725078245799386 -0.067123546502569284
leaf_weight=0.077572954411152639 0.31712814309867088 0.14220461831428099 0.31709657888859499 0.13314087613252923 0.38052685494767491 0.4376188648166135 0.28580221772426817 0.28084107208997 0.27256454643793437 0.27001117676263742 0.41282655813847657 0.35762628668453544 0.33036836399696745 0.5261086534592323 0.3066019203979522 0.28647634945809841 0.064718858484411612 0.45443248446099449 0.31150335085112602 0.12435487657785416 0.17854451370658353 0.068670324719278142 0.066500926011940464
leaf_count=37 33 22 7 7 36 24 15 23 33 34 38 31 26 23 12 12 31 29 29 2 25 17 11
internal_value=0 0.00287035 9.87981e-06 -0.0359554 0.00387792 0.000852838 0.00486508 -0.00327028 0.00167444 0.00636938 0.0112012 0.0183555 -0.000182812 0.0245248 0.0375174 0.0127665 -0.044753 0.0380679 0.059801 -0.0685334 -0.0672996 -0.067006 -0.066982
internal_weight=0 5.9995 5.68237 0.403739 5.23041 4.91331 4.53278 3.64073 3.35989 3.07409 2.80152 2.3887 1.2141 0.856477 1.17459 0.556488 0.451969 0.892051 0.618105 0.270598 0.309764 0.146243 0.13122
internal_count=557 494 461 63 372 365 329 276 253 238 205 167 80 49 87 46 89 53 41 56 67 54 42
is_linear=0
shrinkage=0.1


Tree=170
num_leaves=25
num_cat=0
split_feature=9 11 1 16 13 0 14 19 11 25 22 22 25 23 25 14 3 14 0 17 17 22 19 13
split_gain=0.0698096 0.072366 0.0649807 0.132519 0.0955607 0.0892994 0.147858 0.0904695 0.146561 0.0496925 0.0873467 0.0737918 0.0289874 0.0142619 0.00139411 4.04485e-05 5.45325e-06 1.13253e-06 6.07916e-07 8.09936e-08 2.2844e-08 7.88825e-09 7.31365e-09 4.62751e-09
threshold=400.59750000000003 394.15000000000003 108395.00000000001 377.51999999819276 13201.500000000002 1761431400000.0002 109183.43156771226 -0.70105994805808314 380.02500000000003 0.011561022685725441 33.833278047277766 38.415808006286319 0.0063531602160872853 0.031677243174031207 0.0098000298026045072 108397.46223255286 110246.00000000001 109183.43156771226 1760481000000.0002 -0.8407396205888199 -0.55025255265336082 41.823522166159073 -0.64145080184905945 256594.00000000003
decision_type=2 2 2 2 2 2 2 2 2 2 2 2 2 2 2 2 2 2 2 2 2 2 2 2
left_child=1 2 9 4 -4 6 -5 8 -8 11 -11 12 -1 -12 -13 -6 -10 -17 -18 -19 21 22 -21 -24
right_child=-2 -3 3 5 15 -7 7 -9 16 10 13 14 -14 -15 -16 17 18 19 -20 20 -22 -23 23 -25
leaf_value=0.057850861705098636 0.067452028289598676 -0.067347867979988207 0.061664369021716937 0.067946716855398506 -0.068784496426303465 0.038781777398061754 0.031048154740957214 -0.068469467640953394 -0.067956194369307388 -0.012924150520478267 0.067603013845551035 -0.048669284286235626 -0.0025498185795150741 0.037742587751873564 -0.067516548172236818 -0.067246223624376475 -0.067237685278494094 -0.066910831445897462 -0.06679434281662526 -0.066788976359184155 -0.066857489236554199 -0.066712959877894037 -0.066771554078379036 -0.066709896680947497
leaf_weight=0.11932411382440544 0.14637701306492079 0.16674082388635714 0.064599334204104131 0.19514957489445783 0.18133387574926019 0.49782472569495428 0.4102859164122491 0.34691298846155416 0.11467599036404863 0.32628927810583264 0.27773536555469036 0.058635033434256911 0.23780663148500025 0.37716282525798306 0.11868836404755712 0.077127236174419522 0.057721510762348771 0.056326643942157362 0.066632723202928901 0.077792752243113328 0.027722013997844241 0.030063175188843161 0.02347160637145862 0.025285619019996375
leaf_count=25 13 22 3 14 6 28 32 37 10 26 21 30 27 30 24 7 8 23 37 38 9 37 14 36
internal_value=0 -0.00287974 -2.73368e-05 -0.0107977 -0.0527806 0.00321292 -0.0116497 -0.0272417 -0.00521483 0.0159822 0.0293459 -0.00855174 0.0176312 0.0504061 -0.0612844 -0.0675928 -0.0674588 -0.0669128 -0.0670001 -0.0668059 -0.0667738 -0.066759 -0.0667699 -0.0667396
internal_weight=0 3.93531 3.76857 2.25293 0.563722 1.6892 1.19138 0.996229 0.649316 1.51564 0.981187 0.534454 0.357131 0.654898 0.177323 0.499123 0.23903 0.317789 0.124354 0.240662 0.184335 0.156613 0.12655 0.0487572
internal_count=557 544 522 339 173 166 138 124 87 183 77 106 52 51 54 170 55 164 45 157 134 125 88 50
is_linear=0
shrinkage=0.1


Tree=171
num_leaves=25
num_cat=0
split_feature=14 14 0 1 1 23 14 17 20 18 3 17 4 17 18 19 3 2 0 22 13 1 19 20
split_gain=0.106474 0.083174 0.065496 0.103204 0.0964972 0.0977115 0.0878139 0.126061 0.10213 0.0865192 0.0820982 0.0879288 0.0758612 0.0564834 0.0467045 0.0175832 0.00875686 0.000479245 3.29523e-05 4.22022e-06 5.03614e-07 2.79244e-07 1.88851e-07 1.70259e-07
threshold=115012.61991691073 114636.44945734636 1762047000000.0002 102762.70000000003 107800.10000000002 0.012757516301438792 111177.78892755622 -0.84785688798278935 34.767041852360613 -1.7395783932988185 109231.30000000002 -0.76241983889423348 1.1599000000000002 -0.65931790676281843 -0.33200336512290668 -0.70105994805808314 109161.65000000001 112904.90000000001 1762057800000.0002 36.040271798230812 278753.50000000006 111547.05000000002 -0.61204660565130686 31.916409666840178
decision_type=2 2 2 2 2 2 2 2 2 2 2 2 2 2 2 2 2 2 2 2 2 2 2 2
left_child=1 2 4 -4 19 21 7 16 -8 10 11 -9 -10 15 18 -12 -7 -14 -5 23 -20 -6 -22 -1
right_child=-2 -3 3 14 5 6 8 9 12 -11 13 -13 17 -15 -16 -17 -18 -19 20 -21 22 -23 -24 -25
leaf_value=-0.067037662465582196 0.071711131516006804 -0.062605849715970371 -0.028057633376341803 0.069168030763778587 -0.067066419140356395 -0.039352052967844754 -0.019313665035293245 0.06022951574955121 -0.0066609272975942675 -0.038940025398196909 -0.01264187656374887 -0.00074376595436798727 0.068238994050040996 0.024169025623749219 -0.0026951407706272963 -0.04702950772002551 -0.067657556399492627 0.061494157648234009 0.066826956723651673 -0.06772693491297882 0.067197080984937943 -0.066836752908312064 0.067005857534150143 -0.066766747377501989
leaf_weight=0.037229445297270902 0.19833342911442731 0.22360413335263718 0.23852498340420414 0.090193262323737144 0.12233857333194453 0.18867239053361107 0.33415731636341639 0.51104346569627523 0.19203635072335601 0.41743731673341322 0.33556372299790393 0.44026791839860402 0.40012238570488989 0.31881085329223413 0.12363749928772449 0.2670106056611985 0.25979261886095628 0.14299253781791776 0.10853616875829175 0.13655108952661976 0.094528610003180802 0.093327147420495749 0.11384677357273176 0.061548464465886354
leaf_count=6 18 9 24 2 24 16 19 29 10 36 27 26 34 27 5 15 27 33 35 24 13 28 32 38
internal_value=0 -0.00292901 -0.000275162 0.0265791 -0.00512573 -0.0014854 0.00222323 -0.00726588 0.0265257 0.00222836 0.0114051 0.032011 0.0473617 -0.00987012 0.0511338 -0.0278796 -0.0557492 0.0664632 0.0674816 -0.0673668 0.0670016 -0.066967 0.0670926 -0.0668689
internal_weight=0 5.25177 5.02817 0.769267 4.2589 4.02357 3.80791 2.7386 1.06931 2.29013 1.8727 0.951311 0.735151 0.921385 0.530742 0.602574 0.448465 0.543115 0.407105 0.235329 0.316912 0.215666 0.208375 0.0987779
internal_count=557 539 530 111 419 351 299 203 96 160 124 55 77 69 87 42 43 67 82 68 80 52 45 44
is_linear=0
shrinkage=0.1


Tree=172
num_leaves=28
num_cat=0
split_feature=2 3 3 22 3 14 14 21 17 3 20 17 17 0 18 6 19 1 19 25 17 20 20 5 3 14 22
split_gain=0.0519499 0.0780479 0.0837448 0.0758323 0.0740784 0.0867577 0.104465 0.0738365 0.0760684 0.217925 0.066816 0.0612848 0.0586534 0.0484983 0.0319849 0.0268559 0.0223416 0.0149376 0.000158875 5.4178e-05 1.04897e-05 6.52504e-06 1.69997e-06 5.53935e-07 2.92242e-07 1.94305e-07 2.98289e-08
threshold=106032.90000000001 106589.30000000002 107917.50000000001 79.918281298474454 108006.60000000002 109183.43156771226 109984.94939002475 1.0000000180025095e-35 -0.70197564775797539 111093.10000000002 62.555273804873757 -0.63177231918323506 -0.83881762695999118 1760805000000.0002 -3.1844623128479665 1.15995 -1.2893140192550627 111619.80000000002 -1.2548940218603251 0.025506391691728855 -0.68946023415782098 44.193690910174169 45.532132069842653 1.1546500000000002 110008.65000000001 107996.18299637108 78.39156657235182
decision_type=2 2 2 2 2 2 2 2 2 2 2 2 2 2 2 2 2 2 2 2 2 2 2 2 2 2 2
left_child=3 -2 13 19 -4 -6 14 12 9 10 15 -10 -8 -3 -7 -9 -14 -11 -19 23 -18 -20 25 -1 -22 -15 -26
right_child=1 2 4 -5 5 6 7 8 11 17 -12 -13 16 22 -16 -17 20 18 21 -21 24 -23 -24 -25 26 -27 -28
leaf_value=-0.066778023161268393 0.052539492510277154 0.005471217712798771 0.053758745319851468 0.027488217610708798 -0.046059148682089608 0.062989455264297972 0.015463706951689807 0.068074912733156578 0.04528546684550358 -0.034231632394656118 -0.0061477917375057853 -0.00019123823687467638 -0.0054043980362949683 -0.066818191212056205 0.02201610873806624 0.021085502277524648 -0.06805531410118458 -0.071389643259668942 -0.068015268942026294 -0.069961416773262966 -0.067095028557641809 -0.066976884544446669 -0.06744988311237024 -0.067188628084045673 -0.066751168563540714 -0.067075295127908163 -0.066866203971855304
leaf_weight=0.070124998106621095 0.29927196691278357 0.13723034434951831 0.27883085561916221 0.12484155048150569 0.36566344182938326 0.29292573453858495 0.15694210340734571 0.23680702853016533 0.59942178556229919 0.17342210852075357 0.58792980760335922 0.58604594046482839 0.070150769897736609 0.057987898733699694 0.54497658170294005 0.2500734202330932 0.18039196703466587 0.17694799229502634 0.11176407383754894 0.11193667352199554 0.059786076191813087 0.13197376782773063 0.15915581543231383 0.061820392496883869 0.044123964034952223 0.059612897981423885 0.046082902699708939
leaf_count=37 33 22 10 7 33 21 11 19 33 13 13 34 13 31 32 22 21 3 8 2 11 33 25 17 30 11 12
internal_value=0 0.00285307 5.18199e-05 -0.0358968 0.00370485 0.000680955 0.00470262 -0.00306708 0.00343418 -0.0103244 0.0165416 0.0228037 -0.0363547 -0.0431352 0.0363402 0.04394 -0.0566587 -0.0589281 -0.0691088 -0.0683432 -0.0675415 -0.067453 -0.0672368 -0.0669704 -0.0669236 -0.0669485 -0.0668099
internal_weight=0 5.60752 5.30825 0.368724 4.89426 4.61543 4.24977 3.41186 2.85439 1.66892 1.07481 1.18547 0.557478 0.413987 0.837902 0.48688 0.400536 0.594108 0.420686 0.243882 0.330385 0.243738 0.276757 0.131945 0.149993 0.117601 0.0902069
internal_count=557 494 461 63 372 362 329 276 178 111 54 67 98 89 53 41 87 57 44 56 74 41 67 54 53 42 42
is_linear=0
shrinkage=0.1


Tree=173
num_leaves=29
num_cat=0
split_feature=9 11 2 25 2 2 14 1 14 20 22 25 10 4 22 22 11 25 1 25 1 18 18 23 22 13 22 20
split_gain=0.0664288 0.0644387 0.0652672 0.059055 0.139588 0.104149 0.082605 0.0806923 0.112012 0.0538117 0.0892051 0.0374312 0.065442 0.083834 0.0204977 0.00739555 0.000142548 1.10077e-05 6.03789e-06 2.68848e-06 9.07885e-07 4.77481e-07 3.41971e-07 1.45674e-07 2.80966e-08 1.29147e-08 7.21094e-09 6.45922e-09
threshold=400.59750000000003 394.15000000000003 113990.00000000001 1.0000000180025095e-35 111606.60000000002 111684.25000000001 109183.43156771226 111382.10000000002 109183.43156771226 47.00387052012416 66.986781124082185 0.01933300229854833 365.74500000000006 1.1599000000000002 13.916079131674083 17.371008094152561 365.98000000000008 0.0063531602160872853 113810.55000000002 0.01978879044588815 111619.80000000002 -0.43444148881273487 -0.85843836852627586 0.013158323820073096 69.207614645439961 166939.50000000003 48.260373314699251 62.145956979415509
decision_type=2 2 2 2 2 2 2 2 2 2 2 2 2 2 2 2 2 2 2 2 2 2 2 2 2 2 2 2
left_child=1 2 3 5 7 6 -1 8 9 11 15 12 -5 16 -10 -11 -14 -6 -4 23 -19 22 -20 -16 25 -25 -22 -27
right_child=-2 -3 18 4 17 -7 -8 -9 14 10 -12 -13 13 -15 19 -17 -18 20 21 -21 26 -23 -24 24 -26 27 -28 -29
leaf_value=0.053979448774373433 0.06741666770508721 -0.067273169155042667 -0.068609523725260427 0.049282036679012008 -0.068248905455292261 0.06782730479830261 -0.036211823838868076 0.061740494232302184 0.0035594230270756949 -0.034258965949069693 0.033780275678618459 0.035316679467079858 -0.061985937912681081 0.025091980596931858 -0.06703534463519685 -0.067455720544490505 -0.067431082775604487 -0.067207955368414382 -0.06672285743142288 -0.067618520049852249 -0.066798528436939716 -0.067453479651760559 -0.067264719556298383 -0.066817114657776663 -0.066858707711908272 -0.066723701465259702 -0.066739278591712498 -0.066781324795581243
leaf_weight=0.15456768020522016 0.13905131770297874 0.14961844036588434 0.047447605349589028 0.18907850235700718 0.11592407803982485 0.34341354202479124 0.29605324132717215 0.21731207636184979 0.048450234753545263 0.10537667456082989 0.18283741199411452 0.64893383532762527 0.073765081586316228 0.1970002653542906 0.031642524874769151 0.18479419127106667 0.13805966428481042 0.11171635537175462 0.023302455359953456 0.05504522001137957 0.050401892833178863 0.043839124497026205 0.023285355884581804 0.048045142961200327 0.06166765108355321 0.040759071518550627 0.034670410037506372 0.037213540927041322
leaf_count=31 13 22 3 19 4 19 40 7 13 12 19 37 9 13 6 32 38 18 36 7 23 3 5 18 22 39 30 19
internal_value=0 -0.00300399 -0.000260216 0.00250142 -0.00485642 0.026341 -0.00527528 0.00380822 -0.00235499 0.00779044 -0.0209282 0.0186853 0.000634534 -0.0218646 -0.0564049 -0.0554002 -0.0655349 -0.0674759 -0.067696 -0.0669937 -0.0670205 -0.0672166 -0.0669937 -0.0668369 -0.0668034 -0.0667763 -0.0667744 -0.0667512
internal_weight=0 3.65422 3.5046 3.36673 2.57269 0.794034 0.450621 2.25998 2.04267 1.71985 0.473008 1.24684 0.597904 0.408825 0.322823 0.290171 0.211825 0.312713 0.137875 0.274373 0.196789 0.0904269 0.0465878 0.219328 0.187685 0.126018 0.0850723 0.0779726
internal_count=557 544 522 475 385 90 71 310 303 179 63 116 79 60 124 44 47 75 47 111 71 44 41 104 98 76 53 58
is_linear=0
shrinkage=0.1


Tree=174
num_leaves=28
num_cat=0
split_feature=11 14 9 17 22 0 20 2 0 2 25 0 23 2 11 18 22 7 17 23 1 25 23 18 23 14 7
split_gain=0.0600872 0.0935681 0.0925754 0.100259 0.0782128 0.0832198 0.116559 0.0745871 0.0745339 0.114769 0.114107 0.0570883 0.0597564 0.0386811 0.0176455 0.00321112 0.000346443 8.94071e-05 3.69498e-05 9.94761e-06 6.59924e-06 1.76145e-06 8.81115e-07 4.56204e-07 4.50989e-07 6.18051e-08 5.0579e-08
threshold=377.43620000000004 109984.94939002475 360.69000000000005 -0.80925291542062128 50.00193646971001 1760967000000.0002 29.911626679441778 115350.45000000003 1762111800000.0002 103233.00000000001 0.01731589908885503 1760902200000.0002 0.014034471553028274 112232.85000000002 368.00500000000005 -4.4778581682697807 68.265825753201199 1.16415 -0.80158076785784538 0.022411454699425602 109826.60000000002 1.0000000180025095e-35 0.016264154873293472 -4.9606866848806819 0.017875318986629946 112430.13990224345 1.1486500000000002
decision_type=2 2 2 2 2 2 2 2 2 2 2 2 2 2 2 2 2 2 2 2 2 2 2 2 2 2 2
left_child=1 8 -3 -4 7 6 -6 11 10 -10 14 12 -2 -14 -1 -13 -8 24 -5 22 -16 -11 -20 -23 -17 -24 -25
right_child=4 2 3 18 5 -7 16 -9 9 21 -12 15 13 -15 20 17 -18 -19 19 -21 -22 23 25 26 -26 -27 -28
leaf_value=-0.031199100070421749 0.041305973797381761 -0.050190377653916776 0.0020673878468991471 0.069903873935182145 -0.027150462829493106 -0.0253186722931599 0.060866335506520722 0.03189342707040705 -0.027226619130025727 0.067497093752114115 0.0081773887414365483 -0.04863061584734741 -0.067719122302893384 -0.0051331733077649832 -0.0674833243804248 -0.066853970825329775 0.067431832269148242 -0.070007705466589271 0.067190139600045135 0.067918805509629976 -0.068396018319599711 0.067143152110953813 0.066927532471184534 0.066910767078646821 -0.067180418588956042 0.06679350334376552 0.066789462892720905
leaf_weight=0.2223025690764191 0.13101001724135153 0.12128940736874916 0.37884309131186455 0.066247232258319855 0.21228118101134874 0.43905052146874368 0.11578758817631751 0.1672768760472535 0.225469784811139 0.081974872387945652 0.7121779543813318 0.10083277744706709 0.19879552826751024 0.19622847973369062 0.15578548889607191 0.10977084038313489 0.26275058358442038 0.21475445316173136 0.18010069022420794 0.21972131903748959 0.16119326592888683 0.080551765044219681 0.06337050162255764 0.06246859789825987 0.068870529299601912 0.07527256803587079 0.076426582236308604
leaf_count=8 21 3 25 1 8 34 18 3 24 5 37 22 39 13 23 34 37 6 34 20 17 12 14 14 15 35 35
internal_value=0 0.0093844 0.0322396 0.0424046 -0.0125104 0.0076569 0.0321618 -0.0300002 -0.00481496 0.0267362 -0.0180987 -0.0401479 -0.0172195 -0.0366295 -0.052799 -0.0645519 0.0654236 -0.0686327 0.0676753 0.0674011 -0.0679475 0.0671016 0.0670443 0.0669538 -0.0669798 0.0668548 0.066844
internal_weight=0 2.8832 1.10484 0.983555 2.21741 1.02987 0.590819 1.18754 1.77835 0.526892 1.25146 1.02026 0.526034 0.395024 0.539281 0.494229 0.378538 0.393396 0.604712 0.538465 0.316979 0.301422 0.318744 0.219447 0.178641 0.138643 0.138895
internal_count=557 307 132 129 250 97 63 153 175 90 85 150 73 52 48 77 55 55 104 103 40 66 83 61 49 49 49
is_linear=0
shrinkage=0.1


Tree=175
num_leaves=26
num_cat=0
split_feature=9 0 23 13 5 14 11 9 23 13 23 25 14 0 2 22 3 19 9 20 13 18 0 1 9
split_gain=0.046595 0.049256 0.0687096 0.0455441 0.0473714 0.0942656 0.0803698 0.146737 0.0580257 0.0509721 0.0837834 0.0690523 0.0640359 0.0519798 0.0449904 0.0349032 0.0214774 0.00695819 4.65188e-06 2.08323e-06 5.30753e-07 4.19318e-07 3.83636e-07 7.03319e-08 4.187e-09
threshold=391.33500000000009 1762057800000.0002 0.031677243174031207 25937.500000000004 1.1621000000000001 109984.94939002475 371.94670000000002 358.90000000000003 0.0077614948901407474 368358.00000000006 0.019169665364389136 0.026563414501930279 111177.78892755622 1760902200000.0002 112033.45000000001 42.599894255524568 109161.65000000001 -0.68199779221658385 374.23440000000005 32.595165001001746 278753.50000000006 -1.6042046510846379 1761636600000.0002 110150.75000000001 363.92425000000009
decision_type=2 2 2 2 2 2 2 2 2 2 2 2 2 2 2 2 2 2 2 2 2 2 2 2 2
left_child=1 3 20 -1 5 16 7 -6 -8 14 12 -12 13 -11 17 -2 -5 -10 22 -17 -3 -22 -9 -24 -25
right_child=15 2 -4 4 6 -7 8 18 9 10 11 -13 -14 -15 -16 19 -18 -19 -20 -21 21 -23 23 24 -26
leaf_value=-0.03160228546900723 0.0071663769530643509 -0.066777616379057728 0.026136186772982746 0.028983782731850795 0.064019326893238998 -0.0020045196616820362 -0.031181264422855428 -0.067063271351116865 0.035020006113749134 -0.033355189449405402 0.047406515624659418 -0.014922645778885177 -0.068257285932792316 0.034301691626922426 0.0061349236277769871 -0.067567375413763051 0.067918294227121839 0.055817995969096326 -0.067759242407113465 -0.066854409480826757 -0.067004839165254293 -0.067320993641584767 -0.066913642634043022 -0.066783428491670835 -0.066734470272797247
leaf_weight=0.31766044709365804 0.099803017656085902 0.052222956641344243 0.1225994085543789 0.23082834831438936 0.11112459516152773 0.65676478133536875 0.34078014967963133 0.14813234924804419 0.30718986759893596 0.25758479820797198 0.45957779255695641 0.28984267415944487 0.228721380000934 0.20308666198980063 0.50865605857688934 0.067000668903347105 0.36685507267247885 0.33770204754546307 0.098591955495066941 0.10553686920320615 0.096768005154444836 0.074056485202163458 0.049527724040672183 0.033531453984323889 0.036464945442276075
leaf_count=17 8 37 26 15 2 31 15 29 24 35 33 19 18 15 25 8 35 17 7 37 39 6 13 16 30
internal_value=0 0.00250318 -0.0340015 0.00503553 0.00753038 0.024146 0.00141885 -0.0366328 0.00761182 0.0127114 0.000155884 0.0233004 -0.0250038 -0.00352871 0.0283718 -0.0399039 0.0528816 0.045911 -0.067172 -0.0671313 -0.0670566 -0.0671419 -0.0669557 -0.0668224 -0.0667579
internal_weight=0 5.32827 0.345647 4.98262 4.66496 1.25445 3.41051 0.477373 2.93314 2.59236 1.43881 0.74942 0.689393 0.460671 1.15355 0.272341 0.597683 0.644892 0.366248 0.172538 0.223047 0.170824 0.267656 0.119524 0.0699964
internal_count=557 504 108 396 379 81 298 97 201 186 120 52 68 50 66 53 50 41 95 45 82 45 88 59 46
is_linear=0
shrinkage=0.1


Tree=176
num_leaves=31
num_cat=0
split_feature=9 11 2 1 1 0 23 13 22 20 25 20 14 14 18 3 20 17 0 20 23 0 3 17 22 19 20 19 9 17
split_gain=0.0619288 0.0570131 0.0532041 0.115084 0.0814273 0.11868 0.179952 0.060004 0.0522891 0.0567058 0.0855024 0.0596391 0.0479264 0.0183917 0.0149276 0.00926309 0.00341165 3.38619e-05 6.08183e-06 5.24985e-06 4.05073e-06 7.86085e-07 1.93644e-07 3.88571e-08 2.15549e-08 6.36085e-09 3.96929e-09 2.34104e-09 2.07261e-09 1.82304e-09
threshold=400.59750000000003 394.15000000000003 109437.90000000001 111352.25000000001 111481.90000000001 1761431400000.0002 0.013764450440089246 13201.500000000002 63.67709142511368 26.844909849775373 0.0063531602160872853 45.859238895439098 106654.86404970121 107622.65952651303 -7.3283422596090633 111376.20000000001 31.526588645570452 -0.47648456484491325 1760923800000.0002 77.551237224398932 0.02401158556606826 1761528600000.0002 109125.95000000001 -0.91582452436066164 69.926441880061063 -1.2548940218603251 34.767041852360613 -0.69322810716063399 368.84500000000008 -0.72615404676404471
decision_type=2 2 2 2 2 2 2 2 2 2 2 2 2 2 2 2 2 2 2 2 2 2 2 2 2 2 2 2 2 2
left_child=1 2 8 7 -5 15 -7 -4 9 -1 -11 12 -12 -10 -9 -6 -16 18 -18 21 -13 -8 -20 -24 27 -23 -27 29 -29 -25
right_child=-2 -3 3 4 5 6 19 14 13 10 11 20 -14 -15 16 -17 17 -19 22 -21 -22 25 23 24 -26 26 -28 28 -30 -31
leaf_value=0.034573584467403988 0.067384939356224083 -0.067204471706405741 0.042260129312397011 0.054381033798178761 -0.034229599650913045 0.06757971640054998 -0.067376614577935201 -0.0055153984095665902 0.020041913109675739 0.05120082863745487 -0.031560092914953562 -0.067973694224733233 0.034132657318436614 0.06697218229180002 -0.038659107845910069 -0.067627626655087356 -0.067821003249481523 -0.069136848767218387 -0.067011510146131492 -0.068202744297492637 -0.067144346423914855 -0.066798484286099011 -0.066882994394467848 -0.066746091998746981 -0.066844549707885961 -0.066762781743938363 -0.066697379442336793 -0.066711497039693132 -0.06674990377281298 -0.066777687713130474
leaf_weight=0.3951697254087787 0.12943886779248703 0.13325477892067272 0.064925037324428447 0.26698154635960214 0.14139901072485372 0.30700950603932142 0.031264999881386757 0.046473264112137813 0.14466791390441347 0.17650118266465142 0.28436065601999871 0.1101640043198131 0.18222104851156473 0.19751798245124519 0.044999590609222095 0.20122936679399572 0.083182035916252617 0.10604167706333045 0.048174607451073825 0.057592255994677544 0.12653893698006868 0.019250810117227957 0.035298434842844117 0.036154727291432209 0.029496569273760542 0.01730507452157326 0.020009065119666047 0.022615645604672663 0.037102042231708765 0.036899466096656952
leaf_count=26 13 22 4 12 10 20 2 8 29 39 36 14 17 17 11 36 14 4 9 2 29 12 9 28 11 11 42 27 24 19
internal_value=0 -0.00308734 -0.000474962 -0.0130888 0.00659801 -0.00944755 0.0241745 -0.0484447 0.0124217 0.00310603 -0.0110281 -0.0266455 -0.00590413 0.0471312 -0.0596313 -0.0538446 -0.0648711 -0.0675829 -0.0670819 -0.0674608 -0.0675303 -0.0669742 -0.0668317 -0.0667879 -0.0667672 -0.0667518 -0.0667277 -0.06675 -0.0667354 -0.0667621
internal_weight=0 3.4038 3.27055 1.6534 1.06204 0.79506 0.452432 0.591363 1.61714 1.27496 0.879786 0.703285 0.466582 0.342186 0.526438 0.342628 0.479965 0.434965 0.328924 0.145422 0.236703 0.0878299 0.245741 0.197567 0.162268 0.0565649 0.0373141 0.132772 0.0597177 0.0730542
internal_count=557 544 522 315 147 135 89 168 207 161 135 96 53 46 164 46 156 145 141 69 43 67 127 118 109 65 53 98 51 47
is_linear=0
shrinkage=0.1


Tree=177
num_leaves=30
num_cat=0
split_feature=14 11 11 13 14 16 17 23 22 0 1 25 2 25 0 18 0 0 20 23 17 14 16 25 18 3 15 7 20
split_gain=0.0889932 0.0738025 0.143578 0.14922 0.0694398 0.0780113 0.0931932 0.0648682 0.0732471 0.0612426 0.106043 0.10256 0.0468344 0.0196378 0.0170688 0.00283338 5.40871e-05 5.29799e-05 2.74784e-05 1.42897e-05 2.8511e-06 2.77903e-06 1.84374e-06 1.18099e-06 3.36184e-07 2.35806e-07 1.9491e-07 3.47757e-08 2.06285e-08
threshold=115012.61991691073 377.43620000000004 378.72000000000008 573147.50000000012 109984.94939002475 359.62000000145753 -0.80925291542062128 0.014034471553028274 72.970678794610919 1762111800000.0002 102762.70000000003 0.01731589908885503 112232.85000000002 0.012113900127979265 1760718600000.0002 -4.3387686242861569 1761517800000.0002 1760675400000.0002 70.543941257476035 0.015188201322968628 -0.72817883411895268 109105.7354387628 388.9900000007396 1.0000000180025095e-35 -4.8776193725944772 109839.30000000002 1.1643000000562038 1.1486500000000002 35.432382513216318
decision_type=2 2 2 2 2 2 2 2 2 2 2 2 2 2 2 2 2 2 2 2 2 2 2 2 2 2 2 2 2
left_child=1 4 15 14 9 -6 -7 -5 12 11 -11 13 17 -1 21 -3 -17 -9 20 -19 -8 -4 -21 -12 -25 -22 28 -26 -27
right_child=-2 2 3 7 5 6 18 8 -10 10 23 -13 -14 -15 -16 16 -18 19 -20 22 25 -23 -24 24 27 26 -28 -29 -30
leaf_value=-0.067939072712512788 0.070941061444210654 -0.050354742426566269 0.067575881415642677 0.042748600106069179 -0.050141704609779125 0.0010072877055652769 0.067563933987681082 -0.069983012565830352 0.01325736208123833 -0.026518201681213674 0.067396255372935768 0.0082282994976423714 -0.013780396868222586 -0.027416417394044736 0.022213431581008955 -0.067243126648541957 -0.069637168388540546 -0.06888787498874735 0.068772105665405023 -0.066833812979067861 0.067119197896160485 0.066907912250784018 -0.067469893856431554 0.067097130503435465 0.066885464287730789 0.066864137575325833 0.067041922141363855 0.066780393874477872 0.06677781357495273
leaf_weight=0.29186923376983054 0.16949708363972593 0.11379178572678939 0.11187785060610611 0.14010667387628906 0.1095224693417548 0.36361610394669697 0.11365667305653915 0.15893975645303726 0.27492753404658288 0.21798140252940346 0.072612989693880081 0.69592898013070226 0.24933604849502444 0.20260623516514897 0.12663638754747808 0.20550772070419032 0.1744991154409945 0.069677145802415907 0.1505675675580278 0.076494302280480042 0.062218807870522141 0.14050813647918403 0.11271926196059212 0.072606394067406321 0.057103453553282058 0.04894234542734921 0.057236765394918621 0.070256319246254861 0.063727963191922754
leaf_count=32 18 26 12 22 2 23 17 3 27 24 5 37 6 16 21 38 4 6 9 36 8 33 15 12 14 14 11 35 31
internal_value=0 -0.00284011 -0.0175796 -0.00182583 0.008032 0.0293454 0.0394686 -0.0207377 -0.0301793 -0.00426039 0.0254733 -0.0165135 -0.0480787 -0.0513353 0.0521721 -0.0641973 -0.0683425 -0.0685459 0.0676446 -0.0676636 0.0671536 0.067204 -0.0672127 0.0670508 0.0669254 0.0669526 0.0668917 0.0668275 0.0668153
internal_weight=0 4.60548 1.95502 1.46122 2.65045 0.969489 0.859966 1.0822 0.942094 1.68097 0.490561 1.1904 0.667167 0.494475 0.379022 0.493799 0.380007 0.41783 0.49635 0.258891 0.345783 0.252386 0.189214 0.272579 0.199966 0.232126 0.169907 0.12736 0.11267
internal_count=557 539 249 181 290 115 113 115 93 175 90 85 66 48 66 68 42 60 90 57 81 45 51 66 61 64 56 49 45
is_linear=0
shrinkage=0.1


Tree=178
num_leaves=26
num_cat=0
split_feature=17 9 16 12 11 20 20 19 20 3 20 22 20 13 11 23 20 3 18 18 14 19 9 12 16
split_gain=0.042825 0.0463606 0.0731153 0.0468515 0.0721737 0.0473835 0.0431218 0.0756218 0.0553831 0.0823629 0.0718864 0.0523075 0.0516651 0.0653122 0.0511755 0.123009 0.0361303 0.031448 0.020678 0.0206252 0.0156859 3.45053e-06 3.01298e-07 1.27214e-07 5.11217e-09
threshold=-0.5070358028059303 358.90000000000003 366.20500000108206 366.44050000000004 368.00500000000005 27.366240382781623 70.079028434801302 -2.7058863631690322 65.750863349860012 111461.70000000003 55.468825832417359 28.269079823274847 47.00387052012416 607908.00000000012 380.46500000000009 0.015845712109855175 35.725144778862415 109125.95000000001 -3.4888563536349273 -4.2105993871374956 111372.12717006887 -0.72819562847038544 361.89500000000004 365.51500000000004 363.00000000012278
decision_type=2 2 2 2 2 2 2 2 2 2 2 2 2 2 2 2 2 2 2 2 2 2 2 2 2
left_child=1 -1 22 -4 17 -6 7 -7 9 10 12 -12 13 16 15 -8 -9 -5 -18 -14 21 -2 -3 24 -24
right_child=20 2 3 4 5 6 14 8 -10 -11 11 -13 19 -15 -16 -17 18 -19 -20 -21 -22 -23 23 -25 -26
leaf_value=0.071519366141185911 -0.06794180189366604 -0.067148024278676846 0.067390076954169681 0.0010372236990568277 -0.031689845731617532 -0.050195279949533857 0.023380257030040614 -0.061299705203888104 0.058995818158870762 -0.048832712456742783 -0.042358321700877492 0.020155667846381311 0.025663076388293845 0.041260008036493524 0.023447179816493708 -0.047787201086811476 -0.029096391716079084 -0.068062064418256393 0.03061477455300169 0.064523539902039517 -0.014397614265031581 -0.066845519073333359 -0.066783289959175082 -0.066986896080365038 -0.066732479893206839
leaf_weight=0.094871483743190654 0.048612043494358659 0.039653149957302847 0.11082476162118826 0.097286779593559802 0.32800373685313378 0.16477684536948745 0.41323793912306406 0.12089791952166862 0.31418782728724171 0.18990772415418167 0.26780861304723647 0.26758077059639618 0.19591616740217432 0.42131131715723313 0.41120971442433063 0.58909125567879528 0.099251903709955291 0.2039147864561528 0.13952341160620585 0.45094048680039123 0.10619712888728827 0.070129095547599607 0.039671154285315424 0.034982061508344486 0.03953649164759554
leaf_count=1 5 6 4 27 25 17 29 21 24 24 31 30 31 25 24 18 19 30 32 32 4 37 18 10 33
internal_value=0 0.0022764 0.000946472 0.00312784 0.0016044 0.00486511 0.00782884 0.0153947 0.019775 0.0140519 0.0201348 -0.0111146 0.0318523 0.0145405 -0.00625926 -0.0184464 -0.016758 -0.0457433 0.00579459 0.0527537 -0.0423209 -0.0672943 -0.0669105 -0.0668281 -0.0667579
internal_weight=0 5.03439 4.93951 4.78567 4.67485 4.37365 4.04564 2.6321 2.46733 2.15314 1.96323 0.535389 1.42784 0.780985 1.41354 1.00233 0.359673 0.301202 0.238775 0.646857 0.224938 0.118741 0.153843 0.11419 0.0792076
internal_count=557 511 510 443 439 382 357 286 269 245 221 61 160 97 71 47 72 57 51 63 46 42 67 61 51
is_linear=0
shrinkage=0.1


Tree=179
num_leaves=28
num_cat=0
split_feature=9 1 16 11 17 19 14 23 17 17 2 17 25 4 14 0 17 1 3 14 20 17 17 14 19 23 18
split_gain=0.0556943 0.0450301 0.0942181 0.0803939 0.0759435 0.0691214 0.0560049 0.049765 0.0477588 0.0467424 0.0594396 0.105401 0.0625004 0.0456759 0.0157388 0.00613049 2.63956e-05 7.22169e-06 2.3546e-06 5.61394e-07 3.49108e-07 5.21943e-08 9.9437e-09 2.75585e-09 2.14415e-09 2.12002e-09 1.89499e-10
threshold=400.59750000000003 108395.00000000001 377.51999999819276 380.02500000000003 -0.43429368565281173 -0.74457486751067103 109183.43156771226 0.013067542816838838 -0.56623833066780638 -0.85289846546291703 106032.90000000001 -0.79193247183472981 0.011561022685725441 1.1599000000000002 107083.02534246836 1760783400000.0002 -0.47022116631279648 108683.30000000002 110246.00000000001 109183.43156771226 70.079028434801302 -0.8407396205888199 -0.56356564245969953 111223.22908892953 -0.69322810716063399 0.016205179272636275 -2.3441163136794638
decision_type=2 2 2 2 2 2 2 2 2 2 2 2 2 2 2 2 2 2 2 2 2 2 2 2 2 2 2
left_child=1 9 4 5 16 7 -5 -4 -7 14 12 15 -11 -13 -1 -12 17 -3 -8 -19 -20 -21 23 24 -23 -25 -27
right_child=-2 2 3 6 -6 8 18 -9 -10 10 11 13 -14 -15 -16 -17 -18 19 20 21 -22 22 -24 25 -26 26 -28
leaf_value=0.018098420633757009 0.067321712864286259 -0.067935541409754732 0.064223665326829604 0.025058621365503138 0.061705318868843922 0.012650981874842804 -0.067637286073929367 0.007683643355324914 -0.050452535033610503 -0.01064926818207911 -0.06740133334515451 -0.012747278637068999 0.068519260168036153 0.067297123309650278 0.067345454872638946 -0.040431177692717112 -0.069426969051394227 -0.067116089090633574 -0.066835430134724386 -0.066873988682157812 -0.067135003002532639 -0.066763100858454924 -0.066810953092207956 -0.066742316499333418 -0.066728257377191388 -0.066687334419637687 -0.066705926707887123
leaf_weight=0.10580507066333655 0.11758822016417969 0.085731476079672575 0.29975368466693919 0.089347621542401501 0.051398848649114259 0.2692401766544209 0.091818306362256408 0.32386852469062433 0.21627800288842947 0.18582272485946372 0.18498695414746169 0.14235850420664076 0.21520560188218951 0.14279973285738379 0.1678383779944852 0.15481484157498926 0.059541128575801849 0.068793023005127907 0.070874292199732736 0.045267207009601407 0.086228189058601856 0.045692013518419117 0.022494240634841844 0.018281275872141123 0.02878804539795965 0.011466787618701346 0.010503536177566275
leaf_count=28 13 4 15 19 2 38 11 33 11 34 29 31 12 22 19 14 2 8 38 24 17 29 11 18 30 32 13
internal_value=0 -0.00275466 -0.0125853 -0.000181778 -0.0526625 0.0128335 -0.0428573 0.0348605 -0.015459 0.0115821 0.001788 -0.0174929 0.0318353 0.0273368 0.0483039 -0.0551136 -0.0674859 -0.067143 -0.067235 -0.0668726 -0.0669999 -0.0667809 -0.0667502 -0.0667382 -0.0667496 -0.0667172 -0.0666962
internal_weight=0 3.195 1.89537 1.44741 0.447958 1.10914 0.338268 0.623622 0.485518 1.29963 1.02599 0.62496 0.401028 0.285158 0.273643 0.339802 0.396559 0.337018 0.248921 0.251286 0.157102 0.182493 0.137226 0.114732 0.0744801 0.0402516 0.0219703
internal_count=557 544 355 182 173 97 85 48 49 189 142 96 46 53 47 43 171 169 66 165 55 157 133 122 59 63 45
is_linear=0
shrinkage=0.1


Tree=180
num_leaves=31
num_cat=0
split_feature=0 14 23 2 0 23 14 14 14 17 23 24 18 9 18 13 19 19 0 20 23 3 3 13 1 13 13 19 2 20
split_gain=0.0515127 0.0893295 0.128336 0.081163 0.079829 0.0633303 0.0878781 0.0965664 0.11889 0.176919 0.09012 0.0531931 0.0507667 0.049047 0.0345039 0.0232286 0.0202033 0.000169383 2.38146e-05 2.07714e-05 1.03688e-05 7.06899e-06 3.87925e-06 3.37682e-07 2.44543e-07 2.25782e-07 1.69519e-07 8.56495e-08 2.80166e-08 1.83712e-09
threshold=1762047000000.0002 108306.73387963064 0.029574814480847474 103233.00000000001 1760686200000.0002 0.012757516301438792 111177.78892755622 111482.14156110022 111495.57178458919 -0.70197564775797539 0.014034471553028274 0.00086398026826511713 -4.1437792089776284 377.48000000000008 -0.33200336512290668 188647.50000000003 -0.64807323560557728 -1.2548940218603251 1762057800000.0002 18.346129348126826 0.017645910712597159 111693.45000000001 107846.55000000002 831107.50000000012 111547.05000000002 278753.50000000006 256594.00000000003 -0.61204660565130686 108105.05000000002 51.125611024311269
decision_type=2 2 2 2 2 2 2 2 2 2 2 2 2 2 2 2 2 2 2 2 2 2 2 2 2 2 2 2 2 2
left_child=1 4 5 -2 -1 24 10 -8 -9 17 -7 15 -13 -11 18 -12 -14 -10 -5 -6 -17 -19 23 28 -3 -20 -23 -27 29 -21
right_child=3 2 -4 14 19 6 7 8 9 13 11 12 16 -15 -16 20 -18 21 25 22 -22 26 -24 -25 -26 27 -28 -29 -30 -31
leaf_value=0.029885571345490105 -0.024519170927558349 -0.067036951768705499 0.048079089036865225 0.068905996891640703 -0.068941398722290756 0.047254563972892655 0.068223622894255168 -0.071313796198701609 0.072117761592807 0.0050301501563670536 -0.022115632928242784 0.013661901586735687 -0.056409340032089118 -0.069189609395291743 -0.00070179419752563457 -0.068258080851423861 -0.012780553957289782 0.068072223862506775 0.066789008625980389 -0.066760877635649987 -0.067163732299088313 0.067083826394903193 -0.067691690894172152 -0.067050571212148011 -0.06679021776472506 0.067072750229525677 0.066880414971181079 0.066925313021743857 -0.066861160515419349 -0.066728752546724501
leaf_weight=0.10903711570426855 0.20985508058220137 0.098425459291321071 0.49544663086999197 0.080952201038599014 0.08622133475728333 0.17954076628666404 0.28150252858176805 0.18103040754795074 0.10480906814336777 0.18562681059120223 0.16395447845570721 0.39194075076375234 0.2289633078034975 0.1711139758117497 0.096683972980827093 0.14977565000299364 0.19786058855242872 0.087922439444810152 0.082261592673603445 0.039260069315787405 0.20519734075060114 0.070597685757093132 0.093609619187191129 0.084524917649105191 0.067867943318560719 0.072998655727133155 0.097625610302202404 0.085609162575565279 0.030158487556036562 0.032568248920142651
leaf_count=6 24 24 32 2 3 20 19 2 1 36 17 33 22 5 5 12 18 7 35 25 28 15 6 17 28 13 31 32 11 28
internal_value=0 -0.00465478 0.00108692 0.0262343 -0.0452277 -0.007043 -0.0033507 0.017114 0.00110527 0.0193721 -0.0192698 -0.0281985 -0.0123232 -0.03057 0.051684 -0.0532467 -0.0361846 0.0687313 0.0674221 -0.0675842 -0.0676255 0.0673456 -0.0671664 -0.0669028 -0.0669363 0.0669234 0.0669658 0.0669932 -0.0667803 -0.0667463
internal_weight=0 3.83458 3.3592 0.628361 0.47538 2.86375 2.69746 1.18023 0.898726 0.717696 1.51723 1.33769 0.818765 0.356741 0.418506 0.518927 0.426824 0.360955 0.321822 0.366343 0.354973 0.256146 0.280121 0.186512 0.166293 0.240869 0.168223 0.158608 0.101987 0.0718283
internal_count=557 446 350 111 96 318 266 116 97 95 150 130 73 41 87 57 40 54 82 90 40 53 87 81 52 80 46 45 64 53
is_linear=0
shrinkage=0.1


Tree=181
num_leaves=30
num_cat=0
split_feature=13 13 0 4 14 11 9 23 19 18 22 18 19 10 13 9 22 3 20 22 19 17 20 18 23 19 25 19 20
split_gain=0.0403341 0.0445988 0.0414953 0.0553999 0.0596123 0.0571157 0.113216 0.047536 0.164259 0.0475799 0.0417436 0.0401857 0.0329692 0.0804776 0.0946246 0.0434222 0.0239036 0.0200238 0.0248181 0.00846973 0.00773529 1.96326e-05 3.29088e-06 7.58578e-07 4.76902e-07 1.43149e-07 3.59471e-08 4.01355e-09 1.80682e-09
threshold=2363254.5000000005 19551.500000000004 1762047000000.0002 1.1567500000000004 109898.98332916676 371.94670000000002 358.90000000000003 0.015048552399531593 -0.74457486751067103 -4.4903603903600713 79.918281298474454 -0.33200336512290668 -2.6257899174079919 378.80500000000006 607908.00000000012 379.26000000000005 36.040271798230812 110861.25000000001 63.023146120128338 50.00193646971001 -1.050376347583722 -0.94723724818721811 22.187768828589153 -7.3765938538101894 0.016264154873293472 -0.60706544880974234 0.017332537831828341 -0.82044041387180244 42.431427983874208
decision_type=2 2 2 2 2 2 2 2 2 2 2 2 2 2 2 2 2 2 2 2 2 2 2 2 2 2 2 2 2
left_child=1 -1 3 4 -3 6 -5 8 20 -9 11 21 -11 -14 15 -15 -2 18 -16 -17 -7 -4 -8 -23 -24 -25 -26 -28 -27
right_child=16 2 10 5 -6 7 22 9 -10 12 -12 -13 13 14 17 19 -18 -19 -20 -21 -22 23 24 25 26 28 27 -29 -30
leaf_value=-0.043122414536744771 0.002184881113857705 0.06762477369591155 -0.06919754301558613 0.062022863370505416 -0.0015351808232503331 -0.039827422659287293 -0.067812494603301257 -0.024239598747970232 0.030223159531709339 -0.0083424168929203905 0.028791178372748968 0.013903711385810081 0.069016328231607582 0.023905043394145502 0.02352597221216313 -0.027635811877426242 -0.046009473874030871 0.015857829227398555 0.06874738529868922 -0.067580089369070603 -0.068177795646051684 -0.067445810120363367 -0.067101436015710808 -0.066949425907721211 -0.066862516430370625 -0.066745320971792962 -0.066777453911646481 -0.06672407782623356 -0.066703948131035251
leaf_weight=0.19949735855334427 0.16172741964692239 0.30122290103463489 0.052855487912893295 0.091207928024232721 0.21259037940762937 0.15479129465529695 0.055600761435925961 0.2562816396821298 0.44715970149263773 0.30651518912054676 0.10550402081571519 0.084641533438116201 0.36042325478046988 0.10434436006471492 0.24320429071667604 0.081444196053780615 0.28298953443299979 0.39918374689295888 0.24224304629024118 0.15244216634891927 0.25443349042325281 0.028265242115594447 0.10247589385835454 0.087570901741855778 0.049315129348542541 0.02764142416708637 0.024177007901016623 0.033757514029275626 0.017076959367841482
leaf_count=24 22 30 1 2 17 19 3 21 33 13 8 5 18 6 30 18 35 7 10 38 36 5 17 31 17 24 13 32 22
internal_value=0 0.00309356 0.00524959 0.00842939 0.0390098 0.00375162 -0.0340892 0.00824511 -0.0116736 0.0161936 -0.0252661 -0.0444013 0.0216769 0.0274884 0.0152486 -0.0297385 -0.0284829 0.032449 0.0460919 -0.0536706 -0.0574541 -0.0675259 -0.0671285 -0.0669756 -0.0669472 -0.0668751 -0.0667998 -0.0667464 -0.0667295
internal_weight=0 4.47587 4.27637 3.87281 0.513813 3.359 0.356534 3.00247 0.856384 2.14608 0.403556 0.298052 1.8898 1.58329 1.22286 0.338231 0.444717 0.884631 0.485447 0.233886 0.409225 0.21341 0.265326 0.160555 0.209726 0.132289 0.10725 0.0579345 0.0447184
internal_count=557 500 476 380 47 333 84 249 88 161 96 88 140 127 109 62 57 47 40 56 55 83 82 82 79 77 62 45 46
is_linear=0
shrinkage=0.1


Tree=182
num_leaves=31
num_cat=0
split_feature=17 12 2 2 0 11 14 4 14 0 20 0 13 14 17 17 1 14 0 3 14 20 17 23 17 23 11 2 9 3
split_gain=0.0495986 0.0645773 0.129049 0.0620751 0.0774321 0.153793 0.112406 0.0963863 0.088548 0.100172 0.0609704 0.040879 0.0128525 0.00337483 0.00302263 2.29223e-05 4.28064e-06 2.43113e-06 1.34548e-06 6.0159e-07 1.87032e-07 3.52457e-08 2.28569e-08 2.26569e-08 7.77316e-09 2.01621e-09 2.34391e-09 2.10322e-09 1.6307e-09 1.8883e-10
threshold=-0.46557138708034562 369.32250000000005 102252.05 106032.90000000001 1760805000000.0002 380.46500000000009 108181.91468090368 1.1599000000000002 109183.43156771226 1761431400000.0002 59.226792734108322 1761485400000.0002 20654.500000000004 110741.6094355299 -0.8247944920288911 -0.47022116631279648 102159.25000000001 106731.26015333149 1760455800000.0002 107490.20000000001 103190.08883396095 29.657101541721399 -0.91582452436066164 0.019169665364389136 -0.56215599238075464 0.0089601838413097632 363.07500000000005 110057.80000000002 385.7050000000001 110089.35000000002
decision_type=2 2 2 2 2 2 2 2 2 2 2 2 2 2 2 2 2 2 2 2 2 2 2 2 2 2 2 2 2 2
left_child=1 2 -1 -3 5 -5 14 -8 -9 10 -10 -11 -4 -12 -6 16 -14 -7 -19 -20 -18 -22 -23 28 25 -24 -27 -28 -21 -29
right_child=-2 3 12 4 6 17 7 8 9 11 13 -13 15 -15 -16 -17 20 18 19 23 21 22 24 -25 -26 26 27 29 -30 -31
leaf_value=0.067022415308398503 0.058466343642309994 0.067983329766654582 -0.0018757907736457935 0.064782155211648415 0.067325928510585956 -0.067627126476758226 -0.067567629369778823 0.059035745211086524 0.0012083383744950649 0.067490450755333165 -0.045916932354204194 0.0022317750307656523 -0.067729092407501176 -0.067321683661398735 0.048806578102180247 -0.069224508629229894 -0.067034042232092653 -0.067541797218153732 -0.067163391763290101 -0.066763575567095876 -0.066869591200535594 -0.066856525627511793 -0.066758554952672661 -0.066848539359575562 -0.066785459630364627 -0.066749208670129151 -0.06673113339424197 -0.066703021146708272 -0.06672886403510489 -0.066687202421743141
leaf_weight=0.097180303884670916 0.13888831765507337 0.142273482109886 0.032737425819505006 0.11589986330363933 0.20603023353032768 0.14648625045083463 0.19936161389341567 0.26209170976653684 0.31830270949285455 0.18944898224435747 0.11093932203948498 0.19457734031311702 0.06489555723965168 0.2192049803561531 0.15401302545797069 0.055370778543874621 0.032586773042567074 0.052945257164537907 0.079703616327606142 0.025121656770352274 0.033523061953019351 0.020429633441381156 0.021791243634652346 0.034400409203954041 0.034312508592847735 0.027518310147570446 0.034834900812711567 0.01501393795479089 0.029341450775973499 0.015171617837040685
leaf_count=15 18 5 12 3 31 12 18 23 36 15 21 25 3 39 22 2 9 3 20 13 10 8 15 16 19 22 31 20 30 41
internal_value=0 -0.00267585 -0.0360334 0.00385225 -5.05142e-05 -0.035673 0.0092472 -0.00284083 0.00712703 -0.00604991 -0.0300204 0.0344254 -0.0618329 -0.060129 0.059404 -0.067355 -0.0670101 -0.0673111 -0.067102 -0.0669639 -0.0668117 -0.0667759 -0.0667573 -0.066785 -0.0667437 -0.0667312 -0.0667247 -0.0667144 -0.0667449 -0.0666951
internal_weight=0 2.96551 0.485366 2.48014 2.33787 0.483899 1.85397 1.49393 1.29457 1.03247 0.648447 0.384026 0.388186 0.330144 0.360043 0.355448 0.300078 0.367999 0.221512 0.168567 0.235182 0.202595 0.169072 0.0888635 0.148643 0.11433 0.0925388 0.0650205 0.0544631 0.0301856
internal_count=557 539 207 332 327 97 230 177 159 136 96 40 192 60 53 180 178 94 82 79 175 166 156 59 148 129 114 92 43 61
is_linear=0
shrinkage=0.1


Tree=183
num_leaves=27
num_cat=0
split_feature=11 14 9 22 17 2 11 1 17 0 14 25 1 14 1 22 1 1 17 1 19 18 19 7 0 17
split_gain=0.0467984 0.0645301 0.102839 0.0566993 0.085617 0.169688 0.0964389 0.0676626 0.0453253 0.0448755 0.0945306 0.148754 0.0894795 0.0814061 0.0154183 0.00486523 0.00183409 1.80939e-05 2.10282e-06 5.65064e-07 3.44232e-07 1.83158e-07 1.66633e-07 2.28993e-08 1.85641e-08 2.57121e-09
threshold=377.43620000000004 110271.92358892465 358.90000000000003 81.876791922366607 -0.69823231577226019 112327.00000000001 385.23500000000007 108154.75000000001 -0.8407396205888199 1762090200000.0002 108306.73387963064 0.01731589908885503 102762.70000000003 109839.00011609019 110600.65000000001 0.76364825590017216 106922.60000000002 109767.85000000002 -0.79820327139623537 109604.85000000002 -0.42836874539038733 -5.1642870495437965 -0.73738137834354756 1.1486500000000002 1761571800000.0002 -0.63015169278123939
decision_type=2 2 2 2 2 2 2 2 2 2 2 2 2 2 2 2 2 2 2 2 2 2 2 2 2 2
left_child=1 9 -3 4 5 6 14 16 -4 10 -1 13 -11 -12 -2 -6 -8 -10 -19 21 22 -14 -20 -23 -24 -26
right_child=3 2 8 -5 15 -7 7 -9 17 12 11 -13 19 -15 -16 -17 -18 18 20 -21 -22 23 24 -25 25 -27
leaf_value=-0.067751690335593182 -0.03314001045499327 -0.070622689768131339 0.0015455659308859157 0.044942094070521327 -0.068200086786430109 0.066491290558628569 -0.067299213419727041 0.027621848031588087 0.068690955924373007 -0.023768394953467529 -0.067651507960153859 0.048962484565841485 0.067039786581106917 0.0051312166914572778 -0.069379485880609229 -0.043546892421511219 -0.041036483175829544 0.067504583856055553 0.06697013016710382 0.067226300646372111 0.067145386498666179 0.066866371245637463 0.066837055584502245 0.066778101938407233 0.066725063732569936 0.066766377722802014
leaf_weight=0.2376170021016154 0.18956468318356179 0.079317741096019634 0.13893592532258481 0.15566833899356414 0.254082363215275 0.25819692050572485 0.080358098261058331 0.37551368738058954 0.090367021504789591 0.19733749877195794 0.28754077048506566 0.40964691794943064 0.054217638447880745 0.33008596469881013 0.30839991453103721 0.11686911701690406 0.039742534048855305 0.090380580513738096 0.08516416943166405 0.068826833972707391 0.060132025275379419 0.053569251438602805 0.033205667627044022 0.065114765951875597 0.032790069322800264 0.02786598278908059
leaf_count=28 21 1 7 23 36 24 30 37 3 24 28 22 11 26 25 26 28 10 19 10 10 15 12 36 29 16
internal_value=0 0.00880893 0.0359322 -0.0127076 -0.018238 -0.00573386 -0.0245027 0.0067259 0.0510558 -0.00134916 -0.0109104 0.00223748 0.0261955 -0.0287533 -0.0555839 -0.060433 -0.0586086 0.0674374 0.0670937 0.066984 0.0669384 0.0668875 0.0668688 0.0668179 0.0667769 0.066744
internal_weight=0 2.34212 0.638159 1.7784 1.62273 1.25178 0.993579 0.495614 0.558841 1.70396 1.26489 1.02727 0.439066 0.617627 0.497965 0.370951 0.120101 0.419906 0.329538 0.241728 0.239158 0.172902 0.179026 0.118684 0.0938617 0.0606561
internal_count=557 307 107 250 227 165 141 95 106 200 104 76 96 54 46 62 58 99 96 72 86 62 76 51 57 45
is_linear=0
shrinkage=0.1


Tree=184
num_leaves=26
num_cat=0
split_feature=9 13 0 23 18 25 23 19 22 12 3 10 20 14 22 4 3 0 13 0 14 19 3 18 19
split_gain=0.0362178 0.0362898 0.0320793 0.0592209 0.038425 0.141158 0.0975128 0.0632558 0.0607928 0.0516732 0.0677561 0.0356821 0.0302771 0.0284701 0.026101 0.0193198 0.0363718 0.0158833 0.013646 0.00295732 6.25064e-07 1.87945e-07 1.65073e-07 5.41021e-08 1.39566e-09
threshold=391.33500000000009 25937.500000000004 1762057800000.0002 0.031677243174031207 -2.975891891791937 0.0038886593554498779 0.033297553732022804 -2.7058863631690322 35.714098553192152 381.00500000000005 110861.25000000001 383.12060000000002 43.887401138829752 111632.04773623588 42.599894255524568 1.1621500000000002 106589.30000000002 1761334200000.0002 2304959.5000000005 1761463800000.0002 108605.26299774168 -2.0491122201902825 102214.75000000001 -1.99432476149076 -0.59997778948411262
decision_type=2 2 2 2 2 2 2 2 2 2 2 2 2 2 2 2 2 2 2 2 2 2 2 2 2
left_child=1 -1 4 21 5 19 8 -6 15 10 -10 -11 -9 17 -2 -7 -17 -14 -13 -3 -16 -4 -23 24 -24
right_child=14 2 3 -5 7 6 -8 12 9 11 -12 18 13 -15 20 16 -18 -19 -20 -21 -22 22 23 -25 -26
leaf_value=-0.032475284429007822 0.0036810006890713371 -0.068246730880352602 -0.067150532210834363 0.032790826211181304 -0.021263217608399609 0.067632808871860892 -0.056545854865972439 0.0039766648924697339 0.0098322169656917032 0.060234425186876307 -0.054189155166147675 -0.010997067842390738 0.033957568612499427 0.013794681213926489 -0.067267244920990274 0.067754423028723074 -0.012243879473846392 0.066983985698372286 0.032382048588320965 -0.049995853510154481 -0.066825890824767017 -0.067060009186410724 -0.066746659958891327 -0.066910249602203972 -0.066706659574300803
leaf_weight=0.28087607122142788 0.085804494621697702 0.17821383904083665 0.048437212797580287 0.094964194402564317 0.30692793207708735 0.24031976319383819 0.20090113824699063 0.33532530849333875 0.50655112275853731 0.22245062445290387 0.24539194998214953 0.17207981337560341 0.26681350794387981 0.29241602262482047 0.053599897597450763 0.11147890274878591 0.11594211799092591 0.32058339141076431 0.12533681187778711 0.17692420841194689 0.079955174995120615 0.045717956993030273 0.018099773995345458 0.030133157590171322 0.016836628696182743
leaf_count=34 8 24 9 21 22 17 30 37 39 7 38 34 22 14 9 7 36 25 8 19 36 8 15 10 28
internal_value=0 0.00229035 0.00468848 -0.0297098 0.00697881 -0.00119037 0.00941811 0.0192996 0.0170363 0.00569929 -0.0110608 0.0299412 0.0295452 0.0392903 -0.0393543 0.0478622 0.0269703 0.0519824 0.00728369 -0.0591544 -0.067003 -0.0669862 -0.0669144 -0.0668121 -0.0667274
internal_weight=0 4.35272 4.07185 0.254189 3.81766 2.29559 1.94045 1.52207 1.73955 1.27181 0.751943 0.519867 1.21514 0.879813 0.21936 0.467741 0.227421 0.587397 0.297417 0.355138 0.133555 0.159225 0.110788 0.0650696 0.0349364
internal_count=557 504 470 91 379 259 216 120 186 126 77 49 98 61 53 60 43 47 42 43 45 70 61 53 43
is_linear=0
shrinkage=0.1


Tree=185
num_leaves=31
num_cat=0
split_feature=9 2 25 2 14 1 14 17 20 0 11 3 25 14 9 3 25 25 20 1 22 20 1 20 13 22 10 19 20 3
split_gain=0.0493834 0.0453617 0.051077 0.0911656 0.0800903 0.0736763 0.0881034 0.0715214 0.0402148 0.0995458 0.0674346 0.05291 0.0715547 0.0333031 0.033109 0.0208323 0.0179371 4.12332e-06 2.5178e-06 2.32057e-06 9.25514e-07 8.17893e-07 3.72176e-07 3.36968e-07 7.16833e-08 1.80644e-08 1.36233e-08 3.0618e-09 2.46625e-09 1.49777e-09
threshold=400.59750000000003 113990.00000000001 1.0000000180025095e-35 111606.60000000002 111619.89829137579 111382.10000000002 109105.7354387628 -0.68850445899985824 29.657101541721399 1760805000000.0002 377.26000000000005 107917.50000000001 0.011561022685725441 109183.43156771226 365.42000000000002 106892.50000000001 0.0066064760556945523 0.0063531602160872853 77.551237224398932 102159.25000000001 31.571261658106852 71.783825578886933 111619.80000000002 75.262288362041019 2537147.0000000005 69.207614645439961 366.73500000000007 -0.99183738419828404 66.125618104364605 114453.8
decision_type=2 2 2 2 2 2 2 2 2 2 2 2 2 2 2 2 2 2 2 2 2 2 2 2 2 2 2 2 2 2
left_child=1 2 4 5 7 6 8 13 15 20 11 12 14 -1 -11 -4 -8 -5 23 -16 -10 24 -19 29 25 27 -21 -18 -24 -3
right_child=-2 18 3 17 -6 -7 16 -9 9 10 -12 -13 -14 -15 19 -17 21 22 -20 26 -22 -23 28 -25 -26 -27 -28 -29 -30 -31
leaf_value=0.066952814676875791 0.067262444202695004 -0.066715947611742751 0.051770118274521729 -0.067817897087459847 0.067462744517384945 0.06105502947735985 0.013248999190441589 -0.068737520974469724 -0.067597572114543356 0.035339561421247813 0.067585033892725174 -0.056636211442706391 0.049325226706676696 -0.010344903890577458 -0.067677869993983994 0.009289892449206796 -0.066760222420506374 -0.067073591477295205 -0.067987540464583218 -0.066828611445258188 -0.067177464409785906 -0.06718647742015714 -0.066721371371795651 -0.067248879605363063 -0.066925682889786606 -0.066824465935456753 -0.066724873106320248 -0.066723710138857861 -0.066763151237127921 -0.066764469036974014
leaf_weight=0.10865767323412001 0.10582476202398527 0.013347435116884188 0.20241923222783975 0.086281590629368909 0.26120780291967094 0.17875172203639511 0.031460800673812517 0.11885116013581987 0.087672190100420266 0.043552784598432481 0.15769394137896597 0.1524496516212821 0.22411812038626522 0.11444435297744349 0.061404643580317497 0.26866304106079042 0.045269351714523509 0.082819935894804075 0.051035689190030098 0.022035086585674435 0.13049166856217198 0.082183618214912713 0.029978020247654058 0.026372693188022822 0.035642415983602405 0.036983043188229203 0.029751124209724367 0.046617418469395489 0.026723650138592348 0.012155402771895751
leaf_count=29 13 20 17 4 21 7 9 19 14 10 15 11 25 21 3 24 31 18 2 14 29 14 37 3 8 19 32 50 16 22
internal_value=0 -0.00234266 0.000171959 -0.00731221 0.0257697 5.76862e-05 -0.00651692 -0.00607836 0.00383012 -0.00845671 0.0101359 -0.00685117 0.0130766 0.0273015 -0.0387532 0.0275432 -0.0578604 -0.0672745 -0.0674889 -0.0672621 -0.0673463 -0.0669289 -0.0669385 -0.0669983 -0.0668002 -0.0667655 -0.066769 -0.0667417 -0.0667411 -0.0667391
internal_weight=0 2.76904 2.66612 2.06296 0.603161 1.83716 1.65841 0.341953 1.38025 0.909169 0.691005 0.533311 0.380862 0.223102 0.156744 0.471082 0.278157 0.225803 0.102911 0.113191 0.218164 0.246696 0.139522 0.0518755 0.164512 0.12887 0.0517862 0.0918868 0.0567017 0.0255028
internal_count=557 544 497 407 90 332 325 69 194 153 110 95 84 50 59 41 131 75 47 49 43 122 71 45 108 100 46 81 53 42
is_linear=0
shrinkage=0.1


Tree=186
num_leaves=27
num_cat=0
split_feature=24 20 10 13 14 23 17 14 19 3 23 23 13 17 17 17 13 1 9 11 17 18 12 14 18 9
split_gain=0.0440358 0.0696578 0.0690726 0.0675884 0.0578489 0.0773624 0.0564549 0.110677 0.0843965 0.0800444 0.0558907 0.050349 0.0437194 0.0376229 0.0711319 0.0313912 0.0355944 0.0198854 0.00203816 0.00171652 0.000413353 6.65166e-05 9.72161e-06 1.27581e-06 6.50123e-08 1.41899e-08
threshold=0.00086398026826511713 60.16744282871921 369.32000000000005 166939.50000000003 108306.73387963064 0.037704492801692226 -0.69823231577226019 111495.57178458919 -0.64807323560557728 110713.35000000002 0.018138679564720386 0.031153265404271095 21378.000000000004 -0.79193247183472981 -0.76241983889423348 -0.79820327139623537 278753.50000000006 102049.75000000001 360.69000000000005 368.00500000000005 -0.70745234958250636 -3.7957812238231141 368.02500000000003 103190.08883396095 -4.5401430923921504 366.25940000000008
decision_type=2 2 2 2 2 2 2 2 2 2 2 2 2 2 2 2 2 2 2 2 2 2 2 2 2 2
left_child=1 15 12 -3 11 6 7 9 -8 -6 13 -4 -2 -5 -15 21 18 -14 -17 22 -16 -1 23 -19 -25 -26
right_child=2 3 4 10 5 -7 8 -9 -10 -11 -12 -13 17 14 20 16 -18 19 -20 -21 -22 -23 -24 24 25 -27
leaf_value=-0.064341939585740152 -0.0095047906025436061 0.05929950124195657 0.0075726924975993469 0.038407951498481155 0.028313665170897243 0.058855539349010215 -0.06829387889115314 0.068749824651500299 0.01087541954325201 -0.051657064313511185 -0.054980045858827556 -0.067717322314487113 0.0028970815007742477 0.050059794502983729 -0.067320542445142503 -0.05436881855092221 0.035968266671946407 0.067428390453695503 -0.03337836914837642 0.050610527293718448 -0.056745697552507406 -0.067818705315055156 0.068280334147342775 0.066941318830179744 0.066836530067978225 0.066758787434609473
leaf_weight=0.076801968069048598 0.14280881034210358 0.17129485023906454 0.14942603692179535 0.21642314188648015 0.24614464410115044 0.2418535673059522 0.26115715643391013 0.25343039073050022 0.27797268948052045 0.25464306864887476 0.20218499755719677 0.21899467561161146 0.063292743638157845 0.091738401621114463 0.073921880248235539 0.083975753746927007 0.08274620003066957 0.051227647549239919 0.10299469740130007 0.077994230494368821 0.073931957478635013 0.19408938608830795 0.085860405379207805 0.04743062931811437 0.046992612769827247 0.046919267624616623
leaf_count=33 12 14 31 13 29 18 15 36 32 12 27 33 6 7 10 2 31 8 38 18 30 35 8 15 16 28
internal_value=0 -0.0148581 0.00750181 0.00334487 -0.00159574 0.00694404 -0.00276331 0.0149008 -0.0274746 -0.0123503 -0.0112172 -0.0371808 0.0382885 0.00818611 -0.0191132 -0.0427883 -0.0186389 0.0545501 -0.042806 0.0637225 -0.0620328 -0.066833 0.0673954 0.0670008 0.0668459 0.0667977
internal_weight=0 1.3701 2.46615 0.829495 1.90362 1.5352 1.29335 0.754218 0.53913 0.500788 0.6582 0.368421 0.562526 0.456015 0.239592 0.540608 0.269717 0.419718 0.18697 0.356425 0.147854 0.270891 0.278431 0.19257 0.141343 0.0939119
internal_count=557 240 317 101 206 142 124 77 47 41 87 64 111 60 47 139 71 99 40 93 40 68 75 67 59 44
is_linear=0
shrinkage=0.1


Tree=187
num_leaves=25
num_cat=0
split_feature=13 1 13 17 11 23 25 23 24 20 1 2 23 9 18 10 13 18 20 23 25 2 22 18
split_gain=0.0343176 0.0360237 0.0349406 0.0355022 0.0545446 0.0449219 0.0452809 0.0704726 0.0369299 0.0528493 0.0690858 0.0746962 0.0434657 0.0365111 0.0320808 0.0232846 0.0153848 0.0136545 1.22101e-05 9.45603e-07 2.95482e-07 1.54303e-07 2.48327e-08 3.95985e-09
threshold=2363254.5000000005 105703.35000000002 19551.500000000004 -0.63177231918323506 370.12500000000006 0.01472488553563 1.0000000180025095e-35 0.0069023629765078949 1.0000000180025095e-35 70.079028434801302 108404.35000000002 108365.40000000001 0.031677243174031207 368.11500000000007 -2.975891891791937 378.80500000000006 3239769.0000000005 -3.624400146575891 79.045473167115247 0.0076699158931794716 1.0000000180025095e-35 111713.05000000002 50.210018977209877 -3.0149927097143965
decision_type=2 2 2 2 2 2 2 2 2 2 2 2 2 2 2 2 2 2 2 2 2 2 2 2
left_child=2 -2 -1 5 20 6 7 -4 17 10 11 12 -10 -12 -6 -15 -3 -7 19 -9 -5 -21 23 -22
right_child=1 16 3 4 14 8 -8 18 9 -11 13 -13 -14 15 -16 -17 -18 -19 -20 21 22 -23 -24 -25
leaf_value=-0.04009760156918267 0.020758136743697031 -0.019863030106188295 0.022871276523432588 -0.067107737301486073 -0.032592695409020281 0.067211965145390865 0.02777392640802976 -0.06741560592942504 -0.02122448737039774 -0.010891719701275121 -0.0055332378171088457 -0.067499168365492718 0.061601277708843154 0.060534359135398001 0.018273560088125033 0.026234436810473268 -0.067741218049568078 0.026850015300955356 -0.068587871019323274 -0.06679273988349288 -0.066724595188013644 -0.067051671257931128 -0.066846428132363578 -0.066774321060939404
leaf_weight=0.17942965202382799 0.10725628182990465 0.11601422214880586 0.13349904352799136 0.040442030382109695 0.19392638976569287 0.16233777994057164 0.16227066679857671 0.061074961675330997 0.12447865220019616 0.73993315474945109 0.1692412385600619 0.15325071639381349 0.1290440286975354 0.45350844427593984 0.34380905088619329 0.3511738593224436 0.1592283321369905 0.17328593856655095 0.087720035924576223 0.051192301529226825 0.027206412225496024 0.041812256444245577 0.051594158678199165 0.038929765432840213
leaf_count=24 7 16 8 6 24 30 35 8 31 35 28 16 11 36 31 39 34 11 5 39 26 5 30 22
internal_value=0 -0.0284034 0.00299545 0.00509104 -0.0152544 0.0098203 -0.0163637 -0.0354478 0.0155509 0.0106728 0.0222295 -0.0123829 0.0209341 0.0366859 -7.0608e-05 0.0455654 -0.0475607 0.0463727 -0.0676461 -0.0671099 -0.0668745 -0.0669091 -0.0667944 -0.0667539
internal_weight=0 0.382499 3.86916 3.68973 0.695908 2.99382 0.537569 0.375299 2.45625 2.12063 1.3807 0.406773 0.253523 0.973924 0.537735 0.804682 0.275243 0.335624 0.2418 0.15408 0.158172 0.0930046 0.11773 0.0661362
internal_count=557 57 500 476 139 337 100 65 237 196 161 58 42 103 55 75 50 41 57 52 84 44 78 48
is_linear=0
shrinkage=0.1


Tree=188
num_leaves=31
num_cat=0
split_feature=10 16 14 25 2 14 17 1 14 13 13 22 14 25 11 25 22 22 3 25 20 0 22 1 18 20 22 22 19 13
split_gain=0.0427051 0.0364461 0.0354506 0.0392003 0.0860999 0.0696239 0.0637393 0.0572935 0.0703945 0.0436198 0.0595877 0.0420544 0.0309605 0.0272136 0.0232602 0.0671099 0.0140171 0.0066045 0.00105297 2.9567e-06 9.67228e-07 6.77516e-07 5.77209e-07 2.71389e-07 1.60791e-07 1.06738e-07 1.21311e-08 1.70848e-09 1.59572e-09 5.44094e-10
threshold=401.94875000000008 393.25000000327105 113701.65684135367 1.0000000180025095e-35 111606.60000000002 111619.89829137579 -0.68850445899985824 111382.10000000002 109183.43156771226 491367.50000000006 2616524.0000000005 66.986781124082185 109183.43156771226 0.0088984294051210281 364.69000000000005 0.01933300229854833 7.4789304389199893 51.372753388810416 113557.65000000001 0.0063531602160872853 30.140236690024945 1760545800000.0002 41.979493241813849 111619.80000000002 -0.43444148881273487 72.814712914500731 69.207614645439961 48.260373314699251 -0.99183738419828404 188647.50000000003
decision_type=2 2 2 2 2 2 2 2 2 2 2 2 2 2 2 2 2 2 2 2 2 2 2 2 2 2 2 2 2 2
left_child=1 2 3 5 7 6 12 8 9 14 11 13 -1 -11 -5 17 -10 -16 -4 -6 -15 -18 -22 -21 -20 26 28 -25 -23 -30
right_child=-2 -3 18 4 19 -7 -8 -9 16 10 -12 -13 -14 20 15 -17 21 -19 24 23 22 25 -24 27 -26 -27 -28 -29 29 -31
leaf_value=0.066938830425582518 0.057385890093312235 -0.062830490492863017 -0.045823151206290547 0.066021502130723095 -0.067701868907472387 0.067423408424440431 -0.068477630253400326 0.059411998709257653 0.004142350416781659 -0.0029872959657498009 0.027702139554917123 0.011594311445568037 -0.0095935292942635978 -0.067577752370215502 -0.067419505854974929 0.055821232695574721 -0.067355081780637538 -0.0169500119177011 -0.066921581033690156 -0.067036828978231641 -0.066956937230635741 -0.066752256067331331 -0.067350018608392029 -0.066745496367776588 -0.067248653729764893 -0.06695070860123585 -0.066809115507065114 -0.066707417437324903 -0.066737638780183128 -0.06671499964483589
leaf_weight=0.10098096943693236 0.12539839267265041 0.096016128052724414 0.037927879486232885 0.13789676490705438 0.077132525853812584 0.23220900923479348 0.10475408838829192 0.16168693144572888 0.032772891107015201 0.090784761516260915 0.29930555575992912 0.17053095635492355 0.11092098234803416 0.08891442883759737 0.06177646855940111 0.16320569510571659 0.026171818608418107 0.044683118030661717 0.028735348241752945 0.068516885221470147 0.071843237907160074 0.041211290401406586 0.077822324819862843 0.03188435229822062 0.031514634843915701 0.03818961326032877 0.033724299762980081 0.018688882570131682 0.018665099894860759 0.024616592083475552
leaf_count=29 17 27 2 19 4 20 19 7 12 12 19 14 21 6 20 19 3 25 40 16 25 31 17 25 3 9 18 30 16 32
internal_value=0 -0.00240386 -1.33482e-05 0.00246809 -0.00473619 0.0258323 -0.00466717 0.00300509 -0.00340808 0.00599056 -0.0075863 -0.0287148 0.0268776 -0.0495851 0.0326139 0.0155305 -0.0560751 -0.0462365 -0.0588759 -0.0672195 -0.0673165 -0.0668842 -0.0671613 -0.0669071 -0.0670927 -0.0668054 -0.0667584 -0.0667314 -0.0667382 -0.0667248
internal_weight=0 2.52308 2.42707 2.32889 1.78002 0.548865 0.316656 1.5838 1.42211 1.20676 0.799201 0.499896 0.211902 0.329365 0.407562 0.269665 0.215352 0.10646 0.0981779 0.196223 0.23858 0.182579 0.149666 0.11909 0.06025 0.156407 0.118217 0.0505732 0.084493 0.0432817
internal_count=557 540 513 468 379 89 69 304 297 176 93 74 50 60 83 64 121 45 45 75 48 109 42 71 43 106 97 55 79 48
is_linear=0
shrinkage=0.1


Tree=189
num_leaves=26
num_cat=0
split_feature=11 20 11 2 18 1 24 14 0 19 14 17 20 23 17 14 22 23 9 13 11 9 1 3 20
split_gain=0.0417469 0.057148 0.0489346 0.091049 0.0540142 0.0495118 0.0442528 0.056381 0.0916897 0.0706026 0.0494122 0.0808379 0.0582509 0.0246392 0.0236199 0.0208378 0.0123278 0.00831019 8.33377e-05 1.15906e-05 2.71354e-06 1.61489e-06 4.42747e-07 1.72883e-07 1.50525e-08
threshold=377.43620000000004 69.855651612361328 384.87500000000006 112327.00000000001 -1.7718923525240642 108344.85000000002 0.0035267409993634535 108306.73387963064 1761183000000.0002 -0.43875413356733378 109768.95364818138 -0.69493665990570141 60.16744282871921 0.019169665364389136 -0.89818346387158021 107199.62256778583 22.465237203278623 0.031888702811026091 381.69000000000005 37180.500000000007 379.51000000000005 394.2675000000001 110600.65000000001 109839.30000000002 62.145956979415509
decision_type=2 2 2 2 2 2 2 2 2 2 2 2 2 2 2 2 2 2 2 2 2 2 2 2 2
left_child=1 6 3 14 5 15 7 9 -9 17 -10 12 -12 -7 -2 21 -8 -1 20 -13 22 -4 -16 -21 -24
right_child=2 -3 4 -5 -6 13 16 8 10 -11 11 19 -14 -15 18 -17 -18 -19 -20 23 -22 -23 24 -25 -26
leaf_value=-0.033971313035293584 -0.016824747086142972 0.054173170169787246 -0.066739808794647415 0.0091700367417877435 -0.067779008959927986 0.056900707970490065 0.012191728062694959 0.067928468480728726 -0.037787789157297566 0.044616093008926105 -0.037814417515884526 0.06858651591215896 0.033317979070676788 0.01104572221338848 -0.06717180179743136 0.0185500298768498 0.067392096675845004 -0.067533012033878667 -0.070231524287826003 0.067056775620401354 -0.067676531360346487 -0.067623623367010111 -0.066793041134837153 0.066811516298782861 -0.0668703145853035
leaf_weight=0.11294798698509112 0.11591018945910037 0.24582663417095307 0.04343244296615012 0.36796433641575277 0.084085675305686891 0.22256919508799911 0.060232187504880019 0.21307463198900201 0.3057864781585522 0.088982963265153425 0.30028322237194527 0.062960672075860091 0.18670424111769535 0.24747004959499463 0.060076975496485607 0.04312204581219703 0.12323394324630499 0.21273608267074451 0.14468196011148393 0.048059166525490582 0.077544114552438259 0.039453709032386541 0.053958770964527503 0.071500540710985661 0.047311931382864714
leaf_count=27 8 28 38 36 18 36 13 8 27 34 37 4 18 31 13 18 37 28 3 7 4 3 28 39 14
internal_value=0 0.00896771 -0.0128307 -0.0285762 0.00725127 0.0178359 0.00274733 -0.00257712 0.00850108 -0.0343254 -0.00448215 0.0107296 -0.0105432 0.0327586 -0.0563834 -0.037829 0.0492697 -0.0558937 -0.0683375 0.0674884 -0.0671904 -0.0671605 -0.0669567 0.0669101 -0.0668291
internal_weight=0 2.03233 1.54758 0.867448 0.680133 0.596047 1.7865 1.60304 1.18837 0.414667 0.975294 0.669508 0.486987 0.470039 0.499484 0.126008 0.183466 0.325684 0.383574 0.18252 0.238892 0.0828862 0.161348 0.11956 0.101271
internal_count=557 307 250 106 144 126 279 229 140 89 132 105 55 67 70 59 50 55 62 50 59 41 55 46 42
is_linear=0
shrinkage=0.1


Tree=190
num_leaves=24
num_cat=0
split_feature=9 13 17 11 23 22 12 3 1 6 22 23 19 22 14 0 22 19 19 20 25 22 18
split_gain=0.0311479 0.02966 0.0257654 0.0507256 0.0410824 0.0472825 0.0495543 0.0838698 0.0480504 0.0460388 0.0417168 0.0397394 0.0281702 0.0245128 0.0232627 0.0418128 0.0220296 0.0193783 9.34297e-06 3.44737e-07 2.08907e-07 1.69707e-08 3.37041e-09
threshold=391.33500000000009 25937.500000000004 -0.63177231918323506 370.12500000000006 0.01472488553563 35.714098553192152 381.00500000000005 110861.25000000001 109767.85000000002 1.15995 17.506888113084518 0.015845712109855175 -0.70528028607139515 50.210018977209877 111433.24778419503 1762047000000.0002 42.599894255524568 -0.87187647121006517 -0.95074757893233952 33.721148124235924 1.0000000180025095e-35 50.210018977209877 -3.0149927097143965
decision_type=2 2 2 2 2 2 2 2 2 2 2 2 2 2 2 2 2 2 2 2 2 2 2
left_child=1 -1 4 20 9 10 7 8 13 14 11 -6 -5 -7 15 -3 -2 -15 -11 -18 -4 22 -22
right_child=16 2 3 12 5 6 -8 -9 -10 18 -12 -13 -14 17 -16 -17 19 -19 -20 -21 21 -23 -24
leaf_value=-0.031025853862389836 0.0016041639702324161 0.063544605303104448 -0.067059301676525226 -0.021406162804464668 0.041335991671820199 -0.035832951648603499 0.028161346260133165 -0.068452072890670609 0.045572202594095425 -0.068580787395349702 0.055250333364381878 -0.0089418528910531533 0.02640574733006177 -0.022026061713370307 -0.031516276905963578 -0.02048047658477424 -0.067161361064130717 0.033860792441229755 -0.066906522752349679 -0.066808491542910659 -0.066716724420725321 -0.066824801906912631 -0.066765488984296545
leaf_weight=0.25269715349713884 0.079140280256979056 0.11346079618670168 0.036107435618759509 0.26000342878978699 0.28965699160471581 0.23342362804396521 0.46350503037683666 0.20401981147006154 0.20181474706623703 0.063099462597165257 0.40150618558982387 0.3437916177790612 0.23425850336207077 0.11117711133556574 0.14170971687417477 0.12389009492471814 0.046468412649119273 0.14038840407738329 0.07064690551487729 0.068495975196128711 0.025591705605620518 0.046962158856331371 0.031766671017976478
leaf_count=34 8 22 6 17 11 27 38 39 21 16 30 32 27 26 17 20 10 16 27 35 28 30 20
internal_value=0 0.00207201 0.00443679 -0.0138143 0.00842832 0.0139404 0.00164295 -0.0121548 0.00456863 -0.0172537 0.0300327 0.0140487 0.00125459 -0.0124939 0.000544321 0.019686 -0.0389998 0.0091621 -0.0676964 -0.0669511 -0.066852 -0.0667802 -0.0667437
internal_weight=0 3.78948 3.53678 0.63469 2.90209 2.38928 1.35433 0.890824 0.686804 0.512807 1.03495 0.633449 0.494262 0.484989 0.379061 0.237351 0.194105 0.251566 0.133746 0.114964 0.140428 0.104321 0.0573584
internal_count=557 504 470 128 342 240 167 129 90 102 73 43 44 69 59 42 53 42 43 45 84 78 48
is_linear=0
shrinkage=0.1


Tree=191
num_leaves=31
num_cat=0
split_feature=9 2 1 1 0 23 20 17 19 25 19 2 14 9 0 18 2 20 17 0 0 22 0 2 9 3 17 22 19 20
split_gain=0.0420203 0.0304621 0.088011 0.0530714 0.075468 0.121766 0.0372177 0.035212 0.0393491 0.0496579 0.0432514 0.0683719 0.0333109 0.0243788 0.0139827 0.00972257 0.00846936 0.00352771 9.76801e-06 2.27307e-06 1.65299e-06 5.73593e-07 4.57594e-07 4.33936e-07 1.2275e-07 2.98885e-08 1.49801e-08 1.64254e-08 1.71033e-09 9.80461e-10
threshold=400.59750000000003 109437.90000000001 111352.25000000001 111481.90000000001 1761431400000.0002 0.013764450440089246 28.107710032114635 -0.89973357161891931 -0.73841684478861092 0.011561022685725441 -0.92011996038303245 106032.90000000001 102366.31535390262 377.26500000000004 1760805000000.0002 -7.3283422596090633 111650.35000000002 33.486583302664812 -0.47648456484491325 1761517800000.0002 1760923800000.0002 33.024376299955875 1761528600000.0002 111834.20000000003 397.45000000000005 109161.65000000001 -0.90472510802535056 71.507547039172053 -1.2548940218603251 34.767041852360613
decision_type=2 2 2 2 2 2 2 2 2 2 2 2 2 2 2 2 2 2 2 2 2 2 2 2 2 2 2 2 2 2
left_child=1 7 6 -4 16 -6 -3 -1 10 12 13 -12 -10 -9 21 -8 -5 -17 20 -7 -19 -13 -21 -18 25 -22 -27 -28 -24 -30
right_child=-2 2 3 4 5 19 15 8 9 -11 11 14 -14 -15 -16 17 23 18 -20 22 24 -23 28 -25 -26 26 27 -29 29 -31
leaf_value=0.060281265912951847 0.067212250469669818 0.036153041422527087 0.052632128500426027 -0.027179352581614719 0.06728038477513 -0.068034435020075001 -0.0087911156343185824 -0.01481999917484321 0.044592484922559024 0.055408388331039761 0.028896720453834325 -0.067421538492508856 -0.066901798990911573 0.053684818568968611 -0.026902800294216062 -0.029010723055437965 -0.067458980358085938 -0.067440131949186161 -0.068277516192150001 -0.067234122753484504 -0.066863262684376298 -0.067087065626843786 -0.066753184840229032 -0.067109922719791548 -0.067002974163956716 -0.066828646000285263 -0.066722884332520035 -0.066814118323004296 -0.066727974304385887 -0.066685705777443288
leaf_weight=0.12086462389561337 0.091054676799103507 0.045533143274951504 0.19270085112657398 0.083535201963968575 0.20753231598064303 0.029549805447459221 0.03452074603410471 0.084719452977878862 0.043298258446157756 0.24828553502447903 0.1572584762761835 0.10598786937771365 0.070311673902324401 0.13429437653394416 0.14755741320550442 0.026074324268847371 0.070972800487652421 0.053969584303559137 0.070637792174238379 0.036344523541629314 0.037277097057085484 0.099317819374846295 0.011531212221598253 0.071488690155092627 0.030131626757793128 0.026938702299958428 0.080680859682615513 0.026122721843421459 0.010388844282715581 0.011632470981567167
leaf_count=27 13 7 12 6 20 1 8 23 7 31 13 17 38 28 10 11 8 13 4 3 12 28 12 32 5 10 94 11 11 42
internal_value=0 -0.00201335 -0.0136149 0.00765718 -0.0086038 0.0236829 -0.0493572 0.00906806 0.00339465 0.030351 -0.00998475 -0.0259433 -0.0244098 0.0271856 -0.0503836 -0.0594349 -0.05246 -0.0644039 -0.0672369 -0.0672991 -0.0669487 -0.0672597 -0.0669883 -0.0672838 -0.0668169 -0.0667841 -0.066762 -0.0667452 -0.066722 -0.0667056
internal_weight=0 2.36946 1.15756 0.725677 0.532976 0.306979 0.431887 1.2119 1.09103 0.361895 0.729135 0.510122 0.11361 0.219014 0.352863 0.386353 0.225997 0.351833 0.325758 0.0994469 0.255121 0.205306 0.0698971 0.142461 0.201151 0.171019 0.133742 0.106804 0.0335525 0.0220213
internal_count=557 544 322 147 135 89 175 222 195 76 119 68 45 51 55 168 46 160 149 69 145 45 68 40 132 127 115 105 65 53
is_linear=0
shrinkage=0.1


Tree=192
num_leaves=28
num_cat=0
split_feature=14 11 11 13 14 9 17 3 0 25 14 2 0 18 10 22 1 20 20 17 2 13 3 18 2 14 20
split_gain=0.060655 0.0507577 0.0956948 0.0995568 0.0449289 0.0484237 0.069542 0.0405593 0.0389123 0.0740096 0.0700495 0.0668812 0.0150384 0.00282889 0.0023186 6.31871e-05 1.91815e-05 8.2049e-06 5.44005e-06 1.86353e-06 2.31408e-07 2.18712e-07 1.26051e-07 2.27736e-08 4.20056e-09 1.89796e-09 1.4666e-09
threshold=115012.61991691073 377.43620000000004 378.72000000000008 573147.50000000012 109984.94939002475 360.69000000000005 -0.80925291542062128 109125.95000000001 1762111800000.0002 0.012113900127979265 108325.14358676346 103233.00000000001 1760977800000.0002 -4.3387686242861569 396.66000000000003 55.1194456813732 114474.85000000002 70.543941257476035 74.449972793810488 -0.72817883411895268 109259.50000000001 278753.50000000006 109839.30000000002 -1.122852119317397 108193.55000000002 111346.10934869912 51.125611024311269
decision_type=2 2 2 2 2 2 2 2 2 2 2 2 2 2 2 2 2 2 2 2 2 2 2 2 2 2 2
left_child=1 4 13 12 8 -6 -7 14 9 -1 -11 -10 15 -3 18 -4 -15 19 20 -8 24 -13 -21 25 26 -24 -5
right_child=-2 2 3 7 5 6 17 -9 11 10 -12 21 -14 16 -16 -17 -18 -19 -20 22 -22 -23 23 -25 -26 -27 -28
leaf_value=-0.067564114383530938 0.069587137532470422 -0.046351358258138041 0.063130189683275093 -0.066744963671388033 -0.04545683159854437 -0.00069901396195273715 0.06742003952606461 -0.0072980108155665611 -0.02234775217376133 -0.040245275300242661 0.027860365774175208 0.066777345768931587 0.012100161902580987 -0.067141198655510603 -0.042180688555284854 0.066937120479771392 -0.068836910636215526 0.068138812308939242 -0.068197053032500926 0.06699267950277614 -0.06707982340850302 0.067006339507121135 0.066764394382848632 0.066851831877744738 -0.06678210067627971 0.066729496053647086 -0.06670909613664365
leaf_weight=0.20731498833629369 0.1191134160326327 0.078618147002998739 0.067772475187666492 0.024071671883575618 0.0794700018595903 0.26696470810566097 0.09710588984307833 0.56999705743510276 0.15980298456270248 0.24782431573839858 0.38662884337827563 0.067425472603645176 0.072700173477642238 0.14579371706349764 0.050018194946460426 0.12223493127385154 0.12297527422197163 0.1081133785774 0.043365679448470473 0.041365692857652903 0.029896050691604614 0.10935341470758431 0.034227764117531478 0.032292627671267837 0.020890502899419516 0.02861032186774537 0.021656227501807734
leaf_count=32 18 26 15 21 3 23 17 39 24 31 22 37 15 38 8 36 4 9 3 8 5 29 22 10 11 23 28
internal_value=0 -0.00307383 -0.0176912 -0.002287 0.00765515 0.0279574 0.0375425 -0.020633 -0.00420127 -0.0156922 0.00125756 0.0245368 0.0507798 -0.0630365 -0.0606592 0.0655793 -0.0679171 0.0674185 -0.0672667 0.0670852 -0.0668487 0.066919 0.0668469 0.0667836 -0.0667449 0.0667485 -0.066728
internal_weight=0 3.23649 1.36999 1.0226 1.8665 0.68815 0.60868 0.759895 1.17835 0.841768 0.634453 0.336582 0.262708 0.347387 0.189898 0.190007 0.268769 0.341716 0.13988 0.233602 0.0965145 0.176779 0.136496 0.0951307 0.0666184 0.0628381 0.0457279
internal_count=557 539 249 181 290 115 112 115 175 85 53 90 66 68 76 51 42 89 68 80 65 66 63 55 60 45 49
is_linear=0
shrinkage=0.1


Tree=193
num_leaves=29
num_cat=0
split_feature=2 3 1 9 19 14 12 0 22 14 17 11 0 18 18 3 0 24 25 19 3 3 20 20 2 5 2 22
split_gain=0.0299333 0.0486144 0.0566933 0.0480198 0.0708129 0.0504568 0.0561054 0.103552 0.0447543 0.0437878 0.155749 0.070388 0.055909 0.0412352 0.040013 0.0261214 0.0217935 0.0042054 1.05368e-05 9.07352e-06 3.90213e-06 1.86815e-06 6.0464e-07 3.50472e-07 2.07756e-07 1.35557e-07 1.89949e-08 1.04044e-08
threshold=106032.90000000001 106589.30000000002 108266.85000000002 386.43500000000006 -0.99183738419828404 108306.73387963064 381.18000000000006 1761204600000.0002 79.918281298474454 111177.78892755622 -0.70197564775797539 368.00500000000005 1762036200000.0002 -2.975891891791937 -4.4778581682697807 109431.70000000001 1760815800000.0002 0.00064578722990315943 0.025506391691728855 -0.88367050394550084 110434.95000000001 108006.60000000002 62.844410520278828 33.410727812562456 108403.05000000002 1.1546500000000002 108010.00000000001 83.218458187314681
decision_type=2 2 2 2 2 2 2 2 2 2 2 2 2 2 2 2 2 2 2 2 2 2 2 2 2 2 2 2
left_child=8 -2 16 5 -5 -4 7 -7 18 11 17 -9 15 14 -12 -13 -3 -11 25 -6 22 24 -17 -21 26 -1 -18 -25
right_child=1 2 3 4 19 6 -8 9 -10 10 13 12 -14 -15 -16 20 21 -19 -20 23 -22 -23 -24 27 -26 -27 -28 -29
leaf_value=-0.066726829291128595 0.052645103445239753 -0.0072348284450286906 0.061765579490551205 0.041533655771623969 -0.068412431470304375 -0.06163664089409418 0.043674202137333439 -0.031831023838171116 0.025076192268660365 -0.047700989824242659 0.026920345350502917 0.022571630584817575 -0.012452315080413168 0.035682065061582356 -0.058254237991738116 0.066942252379124753 -0.066720900108512032 -0.068680157531449335 -0.068548778995231971 -0.067113620043312491 0.067774450949458651 -0.067581005548961195 0.067272552930558602 -0.066763194058026679 -0.067086666086179234 -0.066995016426962581 -0.066828302861291808 -0.06682924859574528
leaf_weight=0.037434628233313894 0.1814711672777779 0.095828146149870341 0.16050735709723163 0.084458962082862854 0.0549595991615206 0.25392425293102938 0.31377639900892962 0.19352541974512893 0.08013546367874369 0.17903668436338194 0.10904530619154684 0.20288125134538859 0.18157945384155028 0.50359487230889477 0.11160215348354541 0.11430157825816423 0.026869167777476832 0.20490611481363885 0.072761179879307747 0.053932941867969819 0.14149163221009076 0.061718309647403657 0.10758755914866924 0.04986254358664155 0.03460793464910239 0.037957668551825918 0.042532471103186253 0.045701959199504927
leaf_count=37 33 21 8 9 7 32 14 25 7 26 24 18 28 31 18 31 34 20 2 11 13 4 12 31 6 17 19 19
internal_value=0 0.00224281 -0.000505363 0.00330624 -0.0354943 0.0073419 0.00400428 -0.00139951 -0.0351268 0.00606343 -0.00740821 0.0219224 0.0358326 0.0198877 -0.0161604 0.0513158 -0.0451954 -0.0588973 -0.0676903 -0.0673137 0.0673641 -0.0671452 0.0671024 -0.0669098 -0.0668865 -0.0668619 -0.0667867 -0.0667948
internal_weight=0 3.5097 3.32823 3.06668 0.288916 2.77776 2.61725 2.30348 0.228289 2.04955 1.10819 0.941367 0.747841 0.724242 0.220647 0.566262 0.261556 0.383943 0.148153 0.204457 0.363381 0.165728 0.221889 0.149497 0.10401 0.0753923 0.0694016 0.0955645
internal_count=557 494 461 377 77 300 292 278 63 246 119 127 102 73 42 74 84 46 56 68 56 63 43 61 59 54 53 50
is_linear=0
shrinkage=0.1


Tree=194
num_leaves=31
num_cat=0
split_feature=9 2 1 1 0 23 20 23 0 2 4 2 25 18 2 13 19 3 0 13 17 17 0 0 16 22 17 3 19 20
split_gain=0.0384657 0.029802 0.0793196 0.045323 0.0692682 0.110888 0.0340678 0.0329264 0.0430005 0.125497 0.0647829 0.0466227 0.0671828 0.0104013 0.00947164 0.0039218 0.00236846 8.91115e-06 1.64197e-06 1.56701e-06 1.30573e-06 1.11565e-06 1.24265e-06 3.36582e-07 3.10244e-07 3.96471e-08 7.31325e-09 2.02149e-09 1.49414e-09 7.18502e-10
threshold=400.59750000000003 109437.90000000001 111352.25000000001 111481.90000000001 1761431400000.0002 0.013764450440089246 31.526588645570452 0.044650446284438684 1760805000000.0002 106032.90000000001 1.1599000000000002 102252.05 0.01933300229854833 -7.3283422596090633 111606.60000000002 188647.50000000003 -1.097749934819044 108301.30000000002 1761517800000.0002 831107.50000000012 -0.58124185605306644 -0.49163359530255063 1760923800000.0002 1761528600000.0002 388.9900000007396 56.087097377350879 -0.90141776829700027 109431.70000000001 -1.2548940218603251 34.767041852360613
decision_type=2 2 2 2 2 2 2 2 2 2 2 2 2 2 2 2 2 2 2 2 2 2 2 2 2 2 2 2 2 2
left_child=1 7 6 -4 14 -6 -3 8 9 -1 11 -10 15 -8 -5 -13 -12 -15 -7 -18 -16 22 -19 -20 -11 26 -24 -28 -25 -30
right_child=-2 2 3 4 5 18 13 -9 10 24 16 12 -14 17 20 -17 19 21 23 -21 -22 -23 25 28 -26 -27 27 -29 29 -31
leaf_value=0.068277486884986596 0.067185388945878471 0.019083722066460734 0.050380459660517442 -0.023253123189968524 0.067229185442154976 -0.067892997194131097 -0.0082026528488293258 -0.044162352299211421 0.066930578625488374 -0.067319836370637723 0.048798505909387363 -0.033675305300746229 0.032759838121302717 -0.068580279778992059 -0.066873111457372333 -0.067196591217124443 0.06710946860975861 -0.06735462975846726 -0.067179080075374473 0.067641916580065103 -0.06749734051451009 -0.06750739235831156 -0.066799079135504896 -0.066749119903103213 -0.067061182568098399 -0.066838196361938135 -0.066760812931881464 -0.066721769452108934 -0.066722708246121518 -0.066684792356608666
leaf_weight=0.10818084422499008 0.084052561316639074 0.062227788323070632 0.17909968283493072 0.076501055329572409 0.19158709258772433 0.026604698970913887 0.033123540604720225 0.10362451220862556 0.086864523938857019 0.097022386151365936 0.099615956889465451 0.048242312215734273 0.15363200823776424 0.040687005966901446 0.059507542900973931 0.12620929919648916 0.11587678245268762 0.049113153829239642 0.032980085350573063 0.10568677447736263 0.076699134340742603 0.036074461124371404 0.019207840261515563 0.010565734730334952 0.088830984197556973 0.081857198107172735 0.016921081325562803 0.061306580188102089 0.0094495718803955242 0.010608939250232652
leaf_count=4 13 13 12 4 20 1 8 9 18 23 19 37 14 1 34 35 31 14 3 10 8 4 9 12 22 36 16 74 11 42
internal_value=0 -0.0017392 -0.0136755 0.00727874 -0.00833187 0.0241848 -0.048917 0.00956901 0.0149739 -0.0173528 0.0278862 0.00178683 -0.0154608 -0.0614256 -0.0514101 -0.0579267 0.0616054 -0.0672025 -0.0672333 0.0673634 -0.0672246 -0.0669906 -0.066909 -0.0669574 -0.0671962 -0.0667869 -0.0667438 -0.0667302 -0.0667187 -0.0667027
internal_weight=0 2.20791 1.07412 0.673604 0.494504 0.281796 0.400519 1.13379 1.03016 0.294034 0.736128 0.414948 0.328084 0.338291 0.212708 0.174452 0.32118 0.305167 0.090209 0.221564 0.136207 0.26448 0.228406 0.0636043 0.185853 0.179293 0.0974355 0.0782277 0.0306242 0.0200585
internal_count=557 544 322 147 135 89 175 222 213 49 164 104 86 162 46 72 60 154 69 41 42 153 149 68 45 135 99 90 65 53
is_linear=0
shrinkage=0.1


Tree=195
num_leaves=28
num_cat=0
split_feature=11 20 22 0 20 2 24 14 0 25 1 2 17 20 0 23 14 2 22 1 14 14 13 3 23 1 22
split_gain=0.033635 0.0490474 0.0407364 0.0458976 0.0740599 0.042408 0.037711 0.0468065 0.081509 0.0536775 0.0631558 0.0444628 0.0591691 0.0377849 0.0280533 0.0314189 0.0258816 0.0200648 0.0113416 0.0032441 0.000228235 2.33954e-05 7.63097e-06 9.63768e-08 5.44224e-08 1.64824e-08 1.41603e-08
threshold=377.43620000000004 69.855651612361328 50.00193646971001 1760967000000.0002 29.911626679441778 115350.45000000003 0.0035267409993634535 108306.73387963064 1761183000000.0002 0.011142725009701334 103132.85000000002 109695.75000000001 -0.69170378887646911 54.198216177930767 1760902200000.0002 0.014034471553028274 109615.57673442755 112232.85000000002 22.465237203278623 108809.20000000003 110413.79220848648 114636.44945734636 32366.500000000004 109839.30000000002 0.01551569673959269 111547.05000000002 35.714098553192152
decision_type=2 2 2 2 2 2 2 2 2 2 2 2 2 2 2 2 2 2 2 2 2 2 2 2 2 2 2
left_child=1 6 5 4 -4 14 7 9 -9 10 -1 -10 13 -13 15 -2 -14 -17 -8 -16 -6 24 -18 -24 25 -21 -12
right_child=2 -3 3 -5 20 -7 18 8 11 -11 26 12 16 -15 19 17 22 -19 -20 21 -22 -23 23 -25 -26 -27 -28
leaf_value=-0.067128020846633552 0.035750533621835175 0.053719488024383671 -0.028650950553027417 -0.024376930590887302 0.060215329175076826 0.030566627680524785 0.011225409174748405 0.067768441777905072 -0.067315590316206778 -0.067332653335934967 0.066863546860639347 -0.044561095240851535 0.0027771116740444007 0.010190243639590785 -0.041656155400777939 -0.067338721198535276 0.068352688686548133 -0.0091975629341515541 0.067331929788776626 -0.066829738789588963 0.067237686350603967 -0.068932234600125847 0.066982209532777559 0.066788851842174049 -0.066928084112025957 -0.066744885676224747 0.066782303406168878
leaf_weight=0.05958312738221172 0.079258715384639578 0.21124603034695599 0.13559570885263383 0.28215225349413231 0.065790089953225106 0.10184566769748926 0.054557323339395114 0.18588411435484864 0.10174235928570852 0.2058599415468052 0.040942826657555997 0.24961176858050715 0.1025631316006187 0.25462181057082489 0.06114644737681374 0.11354543943889439 0.052283509634435177 0.12437312596011907 0.10608498458168469 0.05059403131599538 0.15609010681509972 0.087738383561372757 0.045837947516702116 0.058904045959934592 0.042491822154261172 0.04180929932044819 0.045068651175824925
leaf_count=11 21 28 8 34 18 3 13 8 12 38 13 38 5 28 12 39 3 13 37 21 37 2 8 38 14 28 27
internal_value=0 0.00849275 -0.0124851 0.00577485 0.0295734 -0.0291036 0.0023823 -0.00287297 0.00768742 -0.0344665 0.0120037 -0.00521527 0.00305659 -0.0169134 -0.039216 -0.0187794 0.041847 -0.0369451 0.048277 -0.0620578 0.0651555 -0.0676612 0.067366 0.0668735 -0.0668344 -0.0667913 0.066821
internal_weight=0 1.77479 1.34243 0.639628 0.357476 0.702803 1.56355 1.4029 1.05145 0.351455 0.145595 0.865565 0.763822 0.504234 0.600957 0.317177 0.259589 0.237919 0.160642 0.28378 0.22188 0.222634 0.157026 0.104742 0.134895 0.0924033 0.0860115
internal_count=557 307 250 97 63 153 279 229 140 89 51 132 120 66 150 73 54 52 50 77 55 65 49 46 63 49 40
is_linear=0
shrinkage=0.1


Tree=196
num_leaves=26
num_cat=0
split_feature=13 13 17 11 17 3 14 0 18 25 20 20 18 20 16 2 19 14 17 23 19 22 25 22 18
split_gain=0.0281111 0.0277436 0.0253567 0.041206 0.032141 0.113641 0.0488411 0.0584534 0.0400296 0.059752 0.03346 0.0304603 0.0239989 0.0219667 0.0263266 0.020666 0.0186998 0.0177032 0.0112769 0.00988861 0.0063787 1.44964e-05 1.23596e-07 1.08265e-08 1.79004e-09
threshold=2363254.5000000005 19551.500000000004 -0.63177231918323506 370.12500000000006 -0.70197564775797539 111093.10000000002 110880.51918134686 1760675400000.0002 -2.4051038376613825 1.0000000180025095e-35 70.079028434801302 47.00387052012416 -2.975891891791937 31.916409666840178 386.61999999985863 110157.70000000001 -0.83492197161866832 109183.43156771226 -0.68850445899985824 0.01358789534009514 -1.1228259835693264 31.1910308271442 1.0000000180025095e-35 50.210018977209877 -3.0149927097143965
decision_type=2 2 2 2 2 2 2 2 2 2 2 2 2 2 2 2 2 2 2 2 2 2 2 2 2
left_child=1 -1 4 22 5 6 7 -3 9 -9 11 -11 -5 -2 -15 -6 -13 -10 -17 -7 -20 -21 -4 24 -24
right_child=13 2 3 12 15 19 -8 8 17 10 -12 16 -14 14 -16 18 -18 -19 20 21 -22 -23 23 -25 -26
leaf_value=-0.039266160510981703 -0.067822834361847772 -0.068154989681526473 -0.066995589899591299 -0.031495557854969644 0.0020298079775250485 -0.028447312327880694 0.044503995636732414 -0.068217697855509435 0.012377398326204898 -0.011092574785077195 -0.033982486191774873 0.061158956545600884 0.017032889255731397 -0.040521960508600532 0.030541505847707141 0.06140181446227666 0.017783363391577791 0.068077664594964934 0.047542760606190143 -0.069227885149780843 0.011981546558909303 -0.067473442731821806 -0.066706921082945153 -0.06680153978938301 -0.06674644666333221
leaf_weight=0.14936997892800796 0.098192537901922949 0.10395498364232603 0.030849311704513993 0.15855057851877064 0.17823695990955446 0.092691705329343566 0.38338100610417303 0.11110344156622964 0.093412002664989724 0.20397625536134001 0.13862575442180969 0.17318144952878434 0.28523691152804531 0.12421370057563763 0.089834822487318888 0.18090162251610309 0.23326233134139251 0.14662892412161455 0.088123539637308568 0.083714399836026132 0.1179572117398493 0.10766592365689576 0.019084860818111338 0.03925221624376718 0.028671043808571994
leaf_count=24 14 21 6 24 15 12 22 24 20 36 12 33 31 25 18 10 30 21 13 4 28 36 26 30 22
internal_value=0 0.00279619 0.00489155 -0.0142633 0.00930641 0.00299508 0.0134186 0.0035215 0.0102941 0.000217514 0.0103683 0.0204403 -0.000304718 -0.0286618 -0.0106971 0.0302049 0.0362653 0.0464019 0.0431819 -0.0552564 0.0271881 -0.0682409 -0.0668236 -0.0667626 -0.0667307
internal_weight=0 3.14783 2.99846 0.561645 2.43682 1.8716 1.58753 1.20415 1.10019 0.860149 0.749046 0.61042 0.443787 0.312241 0.214049 0.565219 0.406444 0.240041 0.386982 0.284072 0.206081 0.19138 0.117857 0.0870081 0.0477559
internal_count=557 500 476 139 337 271 219 197 176 135 111 99 55 57 43 66 63 41 51 52 41 40 84 78 48
is_linear=0
shrinkage=0.1


Tree=197
num_leaves=31
num_cat=0
split_feature=9 1 4 2 10 14 23 14 1 19 2 0 23 20 0 2 20 10 20 23 18 22 1 14 10 3 3 23 3 18
split_gain=0.0356737 0.0270206 0.0475863 0.0439255 0.064968 0.0430084 0.0476818 0.0632813 0.0520776 0.0503319 0.0783658 0.0727847 0.0396782 0.0373937 0.0359248 0.0338445 0.0267592 0.00965156 0.00520886 0.00564376 0.0076886 0.00142867 1.80392e-06 1.45174e-06 5.28531e-07 1.92105e-07 1.28635e-07 3.03096e-08 2.10483e-08 1.27993e-08
threshold=400.59750000000003 101747.15000000001 1.1567500000000004 106032.90000000001 389.06000000000006 108181.91468090368 0.020035520384646104 109183.43156771226 111272.25000000001 -0.70674926561810947 111895.45000000001 1761453000000.0002 0.01472488553563 47.00387052012416 1761787800000.0002 102252.05 51.765060482516631 365.59500000000008 72.239166588813404 0.0089601838413097632 -5.9218624566040257 36.040271798230812 102159.25000000001 108325.14358676346 382.17475000000007 108301.30000000002 107490.20000000001 0.031888702811026091 109161.65000000001 -1.225750321357219
decision_type=2 2 2 2 2 2 2 2 2 2 2 2 2 2 2 2 2 2 2 2 2 2 2 2 2 2 2 2 2 2
left_child=1 -1 15 -4 5 13 7 -7 24 10 -10 -11 -12 -5 23 -3 -15 -17 19 -13 -21 -6 -19 -8 -9 -25 -23 29 -27 -24
right_child=-2 2 3 4 21 6 14 8 9 11 12 18 -14 16 -16 17 -18 22 -20 20 -22 26 27 25 -26 28 -28 -29 -30 -31
leaf_value=0.066909331027672811 0.067148213020114589 0.066914611940363355 0.068072729446251909 0.067438557292358065 -0.048433464495741742 0.067326033502017171 -0.067499399560408221 -0.066844670739001008 0.065812889759768067 -0.067720561812278576 0.03188608419332517 0.066867233910019142 -0.067162192525685935 -0.058883810460524599 0.0074027173753604021 0.0009780899113686712 0.040446235198556335 -0.067479874134794338 0.065546892914920815 0.055712055085220973 -0.06670478552132364 -0.067076566444732366 -0.066721453194396874 -0.067064705848066133 -0.067279837680046112 -0.066860915366583701 -0.066850267176671585 -0.066858772706805236 -0.066720682841048318 -0.066798874953802129
leaf_weight=0.05585828120820302 0.078199527459218987 0.023705982486717292 0.095201535150408634 0.18087202741298813 0.069316968088969477 0.14870949788019039 0.083319489844143391 0.054557628987822682 0.23564130341401324 0.16312765021575615 0.071534518152475357 0.013163503259420395 0.093057291422155686 0.051686970837181434 0.1022368656413164 0.023602072265930474 0.05706454798928462 0.048124285414814949 0.052309372375020757 0.0086985101806931198 0.012508103878644761 0.041803887113928795 0.077555977302836254 0.046817672438919544 0.057141902172588743 0.017542183399200439 0.062932212662417442 0.028527588670840487 0.02745505817438243 0.029465779400197789
leaf_count=12 13 6 4 26 11 18 5 30 17 16 7 3 38 12 13 6 31 3 9 4 36 5 102 6 12 5 36 13 39 19
internal_value=0 -0.00167985 -0.00361711 0.00202371 -0.00178372 0.00502391 -0.00340095 0.00765774 -0.00399091 0.0068478 0.0288313 -0.0283735 -0.0241141 0.0395764 -0.0397002 -0.0462734 -0.00676294 -0.0592186 0.0456761 0.015434 -0.016492 -0.0595701 -0.0669539 -0.0671972 -0.0670673 -0.0669229 -0.0669406 -0.0667672 -0.0667754 -0.0667428
internal_weight=0 2.03354 1.97768 1.7467 1.6515 1.47744 1.18782 0.910449 0.76174 0.65004 0.400233 0.249807 0.164592 0.289624 0.277371 0.230982 0.108752 0.207276 0.0866795 0.0343701 0.0212066 0.174053 0.183674 0.175134 0.1117 0.0918149 0.104736 0.135549 0.0449972 0.107022
internal_count=557 544 532 383 379 327 258 190 172 130 62 68 45 69 68 149 43 143 52 43 40 52 137 55 42 50 41 134 44 121
is_linear=0
shrinkage=0.1


Tree=198
num_leaves=28
num_cat=0
split_feature=11 14 24 20 22 10 9 2 20 13 19 0 1 13 23 11 2 25 0 1 17 1 16 18 14 19 0
split_gain=0.0300542 0.0461347 0.04261 0.0408308 0.0369097 0.0395055 0.070192 0.0373627 0.0382078 0.0324464 0.0509039 0.0360674 0.0600892 0.0292394 0.0271481 0.000226104 4.11512e-05 3.8678e-06 3.06634e-06 2.96259e-06 1.98293e-07 1.63699e-07 5.6513e-08 1.70732e-08 1.18474e-08 4.08034e-09 5.56009e-10
threshold=377.43620000000004 109984.94939002475 0.00146779507431044 57.390622208124803 50.00193646971001 387.02815000000004 400.09500000000008 112327.00000000001 79.045473167115247 491367.50000000006 -0.73841684478861092 1762111800000.0002 102762.70000000003 1278419.5000000002 0.029574814480847474 389.4550000000001 112232.85000000002 0.012113900127979265 1760686200000.0002 109845.30000000002 -0.67550575070681285 107765.05000000002 388.9900000007396 -2.1036955320250299 108418.75081663164 -0.70105994805808314 1760805000000.0002
decision_type=2 2 2 2 2 2 2 2 2 2 2 2 2 2 2 2 2 2 2 2 2 2 2 2 2 2 2
left_child=1 9 3 -3 7 -6 15 8 16 11 -11 14 -13 -12 19 -7 18 -4 -2 -1 -19 -14 24 -22 26 -26 -20
right_child=4 2 17 -5 5 6 -8 -9 -10 10 13 12 21 -15 -16 -17 -18 20 22 -21 23 -23 -24 -25 25 -27 -28
leaf_value=-0.067042202763623951 -0.067627216918575414 -0.019898446814631873 0.067793148927178762 0.041772672027598982 -0.017545418998428319 0.059795838835946913 -0.050248052449682862 0.0004963836982448378 0.0029395046558656429 0.043200168274633813 0.017949536959792713 -0.06687560298144489 0.066758165839435252 -0.049176323480234055 -0.010479918248799876 0.067026840105270311 -0.06988702218480547 0.067038252762240874 -0.066720749405893329 -0.067844183824536469 0.066745548312223138 0.067026398740372486 -0.066906597636228637 0.066838876197047203 -0.066762298143664744 -0.066806124974007439 -0.066694095402048903
leaf_weight=0.093626063608098997 0.061904033645987289 0.20981426729122166 0.072724169120192528 0.21984139503911138 0.33208354382077232 0.06370860303286463 0.072552756872028112 0.26008153089787811 0.10512169287540019 0.26438272846280597 0.11794272362021729 0.052888910169713199 0.050888650759588927 0.1442667085211724 0.15329133794875816 0.13461032649502158 0.06593409925699234 0.050642127840546891 0.017862773063825443 0.090669530793093145 0.045857057586545125 0.041150436154566705 0.034538328531198204 0.034235804050695151 0.051648711814777926 0.036084561783354729 0.013929153996286914
leaf_count=32 3 35 3 28 26 24 15 32 7 17 25 16 35 18 15 32 1 19 20 10 34 7 15 13 34 16 25
internal_value=0 0.00834851 0.029509 0.0116567 -0.0122289 0.00557228 0.0339141 -0.0288156 -0.0485134 -0.00492759 0.012237 -0.0236601 0.018067 -0.0189829 -0.0415738 0.0647039 -0.0677004 0.0672086 -0.0670328 -0.0674368 0.0668834 0.0668781 -0.0667939 0.0667854 -0.0667614 -0.0667803 -0.0667091
internal_weight=0 1.64222 0.633115 0.429656 1.25006 0.602955 0.270872 0.647105 0.387023 1.00911 0.526592 0.482515 0.144928 0.262209 0.337587 0.198319 0.281902 0.203459 0.215968 0.184296 0.130735 0.0920391 0.154064 0.0800929 0.119525 0.0877333 0.0317919
internal_count=557 307 132 63 250 97 71 153 121 175 60 115 58 43 57 56 114 69 113 42 66 42 110 47 95 50 45
is_linear=0
shrinkage=0.1


Tree=199
num_leaves=31
num_cat=0
split_feature=17 9 9 2 2 2 24 20 20 13 23 0 1 24 14 19 20 3 2 25 3 20 3 25 0 23 16 13 23 20
split_gain=0.0244432 0.0261158 0.0439123 0.0273053 0.0797724 0.0426843 0.049096 0.0315948 0.0454468 0.0379315 0.0371536 0.0366167 0.0323095 0.0314018 0.029897 0.0292744 0.0226459 0.0354013 0.0500645 0.0114679 0.00789262 1.52209e-05 5.27501e-06 9.70993e-07 1.80513e-07 1.07688e-07 4.72677e-08 4.36338e-08 6.12838e-09 4.70215e-09
threshold=-0.5070358028059303 358.90000000000003 366.33000000000004 112327.00000000001 114916.70000000003 111922.15000000001 0.0031029441560831428 30.87132376185345 52.549632204723814 28166.500000000004 0.0078565945538920622 1761193800000.0002 108849.85000000002 0.00064578722990315943 111071.70144596008 -2.2330746449902876 47.00387052012416 106589.30000000002 109437.90000000001 0.00316268634824628 109659.25000000001 71.783825578886933 111693.45000000001 0.00476636755734624 1761636600000.0002 0.011406326356906695 365.72050000033033 898088.50000000012 0.017759366855919445 31.202280863630076
decision_type=2 2 2 2 2 2 2 2 2 2 2 2 2 2 2 2 2 2 2 2 2 2 2 2 2 2 2 2 2 2
left_child=1 -1 24 5 22 6 7 -4 15 -10 -11 12 -12 20 21 -9 17 -17 -19 -2 -13 27 -5 -21 -3 -24 -26 29 -27 -8
right_child=19 2 3 4 -6 -7 14 8 9 10 11 13 -14 -15 -16 16 -18 18 -20 23 -22 -23 25 -25 26 28 -28 -29 -30 -31
leaf_value=0.069367430112317746 -0.006687685746224724 -0.067084575439534458 -0.031451677466549387 -0.068002093111198578 0.018062807759591362 0.048627318007150935 -0.066794567488264359 -0.01011255090880196 -0.047850993182177767 -0.04149763305398825 0.010842475964070526 0.031028028073271832 -0.067672268818917372 0.0064294100425179926 0.017196455139276961 0.066526654322720175 0.059238923010852464 -0.067149121305852474 0.036125805888807039 -0.067475509638462147 0.066024125067363368 -0.068982144527900052 -0.06698312579058191 -0.066757504143127921 -0.066718414652041882 -0.066833709063630301 -0.066898210848968104 -0.066895948713884434 -0.066780021621921856 -0.066732433403874913
leaf_weight=0.056127473711968245 0.053126352053368353 0.026262296552886588 0.19102985915378834 0.058451736345887073 0.24457463249564171 0.2216277599800377 0.024428765522315987 0.14504969253903255 0.15253025107085683 0.14196949146571569 0.12708525918424129 0.10759677097667009 0.089198010682594031 0.34692228119820356 0.057815663749352098 0.10833802144043136 0.30311813100706786 0.077599344309419394 0.1188037685060408 0.03266235813498497 0.16068378859199584 0.049110789448604919 0.053638552781194448 0.044489980245998595 0.046015125408302993 0.037095909705385566 0.021432289824588224 0.050956284278072417 0.049811863296781667 0.02429044313612394
leaf_count=1 3 5 20 3 20 8 14 22 8 17 36 11 14 29 12 10 38 20 31 2 29 2 8 41 55 11 7 18 35 27
internal_value=0 0.00177701 0.00052721 0.00267392 -0.0201899 0.00673363 0.00265514 0.0072947 0.0112341 -0.00148351 0.00578179 0.0138544 -0.021538 0.0262971 -0.0438282 0.0302534 0.0398857 0.0206356 -0.00467837 -0.0424416 0.0519886 -0.0675412 -0.0672037 -0.0670615 -0.0668622 -0.0668717 -0.0667755 -0.0668313 -0.0668029 -0.0667636
internal_weight=0 3.09156 3.03544 2.94173 0.443573 2.49815 2.27653 2.06992 1.87889 1.12599 0.973456 0.831486 0.216283 0.615203 0.206602 0.752909 0.607859 0.304741 0.196403 0.130279 0.268281 0.148786 0.198998 0.0771523 0.0937097 0.140546 0.0674474 0.0996755 0.0869078 0.0487192
internal_count=557 511 510 443 77 366 358 285 265 144 136 119 50 69 73 121 99 61 51 46 40 61 57 43 67 54 62 59 46 41
is_linear=0
shrinkage=0.1


Tree=200
num_leaves=29
num_cat=0
split_feature=9 17 12 2 17 0 2 23 15 25 11 1 13 17 1 22 1 3 18 14 10 25 11 17 20 22 3 2
split_gain=0.0327366 0.0252896 0.0344662 0.0774373 0.0381882 0.0476962 0.0640216 0.0488569 0.0450311 0.0461971 0.0449245 0.0289193 0.00936661 6.86995e-06 1.2727e-06 8.9009e-07 8.01173e-08 6.55491e-08 5.84868e-08 3.37972e-08 1.56041e-08 8.25726e-09 8.17867e-09 1.89354e-09 1.75795e-09 6.89506e-10 3.29295e-10 8.92039e-11
threshold=400.59750000000003 -0.46557138708034562 369.32250000000005 102252.05 -0.85289846546291703 1761431400000.0002 106032.90000000001 0.015315792397538759 1.1605000003291936 0.0038886593554498779 370.91500000000008 108404.35000000002 20654.500000000004 -0.47022116631279648 102159.25000000001 36.52645450079374 108344.85000000002 106666.20000000001 -4.3837833654545308 103190.08883396095 397.73000000000008 1.0000000180025095e-35 378.00500000000005 -0.56356564245969953 33.721148124235924 31.571261658106852 109285.35000000002 111895.45000000001
decision_type=2 2 2 2 2 2 2 2 2 2 2 2 2 2 2 2 2 2 2 2 2 2 2 2 2 2 2 2
left_child=1 2 3 -1 11 6 -6 -7 -8 -10 -11 -4 -5 14 -14 17 -17 -12 -18 -16 22 -21 -20 25 -24 -23 -27 -28
right_child=-2 -3 4 12 5 7 8 -9 9 10 15 -13 13 -15 19 16 18 -19 20 21 -22 23 24 -25 -26 26 27 -29
leaf_value=0.066895823241700833 0.067106232111314779 0.056867983547984995 0.067134874190875493 0.0011517651201070412 0.06789449491974614 0.067103250718482901 0.024255078966114126 -0.019482246305187537 -0.00019387294672002314 0.016022231027144552 -0.067240401138087547 -0.00015544354152432431 -0.067380259836296516 -0.068389396771441735 -0.066878190153469796 -0.066978923362743789 -0.066941873126528301 -0.067129352427557479 -0.066799524617665723 -0.066778038681206728 -0.066840225460804342 -0.066719040220842088 -0.066746997196488328 -0.066738938743849133 -0.066703427545129965 -0.066706896749725117 -0.066694289577109461 -0.066678911297326005
leaf_weight=0.059409752837382146 0.071770135080441944 0.070872690499527269 0.14307949104113471 0.022136254672659561 0.083961422555148602 0.16060626035323367 0.16144443048688117 0.10966706865292508 0.25739257410168648 0.078334266785532236 0.085761359659954906 0.11536419531330466 0.042698794975876808 0.037825130333658308 0.018711297525442205 0.043572579568717629 0.029420518258120421 0.13980468612862751 0.021102249098476467 0.030428695099544711 0.028032111265929416 0.026188733936578501 0.016052626946475357 0.027506685160915367 0.021887012917432003 0.016381258144974709 0.0073742349122767337 0.0077216411373228766
leaf_count=15 13 17 30 12 4 22 31 36 26 5 10 28 3 2 9 15 7 32 13 32 11 34 13 25 37 22 18 35
internal_value=0 -0.00172001 -0.00403731 -0.0351909 0.00213687 -0.00516721 -0.0155495 0.03197 -0.0234856 -0.0341702 -0.0530191 0.0370978 -0.0607843 -0.0671661 -0.0669047 -0.0670436 -0.0668632 -0.0671716 -0.06682 -0.0667535 -0.0667788 -0.0667333 -0.0667496 -0.0667173 -0.0667219 -0.0667071 -0.0666971 -0.0666864
internal_weight=0 1.86274 1.79187 0.296382 1.49548 1.23704 0.966766 0.270273 0.882804 0.72136 0.463967 0.258444 0.236973 0.214836 0.177011 0.385633 0.160067 0.225566 0.116495 0.134313 0.087074 0.115601 0.0590419 0.0851726 0.0379396 0.0576659 0.0314771 0.0150959
internal_count=557 544 527 207 320 262 204 58 200 169 143 58 192 180 178 138 96 42 81 175 74 166 63 134 50 109 75 53
is_linear=0
shrinkage=0.1


Tree=201
num_leaves=25
num_cat=0
split_feature=14 18 17 22 0 24 13 14 23 19 20 14 1 18 16 23 25 13 0 23 20 20 0 7
split_gain=0.0492938 0.0452962 0.0515983 0.033476 0.0299345 0.0282358 0.0744067 0.0460769 0.0534962 0.0421765 0.0362881 0.0476367 0.0398816 0.0318006 0.0216234 0.0140785 0.022442 0.00689363 0.000848538 0.000633893 3.47392e-06 2.16552e-06 4.85322e-07 3.3828e-07
threshold=115012.61991691073 -1.7395783932988185 -0.65497988620966641 50.092974710878558 1760455800000.0002 0.0033230323482955626 1918443.0000000002 108306.73387963064 0.029574814480847474 -0.42554607679309608 60.16744282871921 109984.94939002475 111085.55000000002 -4.2105993871374956 368.12000000006759 0.031387653675163447 0.020749261932455802 643127.00000000012 1761528600000.0002 0.018030319115337635 30.140236690024945 19.588530680015015 1762295400000.0002 1.1598500000000003
decision_type=2 2 2 2 2 2 2 2 2 2 2 2 2 2 2 2 2 2 2 2 2 2 2 2
left_child=1 4 18 -4 -1 7 19 9 10 15 13 -12 -13 -9 -15 16 17 -6 -3 -7 -21 -17 -23 -22
right_child=-2 2 3 -5 5 6 -8 8 -10 -11 11 12 -14 14 -16 21 -18 -19 -20 20 23 22 -24 -25
leaf_value=-0.046838260868939691 0.068992319176369984 -0.067998058543901965 0.037628594444245406 -0.041401263911202489 0.050068166322579571 0.055123294975211658 -0.022170734391191386 0.024874894310353838 0.057272850687409706 0.047333699447750593 -0.024498845518535307 0.051591507266893433 -0.0077286089466189218 -0.0098234525097365688 -0.067217662389103497 -0.067793301619359966 -0.067226421489423691 -0.014501708795938501 -0.056289923228542642 0.067833586143998079 0.067150613573345147 -0.066826176373615237 -0.067254001315790415 0.066803720410448589
leaf_weight=0.11409597191959742 0.098310411907732376 0.13225307472748682 0.12606072146445502 0.093243554059881717 0.032618521014228463 0.055434503912692779 0.16694688283314463 0.092132767371367663 0.19205814087763418 0.055407769366866311 0.23163204279262573 0.31815586049924605 0.17605046820244752 0.11296191473957129 0.15670477191451937 0.056780753657221794 0.059710250759962946 0.033531650551594794 0.11636529333190992 0.072748601553030312 0.048802579462062567 0.056074483509291895 0.050300440518185496 0.066304957610554993
leaf_count=4 18 28 28 19 15 28 26 30 16 29 25 30 39 30 33 3 13 30 19 5 13 35 7 34
internal_value=0 -0.00313607 -0.0313301 0.00402676 0.00300445 0.00579985 0.029241 -0.000121154 0.00861713 -0.032588 2.53632e-05 0.0129213 0.03046 -0.0258464 -0.0431755 -0.0479099 -0.022781 0.0173376 -0.0625181 0.0645198 0.0672927 -0.0672946 -0.0670285 0.0669508
internal_weight=0 2.61638 0.467923 0.219304 2.14845 2.03436 0.410238 1.62412 1.2797 0.344424 1.08764 0.725838 0.494206 0.361799 0.269667 0.289016 0.12586 0.0661502 0.248618 0.243291 0.187856 0.163156 0.106375 0.115108
internal_count=557 539 94 47 445 441 106 335 203 132 187 94 69 93 63 103 58 45 47 80 52 45 42 47
is_linear=0
shrinkage=0.1


Tree=202
num_leaves=31
num_cat=0
split_feature=13 13 0 4 14 11 9 23 23 9 13 1 19 18 18 3 20 4 22 12 9 17 13 20 22 20 23 3 18 14
split_gain=0.0239578 0.0239072 0.0202129 0.0305925 0.0456596 0.0314774 0.0672587 0.0279087 0.0266293 0.0380401 0.071034 0.0578292 0.0283973 0.0261204 0.0241897 0.0184539 0.0363653 0.0118375 0.00956292 0.00905721 0.00585686 5.08712e-06 2.40453e-06 4.40525e-06 6.08364e-07 1.08183e-07 5.98785e-08 1.81365e-08 2.10254e-08 1.34779e-08
threshold=2363254.5000000005 19551.500000000004 1762047000000.0002 1.1584000000000001 109984.94939002475 371.94670000000002 358.90000000000003 0.031677243174031207 0.0077614948901407474 379.26000000000005 1676637.0000000002 108849.85000000002 -2.7058863631690322 -0.33200336512290668 -3.3232117162510044 106589.30000000002 47.00387052012416 1.1671500000000001 27.981932562013295 381.18000000000006 380.76500000000004 -0.94723724818721811 1127639.5000000002 72.37554492058679 16.421961529967785 73.027878216078378 0.014942902518591183 101613.05000000002 -1.99432476149076 110851.22035807281
decision_type=2 2 2 2 2 2 2 2 2 2 2 2 2 2 2 2 2 2 2 2 2 2 2 2 2 2 2 2 2 2
left_child=1 -1 3 4 -3 6 -5 13 -7 12 11 15 -10 21 18 -11 -17 19 -14 -2 -13 -4 23 29 -8 27 -26 -23 -29 -22
right_child=17 2 7 5 -6 8 24 -9 9 10 -12 20 14 -15 -16 16 -18 -19 -20 -21 22 25 -24 -25 26 -27 -28 28 -30 -31
leaf_value=-0.038279356782350907 -0.067094576268590417 0.067242218624422451 -0.068305090571248603 0.061528360575517853 0.0054391770363581777 -0.029634565454417779 -0.067201448079474202 0.035217333047239084 -0.013159003752997236 0.051969239123037303 0.065302774877136857 -0.035283998818448313 -0.0067652403190793997 0.017416225378848883 0.050288723763474666 -0.067217107688127387 0.023803112495502314 -0.0036210501913661649 0.028566455017601463 -0.018126662011425831 -0.066829398943007171 -0.066895007754779787 -0.068080292782584317 -0.06809952951926497 -0.066920572586721266 -0.067058781917069238 -0.066749578509582658 -0.066699248744170755 -0.066840344594844822 -0.0667374366937106
leaf_weight=0.1343489967548529 0.089514460603822843 0.19681288121501062 0.035117276012897491 0.054692963371053227 0.30446531239431351 0.18145062844268967 0.066424255375750363 0.061654146702494472 0.16059953346848488 0.073745054833125323 0.11053914879448712 0.083231127064209431 0.13891879591392353 0.051148134982213267 0.38366919703548752 0.065987934620352462 0.13110404198232573 0.11080085067078471 0.17078270076308399 0.065345924231223762 0.03305391245521605 0.02114126889500767 0.065529692685231566 0.042453432979527861 0.030394641013117507 0.026530444782110862 0.062774609221378341 0.017978564443183132 0.025599130647606216 0.030774893442867324
leaf_count=24 28 34 1 2 23 15 9 22 9 14 6 7 22 5 36 18 39 8 21 21 19 5 3 5 8 9 64 40 14 26
internal_value=0 0.00286542 0.00496997 0.00774655 0.0297044 0.00191078 -0.0341731 -0.022746 0.0065358 0.0109394 -0.0075669 -0.022884 0.0247312 -0.0428778 0.0335074 0.00929578 -0.00667117 -0.0285764 0.0127182 -0.0464317 -0.0570566 -0.0672823 -0.0676039 -0.0673101 -0.0669702 -0.0668887 -0.0668054 -0.066819 -0.0667821 -0.0667851
internal_weight=0 2.76092 2.62657 2.3874 0.501278 1.88613 0.214286 0.239169 1.67184 1.49039 0.636419 0.52588 0.85397 0.177515 0.693371 0.270837 0.197092 0.265661 0.309701 0.15486 0.255043 0.126367 0.171812 0.106282 0.159594 0.0912494 0.0931693 0.064719 0.0435777 0.0638288
internal_count=557 500 476 380 57 323 83 96 240 225 137 131 88 74 79 71 57 57 43 49 60 69 53 50 81 68 72 59 54 45
is_linear=0
shrinkage=0.1


Tree=203
num_leaves=31
num_cat=0
split_feature=17 12 2 2 0 11 14 4 14 0 20 0 14 20 13 20 17 17 1 3 0 3 14 25 23 17 22 3 10 2
split_gain=0.028157 0.0357952 0.0683306 0.0318023 0.0431563 0.0788609 0.0629809 0.057532 0.0546471 0.0539427 0.041599 0.0243265 0.0176722 0.0366319 0.00864415 0.00237109 0.00187032 4.93485e-06 9.21895e-07 2.68059e-07 2.43909e-07 6.30652e-08 2.92588e-08 6.14155e-09 3.11324e-09 1.5746e-09 5.07904e-10 2.64224e-10 7.59442e-11 5.76691e-11
threshold=-0.46557138708034562 369.32250000000005 102252.05 106032.90000000001 1760805000000.0002 380.46500000000009 108181.91468090368 1.1599000000000002 109183.43156771226 1761431400000.0002 47.967607043840431 1761485400000.0002 111372.12717006887 59.578323728898845 20654.500000000004 70.212885316469567 -0.8247944920288911 -0.47022116631279648 102159.25000000001 106589.30000000002 1760455800000.0002 107490.20000000001 103190.08883396095 1.0000000180025095e-35 0.019169665364389136 -0.56215599238075464 31.571261658106852 109285.35000000002 386.81 111895.45000000001
decision_type=2 2 2 2 2 2 2 2 2 2 2 2 2 2 2 2 2 2 2 2 2 2 2 2 2 2 2 2 2 2
left_child=1 2 -1 -3 5 -5 16 -8 -9 10 -10 -11 13 -12 -4 -15 -6 18 -16 -7 -21 -22 -20 -24 28 26 -25 -28 -23 -29
right_child=-2 3 14 4 6 19 7 8 9 11 12 -13 -14 15 17 -17 -18 -19 22 20 21 24 23 25 -26 -27 27 29 -30 -31
leaf_value=0.066868409800423093 0.058083039258347402 0.06691673131601282 0.00061801110122036403 0.061438085724356585 0.067083216160144746 -0.06713134498753133 -0.067218431665077155 0.05848325700041565 0.045913158187711037 0.067173046687528243 0.04261496946704444 0.00024747941165828959 -0.067603099975969971 -0.038210141043549826 -0.067307918603733127 -0.067072122676456389 0.04795655986299522 -0.068208385010653211 -0.066866857887674255 -0.067142912436763111 -0.066911174124321779 -0.066715742912331066 -0.066767846309826823 -0.066713840291554055 -0.066763521297229275 -0.066734554466928178 -0.06670355948921719 -0.066690988917232949 -0.066705391429552924 -0.066677962081498482
leaf_weight=0.052286771242506691 0.081381007563322894 0.076382757979445048 0.020860923643340357 0.063036234292667248 0.11801049916539341 0.088637234934139997 0.11834193897084333 0.16607910487800837 0.06304953720245976 0.10858333430951461 0.059551088110310957 0.10866448028536979 0.15295199536194559 0.051948643726063892 0.038669921457767487 0.062963042699266225 0.090204894077032582 0.0340077129076235 0.017609109316254035 0.029499541968107224 0.033353468228597194 0.013426720513962209 0.027728080953238532 0.024961513921880396 0.017891980183776468 0.023404077655868605 0.014731125615071505 0.0065536591137060896 0.01501132408156991 0.0070583751730737276
leaf_count=15 18 5 12 3 31 16 18 23 21 15 12 25 20 28 3 15 22 2 9 3 16 14 32 36 16 23 22 18 29 35
internal_value=0 -0.00212489 -0.0356867 0.00412881 0.000605528 -0.0359644 0.00927507 -0.00228288 0.00764822 -0.00624428 -0.0284674 0.0336978 -0.0427907 -0.0210375 -0.06056 -0.0540244 0.058797 -0.067114 -0.0668824 -0.0670021 -0.0668973 -0.0668063 -0.0667476 -0.0667275 -0.0667308 -0.0667129 -0.0667034 -0.0666943 -0.0667103 -0.0666842
internal_weight=0 1.70546 0.267871 1.43759 1.36121 0.260857 1.10035 0.892133 0.773791 0.607712 0.390464 0.217248 0.327415 0.174463 0.215584 0.114912 0.208215 0.194724 0.160716 0.19782 0.109183 0.0796835 0.122046 0.104437 0.04633 0.0767088 0.0533047 0.0283432 0.028438 0.013612
internal_count=557 539 207 332 327 97 230 177 159 136 96 40 75 55 192 43 53 180 178 94 78 75 175 166 59 134 111 75 43 53
is_linear=0
shrinkage=0.1


Tree=204
num_leaves=28
num_cat=0
split_feature=14 18 17 22 0 9 14 23 23 24 20 20 11 11 14 19 22 1 9 18 17 14 1 24 20 20 10
split_gain=0.0448944 0.0397695 0.0476681 0.0282658 0.0273448 0.0275394 0.0406008 0.0698197 0.046096 0.0826957 0.0401286 0.0331975 0.0317469 0.0210377 0.0209781 0.0389192 0.0295274 0.00477931 0.00122254 0.000488082 7.92782e-06 1.29187e-06 8.20097e-07 1.86251e-07 1.43684e-07 2.76691e-08 1.66358e-08
threshold=115012.61991691073 -1.7395783932988185 -0.65497988620966641 50.092974710878558 1760455800000.0002 358.90000000000003 111177.78892755622 0.013375120736901622 0.014034471553028274 0.00086398026826511713 30.736761578248714 71.057254826937012 367.94370000000009 365.61500000000007 108306.73387963064 -0.69817618713699015 46.721283707609565 109932.95000000003 377.48000000000008 -5.1127072427732694 -0.89304376914831596 110271.92358892465 111172.60000000002 0.00146779507431044 61.854536181042825 47.320713711208931 381.41000000000003
decision_type=2 2 2 2 2 2 2 2 2 2 2 2 2 2 2 2 2 2 2 2 2 2 2 2 2 2 2
left_child=1 4 18 -4 -1 -6 8 -8 17 11 -9 19 13 -11 16 -16 -14 -7 -3 -10 -12 24 -22 -24 25 -21 -25
right_child=-2 2 3 -5 5 6 7 10 9 12 20 -13 14 -15 15 -17 -18 -19 -20 21 22 -23 23 26 -26 -27 -28
leaf_value=-0.046061158407375402 0.068842233740951081 -0.0531260087402953 0.035999966407562353 -0.039245889502625926 -0.068873152989864531 0.029103075262003109 -0.060220298999188161 -0.013800956713351763 -0.056772213356711759 0.0016556346744890573 0.068136675422444934 0.0080086199174311933 -0.067332919433064381 0.057369057386954914 0.038541469326791929 -0.023203923760394769 0.014120796428446528 0.063516530732951201 -0.0680132734187847 -0.066893399451244936 0.067325766849209309 -0.067431745102144544 0.067010987581230724 0.066732853943314005 -0.067032151943061821 -0.066769400659547784 0.066824066778849917
leaf_weight=0.10841236449778135 0.089725181052926817 0.092677657841704786 0.11889511987101298 0.086056222848128527 0.048401815351098665 0.07039235861157056 0.066783688685973064 0.076586851966567338 0.057986883970443159 0.1092306109785568 0.089648619294166565 0.080917499901261181 0.10416656610323116 0.17858888905902859 0.20840533898444846 0.2000970474909991 0.077702004869934171 0.094577623851364478 0.13626624186872505 0.033381357090547459 0.059563390124822035 0.078717962896917015 0.066653336805757135 0.034257872583111748 0.064054736329126172 0.039042627613525838 0.048028830089606345
leaf_count=4 18 22 28 19 2 23 39 3 12 30 3 14 28 29 31 26 31 29 25 10 10 8 18 32 13 31 19
internal_value=0 -0.00318782 -0.0306264 0.00440528 0.00277804 0.00558368 0.00754359 0.0339777 -0.000809356 -0.00745502 0.0507651 -0.0482508 0.00899453 0.0362252 -0.00428106 0.00829667 -0.0325324 0.0488324 -0.0619868 -0.064915 0.0673503 -0.0671091 0.0670122 0.0668867 -0.066923 -0.0668266 0.0667861
internal_weight=0 2.42949 0.433895 0.204951 1.9956 1.88719 1.83878 0.441523 1.39726 1.23229 0.374739 0.354101 0.87819 0.28782 0.590371 0.408502 0.181869 0.16497 0.228944 0.273184 0.298152 0.215197 0.208503 0.14894 0.136479 0.072424 0.0822867
internal_count=557 539 94 47 445 441 439 124 315 263 85 88 175 59 116 57 59 52 47 74 82 62 79 69 54 41 51
is_linear=0
shrinkage=0.1


Tree=205
num_leaves=26
num_cat=0
split_feature=13 11 17 23 19 17 0 24 22 10 23 10 1 25 22 23 23 4 2 18 19 20 11 22 18
split_gain=0.0219328 0.0212881 0.045793 0.0189964 0.0561159 0.0355345 0.0342085 0.0274913 0.0301899 0.0302552 0.0515234 0.0343755 0.0266781 0.0195195 0.0177967 0.039867 0.0157034 0.0108052 0.00895052 0.00639952 0.00429529 4.90077e-06 1.104e-08 9.40858e-10 1.64213e-10
threshold=2363254.5000000005 368.00500000000005 -0.69170378887646911 0.015048552399531593 -0.74457486751067103 -0.89973357161891931 1762003800000.0002 0.00060207406342127482 28.269079823274847 382.31500000000005 0.019169665364389136 391.30500000000001 109211.85000000002 1.0000000180025095e-35 30.352592768056308 0.028345721332661163 0.038025830787238174 1.1671500000000001 110174.60000000002 -4.1437792089776284 -1.050376347583722 63.908898137995813 366.77000000000004 50.092974710878558 -3.0471855913873243
decision_type=2 2 2 2 2 2 2 2 2 2 2 2 2 2 2 2 2 2 2 2 2 2 2 2 2
left_child=1 2 14 4 6 -5 20 -7 -9 12 -11 -12 16 -6 -1 -16 -10 18 -2 -14 -3 22 23 24 -4
right_child=17 3 21 5 13 7 -8 8 9 10 11 -13 19 -15 15 -17 -18 -19 -20 -21 -22 -23 -24 -25 -26
leaf_value=0.04665166257882572 -0.017196065501419899 -0.039371942836365352 -0.066695640069065254 -0.027231628649155966 -0.0017604949741096465 0.052414611875897167 0.010890890758434295 -0.012431490485662729 -0.015373949226633325 -0.068104693722520579 0.068405126586018522 -0.019706036484230634 0.038215063620173781 0.052161836294660216 -0.067056505504049041 0.033376468891010529 0.035918022650010359 -0.0034109362429988101 -0.066981378774525049 0.065704895880671563 -0.06747032711575314 -0.067984258734020933 -0.066794828940566306 -0.066733884156683548 -0.066711363728446341
leaf_weight=0.075776433921419084 0.063430324575165176 0.086728265188867226 0.013827099115587771 0.19908779695106282 0.13162806065520305 0.198314899840624 0.10898647084832191 0.35114581653033361 0.12254917524114717 0.087949918815866113 0.090969518583733588 0.086266725527821109 0.15561273251660224 0.13700814836192876 0.07237505625380436 0.087076621828600764 0.11636687116697431 0.10378272831439972 0.083845701126847416 0.18579266589949783 0.14596840330341365 0.058014940354041755 0.028848452871898189 0.015991337830200791 0.012781979399734023
leaf_count=4 15 19 27 23 37 34 10 36 34 16 8 33 15 18 39 11 6 8 34 34 37 4 22 18 15
internal_value=0 0.00284321 -0.0195368 0.00654576 -0.00845684 0.0122898 -0.0353434 0.0179303 0.0122154 0.0224514 -0.00553195 0.0255185 0.0352388 0.0257406 0.00675169 -0.01221 0.00960841 -0.0281243 -0.0455393 0.053175 -0.0569978 -0.0673015 -0.0667471 -0.0667147 -0.0667032
internal_weight=0 2.56907 0.364692 2.20438 0.610319 1.59406 0.341683 1.39497 1.19665 0.845508 0.265186 0.177236 0.580321 0.268636 0.235228 0.159452 0.238916 0.251059 0.147276 0.341405 0.232697 0.129464 0.0714489 0.0426004 0.0266091
internal_count=557 500 140 360 121 239 66 216 182 146 57 41 89 55 54 50 40 57 49 49 56 86 82 60 42
is_linear=0
shrinkage=0.1


Tree=206
num_leaves=28
num_cat=0
split_feature=2 14 10 20 19 9 17 13 20 14 18 1 25 23 25 17 14 20 25 0 22 20 17 13 13 19 1
split_gain=0.0286709 0.0251104 0.0260461 0.0275516 0.0247156 0.0469031 0.0300801 0.0491759 0.0360346 0.0293749 0.0596743 0.0179607 0.0140288 0.0124407 0.0061636 0.000218653 7.39561e-07 5.3885e-07 3.58113e-07 1.90657e-07 6.8709e-08 5.23411e-08 7.30125e-09 2.45963e-09 7.48544e-10 4.78054e-10 8.55554e-11
threshold=113990.00000000001 113205.66776525011 401.94875000000008 75.262288362041019 -0.92011996038303245 377.24500000000006 -0.49280516585298084 2047522.0000000002 31.916409666840178 108181.91468090368 -3.815482964943977 108022.10000000002 0.0038886593554498779 0.018323104729531057 0.011561022685725441 -0.7680226046369022 108325.14358676346 77.551237224398932 0.0063531602160872853 1760455800000.0002 31.571261658106852 75.262288362041019 -0.81279992335011397 1266980.5000000002 49476.500000000007 -0.65999094097850952 111352.25000000001
decision_type=2 2 2 2 2 2 2 2 2 2 2 2 2 2 2 2 2 2 2 2 2 2 2 2 2 2 2
left_child=1 2 3 4 5 11 7 9 -9 10 14 -1 -11 15 -6 -7 -14 21 -18 -20 -21 25 -22 24 -24 -2 -26
right_child=17 -3 -4 -5 6 13 -8 8 -10 12 -12 -13 16 -15 -16 -17 18 -19 19 20 22 -23 23 -25 26 -27 -28
leaf_value=0.02726016542520427 -0.066732920777561627 0.062053274512054814 0.057493768192599784 -0.067077304385217598 -0.06543524298828475 0.067005016517326349 0.029080899110013322 0.06087421238562947 -0.011238574302519636 -0.023974362090778554 0.049870608871552036 -0.066857029421270822 -0.067338478981164171 0.013708736785051988 -0.023731691487992569 0.059673582836925837 -0.067287100463253105 -0.067448225112955645 -0.067142710098634414 -0.06690387475468737 -0.066792812393520376 -0.066981756640280776 -0.066724914980237054 -0.066755471519508308 -0.066688102425506865 -0.066695503138757314 -0.066700203461513077
leaf_weight=0.030183916882378425 0.0057627389905974278 0.069689595606177934 0.076602042652666458 0.062885815772460663 0.084421609484707005 0.086201065103523433 0.19091730011859986 0.12034310400485992 0.16335362423706101 0.11917412238835823 0.10922571299306527 0.061771214197506197 0.059114999778103083 0.072265415685251355 0.061080898842192255 0.077032761415466666 0.022532633738592267 0.031315261498093605 0.019358264748007059 0.040490812200005166 0.017831258570367381 0.01436623084009625 0.011602113663685132 0.012727853485557716 0.012289625308767427 0.0083793002959283713 0.01113725656614406
leaf_count=18 10 17 17 15 29 27 31 15 34 36 36 38 5 26 27 17 3 2 2 21 15 3 13 13 34 32 21
internal_value=0 0.00335517 0.000668449 -0.002342 0.000601432 0.024603 -0.00684402 -0.014776 0.0193514 -0.0314405 -0.00599285 -0.0359634 -0.0513089 0.0482524 -0.0479284 0.0635452 -0.0670395 -0.0671619 -0.06692 -0.0668541 -0.0668014 -0.0668473 -0.0667382 -0.0667178 -0.0667041 -0.0667108 -0.0666939
internal_weight=0 1.59223 1.52254 1.44594 1.38306 0.327454 1.0556 0.864684 0.283697 0.580987 0.254728 0.0919551 0.326259 0.235499 0.145503 0.163234 0.207085 0.0598235 0.14797 0.125437 0.106079 0.0285083 0.0655881 0.0477568 0.035029 0.014142 0.0234269
internal_count=557 510 493 476 461 126 335 304 49 255 92 56 163 70 56 44 127 47 122 119 117 45 96 81 68 42 55
is_linear=0
shrinkage=0.1


Tree=207
num_leaves=30
num_cat=0
split_feature=14 14 2 9 0 24 20 23 23 14 0 14 3 13 14 25 0 22 4 0 1 3 17 20 14 23 10 22 14
split_gain=0.0408762 0.0358681 0.0267754 0.0526061 0.0363956 0.0287041 0.063392 0.0366788 0.0383753 0.0312136 0.0329134 0.0290378 0.0460888 0.0319153 0.0374699 0.0588179 0.0275475 0.0109167 0.0047169 7.2621e-05 3.93809e-06 1.25059e-06 4.58581e-07 1.00005e-07 2.9641e-08 1.66877e-08 1.49633e-08 2.56317e-09 5.63619e-10
threshold=115012.61991691073 114636.44945734636 112327.00000000001 358.90000000000003 1760524200000.0002 0.00086398026826511713 72.814712914500731 0.019169665364389136 0.019349682922865572 111223.22908892953 1762047000000.0002 109839.00011609019 108510.20000000003 228421.00000000003 108210.52510979153 0.020277722570212379 1761064200000.0002 23.606519467121029 1.1633000000000002 1760567400000.0002 111947.10000000002 110568.20000000001 -0.96239120579782667 62.844410520278828 110034.66502409164 0.017759366855919445 381.41000000000003 50.953918323381977 109838.99996860445
decision_type=2 2 2 2 2 2 2 2 2 2 2 2 2 2 2 2 2 2 2 2 2 2 2 2 2 2 2 2 2
left_child=1 2 4 -4 -1 6 9 18 -9 10 21 12 13 -10 15 -15 -13 -5 19 -7 -19 22 -6 24 27 -22 -27 28 -24
right_child=-2 -3 3 17 5 7 -8 8 11 -11 -12 16 -14 14 -16 -17 -18 20 -20 -21 25 -23 23 -25 -26 26 -28 -29 -30
leaf_value=-0.068498817366748385 0.068671937051474188 -0.062264509601024212 -0.068672920371525489 0.0091497213254046039 -0.067246440783546343 0.067443751086197393 0.028451123325079986 -0.068419800656849633 -0.031027731129993508 0.022891132891309326 -0.0070954670052312948 -0.0016934881897844437 -0.056812525018033293 0.049376659537045009 0.048990470199629467 -0.067122255249377261 0.067487826298324449 0.067903709674480936 0.025944645703124165 0.062301886548404677 0.066864035201505662 -0.067394949578327215 -0.066702298315187508 -0.066932009492040867 -0.066845009856652315 0.06672951469839053 0.06682877073161439 -0.066761298837307803 -0.066728228056971081
leaf_weight=0.084193887189031869 0.082406487679690943 0.097802725736983009 0.042541638016700634 0.041560225829016417 0.035598987189587206 0.057657131226733105 0.2125027691363357 0.072845710441470146 0.14617189430282451 0.074092345297685824 0.13572797266533598 0.10187232145108283 0.13073919637827203 0.082258586218813434 0.23948353092418984 0.091593285847920924 0.13231726080994122 0.049814263358712196 0.043017446325393394 0.052458715639659204 0.036784052441362292 0.075963119510561228 0.020361869130283483 0.081081897515105084 0.038131401175633073 0.03065447103290353 0.03010431193979457 0.016072185564553365 0.014249003725126386
leaf_count=3 18 9 1 19 8 9 25 2 39 26 37 21 23 21 22 25 24 2 31 32 13 11 34 21 14 31 12 12 12
internal_value=0 -0.00302586 -0.000355768 0.031791 -0.00419434 -0.00127445 -0.017182 0.00845718 0.00146028 -0.0369206 -0.0475431 0.00696684 -0.00335661 0.00913435 0.0233373 -0.0120004 0.037394 0.0544141 0.0540246 0.0649942 0.0671803 -0.0670483 -0.0669201 -0.0668517 -0.0667784 0.0668109 0.0667787 -0.0667283 -0.066713
internal_weight=0 2.26765 2.16985 0.231459 1.93839 1.8542 0.703782 1.15042 0.997282 0.491279 0.417186 0.924436 0.690246 0.559507 0.413335 0.173852 0.23419 0.188917 0.153133 0.110116 0.147357 0.281458 0.205495 0.169896 0.0888145 0.0975428 0.0607588 0.0506831 0.0346109
internal_count=557 539 530 78 452 449 200 249 177 175 149 175 130 107 68 46 45 77 72 41 58 112 101 93 72 56 43 58 46
is_linear=0
shrinkage=0.1


Tree=208
num_leaves=28
num_cat=0
split_feature=17 9 9 19 18 20 0 23 23 20 3 14 1 2 17 14 25 25 2 23 0 25 0 16 4 1 18
split_gain=0.0182327 0.0197848 0.0345536 0.0202469 0.0226217 0.0211753 0.0417734 0.0465373 0.0350651 0.0314303 0.0277748 0.0276935 0.0245693 0.0222465 0.0152497 0.0135797 0.00953108 0.00713862 0.00188957 0.000131846 1.57645e-06 4.88661e-07 1.14283e-07 2.32737e-08 1.87715e-08 1.31024e-09 5.18987e-10
threshold=-0.5070358028059303 358.90000000000003 366.33000000000004 -0.59997778948411262 -6.2519012966529379 70.079028434801302 1761193800000.0002 0.019169665364389136 0.023720795800648006 43.230198896414088 109748.70000000001 109984.94939002475 111433.95000000001 108365.40000000001 -0.7189148562749389 106985.15218520992 0.00316268634824628 0.012113900127979265 109618.05 0.019618503892498657 1760535000000.0002 0.00476636755734624 1761636600000.0002 365.72050000033033 1.1653500000000003 109789.55 -3.624400146575891
decision_type=2 2 2 2 2 2 2 2 2 2 2 2 2 2 2 2 2 2 2 2 2 2 2 2 2 2 2
left_child=1 -1 22 5 -5 6 7 15 -9 14 -7 18 -13 -10 -8 -4 -2 -6 -11 -19 -17 -18 -3 26 -22 -23 -24
right_child=16 2 3 4 17 10 9 8 13 11 -12 12 -14 -15 -16 20 21 19 -20 -21 24 25 23 -25 -26 -27 -28
leaf_value=0.068711723582523226 -0.0060935601485727822 -0.0670259664633686 -0.0061898609918426238 0.041601035175107888 -0.018053644461001408 -0.038821041063718698 0.012081372701254037 0.051491908908486796 0.018016353234295134 0.050076792035972609 0.0043530359168952896 -0.001601426248744057 0.046128947643819807 -0.029151790521146984 -0.060027116424238337 -0.067571423227015232 -0.067315473793533934 -0.059865311403797285 0.067242989019054428 -0.067503966503589724 -0.066786269552719102 -0.066718245483868427 -0.066694994488315729 -0.066850325803608987 -0.066881234142037782 -0.06675740964146186 -0.066719219448258912
leaf_weight=0.043315540999174895 0.045053099413053022 0.021761989104561841 0.051130442559953471 0.035770997143117711 0.053150051200644977 0.21874154378019728 0.064752141326607671 0.14199546119198203 0.19359624106436968 0.10634154042054433 0.46739778167102486 0.24291418341454118 0.19395484329288593 0.20680606726091355 0.053610121365636587 0.041293635440524668 0.02567644976079464 0.040530761587433517 0.16151639792951755 0.051065060324617662 0.054375707157305442 0.016795241019281093 0.017617167977732606 0.016721121995942667 0.033724902867106721 0.017383871716447175 0.017757879541022703
leaf_count=1 3 5 10 10 35 19 26 15 36 18 38 35 17 31 20 10 2 25 30 16 33 28 34 7 19 13 21
internal_value=0 0.00170885 0.000541649 0.00260418 -0.029609 0.0052093 0.0116979 -0.00584174 0.00879566 0.0271031 -0.00941088 0.0351115 0.0195892 -0.00634579 -0.0205789 -0.0498207 -0.0408356 -0.0472071 0.0604279 -0.0641239 -0.0670616 -0.0669858 -0.0668335 -0.0667531 -0.0668226 -0.0667382 -0.0667072
internal_weight=0 2.52984 2.48653 2.41267 0.180517 2.23215 1.54601 0.722922 0.542398 0.823089 0.686139 0.704727 0.436869 0.400402 0.118362 0.180525 0.104909 0.144746 0.267858 0.0915958 0.129394 0.0598556 0.0738582 0.0520962 0.0881006 0.0341791 0.035375
internal_count=557 511 510 443 86 357 300 154 82 146 57 100 52 67 46 72 46 76 48 41 62 43 67 62 52 41 55
is_linear=0
shrinkage=0.1


Tree=209
num_leaves=31
num_cat=0
split_feature=9 2 1 1 0 23 10 23 0 20 4 2 25 18 2 9 19 13 17 13 0 25 0 25 0 3 3 22 17 22
split_gain=0.0250805 0.0214954 0.0519341 0.0315226 0.0481649 0.0744031 0.026761 0.0232103 0.0300746 0.063822 0.0443835 0.0299136 0.0404087 0.00614157 0.00613934 0.00434137 0.00172159 0.00119218 2.99755e-06 7.72834e-07 4.89615e-07 4.53015e-07 4.04568e-07 3.32697e-07 1.13117e-07 1.01204e-07 8.5534e-09 6.00323e-09 5.6271e-09 1.42335e-09
threshold=400.59750000000003 109437.90000000001 111352.25000000001 111481.90000000001 1761431400000.0002 0.013764450440089246 366.52500000000003 0.044650446284438684 1760805000000.0002 30.140236690024945 1.1599000000000002 102252.05 0.01933300229854833 -7.3283422596090633 111606.60000000002 366.04500000000002 -1.097749934819044 3187562.5000000005 -0.47648456484491325 831107.50000000012 1761517800000.0002 0.0063531602160872853 1760923800000.0002 0.010673365654857282 1761528600000.0002 106117.60000000002 109125.95000000001 71.507547039172053 -0.90472510802535056 68.265825753201199
decision_type=2 2 2 2 2 2 2 2 2 2 2 2 2 2 2 2 2 2 2 2 2 2 2 2 2 2 2 2 2 2
left_child=1 7 6 -4 14 -6 -3 8 9 -1 11 -10 15 -8 -5 -13 -12 18 22 -18 -7 -16 -15 29 -22 -11 -24 28 -28 -17
right_child=-2 2 3 4 5 20 13 -9 10 25 16 12 -14 17 21 23 19 -19 -20 -21 24 -23 26 -25 -26 -27 27 -29 -30 -31
leaf_value=0.053369987660586642 0.067015482431871831 0.039950454526766294 0.049346616621463765 -0.025599286144711658 0.067044565861538202 -0.06749750731972308 -0.010249842858566987 -0.045115738232847299 0.066840240750386568 -0.067103724694048503 0.048255606169292892 -0.019781262320986506 0.030182896039554548 -0.067128117418276026 -0.06728288066050829 -0.066709243355404388 0.066959125346238713 -0.045271702422792409 -0.067758160549702115 0.06740365146230573 -0.067029742552890043 -0.066843312602384894 -0.0667989341293167 -0.067115689577346885 -0.066702583513015473 -0.0669101094581325 -0.066768064394009383 -0.066783706954602617 -0.06670050183990775 -0.066748684906926134
leaf_weight=0.073525906540453212 0.055086566600948683 0.030667082013678737 0.12588658506865613 0.057663065323140472 0.12973778485320508 0.018236536532640457 0.023269887547939905 0.068734283908270299 0.055459425318986177 0.047704660333693027 0.069417332473676652 0.025037150480784476 0.1019642970059067 0.038017766608390846 0.047078178729861975 0.023507397527282592 0.080013026716187596 0.028816308942623436 0.048174425115576236 0.076506953046191484 0.022798269521445036 0.046705456799827516 0.02554337537731044 0.050020216411212459 0.019701170556800207 0.062194412021199241 0.016713718039682024 0.017950840716366656 0.046973042219178862 0.014980272055254318
leaf_count=5 13 9 12 4 20 1 8 9 18 5 19 10 14 16 4 36 31 12 4 10 3 38 11 12 65 39 10 11 94 14
internal_value=0 -0.00169335 -0.0137336 0.00656564 -0.00918525 0.0242816 -0.0481241 0.0102644 0.0158595 -0.0187462 0.0286337 0.00134339 -0.0155116 -0.059128 -0.0512764 -0.0565457 0.0613632 -0.064247 -0.0670746 0.0671764 -0.0670641 -0.067064 -0.0668478 -0.0669456 -0.0668781 -0.0669942 -0.0667484 -0.0667326 -0.0667182 -0.0667246
internal_weight=0 1.493 0.743933 0.467807 0.34192 0.190474 0.276126 0.749065 0.680331 0.183425 0.496906 0.270969 0.215509 0.245459 0.151447 0.113545 0.225937 0.222189 0.193373 0.15652 0.060736 0.0937836 0.145199 0.0885079 0.0424994 0.109899 0.107181 0.0816376 0.0636868 0.0384877
internal_count=557 544 322 147 135 89 175 222 213 49 164 104 86 166 46 72 60 158 146 41 69 42 142 62 68 44 126 115 104 50
is_linear=0
shrinkage=0.1


Tree=210
num_leaves=31
num_cat=0
split_feature=11 14 9 22 17 2 11 13 2 0 23 1 25 17 19 3 18 19 23 1 20 17 0 19 1 19 18 3 17 20
split_gain=0.0240079 0.0381113 0.0337572 0.0277399 0.0437063 0.0901357 0.0457295 0.0296043 0.0461914 0.022467 0.0469579 0.0346467 0.0326361 0.0208854 0.0207776 0.00920913 0.00364503 0.000109884 4.15648e-06 2.01791e-06 1.64002e-06 4.5907e-07 2.95273e-07 1.00209e-07 3.88103e-08 3.26275e-08 9.22083e-09 2.47956e-09 7.14598e-10 9.38982e-11
threshold=377.43620000000004 110271.92358892465 360.69000000000005 81.876791922366607 -0.69823231577226019 112327.00000000001 385.23500000000007 607908.00000000012 109437.90000000001 1762047000000.0002 0.02401158556606826 102762.70000000003 0.01731589908885503 -0.8407396205888199 -2.1184948684968665 110008.65000000001 -3.3818887504706026 -0.87187647121006517 0.010017719259880022 109767.85000000002 74.745621068363505 -0.79820327139623537 1760697000000.0002 -0.42836874539038733 110314.45000000001 -0.61204660565130686 -1.9145846272545775 107952.55000000002 -0.58559638216835896 51.125611024311269
decision_type=2 2 2 2 2 2 2 2 2 2 2 2 2 2 2 2 2 2 2 2 2 2 2 2 2 2 2 2 2 2
left_child=1 9 -3 4 5 6 15 -8 20 10 17 -11 -12 -4 -13 -2 -6 -1 -16 -15 22 -21 -9 24 -23 -20 28 29 -26 -24
right_child=3 2 13 -5 16 -7 7 8 -10 11 12 14 -14 19 18 -17 -18 -19 25 21 -22 23 27 -25 26 -27 -28 -29 -30 -31
leaf_value=-0.061174938739528832 -0.030664207888536195 -0.040786918431184392 0.005397888679432728 0.043647751397123014 -0.038139093099644569 0.065506971280451895 0.064227545259620281 -0.067177481153262136 0.031892972810494725 -0.026316944959183852 -0.02582931105236537 -0.013378150311590785 0.025787851505514398 0.067684569213078402 0.068133193889055685 -0.067964414564755646 -0.067555050303937741 -0.066988392405937194 0.066876477442446347 0.06719530718660563 -0.067816102125479907 0.066909585258726464 -0.06670520679154715 0.066996826100871959 0.066697465455335475 0.066764245520067086 0.06678385970659162 -0.066752068499400491 0.06672585159921797 -0.066692808592989608
leaf_weight=0.054348456527804956 0.11163148781633936 0.046945174224674702 0.074536740779876709 0.080354615958640352 0.06020291947061196 0.14110927164438181 0.065143145329784602 0.021950267371721566 0.10175064206123352 0.096694943495094776 0.22831031825626269 0.041992571903392673 0.26428752180072479 0.047795161604881287 0.031591687351465225 0.16260581383539829 0.14027880408684712 0.080928412557114138 0.054711810822482221 0.049912853603018448 0.027718655299395323 0.017000072577502578 0.010688146983738989 0.026986096141627058 0.023825272786780261 0.049193604849278927 0.027771007793489844 0.012939146748976782 0.014126933936495334 0.014256671725888737
leaf_count=22 17 3 7 23 27 24 28 4 4 24 33 8 23 3 1 29 35 24 27 10 2 5 18 8 43 38 15 8 13 31
internal_value=0 0.00858668 0.0377268 -0.0125695 -0.0177601 -0.00549956 -0.0244517 0.00608101 -0.0139284 -0.00203808 -0.012467 0.0218439 0.00186422 0.0507993 0.0480815 -0.0527809 -0.0587217 -0.0646528 0.0671287 0.0671146 -0.0671802 0.0669439 -0.0668856 0.0668295 0.0667749 0.0668233 0.0667401 -0.0667165 0.066708 -0.0666981
internal_weight=0 1.23096 0.328899 0.95063 0.870275 0.669793 0.528684 0.254447 0.189304 0.902059 0.627875 0.274185 0.492598 0.281954 0.17749 0.274237 0.200482 0.135277 0.135497 0.207417 0.0875529 0.159622 0.0598342 0.109709 0.0827233 0.103905 0.0657232 0.037884 0.0379522 0.0249448
internal_count=557 307 107 250 227 165 141 95 67 200 102 98 56 104 74 46 62 46 66 97 63 94 61 84 76 65 71 57 56 49
is_linear=0
shrinkage=0.1


Tree=211
num_leaves=29
num_cat=0
split_feature=9 11 17 11 23 1 0 14 14 14 17 18 1 22 25 22 20 19 3 2 17 22 2 23 17 22 18 22
split_gain=0.0183282 0.0172075 0.0351343 0.0171679 0.0348229 0.0165736 0.0719839 0.0318003 0.0605661 0.0586894 0.0510122 0.0339771 0.0270069 0.0227284 0.0160367 0.012246 2.38191e-06 8.61691e-07 3.67986e-07 2.19957e-07 1.35598e-07 6.63325e-08 3.67042e-08 6.87731e-09 3.87472e-09 3.18359e-09 2.95527e-10 4.64215e-11
threshold=391.33500000000009 368.00500000000005 -0.69170378887646911 358.03000000000003 0.026026290902957164 108266.85000000002 1760805000000.0002 111177.78892755622 111459.3906045281 111619.89829137579 -0.69170378887646911 -4.2595514450402225 109211.85000000002 50.210018977209877 1.0000000180025095e-35 42.599894255524568 63.908898137995813 -0.70105994805808314 108006.60000000002 106995.55000000002 -0.7355320170921783 66.29741397511448 108316.8 0.016361262661198372 -0.89304376914831596 71.188195004804456 -2.6462022797648821 22.089730139016954
decision_type=2 2 2 2 2 2 2 2 2 2 2 2 2 2 2 2 2 2 2 2 2 2 2 2 2 2 2 2
left_child=1 2 3 -1 20 6 -3 11 -9 -10 -11 13 -13 -7 -14 -2 23 -16 19 -8 -5 -17 24 -4 -21 26 27 -25
right_child=15 5 16 4 -6 7 18 8 9 10 -12 12 14 -15 17 21 -18 -19 -20 22 -22 -23 -24 25 -26 -27 -28 -29
leaf_value=0.050210927672126496 0.00061781868657678621 0.036657958631645206 -0.066799514531847737 -0.066859171607974624 0.031385843371573546 -0.024115305171952595 -0.067139028880859736 -0.054226716795948184 0.05473591412040868 -0.057695923561606959 0.014040586078282971 0.010849502736002227 0.017107753436106054 0.027331653131789237 0.06698485903009159 -0.066962793763947426 -0.067691275495734116 0.067358236449825207 -0.06726407398465381 -0.066789459296581741 -0.067143426382447566 -0.066757146971129902 -0.066896561124178036 -0.066695573543615216 -0.066726436732366445 -0.066757653068681394 -0.066708940762186322 -0.06668555258567925
leaf_weight=0.057652767660329118 0.045032707639620528 0.12684807367622886 0.011985450109933349 0.032612522183626425 0.077424843271728605 0.21095856408646874 0.029443496932799462 0.19630197354126722 0.19645861769095063 0.15263394291105215 0.28277326375246048 0.24589940381701936 0.085764114948688075 0.14482188067631796 0.11007739871274758 0.025107417837716639 0.045676677400479093 0.14096006070030775 0.041102854767814279 0.016301517141982913 0.034571578464237973 0.041794400400249287 0.030764937866479158 0.0091840173990931362 0.024293951850268058 0.012705488683423027 0.016495214164024219 0.009307828400778817
leaf_count=7 8 30 5 35 11 35 11 21 13 37 33 24 20 21 35 8 4 16 4 12 8 37 9 17 32 12 22 30
internal_value=0 0.00172264 -0.0203214 0.00406969 -0.0143259 0.00505422 -0.0180813 0.00857376 -0.00570841 0.00936479 -0.011107 0.0211771 0.036045 -0.00317361 0.0544403 -0.0396975 -0.0671478 0.0671945 -0.0670119 -0.0669091 -0.0670054 -0.0668343 -0.0668142 -0.0667318 -0.0667517 -0.0667148 -0.0666992 -0.0666905
internal_weight=0 2.34302 0.307616 0.202262 0.144609 2.0354 0.268755 1.76665 0.828168 0.631866 0.435407 0.938481 0.582701 0.35578 0.336802 0.111935 0.105355 0.251037 0.141907 0.100804 0.0671841 0.0669018 0.0713604 0.059678 0.0405955 0.0476925 0.0349871 0.0184918
internal_count=557 504 151 61 54 353 98 255 104 83 70 151 95 56 71 53 90 51 68 64 43 45 53 86 44 81 69 47
is_linear=0
shrinkage=0.1


Tree=212
num_leaves=31
num_cat=0
split_feature=9 1 16 17 12 19 19 14 23 0 17 2 17 25 4 2 0 14 20 0 0 14 17 14 17 13 23 16 9 2
split_gain=0.0230142 0.0190713 0.0399017 0.036237 0.0308925 0.0294549 0.0305682 0.027449 0.02664 0.0323243 0.0191245 0.0219782 0.0461678 0.0244266 0.0187794 0.00571046 0.00249135 1.91308e-06 2.44621e-07 9.6722e-08 7.74335e-09 4.96041e-09 2.86475e-09 1.01869e-09 5.57495e-10 3.51538e-10 3.03944e-10 2.35094e-10 7.90227e-11 2.17978e-11
threshold=400.59750000000003 108395.00000000001 377.51999999819276 -0.43207016061911996 381.00500000000005 -0.70105994805808314 -0.60896425322122372 109183.43156771226 0.010458297665495568 1761226200000.0002 -0.85289846546291703 106032.90000000001 -0.79193247183472981 0.011561022685725441 1.1599000000000002 107137.45000000001 1760772600000.0002 108397.46223255286 71.783825578886933 1761291000000.0002 1760945400000.0002 109322.27569916124 -0.92079592224110141 110851.22035807281 -0.55025255265336082 25937.500000000004 0.0089601838413097632 363.00000000012278 370.00500000000005 110999.90000000001
decision_type=2 2 2 2 2 2 2 2 2 2 2 2 2 2 2 2 2 2 2 2 2 2 2 2 2 2 2 2 2 2
left_child=1 10 3 17 5 8 -7 -6 -4 -10 15 13 16 -12 -14 -1 -13 -3 20 -19 23 -21 -23 -9 25 -24 -27 -28 29 -29
right_child=-2 2 4 -5 7 6 -8 18 9 -11 11 12 14 -15 -16 -17 -18 19 -20 21 -22 22 24 -25 -26 26 27 28 -30 -31
leaf_value=0.022417794929685514 0.066992340173734746 -0.067473573080213983 0.067358726516066655 0.067705271441192372 0.030356834598041612 -0.056955859610179051 0.02272422778403729 -0.066744033319671367 0.050976785584290446 -0.030837250683176914 -0.0097786288790074668 -0.066981849962333001 -0.010608906672230172 0.067394832869840049 0.066965019435693107 0.0669309593111274 -0.039898112061264868 -0.066931828237953045 -0.067069290462642137 -0.066791497572318975 -0.066805562152404033 -0.066766310257009465 -0.066720057472412095 -0.066702711584450888 -0.066725926538002731 -0.066708167366185331 -0.06670225725026635 -0.066682409102512927 -0.066694085258947919 -0.066675046037119073
leaf_weight=0.048687321919715032 0.051335123600438348 0.066762343514710665 0.12468517088564102 0.022657176479697227 0.040217214220319875 0.099054007223458029 0.09368418101075815 0.010592551625450142 0.092130559933139011 0.10148897778708488 0.075681620699469709 0.074546622723573819 0.060479261352156755 0.089533719408791512 0.064476031810045242 0.070627161709126085 0.062388323363848031 0.030391143540327903 0.060306536150164902 0.0081555414944887161 0.019365243962965906 0.0075347211095504454 0.0055695100018056101 0.013659432952408679 0.007447874319041147 0.010309963348845486 0.0087279530707746744 0.01102110826104763 0.0049164328083861611 0.006329849573376122
leaf_count=24 13 6 11 1 19 18 28 11 15 31 34 26 31 12 22 23 17 11 12 5 7 5 6 30 9 16 14 40 14 46
internal_value=0 -0.00118776 -0.0106022 -0.0509734 0.00109441 0.0126265 -0.0182258 -0.0397921 0.0313081 0.00809257 0.0133711 0.00348303 -0.0145344 0.0320433 0.0294187 0.048767 -0.0546423 -0.0670587 -0.0669388 -0.0667829 -0.0667584 -0.0667182 -0.0667085 -0.0667208 -0.0667005 -0.0666965 -0.0666933 -0.0666883 -0.0666829 -0.0666797
internal_weight=0 1.39143 0.845007 0.189824 0.655184 0.511043 0.192738 0.144141 0.318305 0.19362 0.54642 0.427106 0.26189 0.165215 0.124955 0.119314 0.136935 0.167166 0.103924 0.100404 0.0436172 0.070013 0.0618574 0.024252 0.0543227 0.0468748 0.0413053 0.0309953 0.0222674 0.017351
internal_count=557 544 355 173 182 103 46 79 57 46 189 142 96 46 53 47 43 172 60 166 48 155 150 41 145 136 130 114 100 86
is_linear=0
shrinkage=0.1


Tree=213
num_leaves=31
num_cat=0
split_feature=11 14 12 22 17 2 11 13 2 0 23 23 25 17 19 17 18 22 23 1 20 17 0 19 1 18 3 17 20 25
split_gain=0.0217261 0.0344846 0.0301351 0.0241697 0.0389406 0.07865 0.0401417 0.0266435 0.0417295 0.0205598 0.0426244 0.033125 0.0267104 0.0194231 0.0179892 0.00968219 0.00437048 0.000506508 0.000100894 1.74752e-06 1.27955e-06 3.49876e-07 2.43502e-07 3.96712e-08 2.06018e-08 6.57478e-09 1.83081e-09 5.48137e-10 6.667e-11 3.60359e-11
threshold=377.43620000000004 110271.92358892465 359.62000000000006 81.876791922366607 -0.69823231577226019 112327.00000000001 385.23500000000007 607908.00000000012 109437.90000000001 1762047000000.0002 0.02401158556606826 0.031387653675163447 0.01731589908885503 -0.8407396205888199 -2.1184948684968665 -0.87275569177461554 -3.4143738332207056 51.372753388810416 0.020150304489213552 109767.85000000002 74.745621068363505 -0.79820327139623537 1760697000000.0002 -0.42836874539038733 110498.65000000001 -1.9145846272545775 107952.55000000002 -0.58559638216835896 51.125611024311269 0.020440271026737421
decision_type=2 2 2 2 2 2 2 2 2 2 2 2 2 2 2 2 2 2 2 2 2 2 2 2 2 2 2 2 2 2
left_child=1 9 -3 4 5 6 15 -8 20 10 18 14 -12 -4 -11 -2 -6 -16 -1 -15 22 -21 -9 24 -23 27 28 29 -24 -26
right_child=3 2 13 -5 16 -7 7 8 -10 11 12 -13 -14 19 17 -17 -18 -19 -20 21 -22 23 26 -25 25 -27 -28 -29 -30 -31
leaf_value=-0.066968021602295605 -0.027778657011709552 -0.039725674173359225 0.0054370877753358547 0.042147422156814246 -0.033610514293989591 0.064757826699652341 0.063845922557031032 -0.067150073758745502 0.030217088929025415 -0.011907997788988003 -0.024513182515486405 -0.030956328824035179 0.023495856271864866 0.067622586233297519 0.067343146324748915 -0.067813440216339199 -0.067472307948899898 0.054141553678877158 -0.061223379424920989 0.06713664459577888 -0.067730833239605881 0.066858253538733037 -0.066701387912724397 0.066909737531195876 0.066690489098490693 0.066774209240083718 -0.066743882961040821 0.066721059617510403 -0.06669038962898137 0.066698995445371154
leaf_weight=0.069258490897482483 0.10142456044559367 0.043423214927315712 0.070218983164522797 0.073810918169328943 0.053498590248636901 0.12646938691614196 0.059247069875709713 0.020133831654675305 0.097853295970708132 0.041524509317241609 0.2136593512550462 0.082491723005659878 0.25324513093801215 0.044552486506290734 0.094264550003572367 0.14937880355864763 0.1325648575730155 0.042016676525236107 0.054735273370170034 0.044985504224314354 0.025674147997051477 0.017443706106860191 0.0096147183649009094 0.024691042621270753 0.010397509860922582 0.023531708779046312 0.011669982428429648 0.012825697747757658 0.01291535900963936 0.0095586543466197327
leaf_count=27 15 2 7 23 25 24 28 4 4 8 33 29 23 3 29 31 37 32 19 10 2 9 18 9 23 14 8 13 31 17
internal_value=0 0.00829651 0.0373507 -0.0126073 -0.0176564 -0.00551837 -0.0237343 0.00576555 -0.0135815 -0.00199911 -0.0123142 0.0214171 0.00152652 0.0503129 0.0457153 -0.0516234 -0.0577361 0.063273 -0.0644321 0.0670755 -0.0671491 0.0669056 -0.0668742 0.0668 0.0667633 0.0667339 -0.0667117 0.0667049 -0.0666951 0.0666946
internal_weight=0 1.15282 0.301629 0.874256 0.800445 0.614381 0.487912 0.237108 0.177861 0.851196 0.590898 0.260297 0.466904 0.258205 0.177806 0.250803 0.186063 0.136281 0.123994 0.187986 0.080008 0.143434 0.0543339 0.0984483 0.0737573 0.0563136 0.0342001 0.0327819 0.0225301 0.0199562
internal_count=557 307 107 250 227 165 141 95 67 200 102 98 56 105 69 46 62 61 46 98 63 95 61 85 76 67 57 53 49 40
is_linear=0
shrinkage=0.1


Tree=214
num_leaves=30
num_cat=0
split_feature=13 13 0 23 18 5 11 9 20 23 10 19 23 25 22 13 2 23 4 16 0 17 22 1 20 23 3 18 11
split_gain=0.0178731 0.0178128 0.017097 0.0218215 0.0194546 0.0180649 0.022288 0.0448918 0.0218297 0.020334 0.0277031 0.0438223 0.0375713 0.0144807 0.014312 0.0526744 0.012517 0.0221236 0.00828176 0.00712692 0.00058196 2.33925e-06 2.45162e-07 1.60368e-07 5.77863e-08 1.90536e-08 6.80605e-09 1.00746e-08 2.51847e-09
threshold=2363254.5000000005 25937.500000000004 1762047000000.0002 0.031677243174031207 -0.33200336512290668 1.1621000000000001 371.94670000000002 358.90000000000003 70.079028434801302 0.0077614948901407474 380.39500000000004 -0.87187647121006517 0.015048552399531593 0.012023220155034956 42.599894255524568 1918443.0000000002 112033.45000000001 0.022105692040104156 1.1671500000000001 381.18000000027314 1760632200000.0002 -0.94723724818721811 16.421961529967785 109932.95000000003 73.027878216078378 0.014942902518591183 101613.05000000002 -1.99432476149076 366.77000000000004
decision_type=2 2 2 2 2 2 2 2 2 2 2 2 2 2 2 2 2 2 2 2 2 2 2 2 2 2 2 2 2
left_child=1 -1 5 4 21 8 7 -7 13 -8 16 12 -12 23 -14 20 17 -11 19 -2 -16 -4 -9 -3 26 -24 -23 -28 -27
right_child=18 2 3 -5 -6 6 9 22 -10 10 11 -13 14 -15 15 -17 -18 -19 -20 -21 -22 24 25 -25 -26 28 27 -29 -30
leaf_value=-0.031336412558042627 -0.066997491572976672 0.066874798749809158 -0.067931613644733158 0.037912072733742225 0.014183126746136946 0.060568497817134165 -0.028966394974353757 -0.06706475290981026 0.0033661816936989605 0.057057626461704473 -0.067429873556473022 -0.067304282623053671 0.0489609403827512 0.014262915541053453 -0.067372150140418016 0.068151008493097784 0.0057661238045490434 0.0094362879058367682 -0.0052742266997171531 -0.016844162712457922 -0.04907762311815303 -0.066840267181476912 -0.066840996677909978 0.067087980443321774 -0.066982761309933983 -0.066692585980035676 -0.066693309167292839 -0.066804844051577772 -0.06674357036204126
leaf_weight=0.14441896900825746 0.06754224449105084 0.068765598000027128 0.027411187067627907 0.043639013892970979 0.041823134059086331 0.036995813250541576 0.13970047849579703 0.048302133218385279 0.22372744174208492 0.21870006201788761 0.052553727058693767 0.096462891960982233 0.12893127405550331 0.082543153781443834 0.033155367345898412 0.063441924750804901 0.21363236918114126 0.17611562123056501 0.087785400450229645 0.048808663268573582 0.036563406407367438 0.0161496497457847 0.020679133041994646 0.072481112205423415 0.021485055418452248 0.016320322916726582 0.013255635622044792 0.020816204152652062 0.023843268027121667
leaf_count=34 28 28 1 20 5 2 15 9 17 36 32 28 26 15 15 2 20 17 8 21 26 5 8 15 9 38 39 14 24
internal_value=0 0.00254351 0.00506888 -0.0238797 -0.0430121 0.00811714 0.00217324 -0.0346285 0.0254554 0.00681262 0.0117151 -0.00833848 0.00973903 0.0475384 0.0252127 0.00221866 0.0252646 0.0358152 -0.0284629 -0.0459584 -0.0577777 -0.0671459 -0.0668965 0.0669842 -0.0668455 -0.066763 -0.0667868 -0.0667615 -0.0667229
internal_weight=0 2.08191 1.93749 0.18458 0.140941 1.75292 1.3054 0.146141 0.447517 1.15926 1.01956 0.411109 0.314646 0.22379 0.262092 0.133161 0.608448 0.394816 0.204136 0.116351 0.0697188 0.0991177 0.109145 0.141247 0.0717065 0.0608427 0.0502215 0.0340718 0.0401636
internal_count=557 500 466 93 73 373 298 81 75 217 202 129 101 58 69 43 73 53 57 49 41 68 79 43 67 70 58 53 62
is_linear=0
shrinkage=0.1


Tree=215
num_leaves=29
num_cat=0
split_feature=9 14 1 19 2 0 24 20 18 23 18 19 1 17 20 20 20 0 3 20 9 23 17 22 17 19 13 23
split_gain=0.0207645 0.0165093 0.0615805 0.0313878 0.0567489 0.0495209 0.0234829 0.0307569 0.0326289 0.0204313 0.0190934 0.0198219 0.00895367 0.00790467 0.00326577 0.00362322 3.42722e-07 2.88699e-07 1.00494e-07 1.73235e-08 7.85526e-09 4.84411e-09 2.32377e-09 1.55121e-09 1.10443e-09 1.56936e-10 1.09873e-10 1.23062e-10
threshold=400.59750000000003 109183.43156771226 111272.25000000001 -0.70674926561810947 111922.15000000001 1761453000000.0002 0.00098939305814399405 29.657101541721399 -4.6359710436865322 0.01472488553563 -3.9189307324802014 -0.92011996038303245 107978.50000000001 -0.63177231918323506 72.239166588813404 56.509803914948598 77.551237224398932 1760923800000.0002 105369.30000000002 72.814712914500731 393.48000000000008 0.017685319479581459 -0.92079592224110141 71.188195004804456 -0.61344795826586185 -0.64807323560557728 178402.00000000003 0.018138679564720386
decision_type=2 2 2 2 2 2 2 2 2 2 2 2 2 2 2 2 2 2 2 2 2 2 2 2 2 2 2 2
left_child=1 6 17 4 -4 -5 10 12 -9 -6 11 -1 -8 18 15 -7 21 -3 -10 20 22 -11 -19 24 25 26 -24 -28
right_child=-2 2 3 5 9 14 7 8 13 16 -12 -13 -14 -15 -16 -17 -18 19 -20 -21 -22 -23 23 -25 -26 -27 27 -29
leaf_value=0.060017591265852571 0.066981580977214322 -0.067053976582346755 0.063340170525386777 -0.067372137329009707 0.024363726835982362 -0.026161645199725882 0.04694632061135897 0.018270626658857619 -0.067058929601899991 -0.066856674371981159 0.06692252073003814 -0.036596659628980503 0.0069462166311826772 -0.021761069226356088 0.065653156447743943 0.053698741644317476 -0.06728886338141235 -0.066754646555164596 -0.066868600269400016 -0.066833237373133597 -0.066801657238389142 -0.066782666790757977 -0.066708631886996078 -0.066745031046000367 -0.066733211345028451 -0.066685281438152291 -0.06670342717806807 -0.066687817663160967
leaf_weight=0.036664680141257122 0.046697914367541782 0.043992174607410561 0.16661394032416865 0.1096792150856345 0.04026078013703227 0.010461995039804606 0.10553728262311779 0.11132445826660842 0.060127013195597101 0.01467915211833315 0.10847102708066791 0.050462727274862118 0.1191252299468033 0.059173469089728314 0.035466335240926128 0.012431902618118329 0.025478712283074856 0.016037345703807548 0.051504876275430433 0.021351396419049706 0.014188684290274978 0.022250012436416 0.010176820593187474 0.011503302877827082 0.010463401355082391 0.0092499669990502298 0.010463741069543175 0.0097630953496263828
leaf_count=16 13 20 23 23 6 30 27 22 20 9 35 29 15 33 9 17 2 11 29 12 5 37 12 10 14 32 15 31
internal_value=0 -0.000890855 -0.0131545 0.00614087 0.0273041 -0.0277731 0.00948923 -0.00187013 -0.0238536 -0.0311765 0.0389211 0.00406024 0.0257366 -0.0513086 0.0466474 0.0172043 -0.0670067 -0.0668366 -0.0669711 -0.0667521 -0.0667332 -0.0668121 -0.0667207 -0.0667119 -0.0667043 -0.0666967 -0.0667002 -0.0666959
internal_weight=0 1.2969 0.594512 0.437322 0.269283 0.168039 0.702391 0.506792 0.28213 0.102669 0.195598 0.0871274 0.224663 0.170805 0.0583602 0.0228939 0.0624079 0.15719 0.111632 0.113198 0.0918464 0.0369292 0.0776577 0.0616203 0.050117 0.0396536 0.0304037 0.0202268
internal_count=557 544 318 156 77 79 226 146 104 54 80 45 42 82 56 47 48 162 49 142 130 46 125 114 104 90 58 46
is_linear=0
shrinkage=0.1


Tree=216
num_leaves=31
num_cat=0
split_feature=11 14 9 22 17 2 11 13 2 24 0 14 17 0 14 1 18 1 20 17 0 19 19 1 11 18 3 17 20 19
split_gain=0.0199278 0.0305342 0.0270445 0.0212674 0.0349148 0.0710134 0.0351707 0.0237724 0.0366902 0.0193468 0.0236647 0.0328699 0.0183787 0.0170226 0.0146276 0.0113251 0.00438637 1.27759e-06 9.09706e-07 2.53302e-07 1.73012e-07 6.90422e-08 6.13729e-08 2.27549e-08 1.66242e-08 4.27518e-09 1.19069e-09 4.30258e-10 4.31773e-11 4.20672e-11
threshold=377.43620000000004 110271.92358892465 360.69000000000005 81.876791922366607 -0.69823231577226019 112327.00000000001 385.23500000000007 607908.00000000012 109437.90000000001 0.00098939305814399405 1762122600000.0002 108325.14358676346 -0.8407396205888199 1762047000000.0002 101859.12094360033 110558.45000000003 -3.4143738332207056 109767.85000000002 74.745621068363505 -0.79820327139623537 1760697000000.0002 -0.79267973767857414 -0.42836874539038733 110314.45000000001 362.43500000000006 -1.9145846272545775 107952.55000000002 -0.58559638216835896 51.125611024311269 -0.58624948493714346
decision_type=2 2 2 2 2 2 2 2 2 2 2 2 2 2 2 2 2 2 2 2 2 2 2 2 2 2 2 2 2 2
left_child=1 9 -3 4 5 6 15 -8 18 13 11 -11 -4 -1 -12 -2 -6 -14 20 -19 -9 -16 23 -21 -23 27 28 29 -22 -25
right_child=3 2 12 -5 16 -7 7 8 -10 10 14 -13 17 -15 21 -17 -18 19 -20 22 26 24 -24 25 -26 -27 -28 -29 -30 -31
leaf_value=-0.066874818073231881 -0.022326995062217258 -0.039903059908670671 0.0049663281336035873 0.04074445453511278 -0.032229103608845767 0.064235395178195417 0.063432652309465695 -0.067097349920090366 0.028658846267393474 -0.04167265467657278 -0.0095325130880408154 0.014268589383585143 0.067540928556377847 -0.0057583743140596716 0.066931375183009165 -0.067701508040622568 -0.067424641879401837 0.067105115976089771 -0.067615276127627064 0.066868969191562252 -0.066697910697109813 0.066837456748654933 0.066946588115502456 0.066695050014821566 0.066710272380121588 0.066758727431583051 -0.066734374294008608 0.066715616305684247 -0.066688608907380417 0.066685414921040534
leaf_weight=0.074358424579258786 0.088591435691341758 0.039360422757454216 0.066276587487664074 0.068190551712177694 0.049986668222118169 0.11567592562641948 0.053316497011110187 0.01797369378618896 0.090826586354523897 0.15172918463940732 0.034661890589632094 0.34130400884896517 0.040869427029974759 0.11772566539002582 0.046347489493200555 0.14510083815548569 0.12143252100213442 0.040872479003155604 0.022920104558579624 0.0138541902997531 0.0087024038366507739 0.016203231876716018 0.022470717391115613 0.01099274856824195 0.028099987684981897 0.021556034800596535 0.010234611079795286 0.01156432434800081 0.011698682137648575 0.0077093005529604844
leaf_count=35 19 3 7 23 25 24 28 4 4 29 8 38 3 33 15 27 37 10 2 5 18 5 8 23 37 15 8 13 31 20
internal_value=0 0.0080812 0.0368395 -0.0126832 -0.0176302 -0.00563744 -0.0236242 0.00549747 -0.013528 -0.00169591 0.00691554 -0.00294713 0.0496298 -0.0294174 0.0457195 -0.0505003 -0.0571615 0.0670537 -0.0670959 0.0668993 -0.066851 0.0668461 0.0668039 0.0667551 0.0667568 0.0667247 -0.0667065 0.0667005 -0.0666926 0.0666911
internal_weight=0 1.08596 0.275526 0.804651 0.73646 0.565041 0.449365 0.215673 0.162356 0.81043 0.618346 0.493033 0.236166 0.192084 0.125313 0.233692 0.171419 0.169889 0.0715295 0.12902 0.0486094 0.0906507 0.0881473 0.0656766 0.0443032 0.0518224 0.0306357 0.0302664 0.0204011 0.018702
internal_count=557 307 107 250 227 165 141 95 67 200 132 67 104 68 65 46 62 97 63 94 61 57 84 76 42 71 57 56 49 43
is_linear=0
shrinkage=0.1


Tree=217
num_leaves=29
num_cat=0
split_feature=13 13 0 23 9 9 9 23 18 17 11 14 14 23 23 19 25 13 17 4 22 25 9 3 19 18 11 18
split_gain=0.0160012 0.0170261 0.0149496 0.0265999 0.0136226 0.0370299 0.0241672 0.016493 0.0136712 0.0127746 0.0142621 0.016155 0.0546462 0.0192067 0.0149397 0.043426 0.0207411 0.0121418 0.0209965 0.00726557 0.00837299 3.41247e-07 5.17076e-08 1.15544e-08 2.43836e-08 4.88807e-09 3.62736e-09 2.00399e-10
threshold=2363254.5000000005 19551.500000000004 1762057800000.0002 0.031677243174031207 368.11500000000007 358.90000000000003 369.82250000000005 0.0076699158931794716 -4.2105993871374956 -0.89973357161891931 371.94670000000002 108325.14358676346 109183.43156771226 0.031299792603293318 0.013915471938989602 -0.74457486751067103 0.01978879044588815 643127.00000000012 -0.69170378887646911 1.1671500000000001 74.683802305236682 0.012463946260563061 361.89500000000004 102214.75000000001 -2.0491122201902825 -1.99432476149076 366.10500000000008 -5.5787508104216768
decision_type=2 2 2 2 2 2 2 2 2 2 2 2 2 2 2 2 2 2 2 2 2 2 2 2 2 2 2 2
left_child=1 -1 4 23 5 -3 8 -8 -6 -9 -11 13 -13 -12 15 -14 17 18 -16 20 -2 -7 -23 -4 -25 27 -24 -26
right_child=19 2 3 -5 6 21 7 9 -10 10 11 12 14 -15 16 -17 -18 -19 -20 -21 -22 22 26 24 25 -27 -28 -29
leaf_value=-0.038619027216645702 -0.066961060890622606 0.059023678235394533 -0.06688211500615053 0.03221268323066042 0.012098423583673672 -0.067266085242690038 -0.05317450716159329 -0.02389998260460709 0.066328396842331661 -0.021640509714923959 0.0068346823470223431 -0.067040135432732031 -0.049856162788162357 0.067774219945099426 -0.005137489733404858 0.028555028331818107 -0.0032548510106349517 0.063459766374604085 0.054756496178959613 -0.0056058237334242807 -0.010031650613324448 -0.066945832888629889 -0.06669265956299894 -0.066877267593249343 -0.066709728976005883 -0.0667796994672296 -0.066757979842182111 -0.06668667380550046
leaf_weight=0.096196044898534061 0.066611901820578967 0.033999711042269953 0.022911178180947789 0.043060306343249977 0.082212933426490054 0.022525789681822062 0.0475567600224166 0.12399256796925273 0.10697372091817658 0.12981992885761462 0.099271928193047421 0.08846656147215981 0.11672070200438611 0.10797090901178308 0.11473539873259075 0.17886881879530847 0.16990561338025145 0.13071231229696423 0.11948212250717982 0.083047071937471628 0.04220305821945658 0.016553493682295084 0.014237426032195799 0.021438738200231455 0.0070314715121639901 0.013752678234595805 0.021101819525938481 0.0081284814586979337
leaf_count=24 30 2 8 22 17 2 8 25 28 28 39 28 26 17 23 26 26 13 18 8 19 5 34 9 12 10 18 32
internal_value=0 0.00239398 0.00453649 -0.0301622 0.0068762 -0.0274388 0.00917743 0.00472644 0.0427622 0.00672187 0.00974497 0.0133631 0.00767498 0.0385834 0.0156345 -0.00240754 0.0256059 0.039043 0.0254164 -0.0278811 -0.0448814 -0.0669411 -0.0668 -0.0668232 -0.0667965 -0.0667365 -0.0667317 -0.0666974
internal_weight=0 1.93763 1.84143 0.116323 1.72511 0.108418 1.61669 1.4275 0.189187 1.37995 1.25595 1.12613 0.918892 0.207243 0.830425 0.29559 0.534835 0.36493 0.234218 0.191862 0.108815 0.0744185 0.0518927 0.0732625 0.0503514 0.0289126 0.0353392 0.01516
internal_count=557 500 476 93 383 61 322 277 45 269 244 216 160 56 132 52 80 54 41 57 49 59 57 71 63 54 52 44
is_linear=0
shrinkage=0.1


Tree=218
num_leaves=31
num_cat=0
split_feature=17 12 2 2 0 23 14 23 11 14 1 9 23 1 13 2 14 17 1 0 11 14 20 23 17 23 13 11 2 14
split_gain=0.0190653 0.022879 0.0489048 0.0225818 0.0288092 0.0327849 0.0312821 0.0426221 0.036305 0.023641 0.038575 0.0185582 0.0115908 0.0103639 0.0056596 0.00535452 1.87215e-06 1.47598e-06 2.42911e-07 1.40109e-07 8.22697e-08 1.3414e-08 1.44961e-09 9.2836e-10 4.87819e-10 1.01146e-10 1.14144e-10 5.11613e-11 4.30345e-11 6.36564e-12
threshold=-0.46557138708034562 369.32250000000005 102252.05 106032.90000000001 1761431400000.0002 0.015315792397538759 111372.12717006887 0.020451001576856906 371.94670000000002 109183.43156771226 111382.10000000002 398.50730000000004 0.02401158556606826 111481.90000000001 20654.500000000004 108105.05000000002 111495.57178458919 -0.47022116631279648 102159.25000000001 1760945400000.0002 387.97500000000008 103190.08883396095 29.657101541721399 0.0069023629765078949 -0.56215599238075464 0.0089601838413097632 155009.00000000003 361.94505000000009 110011.05000000002 110496.33371536431
decision_type=2 2 2 2 2 2 2 2 2 2 2 2 2 2 2 2 2 2 2 2 2 2 2 2 2 2 2 2 2 2
left_child=1 2 -1 -3 6 -6 7 9 -9 15 11 19 -10 -8 -4 -5 -15 18 -16 -11 -14 -20 -23 -24 25 -25 -27 -28 -29 -30
right_child=-2 3 14 4 5 -7 13 8 12 10 -12 -13 20 16 17 -17 -18 -19 21 -21 -22 22 23 24 -26 26 27 28 29 -31
leaf_value=0.066816959601479209 0.057277414562595309 0.066642561229995428 -0.0019481015959970868 0.028671739766292538 0.066989189030859472 -0.017042982506335225 -0.011703458901471297 0.031257272545199395 -0.010989730888347066 -0.067035140019568132 0.053830487122570561 0.020868214450945347 -0.067003325422061499 -0.067809144893069148 -0.067080744845348053 0.067047709263271166 -0.066935042898700212 -0.067692922620462795 -0.066818821283037649 -0.066756466392815905 -0.066842893215715016 -0.066739210057096585 -0.066730530098502716 -0.066702786701245673 -0.066712345372782311 -0.066694808549380688 -0.066692670433644907 -0.066686633387964545 -0.066677934922333704 -0.06667271237435439
leaf_weight=0.038332508353050687 0.058841571677476279 0.055877839156891929 0.014932408201275393 0.055932088289409876 0.12294376612408087 0.074600209336495027 0.050569775834446773 0.073676154017448425 0.050939547014422715 0.035896480505471118 0.080399980302900076 0.036169633094687015 0.083878631950938143 0.044063405191991478 0.025061079766601324 0.10389287868747488 0.055196620553033426 0.022927869344130158 0.012781481171259657 0.036271666787797585 0.05164349426922854 0.01176640072662849 0.0087952478497754782 0.0048084324444062068 0.012340899826085661 0.012052293179294793 0.0038396987802116192 0.0056684717092139189 0.0052492075119516812 0.0042022512025141623
leaf_count=15 18 5 12 25 23 35 12 7 31 17 8 13 16 5 3 29 35 2 9 32 39 10 9 10 19 26 9 19 23 41
internal_value=0 -0.00102943 -0.0335928 0.0048515 0.00124011 0.0352554 -0.00761849 0.00245684 -0.0281737 0.0253169 0.00135146 -0.0375944 -0.0516565 -0.0485506 -0.0602429 0.0536177 -0.0673231 -0.0669651 -0.0668085 -0.0668951 -0.0669422 -0.0667248 -0.0667073 -0.0667007 -0.0666952 -0.0666893 -0.0666872 -0.0666824 -0.0666797 -0.0666756
internal_weight=0 1.19471 0.182758 1.01195 0.956074 0.197544 0.75853 0.608701 0.260138 0.348563 0.188738 0.108338 0.186462 0.14983 0.144426 0.159825 0.09926 0.129493 0.106565 0.0721681 0.135522 0.0815044 0.0687229 0.0569565 0.0481613 0.0358204 0.0310119 0.0189596 0.0151199 0.00945146
internal_count=557 539 207 332 327 58 269 217 93 124 70 62 86 52 192 54 40 180 178 49 55 175 166 156 147 128 118 92 83 64
is_linear=0
shrinkage=0.1


Tree=219
num_leaves=29
num_cat=0
split_feature=11 14 24 20 22 17 2 11 13 2 13 19 0 1 13 23 3 25 25 20 2 0 22 25 12 3 17 20
split_gain=0.0167369 0.0293198 0.0237016 0.0238484 0.0199755 0.0308459 0.0645654 0.0325004 0.0208253 0.0328751 0.0193018 0.028937 0.0230999 0.0370343 0.0188709 0.0137524 0.0115277 0.00451478 1.19528e-06 6.24034e-07 6.16454e-07 1.16663e-07 3.21422e-08 3.01907e-08 5.68714e-09 7.01793e-10 5.99579e-10 3.6528e-11
threshold=377.43620000000004 109984.94939002475 0.00146779507431044 57.390622208124803 81.876791922366607 -0.69823231577226019 112327.00000000001 385.23500000000007 607908.00000000012 109437.90000000001 491367.50000000006 -0.73841684478861092 1762111800000.0002 102762.70000000003 1278419.5000000002 0.029574814480847474 109866.55000000002 0.014921260791869463 0.012113900127979265 74.745621068363505 109953.25000000001 1760697000000.0002 31.571261658106852 0.015602922060023916 371.68000000000006 107687.85000000002 -0.58559638216835896 51.125611024311269
decision_type=2 2 2 2 2 2 2 2 2 2 2 2 2 2 2 2 2 2 2 2 2 2 2 2 2 2 2 2
left_child=1 10 3 -3 5 6 7 16 -9 19 12 -12 15 -14 -13 20 -2 -7 -4 21 -1 -10 -15 -20 26 27 -25 -23
right_child=4 2 18 -5 -6 17 -8 8 9 -11 11 14 13 22 -16 -17 -18 -19 23 -21 -22 25 -24 24 -26 -27 -28 -29
leaf_value=-0.066928567289208402 -0.020483233698818871 -0.020116120073304215 0.067429816113342256 0.040779641977310224 0.040308588995608657 -0.06732906651669264 0.063856659218946649 0.063079203829957117 -0.067043312494304882 0.027826820600306276 0.040255577208905401 0.017511091878434165 -0.066797846835501593 0.066882364345745599 -0.048805613363428736 -0.016095629807811415 -0.067601945270896011 -0.030059434127316889 0.066877006417522311 -0.067499641447289233 -0.067408222544060384 -0.066695629255567782 0.066730710656412354 0.06669556884008139 0.066782209718804483 -0.06672436006504788 0.066725272211682507 -0.066686608937761169
leaf_weight=0.054702640889445098 0.08354352688184008 0.11897364184551407 0.04988792072981596 0.13997312686115038 0.065993993979645893 0.11007746774703275 0.10639273189008236 0.048367218929342926 0.015743879834190011 0.086132041178643703 0.16854447826335672 0.080120317907130811 0.032504708098713309 0.024077442882116884 0.092387306882301345 0.10376717851613648 0.13718068985326681 0.046121887280605733 0.022677388682495803 0.020183806540444493 0.05251897219568491 0.0080007109645521268 0.033310297541902401 0.016454360338684637 0.016237169213127345 0.0092713957710657269 0.011577080411370844 0.010228999206447043
leaf_count=31 15 35 3 28 23 37 24 28 4 4 17 25 16 7 18 15 31 25 8 2 11 18 35 35 11 9 12 30
internal_value=0 0.00748614 0.0296704 0.012801 -0.0122227 -0.0173116 -0.0057054 -0.0233833 0.00603981 -0.0124064 -0.00550028 0.0107867 -0.0239618 0.018488 -0.0180051 -0.0420476 -0.0497676 -0.0563242 0.0670593 -0.0670405 -0.0671635 -0.0668262 0.0667943 0.0667832 0.0667351 -0.066702 0.0667078 -0.0666906
internal_weight=0 1.01771 0.375781 0.258947 0.747238 0.681244 0.525045 0.418652 0.197928 0.149561 0.641933 0.341052 0.300881 0.0898924 0.172508 0.210989 0.220724 0.156199 0.116834 0.0634288 0.107222 0.043245 0.0573877 0.066946 0.0442686 0.0275011 0.0280314 0.0182297
internal_count=557 307 132 63 250 227 165 141 95 67 175 60 115 58 43 57 46 62 69 63 42 61 42 66 58 57 47 48
is_linear=0
shrinkage=0.1


Tree=220
num_leaves=28
num_cat=0
split_feature=9 13 1 0 14 14 14 23 23 22 17 3 14 17 23 23 19 23 3 0 10 2 1 22 22 13 23
split_gain=0.0152857 0.0150128 0.0139545 0.0424151 0.0255568 0.0275463 0.0427727 0.0282451 0.0287565 0.0253435 0.0246179 0.0476508 0.0359778 0.0198785 0.0138541 0.00885087 0.00839715 0.00438826 2.94155e-07 1.67139e-07 1.52261e-07 2.58338e-08 4.08308e-09 1.90227e-09 2.68584e-09 2.77339e-10 2.56564e-11
threshold=391.33500000000009 19551.500000000004 108266.85000000002 1760805000000.0002 108306.73387963064 109183.43156771226 109984.94939002475 0.021333468989077769 0.019169665364389136 79.918281298474454 -0.70197564775797539 111093.10000000002 110880.51918134686 -0.63177231918323506 0.015845712109855175 0.030668411553254827 -0.95074757893233952 0.014825768065022232 108006.60000000002 1760815800000.0002 393.37500000000006 108403.05000000002 107800.10000000002 46.083966321329527 50.484885678583503 979264.00000000012 0.037078748803795643
decision_type=2 2 2 2 2 2 2 2 2 2 2 2 2 2 2 2 2 2 2 2 2 2 2 2 2 2 2
left_child=1 -1 3 -3 -4 -6 14 8 10 18 11 12 -8 16 -7 20 -12 -13 19 -5 -2 22 23 26 -25 -22 -21
right_child=15 2 4 9 5 6 7 -9 -10 -11 13 17 -14 -15 -16 -17 -18 -19 -20 21 25 -23 -24 24 -26 -27 -28
leaf_value=-0.037631657142733907 -0.06706533504467474 0.034861966839298091 0.05680353806038313 -0.067071492740942526 -0.043758021812050629 0.016420056182515887 -0.02889042270941445 -0.052512348726897133 0.055147872871799813 0.017617906594705742 0.061654246470316226 -0.035539805154786407 0.04131973943662641 -0.0050269452644712822 0.06461895012466444 -0.0015163999155578599 0.019799315196007482 -0.067566146272463767 -0.067167229196402445 -0.066688398216015035 -0.066706646030735672 -0.066875952972865929 -0.066770125825268339 -0.066768509753907954 -0.066706923814266975 -0.066725008462425323 -0.066695795470317149
leaf_weight=0.092796558375994098 0.020028025217470824 0.10313070623669762 0.098087316146120318 0.021526072639971972 0.11119979483191844 0.099158101307693758 0.13678935618372567 0.095579255605116487 0.10035926675482187 0.047783483794773929 0.093602141016162932 0.066608912224182859 0.15647279302356765 0.19659275879530513 0.14961955764738377 0.03408882487565279 0.098243975677178241 0.11961103793146322 0.032479778863489628 0.0098610153436311521 0.016785665837232955 0.015425144782057032 0.02040556716019637 0.012188715885713464 0.016899709797144169 0.016128578827192541 0.0089390796201769263
leaf_count=24 6 30 9 3 24 15 23 26 37 12 10 21 21 39 34 4 33 34 3 26 26 5 14 12 33 17 16
internal_value=0 0.00159767 0.00360829 -0.0165507 0.00743153 0.00403033 0.00807871 -0.000650491 0.00446881 -0.0451329 -0.0013913 -0.01655 0.00857087 0.0173203 0.0454078 -0.0412585 0.0402204 -0.0561107 -0.0669042 -0.066823 -0.0668479 -0.0667591 -0.0667327 -0.0667167 -0.0667327 -0.0667156 -0.0666919
internal_weight=0 1.90336 1.81056 0.288639 1.52192 1.42384 1.31264 1.06386 0.96828 0.185509 0.867921 0.479482 0.293262 0.388439 0.248778 0.0870311 0.191846 0.18622 0.137725 0.105245 0.0529423 0.0837192 0.0682941 0.0478885 0.0290884 0.0329142 0.0188001
internal_count=557 504 480 154 326 317 293 244 218 124 181 99 44 82 49 53 43 55 112 109 49 106 101 87 45 43 42
is_linear=0
shrinkage=0.1


Tree=221
num_leaves=29
num_cat=0
split_feature=9 14 25 2 14 17 1 14 23 20 0 11 23 9 14 22 13 0 25 20 22 1 1 22 3 14 19 0
split_gain=0.0179177 0.0141143 0.0195081 0.0358937 0.0323492 0.0265656 0.0237605 0.037408 0.0173594 0.0167585 0.0455502 0.0328684 0.0293184 0.013502 0.0128155 0.00522367 0.00074571 0.000571263 2.48256e-07 5.23513e-08 3.42875e-08 2.24366e-08 6.96342e-09 5.47898e-09 1.79669e-10 1.55319e-10 6.69528e-11 5.84716e-11
threshold=400.59750000000003 113701.65684135367 1.0000000180025095e-35 111606.60000000002 111619.89829137579 -0.68850445899985824 111382.10000000002 109105.7354387628 0.044650446284438684 29.657101541721399 1760805000000.0002 376.32690000000008 0.036052514860101241 366.33000000000004 109183.43156771226 7.4789304389199893 1071283.0000000002 1761517800000.0002 0.0063531602160872853 71.783825578886933 28.269079823274847 111619.80000000002 114548.95000000001 69.207614645439961 109866.55000000002 111727.26570181617 -0.88367050394550084 1760491800000.0002
decision_type=2 2 2 2 2 2 2 2 2 2 2 2 2 2 2 2 2 2 2 2 2 2 2 2 2 2 2 2
left_child=1 2 4 6 5 14 7 8 9 -4 20 12 13 -12 -1 -9 -15 -3 -5 23 -11 -20 -19 24 -17 -23 -26 -27
right_child=-2 17 3 18 -6 -7 -8 15 -10 10 11 -13 -14 16 -16 19 -18 22 21 -21 -22 25 -24 -25 26 27 -28 -29
leaf_value=0.066787218374727716 0.066967559992862177 -0.043219783517041664 0.037691873844809778 -0.067129524645514513 0.067052463909197044 -0.067577134583337264 0.055000086170758168 0.0053641764214951738 -0.045095832896547013 -0.067000474130539556 0.016221216891101072 0.06708964559496787 0.049349545830556264 -0.047730611911092673 -0.0094135737449519506 -0.066705795735059761 -0.067333130866119403 -0.06692099511050574 -0.066830918027299693 -0.066881690698157581 -0.066866035085385522 -0.066705068482819055 -0.066815344357684145 -0.066757537307502335 -0.06669693079873934 -0.066692603414978568 -0.06668450506960559 -0.066678548931591849
leaf_weight=0.041079492744756863 0.040681389858946315 0.017238955013453849 0.16583729206467979 0.034745067358016968 0.10895933915162459 0.04631666647037469 0.074440910510020331 0.011226440008613281 0.060505049885250628 0.030651338660391048 0.033906392542121466 0.092570635373704135 0.060915720910998061 0.033407398404960986 0.047696334586362354 0.014410493662580848 0.046305391893838532 0.011619968943705317 0.033449942435254343 0.033638846696703695 0.049781930923927575 0.0055513373154099091 0.013470328145558597 0.029237439859571168 0.0086303930875146762 0.0053537825588136911 0.0087154524080688134 0.0066209564502059948
leaf_count=29 13 2 38 4 20 19 7 12 10 12 13 19 25 38 21 33 8 16 18 14 31 9 27 27 16 10 29 37
internal_value=0 -0.000585981 0.0016262 -0.00560531 0.0265134 -0.00618358 0.00136418 -0.00450969 0.00556574 0.0115366 -0.000944125 0.0189223 -0.0066249 -0.036635 0.025847 -0.0591304 -0.0591178 -0.0572349 -0.0669234 -0.0667815 -0.0669173 -0.0667829 -0.0668643 -0.0667263 -0.0666975 -0.0666912 -0.0666907 -0.0666848
internal_weight=0 1.12628 1.08395 0.839902 0.244052 0.135092 0.754181 0.67974 0.573881 0.513376 0.347539 0.267106 0.174535 0.113619 0.0887758 0.105859 0.0797128 0.0423293 0.0857211 0.0946326 0.0804333 0.050976 0.0250903 0.0609938 0.0317563 0.0175261 0.0173458 0.0119747
internal_count=557 544 499 410 89 69 332 325 194 184 146 103 84 59 50 131 46 45 78 119 43 74 43 105 78 56 45 47
is_linear=0
shrinkage=0.1


Tree=222
num_leaves=31
num_cat=0
split_feature=0 14 23 1 23 14 17 12 11 0 11 25 9 24 17 19 23 25 23 14 3 14 23 13 19 18 20 11 18 0
split_gain=0.0155334 0.0326528 0.0493186 0.0295219 0.0245189 0.0331872 0.037629 0.0380597 0.0333731 0.0441333 0.0230181 0.0208111 0.0297498 0.020664 0.0273815 0.0152967 0.00613106 4.34784e-06 1.78326e-06 1.1106e-06 6.05647e-07 2.73353e-07 1.22518e-07 1.06268e-07 9.25373e-08 3.14851e-08 1.93501e-08 1.76837e-08 1.42121e-08 2.2837e-09
threshold=1762047000000.0002 108306.73387963064 0.039774461051731276 102762.70000000003 0.012757516301438792 111177.78892755622 -0.70197564775797539 381.67500000000007 367.94370000000009 1761204600000.0002 394.32500000000005 0.0074118827925188768 361.68500000000006 0.0035267409993634535 -0.76241983889423348 -2.1184948684968665 0.028774913715957067 0.01577031815721951 0.0069023629765078949 108181.91468090368 111102.10000000002 110271.92358892465 0.044581042652899847 1278419.5000000002 -0.92011996038303245 -5.2380529205878092 71.057254826937012 370.12500000000006 -1.6042046510846379 1761420600000.0002
decision_type=2 2 2 2 2 2 2 2 2 2 2 2 2 2 2 2 2 2 2 2 2 2 2 2 2 2 2 2 2 2
left_child=1 10 4 -2 24 8 7 17 -6 13 19 -8 -13 14 -10 -5 21 -7 -17 22 -19 23 27 -11 -3 -20 -14 -1 -27 -26
right_child=3 2 -4 15 5 6 11 -9 9 16 -12 12 26 -15 -16 18 -18 20 25 -21 -22 -23 -24 -25 29 28 -28 -29 -30 -31
leaf_value=-0.066822195335282095 -0.027236376392318212 -0.066996560032441338 0.067179989646152349 -0.0067952569857646257 0.028113920509571563 0.068122393061333039 -0.067544700612389139 -0.0081091823954887732 0.049647458124923952 -0.066807954838429648 0.025734417216513424 -0.067923994410740138 0.066723248676695698 -0.042119423715857099 -0.02560058168399237 0.067770125835431419 -0.032595717803196853 0.067376624973288099 0.066876163100378666 -0.067440311407425263 0.066914835963896593 -0.067151678298568801 -0.06701821434395637 -0.067009046092579225 -0.066759435686002719 0.066718503363630388 0.066860631383024213 -0.06670345010027906 0.066824461133853194 -0.066711758719371878
leaf_weight=0.019140958291245513 0.076443477126304171 0.02077434936654754 0.10266754115582433 0.037182520027272403 0.13921925172326133 0.071453315205872059 0.060100878356024623 0.10372734896373004 0.1146517731249328 0.056316135975066572 0.03397590050008148 0.027252219617366791 0.021745553356595337 0.080677411751821637 0.083632450900041011 0.024025944992899895 0.072633960982784629 0.052738691214472055 0.03469218744430691 0.046772811212576926 0.06154341773071792 0.074779644783120602 0.023156586103141308 0.049271257594227791 0.021080123784486093 0.036787226745218504 0.019397410389501601 0.036372976697748527 0.019300125073641539 0.019194798835087568
leaf_count=9 24 11 16 9 25 3 5 25 31 33 6 1 34 16 23 1 9 4 19 4 38 20 3 8 15 49 7 74 9 26
internal_value=0 -0.00465238 0.000771621 0.0234544 -0.00515608 -0.00169936 0.0204212 0.0404126 -0.0154743 -0.0268817 -0.047279 -0.0246133 0.0131117 0.000548619 0.0179093 0.0489497 -0.0571267 0.0675105 0.067004 -0.0670544 0.0671279 -0.0670054 -0.066825 -0.0669018 -0.0668251 0.0668013 0.066788 -0.0667444 0.066755 -0.0667367
internal_weight=0 1.41228 1.25286 0.228431 1.15019 1.08914 0.417959 0.289463 0.671182 0.531963 0.159419 0.128496 0.0683952 0.278962 0.198284 0.151988 0.253001 0.185735 0.114805 0.125443 0.114282 0.180367 0.0786705 0.105587 0.0610493 0.0907795 0.041143 0.0555139 0.0560874 0.0402749
internal_count=557 446 350 111 334 282 117 70 165 140 96 47 42 70 54 87 70 45 78 90 42 61 86 41 52 77 41 83 58 41
is_linear=0
shrinkage=0.1


Tree=223
num_leaves=23
num_cat=0
split_feature=13 13 17 19 18 25 1 25 18 9 17 20 20 13 22 25 13 14 4 24 13 17
split_gain=0.01403 0.0149979 0.0131873 0.012869 0.0183436 0.0613631 0.022563 0.0262142 0.0259569 0.0210712 0.0348088 0.0114755 0.0113619 0.0125253 0.011197 0.00983526 0.00935052 0.00910845 0.00546414 0.00796004 0.000372881 2.50127e-05
threshold=2363254.5000000005 19551.500000000004 -0.5070358028059303 -2.7058863631690322 -2.3275827074023852 1.0000000180025095e-35 109434.40000000001 0.012023220155034956 -3.4455799071463136 380.91000000000003 -0.80158076785784538 45.135377356251489 47.00387052012416 901507.00000000012 42.599894255524568 0.0093349521563360436 178402.00000000003 108670.37428032792 1.1671500000000001 0.00098939305814399405 453983.50000000006 -0.74050373905933431
decision_type=2 2 2 2 2 2 2 2 2 2 2 2 2 2 2 2 2 2 2 2 2 2
left_child=1 -1 3 -3 5 21 8 15 12 10 -9 17 14 -14 -7 -8 -13 -6 19 -2 -12 -5
right_child=18 2 -4 4 11 6 7 9 -10 -11 20 16 13 -15 -16 -17 -18 -19 -20 -21 -22 -23
leaf_value=-0.037404411411044579 -0.0069671388817747542 -0.023571900867680885 -0.038423406427270497 -0.067448953654258834 0.040723881498522276 0.01406915651822728 0.024433808391406218 0.022827263634603936 -0.065748908013373061 0.033620141852737324 -0.052969453578290519 0.020168724067341447 0.052412841324545267 -0.0052455434373205869 -0.061017904092030673 0.067012077593227984 0.056083808897103377 -0.015666529480880258 -0.007416261285610801 -0.066852830423084916 -0.067492159636630786 -0.064458766778449819
leaf_weight=0.089439365132420678 0.035982732442789822 0.12940741349302665 0.067960101128846762 0.06980748068599496 0.042087345434993484 0.037420607171952724 0.092337333946488798 0.10177399693202416 0.067303956930118147 0.14727453430532478 0.024710569043236763 0.14654075253929477 0.0687666755693499 0.083331837464356795 0.042318960666307248 0.13152868536417373 0.14345471117121633 0.089676523290108889 0.072879473678767681 0.057928600399463903 0.06213695349288173 0.04668172926176295
leaf_count=24 13 27 37 27 15 13 25 13 16 27 36 24 33 9 36 26 29 32 8 36 23 28
internal_value=0 0.00244297 0.00467808 0.00659689 0.00939119 0.00185654 0.0110936 0.0229421 -0.0110776 0.00527529 -0.0168562 0.0268164 0.00479386 0.0208229 -0.0257807 0.0494499 0.0379352 0.00234541 -0.0279625 -0.0439072 -0.06336 -0.0662507
internal_weight=0 1.68396 1.59452 1.52656 1.39715 0.975393 0.858904 0.559762 0.299142 0.335896 0.188622 0.421759 0.231838 0.152099 0.0797396 0.223866 0.289995 0.131764 0.166791 0.0939113 0.0868475 0.116489
internal_count=557 500 476 439 412 312 257 150 107 99 72 100 91 42 49 51 53 47 57 49 59 55
is_linear=0
shrinkage=0.1


Tree=224
num_leaves=30
num_cat=0
split_feature=2 4 2 7 17 14 23 22 14 0 17 25 0 13 17 3 3 14 3 19 2 20 20 7 23 16 11 19 1
split_gain=0.0171934 0.0369412 0.0200567 0.024565 0.0325144 0.0281821 0.028338 0.0202568 0.0196168 0.037982 0.0411075 0.00740018 0.0070247 0.00491919 3.67273e-05 1.70408e-07 9.56929e-08 3.28834e-08 1.5014e-08 2.18218e-09 9.15891e-10 5.56743e-10 4.50968e-10 1.66768e-10 1.1848e-10 2.79039e-11 3.61773e-11 2.53177e-11 1.08641e-12
threshold=102252.05 1.1567500000000004 106032.90000000001 1.16415 -0.8247944920288911 108181.91468090368 0.020451001576856906 52.016953983971462 110904.43004648911 1761431400000.0002 -0.51100073710274896 0.0063531602160872853 1761485400000.0002 19551.500000000004 -0.64704971028450986 101525.00000000001 106589.30000000002 103190.08883396095 107490.20000000001 -2.0491122201902825 108731.15000000001 29.657101541721399 28.191979058008823 1.1486500000000002 0.010017719259880022 363.59999999969972 384.01500000000004 -0.64807323560557728 114344.55000000002
decision_type=2 2 2 2 2 2 2 2 2 2 2 2 2 2 2 2 2 2 2 2 2 2 2 2 2 2 2 2 2
left_child=-1 13 -3 5 -5 -4 8 -8 -7 10 14 -6 -11 -2 -10 -15 -13 -17 -18 -19 -20 -21 -22 -23 -25 -24 28 -26 -27
right_child=1 2 3 4 11 6 7 -9 9 12 -12 16 -14 15 -16 17 18 19 20 21 22 23 25 24 27 26 -28 -29 -30
leaf_value=0.066790514815754196 -0.0026699933295516354 0.067450119684250631 0.058872670621266103 0.065556036973435844 -0.018556960694786916 0.046976322403532271 -0.066991674526074879 0.0068195270975268249 -0.063799260955982526 0.066963021357522814 0.024334414389857895 -0.066947737600483309 0.019795154801100265 -0.067170254470400315 -0.067408182581439477 -0.066854724449353128 -0.066816434600460675 -0.066742231024442461 -0.066738070085897508 -0.06671952137772659 -0.06671764141273627 -0.066704044251093372 -0.06669159417001716 -0.066697672953240458 -0.066684768602958758 -0.066674182686979916 -0.066684164540306387 -0.066676086257565589 -0.066670786843084723
leaf_weight=0.039033155597280822 0.013844442510162258 0.049333714414387941 0.10170396044850349 0.0286007091490319 0.047022743325214833 0.13176760160422418 0.086962147222948261 0.064952586290019099 0.054568267136346438 0.066146350320195779 0.09218098403653141 0.05214338717632927 0.060411226600990631 0.011161469854414463 0.058354728738777339 0.022167979390360415 0.0191466152027715 0.01534351364171016 0.0050799308810383073 0.0090273668756708503 0.0048232857079710803 0.0075770622643176458 0.0029734492127317927 0.0070230434357654295 0.010606340587401064 0.0020445746959012476 0.0095422335289185867 0.0049148318721563564 0.0017471557366661727
leaf_count=18 12 4 32 21 16 39 38 24 32 15 11 16 29 1 8 11 16 19 5 9 6 12 7 18 35 15 36 26 26
internal_value=0 -0.000810915 0.00538539 0.00194573 -0.031862 0.0101083 0.00204852 -0.035433 0.0143352 0.00136699 -0.0252157 -0.0511408 0.0444478 -0.0580715 -0.0656642 -0.0668052 -0.0668553 -0.066752 -0.0667491 -0.0667103 -0.0666999 -0.0666977 -0.0666908 -0.0666912 -0.0666869 -0.0666828 -0.0666809 -0.066682 -0.0666726
internal_weight=0 1.04117 0.939506 0.890172 0.173124 0.717048 0.615344 0.151915 0.463429 0.331662 0.205104 0.144523 0.126558 0.101666 0.112923 0.0878216 0.0975006 0.0766601 0.0453572 0.0544922 0.0262106 0.0391486 0.0211307 0.0301213 0.0225442 0.0163074 0.013334 0.0155212 0.00379173
internal_count=557 539 396 392 164 228 196 62 134 95 51 143 44 143 40 131 127 130 111 119 95 100 90 91 79 84 77 61 41
is_linear=0
shrinkage=0.1


Tree=225
num_leaves=26
num_cat=0
split_feature=0 24 14 20 25 20 25 16 20 23 24 23 25 17 19 22 17 14 20 20 9 20 20 11 23
split_gain=0.0147521 0.0203438 0.0308953 0.0297633 0.0276579 0.0221687 0.0318495 0.0312412 0.0228403 0.0266225 0.0217424 0.017026 0.0193914 0.014323 0.00719781 0.00668448 0.00159494 0.000369429 9.99353e-07 3.72291e-07 2.70065e-07 1.2728e-07 5.09282e-08 1.7042e-08 4.59142e-10
threshold=1760455800000.0002 0.0031029441560831428 108306.73387963064 29.657101541721399 0.018337344376205319 60.16744282871921 0.012113900127979265 368.12000000006759 70.543941257476035 0.015845712109855175 0.00098939305814399405 0.031387653675163447 0.020749261932455802 -0.68946023415782098 -0.55693509814717956 43.725988960274307 -0.62001288146862088 109238.41038100405 30.140236690024945 20.253413098348904 377.48000000000008 47.47151482594608 44.520634473863744 366.93500000000006 0.019133827039977448
decision_type=2 2 2 2 2 2 2 2 2 2 2 2 2 2 2 2 2 2 2 2 2 2 2 2 2
left_child=-1 2 11 -3 5 7 8 13 -7 -10 -6 12 15 -4 16 -2 18 -9 -5 -13 -19 -21 -22 -20 -25
right_child=1 3 4 14 10 6 -8 17 9 -11 -12 19 -14 -15 -16 -17 -18 20 23 21 22 -23 -24 24 -26
leaf_value=-0.048764740625817767 -0.026085969119779215 -0.017422074987326331 -0.033922797583900904 0.067424495202959886 0.00095014584284486216 -0.041108548962595449 0.042167775706757941 -0.055198564802890954 -0.023673148072458031 0.043885384574600061 0.06716846436867574 -0.067333708246815241 -0.067000816622070317 0.035533879895943095 0.0085845776964671629 0.055207525505182792 0.041257568644517316 -0.06715598177271298 0.066844833970023582 -0.06678917414494559 -0.066929437405745917 -0.067059181694079747 -0.066724758429661621 0.066721214320220656 0.066739652641527147
leaf_weight=0.061222619377076737 0.014088133175391593 0.09939652754110273 0.050993999881029595 0.032117948867380619 0.093370374575897586 0.14676284270535689 0.16724682235508226 0.036962701648008078 0.11974386982910801 0.11372903781011701 0.10573802554426948 0.03739771107211709 0.032456308923428878 0.071065792770241165 0.031957133061951026 0.035863358811184298 0.031101447573746555 0.045993927516974509 0.017750953549693804 0.0303986750805052 0.022436706349253654 0.041012945366674103 0.026532161813520361 0.02132075781992171 0.03684282983886078
leaf_count=4 38 30 26 2 32 37 27 9 36 9 28 4 15 22 17 31 19 6 21 27 12 16 33 22 34
internal_value=0 0.00133987 -0.00427933 0.0260986 0.00275923 -0.00552755 0.00580027 -0.0299454 -0.010196 0.00923588 0.0361159 -0.0411098 -0.00682186 0.00651635 0.0513822 0.0322798 0.0612122 -0.0636805 0.0669569 -0.0670781 -0.066982 -0.0669442 -0.0668185 0.0667591 0.0667329
internal_weight=0 1.46228 1.19179 0.270488 1.00058 0.801468 0.547483 0.253985 0.380236 0.233473 0.199108 0.191217 0.0824078 0.12206 0.171091 0.0499515 0.139134 0.131925 0.108032 0.108809 0.0949628 0.0714116 0.0489689 0.0759145 0.0581636
internal_count=557 553 408 145 277 217 109 108 82 45 60 131 84 48 115 69 98 60 79 47 51 43 45 77 56
is_linear=0
shrinkage=0.1


Tree=226
num_leaves=30
num_cat=0
split_feature=12 23 13 1 0 1 14 14 14 23 23 22 0 23 19 17 23 23 3 3 0 17 20 23 9 1 19 13 23
split_gain=0.0126317 0.0184942 0.0125542 0.0111648 0.0447465 0.0230313 0.0210235 0.0218199 0.0337222 0.0235982 0.0235882 0.0196547 0.0264789 0.039843 0.0298923 0.0139444 0.0120653 0.00297643 1.36914e-07 1.12985e-07 7.97654e-08 3.34319e-08 1.79436e-08 6.67731e-09 3.71042e-09 1.6115e-09 5.36919e-10 3.60107e-10 6.40637e-11
threshold=389.23000000000008 0.031299792603293318 19551.500000000004 108266.85000000002 1760805000000.0002 102762.70000000003 108306.73387963064 109183.43156771226 109984.94939002475 0.021333468989077769 0.019169665364389136 50.092974710878558 1761431400000.0002 0.01472488553563 -0.70105994805808314 -0.69170378887646911 0.015845712109855175 0.0073754933057719558 108006.60000000002 107468.25000000001 1760815800000.0002 -0.61542582030102244 62.555273804873757 0.04361355933915919 391.92000000000002 107800.10000000002 -1.2378183297416763 1553927.5000000002 0.034391630249800208
decision_type=2 2 2 2 2 2 2 2 2 2 2 2 2 2 2 2 2 2 2 2 2 2 2 2 2 2 2 2 2
left_child=2 19 -1 4 -4 -6 -5 -8 16 10 11 12 14 17 -10 -15 -9 -14 20 -2 -7 -19 23 25 -21 26 -22 -26 -28
right_child=1 -3 3 6 5 18 7 8 9 -11 -12 -13 13 15 -16 -17 -18 21 -20 24 22 -23 -24 -25 27 -27 28 -29 -30
leaf_value=-0.035603756264695863 -0.066997928058003434 0.011459167306405896 0.066915797389188778 0.055734783014929623 0.018375609509120101 -0.067002827339683199 -0.041440595909466013 0.015516589227837935 -0.0026504811669606108 -0.051506065396480796 0.054241075609825287 -0.038010685507572389 -0.036419925595644526 -0.017279479578439182 0.058766191777516047 0.040214092631439602 0.063933413268620759 -0.066789676645894136 -0.067066496426563593 -0.066772672341764788 -0.066717399266026531 -0.0669160940431444 -0.066851562617261676 -0.066799818023067642 -0.066697773538362967 -0.066741049424032542 -0.066680317198505701 -0.066720651169201603 -0.066693206267556773
leaf_weight=0.083791797027515602 0.025443865219131223 0.055197423440404236 0.048153413212275953 0.084733953321119659 0.043877951859030873 0.017323993844911456 0.096381618845043593 0.087437712936661915 0.16706779645755887 0.081637035531457514 0.086581938448944129 0.11981216639105696 0.05213993409415707 0.070815218743518926 0.15075946389697492 0.10434368647111114 0.12511819138308056 0.043538138561415862 0.027682631742209196 0.013538466329919174 0.0099978936268598773 0.04026669252198245 0.017145286183222197 0.011771976947784424 0.014345806281198747 0.014350264023960335 0.0066416155641491051 0.013221379849710502 0.0091952964867232367
leaf_count=24 4 7 24 9 18 3 24 15 26 26 37 35 8 10 21 32 34 32 4 11 15 10 13 5 28 15 34 15 18
internal_value=0 -0.0313367 0.00207683 0.00415844 -0.017475 -0.0431967 0.007561 0.00423124 0.00812841 -0.00019061 0.00482449 -0.000889861 0.00618171 -0.0145575 0.0264822 0.0169699 0.0440165 -0.0551792 -0.066873 -0.0668323 -0.066811 -0.0668504 -0.0667629 -0.0667336 -0.0667298 -0.0667142 -0.0666993 -0.0667087 -0.0666878
internal_weight=0 0.121747 1.60057 1.51677 0.20614 0.157987 1.31063 1.2259 1.12952 0.916962 0.835325 0.748743 0.628931 0.311104 0.317827 0.175159 0.212556 0.135945 0.114109 0.0665495 0.0864263 0.0838048 0.0691023 0.051957 0.0411057 0.0401851 0.0258348 0.0275672 0.0158369
internal_count=557 65 492 468 149 125 319 310 286 237 211 174 139 92 47 42 49 50 107 58 103 42 100 87 54 82 67 43 52
is_linear=0
shrinkage=0.1


Tree=227
num_leaves=31
num_cat=0
split_feature=17 12 2 2 0 23 2 23 14 10 25 17 13 0 23 0 17 25 1 20 14 19 14 20 23 17 3 23 9 20
split_gain=0.0165239 0.0172931 0.0378154 0.0187574 0.0225968 0.0262872 0.024659 0.0239806 0.0320645 0.0310513 0.0212807 0.0413652 0.00498747 0.0048432 0.00126486 1.32569e-06 7.63212e-07 1.69326e-07 1.59473e-07 6.83495e-08 2.86692e-08 5.25814e-09 1.23609e-09 5.3033e-10 6.20053e-10 2.45865e-10 9.47073e-11 5.2989e-11 4.67675e-11 2.28317e-11
threshold=-0.46557138708034562 369.32250000000005 102252.05 106032.90000000001 1761431400000.0002 0.015315792397538759 111699.70000000003 0.023488968497873408 109183.43156771226 376.82000000000005 0.017771774351255144 -0.51100073710274896 20654.500000000004 1760891400000.0002 0.031299792603293318 1761420600000.0002 -0.47022116631279648 0.0066064760556945523 101959.85000000002 79.045473167115247 103190.08883396095 -0.63780192921901202 111788.58888620559 29.657101541721399 0.0058998883047615752 -0.56215599238075464 109937.95000000001 0.0089601838413097632 366.94500000000005 33.919414648145569
decision_type=2 2 2 2 2 2 2 2 2 2 2 2 2 2 2 2 2 2 2 2 2 2 2 2 2 2 2 2 2 2
left_child=1 2 -1 -3 6 -6 7 8 13 -9 11 15 -4 -5 -11 19 18 -8 -14 21 -20 26 -19 -22 -25 27 -10 -26 29 -29
right_child=-2 3 12 4 5 -7 17 9 10 14 -12 -13 16 -15 -16 -17 -18 22 20 -21 23 -23 -24 24 25 -27 -28 28 -30 -31
leaf_value=0.06678570172150175 0.057527312008388481 0.066502346322632813 -0.0018128463159390856 0.026592115193908906 0.066921005627936611 -0.016249111819445074 -0.067105049424022248 0.028781996837001857 -0.066727932231597065 -0.045349952966698796 0.035148534838731212 0.043020861858194426 -0.067150565134969531 0.066951015911490303 -0.066913073619878805 -0.067590440645200395 -0.067498788246315139 -0.066799504824522779 -0.066838765957718968 -0.066960378794466188 -0.066720407645934787 -0.066790463227882166 -0.066759906519347156 -0.06672450549587057 -0.066693480518526763 -0.066702928614076673 -0.066715718147743339 -0.066692474332483834 -0.066677176159180257 -0.066683365176349638
leaf_weight=0.029961075866594911 0.050036379107041284 0.045698892878135666 0.013308407127624378 0.045479815496946685 0.096229117683833465 0.062804718152619898 0.032541415886953473 0.058697068365290761 0.011466268246294931 0.040860167035134509 0.073477746056596516 0.051243459252873436 0.010731382295489311 0.085883197491057217 0.08138842745393049 0.033569001592695713 0.018663832874153741 0.015914829746179748 0.020107654636376537 0.023817484325263649 0.0088747825793689117 0.019087531778495759 0.015620309404766886 0.0056303348392248145 0.0050757053904817431 0.0093833911523688585 0.014222992220311426 0.0040228980797110134 0.010281998025675421 0.0087069449946284294
leaf_count=15 18 5 12 27 23 35 4 8 15 28 30 8 1 31 29 2 2 13 11 5 10 16 28 6 13 19 25 8 69 41
internal_value=0 -0.00142868 -0.0332593 0.00427357 0.000543058 0.0340759 -0.00829687 -0.00132726 0.0136606 -0.0310012 -0.00910367 -0.0302993 -0.0593725 0.0529782 -0.0597059 -0.0670755 -0.0669211 -0.066945 -0.0667909 -0.0668235 -0.0667374 -0.0667507 -0.0667799 -0.0666981 -0.0666936 -0.0666889 -0.0667212 -0.0666842 -0.0666822 -0.0666862
internal_weight=0 0.952751 0.144748 0.808002 0.762304 0.159034 0.60327 0.539193 0.358247 0.180946 0.226884 0.153407 0.114787 0.131363 0.122249 0.102163 0.101479 0.0640766 0.0828151 0.0685943 0.0720837 0.0447768 0.0315351 0.0519761 0.0431013 0.0374709 0.0256893 0.0280875 0.0230118 0.0127298
internal_count=557 539 207 332 327 58 269 224 159 65 101 71 192 58 57 63 180 45 178 61 177 56 41 166 156 150 40 131 118 49
is_linear=0
shrinkage=0.1


Tree=228
num_leaves=25
num_cat=0
split_feature=0 24 14 13 25 24 20 16 25 20 23 23 25 17 17 22 16 20 13 20 17 20 9 13
split_gain=0.0135207 0.0179986 0.0278696 0.0258351 0.0238755 0.0206184 0.0203743 0.0284693 0.0273628 0.0202972 0.0228006 0.0154388 0.0173573 0.012781 0.012505 0.00553954 0.000824507 0.000394343 3.69168e-07 2.51648e-07 1.13611e-07 9.67371e-08 1.23847e-09 2.85551e-10
threshold=1760455800000.0002 0.0031029441560831428 108306.73387963064 1918443.0000000002 0.018337344376205319 0.00098939305814399405 60.16744282871921 368.12000000006759 0.012113900127979265 70.543941257476035 0.015845712109855175 0.031387653675163447 0.020749261932455802 -0.68946023415782098 -0.53842595200245957 46.721283707609565 387.40500000070887 44.520634473863744 778193.00000000012 20.253413098348904 -0.8407396205888199 48.586215538509144 381.10000000000008 169382.50000000003
decision_type=2 2 2 2 2 2 2 2 2 2 2 2 2 2 2 2 2 2 2 2 2 2 2 2
left_child=-1 2 11 14 6 -6 7 13 9 -8 -11 12 15 -4 16 -2 18 -9 22 -13 -19 -21 23 -3
right_child=1 3 4 -5 5 -7 8 17 -10 10 -12 19 -14 -15 -16 -17 -18 20 -20 21 -22 -23 -24 -25
leaf_value=-0.047622025805070349 -0.021856300726675503 0.066692297015367219 -0.033005935452526607 -0.017966457794365343 0.00072283509805042814 0.06711741133510056 -0.039544603991833259 -0.05428457516634775 0.040340759253237352 -0.021529432317615147 0.042683498033416457 -0.067256616226459939 -0.06696980716419651 0.034296756235717936 -0.006753828657072334 0.054056371105067016 0.046681754016997458 -0.067123843783993664 0.06709718794667742 -0.066799624657848694 -0.066879295719598372 -0.067044249717987933 0.066737672718538935 0.066713265830642132
leaf_weight=0.058841739781200997 0.013683394376130087 0.012116447906009853 0.04874996419675881 0.088211544149089605 0.091519280191278085 0.095662494088173844 0.13795589447545353 0.034191720173112117 0.15942516084760427 0.1151096587855136 0.10641936556203291 0.033555849455296993 0.029333220358239487 0.066989956772886217 0.031955219339579233 0.032312402872776147 0.024839855323079973 0.027998763180221431 0.061139761710364837 0.033087982825236395 0.05908974429621594 0.031608186967787333 0.017922209808602929 0.013996305024193134
leaf_count=4 39 25 26 28 32 28 37 17 27 36 9 4 15 22 19 30 20 8 20 28 35 15 16 17
internal_value=0 0.00133441 -0.00409704 0.0255779 0.00268043 0.0346549 -0.00523702 -0.0295285 0.00585848 -0.00943379 0.00931754 -0.0409208 -0.0068608 0.00594868 0.0492929 0.0314729 0.0630681 -0.063385 0.0669382 -0.0670344 -0.0669579 -0.0669191 0.0667174 0.0667035
internal_weight=0 1.36687 1.11669 0.250181 0.943112 0.187182 0.75593 0.23702 0.51891 0.359485 0.221529 0.173581 0.075329 0.11574 0.16197 0.0459958 0.130015 0.12128 0.105175 0.098252 0.0870885 0.0646962 0.044035 0.0261128
internal_count=557 553 408 145 277 60 217 108 109 82 45 131 84 48 117 69 98 60 78 47 43 43 58 42
is_linear=0
shrinkage=0.1


Tree=229
num_leaves=25
num_cat=0
split_feature=13 17 11 20 20 3 20 3 9 3 18 19 1 18 2 17 20 14 19 20 0 25 22 23
split_gain=0.0121851 0.011592 0.0180219 0.0137047 0.0209111 0.0308088 0.0169526 0.0261932 0.029188 0.0183027 0.0129552 0.0116589 0.0183936 0.030444 0.0274753 0.0343298 0.00916241 0.00131908 0.000297816 2.5755e-07 4.52784e-08 1.58451e-08 3.18827e-09 5.80924e-11
threshold=3239769.0000000005 -0.63177231918323506 370.12500000000006 79.609984382775608 69.855651612361328 109748.70000000001 65.750863349860012 111001.65000000001 360.69000000000005 110741.15000000001 -2.975891891791937 -0.63149930707880586 108404.35000000002 -4.2105993871374956 108365.40000000001 -0.80570469220673135 31.916409666840178 109322.27569916124 -1.2548940218603251 33.919414648145569 1760826600000.0002 1.0000000180025095e-35 46.721283707609565 0.020692686971261604
decision_type=2 2 2 2 2 2 2 2 2 2 2 2 2 2 2 2 2 2 2 2 2 2 2 2
left_child=1 3 21 4 6 -6 7 9 -9 11 -4 12 14 -14 15 20 -2 -15 -10 -20 -1 -3 23 -23
right_child=16 2 10 -5 5 -7 -8 8 18 -11 -12 -13 13 17 -16 -17 -18 -19 19 -21 -22 22 -24 -25
leaf_value=-0.066953728969159118 -0.067256485508307012 -0.066839908842439746 -0.034573549396595377 0.047300036317804627 -0.057659436531055069 0.0037662101751549772 0.061757323111950105 0.049010844457811627 -0.054241751351984474 0.061722273917350835 0.015719706406208241 -0.028467219683579983 -0.0075431818219352008 0.048548550636918847 -0.066938554719277094 0.051424523389951772 -0.0055368585843145893 0.067074680884434565 -0.067291235073909703 -0.066864486477496474 -0.066724180308392153 -0.066697256942947938 -0.066746711531491892 -0.066685951002004917
leaf_weight=0.016924476876738148 0.045762691297568492 0.015662153244193067 0.083153047831729054 0.0753597558941691 0.1211294842287316 0.25055021434673108 0.064255870311171748 0.031159987207502127 0.025598423642804846 0.078492162749171257 0.13336330592574086 0.068675216985866538 0.11461659986525774 0.063032084843143821 0.056527324661146849 0.085816045735555235 0.050700741212494904 0.098478675674414262 0.021111143250891473 0.042841332047828473 0.017455449091357877 0.0080821070223464631 0.022963669713135459 0.010383578861365095
leaf_count=6 13 6 27 10 22 37 20 2 13 12 31 29 34 8 18 35 27 37 8 39 35 20 39 29
internal_value=0 0.00184516 -0.0167742 0.00598016 0.00328806 -0.0162523 0.0125401 0.00815222 -0.0343505 0.0167029 -0.00359541 0.00992724 0.0157498 0.0318729 -0.00944225 0.0175979 -0.0348169 0.0598446 -0.0633568 -0.0670054 -0.0668372 -0.0667542 -0.0667218 -0.0666909
internal_weight=0 1.50563 0.273608 1.23202 1.15666 0.37168 0.784985 0.720729 0.120711 0.600018 0.216516 0.521526 0.452851 0.276127 0.176723 0.120196 0.0964634 0.161511 0.0895509 0.0639525 0.0343799 0.0570915 0.0414294 0.0184657
internal_count=557 517 152 365 355 59 296 276 62 214 58 202 173 79 94 76 40 45 60 47 41 94 88 49
is_linear=0
shrinkage=0.1


Tree=230
num_leaves=30
num_cat=0
split_feature=2 14 17 20 12 2 0 14 23 14 20 25 6 18 0 13 23 17 1 1 14 19 20 20 23 17 1 23 11
split_gain=0.0163462 0.0142868 0.015708 0.0158266 0.0161244 0.0342849 0.0183472 0.023594 0.0224774 0.0332595 0.0285281 0.00871981 0.0206818 0.0117431 0.00545214 0.00474438 0.000365355 5.425e-07 1.26395e-07 1.01002e-07 2.04488e-08 1.90662e-08 6.62449e-09 3.65562e-10 5.12586e-10 1.66771e-10 5.36605e-11 3.28668e-11 2.54952e-11
threshold=113990.00000000001 113205.66776525011 -0.46557138708034562 72.814712914500731 369.32250000000005 102252.05 1761431400000.0002 111372.12717006887 0.020451001576856906 108181.91468090368 30.140236690024945 0.0063531602160872853 1.1598000000000002 -3.7957812238231141 1761420600000.0002 20654.500000000004 0.025713703916456238 -0.47022116631279648 113596.55 101959.85000000002 103190.08883396095 -2.7899643710668429 75.262288362041019 29.657101541721399 0.0058998883047615752 -0.56215599238075464 114741.65000000001 0.010017719259880022 368.11500000000007
decision_type=2 2 2 2 2 2 2 2 2 2 2 2 2 2 2 2 2 2 2 2 2 2 2 2 2 2 2 2 2
left_child=1 2 3 4 5 -1 7 8 11 10 -10 -6 -13 -14 -9 -7 -11 19 -2 -17 -21 -20 26 -22 -25 27 -23 -26 -29
right_child=18 -3 -4 -5 6 15 -8 14 9 16 -12 12 13 -15 -16 17 -18 -19 21 20 23 22 -24 24 25 -27 -28 28 -30
leaf_value=0.066778373165129898 -0.067230898358768304 0.062726396560050302 0.057017274842348857 -0.055947085156458444 0.066944925791993501 -0.00049829759164594922 0.054333257084557066 -0.066941148677781878 0.058848738057693223 -0.053028214620644609 -0.029737659445339668 0.050949085757880888 -0.066832938155424723 0.016969997254914427 -0.018922541381576487 -0.067089671468410661 -0.066920696728619167 -0.0674173896459003 -0.0669684584006731 -0.066825349164633563 -0.066716928312077914 -0.066683235784981518 -0.066829986230428032 -0.066721897608218159 -0.066690921874240583 -0.066699674501611586 -0.0667010762309838 -0.066683894983520883 -0.066675421066377027
leaf_weight=0.028035623487085104 0.012686885675066151 0.03992523666966008 0.048114697856362909 0.050592900657647988 0.058709600474685431 0.012296335808059666 0.076386217624531128 0.048240707004879368 0.078534266911447048 0.029839088150765747 0.067682494249311276 0.1004976678523235 0.03029776778203086 0.037314777684514411 0.04637778177857399 0.0093978848308324814 0.051779959023406263 0.016878286071005277 0.006729128770530223 0.018195456152170664 0.0083230987511342391 0.0033184142885147594 0.007250164526340086 0.005329525039996951 0.0040297151135746381 0.008543403757357737 0.0034271195127075771 0.0096191566881316248 0.0056277497133123697
leaf_count=15 2 17 18 33 30 10 32 38 9 25 37 30 29 22 3 1 26 2 1 10 10 18 3 6 12 19 23 38 38
internal_value=0 0.00426313 0.00151914 -0.00180819 0.00183446 -0.0307612 0.00841321 0.00202722 0.011482 -0.0107031 0.0178428 0.0337665 0.0221795 -0.0205828 -0.0434046 -0.0585968 -0.0618417 -0.0669092 -0.0669823 -0.066785 -0.066737 -0.0668301 -0.0667636 -0.0666982 -0.0666935 -0.066688 -0.0666923 -0.0666829 -0.0666808
internal_weight=0 0.890569 0.850644 0.802529 0.751937 0.126276 0.62566 0.549274 0.454656 0.227836 0.146217 0.22682 0.16811 0.0676125 0.0946185 0.0982406 0.081619 0.0859443 0.0334117 0.069066 0.0596681 0.0207248 0.0139957 0.0414726 0.0331496 0.02782 0.00674553 0.0192766 0.0152469
internal_count=557 510 493 475 442 161 281 249 208 97 46 111 81 51 41 146 51 136 47 134 133 45 44 123 113 107 41 88 76
is_linear=0
shrinkage=0.1


Tree=231
num_leaves=31
num_cat=0
split_feature=0 2 14 23 1 1 24 14 0 14 14 9 17 11 18 17 20 14 0 23 17 20 23 11 22 25 22 13 0 15
split_gain=0.0126803 0.024455 0.0230528 0.0358266 0.0195972 0.0309216 0.0322959 0.0314066 0.0327272 0.033356 0.0305017 0.0284794 0.0180023 0.0170325 0.0123747 1.33242e-06 4.82189e-07 4.17518e-07 1.69252e-07 4.30103e-08 3.83831e-08 2.34261e-08 7.52933e-09 6.45018e-09 5.77601e-09 2.21272e-09 7.51521e-10 3.24332e-10 2.00456e-10 1.4566e-10
threshold=1762047000000.0002 103233.00000000001 108306.73387963064 0.039774461051731276 108849.85000000002 109211.85000000002 1.0000000180025095e-35 109839.00011609019 1761636600000.0002 111177.78892755622 111482.14156110022 386.49000000000007 -0.70197564775797539 394.32500000000005 -0.33200336512290668 -0.94723724818721811 63.908898137995813 108181.91468090368 1761917400000.0002 0.044581042652899847 -0.87608712019442325 71.481930940251615 0.015315792397538759 370.12500000000006 17.371008094152561 0.0066064760556945523 38.415808006286319 372377.00000000006 1761453000000.0002 1.1491000004496301
decision_type=2 2 2 2 2 2 2 2 2 2 2 2 2 2 2 2 2 2 2 2 2 2 2 2 2 2 2 2 2 2
left_child=2 -2 13 4 -4 -6 20 -8 9 11 -11 -9 -12 17 15 -3 18 19 26 23 -7 24 25 -1 -17 28 -10 -25 -22 -26
right_child=1 14 3 -5 5 6 7 8 16 10 12 -13 -14 -15 -16 21 -18 -19 -20 -21 22 -23 -24 27 29 -27 -28 -29 -30 -31
leaf_value=-0.066778210161668919 -0.028572444593683147 0.067662493259567788 -0.054930831216249469 0.067033370572664439 0.058799087435344899 -0.066907827006846263 -0.045067707607451282 -0.067130968895867976 0.066720803396536729 0.06723514828007858 0.021527565938130933 0.014484408503967157 -0.03516481566762375 0.023559110613293417 -0.0065270462772172941 0.066767647102513025 0.067353793644892537 -0.067219128654726748 0.067123513314358244 -0.066914536054923368 -0.066714506586142946 0.066869173423788633 -0.066798829141076668 -0.066711605480268943 0.066710976922458365 -0.066754594459624492 0.066684911319730311 -0.066687421311806092 -0.066696479842760448 0.066695729246604107
leaf_weight=0.013863993925042339 0.060321400727843977 0.021751353517174721 0.072591611067764239 0.074458999908529222 0.079044957412406802 0.020584193902323022 0.127559565284173 0.10782504019152839 0.012050451929098926 0.09347853873623535 0.14598944158205973 0.070847518334630877 0.090879027666233236 0.026913111563771963 0.030297513003461063 0.028795821766834706 0.045191822027845774 0.03415034175850451 0.016272187698632479 0.016357175074517727 0.012713799165794626 0.017783847128157504 0.020460454630665481 0.0077748050389345727 0.01103079819586128 0.014862529438687488 0.011307931825285777 0.019338140926265623 0.011982151518168394 0.014501741643471178
leaf_count=9 24 1 26 16 12 11 31 27 13 18 36 29 25 6 5 24 6 4 2 3 18 12 11 11 13 12 34 63 23 32
internal_value=0 0.0236628 -0.00458517 0.00022687 -0.00498929 -0.000874497 -0.00675588 -4.81901e-05 0.00962218 3.90584e-05 0.0188653 -0.0347687 -0.000223529 -0.0463703 0.0490403 0.0669765 0.0671305 -0.0669423 0.0668759 -0.0667774 -0.06679 0.0667696 -0.0667496 -0.0667227 0.0667369 -0.0667241 0.0667034 -0.0666944 -0.0667058 0.0667023
internal_weight=0 0.184482 1.1465 1.0281 0.953641 0.88105 0.802005 0.721402 0.593842 0.50902 0.330347 0.178673 0.236868 0.118398 0.124161 0.0938636 0.0848224 0.0914845 0.0396306 0.0573341 0.0806031 0.0721122 0.0600189 0.0409769 0.0543284 0.0395585 0.0233584 0.0271129 0.024696 0.0255325
internal_count=557 111 446 350 334 308 296 221 190 135 79 56 61 96 87 82 55 90 49 86 75 81 64 83 69 53 47 74 41 45
is_linear=0
shrinkage=0.1


Tree=232
num_leaves=31
num_cat=0
split_feature=13 13 0 23 5 18 11 10 23 10 19 23 20 13 2 23 22 13 2 22 17 17 22 20 23 3 18 0 18 22
split_gain=0.0105801 0.0109536 0.0108968 0.0147587 0.0135061 0.0133836 0.012388 0.0315632 0.0118672 0.0193112 0.0261535 0.0247969 0.0115374 0.0091763 0.00803641 0.0144663 0.00783417 0.0330713 0.00506514 0.00038946 0.000118189 9.83389e-07 4.92597e-08 1.72413e-08 6.89497e-09 1.5285e-09 3.02169e-09 9.21379e-10 7.18333e-10 7.79749e-12
threshold=2363254.5000000005 25937.500000000004 1762047000000.0002 0.031677243174031207 1.1621000000000001 -0.33200336512290668 371.94670000000002 361.64500000000004 0.0077614948901407474 380.39500000000004 -0.87187647121006517 0.015048552399531593 70.079028434801302 372377.00000000006 112033.45000000001 0.022105692040104156 42.599894255524568 1918443.0000000002 109501.45000000001 66.940416012482942 -0.87275569177461554 -0.94723724818721811 16.421961529967785 73.027878216078378 0.014942902518591183 101613.05000000002 -1.99432476149076 1761820200000.0002 -1.122852119317397 41.317444359565016
decision_type=2 2 2 2 2 2 2 2 2 2 2 2 2 2 2 2 2 2 2 2 2 2 2 2 2 2 2 2 2 2
left_child=1 -1 4 5 12 21 7 -6 -8 14 11 -11 13 20 15 -10 -13 19 -2 -18 -3 -4 -9 25 -24 -23 -27 28 29 -26
right_child=18 2 3 -5 6 -7 8 22 9 10 -12 16 -14 -15 -16 -17 17 -19 -20 -21 -22 23 24 -25 27 26 -28 -29 -30 -31
leaf_value=-0.029520511638686582 -0.012075789414737527 0.05954770822704504 -0.067617676439097649 0.037247026979341784 0.059798611775086885 0.015523457169007094 -0.028108521719951613 -0.066907318026539028 0.056396095098651657 -0.067273159609030284 -0.067088548772897036 0.046841628745675747 0.0071527763335201867 0.01108365087341725 0.004960385752466147 0.0082754554293267679 -0.047875869342665633 0.06759045362409094 -0.052249803786205709 -0.067093920421105943 0.066888288972182464 -0.066779764098225308 -0.066801295557918 -0.066881494963222571 -0.066685481505799449 -0.066683802421776503 -0.066761599615189127 -0.066735984135190385 -0.066723954892080051 -0.066680148650484397
leaf_weight=0.1005135247723955 0.083150837919674925 0.033903105744684581 0.020800074562430382 0.030495770144625567 0.027171294670552015 0.027811434643808641 0.090706160204717889 0.030795349084655754 0.14135546921170317 0.036443561170017014 0.062304876868438774 0.077962005190784112 0.15599152917275205 0.048912123660556972 0.13555090088630095 0.11195098923053592 0.018908756755990908 0.040399350225925446 0.050409399769705487 0.023839766632590909 0.06212806695839368 0.010432317518279888 0.012565719574922696 0.013983320757688489 0.0051590261136880144 0.0078755497361271409 0.013638169759360608 0.010321929497877136 0.0068157941277604541 0.0058517417128314264
leaf_count=34 21 17 1 20 2 5 15 9 36 32 28 26 17 13 20 17 20 2 36 21 28 5 7 9 17 39 14 11 9 26
internal_value=0 0.00225202 0.00477843 -0.0232445 0.00785462 -0.0427571 0.00132956 -0.0319503 0.00577099 0.0105082 -0.0105978 0.00721844 0.0260269 0.0463396 0.0246124 0.0351288 0.0240687 0.00271605 -0.0272386 -0.0585933 0.0642968 -0.0670472 -0.0668119 -0.0667889 -0.0667397 -0.0667484 -0.0667331 -0.0667122 -0.0666984 -0.0666826
internal_weight=0 1.36459 1.26407 0.125037 1.13904 0.0945409 0.838103 0.0986809 0.739422 0.648716 0.259858 0.197553 0.300935 0.144943 0.388857 0.253306 0.16111 0.0831479 0.13356 0.0427485 0.0960312 0.0667294 0.0715096 0.0459294 0.0407142 0.031946 0.0215137 0.0281485 0.0178266 0.0110108
internal_count=557 500 466 93 373 73 298 81 217 202 129 101 75 58 73 53 69 43 57 41 45 68 79 67 70 58 53 63 52 43
is_linear=0
shrinkage=0.1


Tree=233
num_leaves=30
num_cat=0
split_feature=2 9 1 14 1 19 24 20 25 18 18 13 23 17 18 19 1 17 0 13 19 22 19 22 17 3 13 19 19
split_gain=0.0148506 0.0137261 0.0144284 0.0127599 0.0392638 0.0322071 0.0134623 0.0166533 0.024225 0.0157131 0.0118937 0.0106952 0.0100332 0.00435524 0.00407704 0.00197141 8.72906e-08 8.35867e-08 1.00715e-07 1.92313e-08 1.08341e-08 4.33735e-09 4.22806e-09 3.05743e-09 2.90939e-10 4.41159e-10 8.14915e-11 1.75473e-11 6.07379e-12
threshold=113990.00000000001 400.59750000000003 113245.55000000002 109183.43156771226 111352.25000000001 -0.70674926561810947 0.00098939305814399405 30.87132376185345 0.020277722570212379 -4.6359710436865322 -3.9189307324802014 1046250.5000000001 0.010458297665495568 -0.58737668957307787 -7.3283422596090633 -0.88367050394550084 113596.55 -0.49163359530255063 1760923800000.0002 2898567.5000000005 -2.6257899174079919 37.054069395940608 -2.2330746449902876 56.087097377350879 -0.92079592224110141 109285.35000000002 178402.00000000003 -0.66361830531778321 -0.42836874539038733
decision_type=2 2 2 2 2 2 2 2 2 2 2 2 2 2 2 2 2 2 2 2 2 2 2 2 2 2 2 2 2
left_child=1 2 3 6 14 12 10 8 -8 -9 11 15 -6 19 -5 -1 -2 18 -16 21 -18 -11 -22 24 -20 -26 -27 -28 -24
right_child=16 -3 -4 4 5 -7 7 9 -10 13 -12 -13 -14 -15 17 -17 20 -19 23 -21 22 -23 28 -25 25 26 27 -29 -30
leaf_value=-0.010609693122340787 -0.067169687729260158 0.066943792258510201 0.06467607626969972 0.0034305685429118177 0.067135494626000131 -0.042199972614766323 -0.01014575677727618 0.013219075370661229 0.067095367828240299 -0.066826712574199518 0.066822935814977655 0.053807655857966367 0.0094819696866375695 -0.020708065047419292 -0.066938537857512526 -0.062018709164514997 -0.066899545827974388 -0.067037218014706884 -0.066719707825122612 -0.066897068220018632 -0.06681055590333819 -0.066754840245442676 -0.066677573681308916 -0.066739607127810768 -0.06671830112961194 -0.066694233887228824 -0.0666844774052998 -0.066676845585982206 -0.066684646899464184
leaf_weight=0.014838874922133982 0.011343202444550116 0.033477341348771006 0.034654595401661936 0.0089226821073680185 0.069604976626578718 0.071705061231114087 0.10127823505899869 0.064715963671915233 0.067776353273075074 0.013609108777018264 0.065784547783550806 0.023441766912583262 0.053297811547963647 0.030982081185356947 0.02996951949535287 0.014999277474998962 0.0089350547641515732 0.015439738606801257 0.0046724372659809879 0.024835673859342933 0.0052603681106120348 0.021922007028479129 0.0023918502738524694 0.032068597894976847 0.0055183760596264611 0.0092603879602393135 0.010180478155234596 0.0042789388789969971 0.0024653360724187223
leaf_count=16 2 13 15 7 10 31 37 21 16 8 35 5 44 25 22 24 2 4 5 5 3 34 29 36 9 21 39 28 11
internal_value=0 0.00422062 0.00157522 -0.00130546 -0.0167031 0.0110601 0.00961121 -0.000924105 0.0208213 -0.0244794 0.0383791 0.00325967 0.0421336 -0.0511869 -0.0616112 -0.0364524 -0.0669501 -0.0668213 -0.0667865 -0.0668296 -0.0668193 -0.0667824 -0.0667484 -0.0667175 -0.0666965 -0.0666928 -0.0666869 -0.0666822 -0.0666812
internal_weight=0 0.827235 0.793757 0.759103 0.314919 0.194608 0.444184 0.325119 0.169055 0.156065 0.119064 0.0532799 0.122903 0.0913489 0.120311 0.0298382 0.0303958 0.111388 0.0959487 0.0603668 0.0190526 0.0355311 0.0101176 0.0659792 0.0339106 0.0292382 0.0237198 0.0144594 0.00485719
internal_count=557 510 497 482 256 85 226 146 53 93 80 45 54 72 171 40 47 164 160 47 45 42 43 138 102 97 88 67 40
is_linear=0
shrinkage=0.1


Tree=234
num_leaves=25
num_cat=0
split_feature=0 24 14 20 23 17 14 0 18 13 23 23 25 13 17 18 22 17 20 20 20 22 13 9
split_gain=0.0122725 0.0155969 0.0233579 0.0217479 0.0197068 0.015021 0.0481252 0.0229788 0.0272565 0.0168275 0.0225346 0.0126249 0.014657 0.0118848 0.00593997 0.00443041 0.00438544 4.81009e-06 4.12006e-07 1.39486e-07 5.8431e-08 6.5581e-09 6.22834e-10 5.35376e-10
threshold=1760455800000.0002 0.0031029441560831428 108306.73387963064 29.657101541721399 0.028917057825916453 -0.70197564775797539 111177.78892755622 1761204600000.0002 -4.2595514450402225 256594.00000000003 0.019907945388868264 0.031387653675163447 0.020749261932455802 166939.50000000003 -0.63177231918323506 -3.9189307324802014 46.721283707609565 -0.87106346557904046 30.140236690024945 20.253413098348904 48.586215538509144 50.00193646971001 2814430.5000000005 387.69000000000005
decision_type=2 2 2 2 2 2 2 2 2 2 2 2 2 2 2 2 2 2 2 2 2 2 2 2
left_child=-1 2 11 -3 5 6 7 -4 -9 13 15 12 16 -7 18 -11 -2 -10 -5 -13 -21 -20 23 -23
right_child=1 3 4 14 -6 9 -8 8 17 10 -12 19 -14 -15 -16 -17 -18 -19 21 20 -22 22 -24 -25
leaf_value=-0.046885718723120889 -0.020320094784414842 -0.014987511477109873 0.02646643576062796 0.067227741829096882 0.037380632844976301 -0.006731702296236701 0.058366135510065545 0.0044751010733387036 -0.067097717836580223 0.01079422418715691 -0.056857489393232132 -0.067156807195042759 -0.066933725657624343 -0.067311107591029096 0.023424018952948558 0.063889801378394159 0.053105848984404895 -0.065790750256071104 0.066782668187283761 -0.066777682149451414 -0.06698522807441086 0.066691108353484949 0.06673180772758161 0.066720442783443246
leaf_weight=0.05508447438478481 0.011630930726823641 0.08155360865930561 0.095165272214217 0.024314443580806255 0.13543937470240053 0.04954461609304428 0.1277330912053003 0.10396657678938925 0.059512226878723484 0.026648673287127167 0.035630752390716225 0.027443179162219167 0.025233795284293592 0.093504276839667 0.050460296464734711 0.038304913141473662 0.027056074053689372 0.053450582214282116 0.021628303351462819 0.02747109966003336 0.026796685007866472 0.01366571563994512 0.012470651228795759 0.011421516639529727
leaf_count=4 39 30 23 2 24 22 35 29 18 19 10 4 15 39 36 26 30 32 19 28 15 34 11 13
internal_value=0 0.00140453 -0.00402983 0.025726 0.0025327 -0.00437301 0.00666066 -0.0145012 -0.0324734 -0.0242919 0.00704951 -0.0409315 -0.00764223 -0.0463296 0.0505118 0.0421061 0.0310309 -0.0664793 0.0668812 -0.0669731 -0.0668802 0.0667388 0.0667135 0.0667045
internal_weight=0 1.18005 0.964532 0.215515 0.8189 0.683461 0.439828 0.312095 0.216929 0.243633 0.100584 0.145632 0.0639208 0.143049 0.133961 0.0649536 0.038687 0.112963 0.0835006 0.081711 0.0542678 0.0591862 0.0375579 0.0250872
internal_count=557 553 408 145 277 253 137 102 79 116 55 131 84 61 115 45 69 50 79 47 43 77 58 47
is_linear=0
shrinkage=0.1


Tree=235
num_leaves=27
num_cat=0
split_feature=17 13 13 14 14 2 9 19 2 24 14 25 18 23 19 2 23 19 25 20 4 22 0 2 14 20
split_gain=0.0103731 0.0092536 0.00940015 0.0108095 0.0203474 0.0219774 0.0244959 0.018056 0.0160422 0.0197868 0.0129037 0.0123964 0.0246451 0.0102774 0.0188041 0.00770722 0.0107245 0.00569374 0.00569266 0.00477271 0.00411903 0.00623476 1.52903e-06 2.41506e-07 6.95312e-09 1.66879e-09
threshold=-0.5070358028059303 2363254.5000000005 25937.500000000004 114912.15195371748 114499.83086601036 112327.00000000001 361.76000000000005 -2.7058863631690322 111713.05000000002 0.0031029441560831428 110834.030337652 0.0074118827925188768 -2.4051038376613825 0.017715472875936788 -0.65141476738693971 109437.90000000001 0.031299792603293318 -0.92011996038303245 0.011999510185262284 57.390622208124803 1.1671500000000001 71.188195004804456 1760556600000.0002 112904.90000000001 113580.0676658771 36.180167350357088
decision_type=2 2 2 2 2 2 2 2 2 2 2 2 2 2 2 2 2 2 2 2 2 2 2 2 2 2
left_child=1 2 -1 4 5 7 -7 -4 9 11 22 12 17 -13 15 16 -15 -9 -17 -2 21 -3 -11 -8 -25 -24
right_child=19 20 3 -5 -6 6 23 8 -10 10 -12 13 -14 14 -16 18 -18 -19 -20 -21 -22 -23 25 24 -26 -27
leaf_value=-0.026777284081022923 -0.06703078280321427 -0.066858242533559764 -0.052039504843804943 -0.03833362488924149 0.066040173401046495 0.040598344768180729 -0.067158040962518914 -0.067338184916777774 0.047110064660133177 -0.067798322727877308 0.015452561617141845 0.060643826638643816 0.023603184539501172 -0.014607583605870486 -0.025818692567042584 0.06695944590826626 0.036263964767243896 -0.017631188382971553 0.024482021020345576 -0.0093052135081548391 -0.004118085353748276 -0.0052547545646418987 -0.066702101342745401 -0.066732911087146213 -0.066805234234755859 -0.066750260422072299
leaf_weight=0.091262765326973638 0.032620099114865408 0.039588049876328912 0.043957367168331429 0.051112077631842001 0.058580359735060372 0.02918062184471637 0.023446593229891732 0.050419074992532842 0.12296424325177213 0.024619352072477341 0.029192041423812043 0.063785754813579842 0.12320264200388953 0.071432072480092201 0.079921847885998987 0.068718591493961867 0.098701808907208033 0.042443067512067501 0.058330587977252435 0.025534493062878028 0.053266278468072414 0.028083527176931966 0.014978303623138345 0.023518939233326819 0.03057332249591127 0.013847127995177289
leaf_count=27 37 28 23 16 6 3 11 21 20 1 16 21 29 33 22 29 28 38 16 9 8 16 32 32 18 17
internal_value=0 0.00145934 0.00408678 0.00659517 0.00873771 0.00542475 -0.0374991 0.010478 0.013664 0.00810324 -0.038015 0.0139043 -0.00571808 0.0235206 0.0172414 0.0288216 0.0149051 -0.0446194 0.0474573 -0.0416847 -0.0249195 -0.041293 -0.0672196 -0.06689 -0.0667738 -0.0667252
internal_weight=0 1.33513 1.21419 1.12293 1.07181 1.01323 0.106719 0.906514 0.862557 0.739592 0.0826368 0.656955 0.216065 0.440891 0.377105 0.297183 0.170134 0.0928621 0.127049 0.0581546 0.120938 0.0676716 0.0534448 0.0775389 0.0540923 0.0288254
internal_count=557 511 459 432 416 410 64 346 323 303 66 237 88 149 128 106 61 59 45 46 52 44 50 61 50 49
is_linear=0
shrinkage=0.1


Tree=236
num_leaves=31
num_cat=0
split_feature=17 12 2 2 3 14 23 14 0 2 25 17 3 1 17 13 23 17 1 14 20 14 3 20 23 17 19 23 16 14
split_gain=0.0139844 0.0131844 0.029947 0.0139218 0.0168369 0.0147319 0.0195692 0.022746 0.0180102 0.0145737 0.0157702 0.0339204 0.00963721 0.00818298 0.00762938 0.00394386 7.32146e-07 4.47262e-07 7.45334e-08 6.57721e-08 2.4664e-08 1.39671e-08 5.55901e-09 3.35853e-10 2.49252e-10 1.32537e-10 8.11173e-11 2.24473e-11 1.98556e-11 2.00899e-11
threshold=-0.46557138708034562 369.32250000000005 102252.05 106032.90000000001 106589.30000000002 108181.91468090368 0.020758270081512726 109183.43156771226 1761431400000.0002 111699.70000000003 0.017771774351255144 -0.51100073710274896 112971.90000000001 108074.05000000002 -0.80158076785784538 20654.500000000004 0.010458297665495568 -0.47022116631279648 101959.85000000002 108325.14358676346 74.745621068363505 103190.08883396095 108233.50000000001 29.657101541721399 0.0058998883047615752 -0.56215599238075464 -1.3558901556176817 0.0089601838413097632 363.00000000012278 109518.91697196862
decision_type=2 2 2 2 2 2 2 2 2 2 2 2 2 2 2 2 2 2 2 2 2 2 2 2 2 2 2 2 2 2
left_child=1 2 -1 -3 -5 14 7 -7 9 10 11 16 -10 -8 -6 -4 -9 18 -17 -15 -18 -20 -21 -23 -25 27 -24 -26 -29 -30
right_child=-2 3 15 4 5 6 13 8 12 -11 -12 -13 -14 19 -16 17 20 -19 21 22 -22 23 26 24 25 -27 -28 28 29 -31
leaf_value=0.066761018779662673 0.05656303822554553 0.06619720066950488 -0.0027789170675468593 -0.061718562435070262 0.06684415318883509 0.06691944705623469 0.004535723088343214 -0.067444973201699107 0.065992212302186132 -0.066888262670497037 0.034245530437991292 0.04396343005920042 0.0035497017041418982 -0.066976790088062399 0.012226037971066328 -0.067043459171048869 -0.066739740332135741 -0.067362666669446555 -0.066802400884815635 -0.066806081449061264 -0.066884281557533828 -0.066711021610455098 -0.066731134224726804 -0.066709774212237047 -0.066686544353193253 -0.066695345549181342 -0.066717103234872246 -0.066684365810692578 -0.066680533802360512 -0.066672646118825438
leaf_weight=0.023903349065221846 0.043987493991153315 0.03420508184353821 0.01091854038531892 0.040433774411212653 0.05096041489741765 0.054251937137451023 0.02212346340820659 0.027683409862220287 0.046425490261754021 0.048508261927054264 0.065224189838772872 0.043118430010508746 0.052858083578030346 0.026048235245980322 0.05134103522868827 0.0083827702328562737 0.028139426583948079 0.015624162027961574 0.015953146910760552 0.01575760955165606 0.020337745256256312 0.0071845258134999304 0.0073727906856220207 0.0042154571565333745 0.0038189740880625279 0.0072301895525015451 0.009340357511973707 0.0038501543385791584 0.0058681324262579437 0.0071801095855335006
leaf_count=15 18 5 12 19 30 19 6 2 16 38 30 7 24 5 37 1 39 2 11 8 7 10 11 6 13 19 29 13 23 82
internal_value=0 -0.00143362 -0.03276 0.00411691 0.000635399 0.00506252 -0.00246376 0.00688428 -0.00291732 -0.018114 -0.00529058 -0.0269097 0.0327481 -0.0472721 0.0394335 -0.0591258 -0.0670347 -0.0668832 -0.0667656 -0.0668584 -0.0668004 -0.0667235 -0.0667635 -0.0666915 -0.0666871 -0.0666837 -0.0667233 -0.0666796 -0.0666781 -0.0666762
internal_weight=0 0.758259 0.11413 0.64413 0.609925 0.569491 0.467189 0.386547 0.332295 0.233011 0.184503 0.119279 0.0992836 0.0806425 0.102301 0.0902262 0.0761606 0.0793076 0.0636835 0.058519 0.0484772 0.0553007 0.0324708 0.0393475 0.032163 0.0279476 0.0167131 0.0207174 0.0168984 0.0130482
internal_count=557 539 207 332 327 308 241 182 163 123 85 55 40 59 67 192 48 180 178 53 46 177 48 166 156 150 40 131 118 105
is_linear=0
shrinkage=0.1


Tree=237
num_leaves=26
num_cat=0
split_feature=0 24 14 13 25 24 19 20 18 19 19 18 23 25 9 17 24 0 17 10 13 3 13 18 13
split_gain=0.0108739 0.0139282 0.0207725 0.019168 0.0186042 0.0160543 0.0157494 0.0186503 0.0177913 0.018172 0.0174337 0.0172874 0.0118604 0.0133742 0.0110137 0.00642503 0.0041357 0.0088442 0.00277705 0.00257428 1.85903e-07 1.09866e-07 9.95158e-08 4.59227e-08 3.63132e-10
threshold=1760455800000.0002 0.0031029441560831428 108306.73387963064 1918443.0000000002 0.018337344376205319 0.00098939305814399405 -0.64807323560557728 61.223562896167316 -3.1380529363068592 -2.7470827269662599 -0.73841684478861092 -3.624400146575891 0.031387653675163447 0.020749261932455802 362.33500000000009 -0.83881762695999118 0.001210932100160377 1762349400000.0002 -0.61759162093679676 389.96000000000009 778193.00000000012 107917.50000000001 278753.50000000006 -4.5158642418511752 169382.50000000003
decision_type=2 2 2 2 2 2 2 2 2 2 2 2 2 2 2 2 2 2 2 2 2 2 2 2 2
left_child=-1 2 12 14 6 -6 8 -8 10 -10 15 -9 13 16 -3 -4 17 -2 22 20 24 23 -11 -14 -16
right_child=1 3 4 -5 5 -7 7 11 9 18 -12 -13 21 -15 19 -17 -18 -19 -20 -21 -22 -23 -24 -25 -26
leaf_value=-0.045680923969886475 -0.066685395361421942 -0.026132003409285311 0.0018661871632463453 -0.016312047955753972 0.0012595471762781604 0.067020305945183309 -0.042578401769006263 -0.00062401203406660822 0.010109689781667965 -0.066955400263548362 -0.033622232886483999 0.067035985916060456 -0.06695476706101948 -0.066916948967499168 0.066702544966282487 0.043834468880186009 0.066786736791190196 0.066772221171946131 -0.037584855954651705 0.028146107470368577 0.066999935977475611 -0.067093042922676011 -0.067163621846107205 -0.066750261942178798 0.06672141949226712
leaf_weight=0.051242675166577212 0.010020005262049159 0.017297438025707379 0.069496432784944773 0.071586794576433022 0.073988838157674763 0.0745101198554039 0.039378149042022526 0.072376438591163605 0.056656762928468996 0.051372479312703834 0.082374436184181721 0.078961540246382356 0.020446586422622204 0.02296355961880181 0.017637225799262524 0.07677864780271193 0.016866955509613035 0.0098439631110522896 0.048801074910443498 0.021146909348317422 0.049461378948763013 0.029954733327031136 0.041491175223200116 0.023717295167443808 0.024151205172529444
leaf_count=4 37 11 14 28 32 28 29 35 7 26 25 19 4 15 36 27 22 10 17 22 20 4 18 39 28
internal_value=0 0.00144421 -0.00387416 0.0252245 0.00247485 0.0342553 -0.00516554 0.0187265 -0.0158374 -0.0377557 0.00317356 0.034678 -0.0402273 -0.00705337 0.0481513 0.023895 0.0303723 -0.000547964 -0.0568987 0.0595833 0.0668687 -0.0669452 -0.0670484 -0.0668449 0.0667135
internal_weight=0 1.10128 0.899999 0.201281 0.766186 0.148499 0.617687 0.190716 0.426971 0.198321 0.22865 0.151338 0.133813 0.0596945 0.129694 0.146275 0.0367309 0.019864 0.141665 0.112397 0.0912498 0.0741186 0.0928637 0.0441639 0.0417884
internal_count=557 553 408 145 277 60 217 83 134 68 66 54 131 84 117 41 69 47 61 106 84 47 44 43 64
is_linear=0
shrinkage=0.1


Tree=238
num_leaves=27
num_cat=0
split_feature=9 17 22 23 13 0 9 0 1 17 12 18 14 24 23 1 2 18 23 0 1 10 23 18 17 20
split_gain=0.00935036 0.0086861 0.00895669 0.0186229 0.0150645 0.0202526 0.0180506 0.0277143 0.0253129 0.0245277 0.0214079 0.0147304 0.0186213 0.015355 0.0254052 0.0144133 0.00807288 0.00755718 0.00622897 0.00394234 1.0211e-07 3.13696e-08 2.73684e-08 4.59793e-09 1.43906e-09 1.66113e-10
threshold=391.33500000000009 -0.51460699114006558 67.817246111384875 0.019169665364389136 1676637.0000000002 1760455800000.0002 379.26000000000005 1761431400000.0002 108849.85000000002 -0.63177231918323506 377.31 -0.33200336512290668 109839.00011609019 0.00146779507431044 0.01472488553563 110699.75000000001 111684.25000000001 -3.9189307324802014 0.030668411553254827 1761928200000.0002 111382.10000000002 393.37500000000006 0.011406326356906695 -0.59989812770314022 -0.60711481334616535 51.284940133400674
decision_type=2 2 2 2 2 2 2 2 2 2 2 2 2 2 2 2 2 2 2 2 2 2 2 2 2 2
left_child=1 2 4 -4 5 -1 7 10 17 11 -7 12 19 14 -14 -6 20 -8 21 -9 -3 -2 -11 24 -24 -23
right_child=18 16 3 -5 15 6 8 9 -10 22 -12 -13 13 -15 -16 -17 -18 -19 -20 -21 -22 25 23 -25 -26 -27
leaf_value=0.067863182458741608 -0.066895137969714205 -0.066732823832784616 -0.023273806965282542 0.048457526680504376 -0.0025041384930177494 0.0041951662662786495 0.056221129155302946 0.067018045376020852 -0.062512577827858337 -0.06689387942773331 0.065040765966886072 0.049766935525958067 -0.043271775936127806 -0.051101186904485743 0.041109219679718964 -0.067255037376738366 0.00014174430576600438 -0.0081892906468148171 0.0019348783015955065 0.01568460289953108 -0.06707544090037805 -0.066690974312635806 -0.066746630935987053 -0.066790338465296292 -0.066697115243984584 -0.066708760560195937
leaf_weight=0.048136560246348159 0.013364088634261972 0.016714489263904286 0.053710978874732862 0.11097262005932862 0.079443121605436318 0.10894377584918402 0.027523859447683208 0.032929243985563184 0.094383833245956339 0.019219290195906402 0.12323612798354588 0.056948369601741433 0.06699694441340398 0.08962715169400326 0.076334139812388457 0.060600804077694193 0.037034813343780115 0.053863651133724488 0.021383163519203663 0.02741717145909206 0.018138278275728226 0.011206583672901616 0.011042057714803377 0.015569189330562949 0.01252940507765743 0.0098804927620221861
leaf_count=2 6 39 37 33 25 23 37 5 33 5 37 5 37 18 27 23 6 19 4 37 2 28 14 8 32 15
internal_value=0 0.00137187 0.00344589 0.0250626 -9.72209e-05 0.00483053 0.00111475 0.00890166 -0.0272733 -0.00677484 0.0364907 0.00322605 -0.00581038 -0.0186346 0.00166719 -0.0305236 -0.032367 0.0135932 -0.040461 0.0436957 -0.0669111 -0.0667753 -0.0667962 -0.0667482 -0.0667203 -0.0666993
internal_weight=0 1.24132 1.16943 0.164684 1.00474 0.864701 0.816564 0.640793 0.175771 0.408613 0.23218 0.350253 0.293305 0.232958 0.143331 0.140044 0.0718876 0.0813875 0.0558343 0.0603464 0.0348528 0.0344512 0.0583599 0.0391407 0.0235715 0.0210871
internal_count=557 504 457 70 387 339 337 248 89 188 60 129 124 82 64 48 47 56 53 42 41 49 59 54 46 43
is_linear=0
shrinkage=0.1


Tree=239
num_leaves=31
num_cat=0
split_feature=9 2 4 2 10 14 23 1 14 14 1 1 0 23 0 17 10 17 22 0 1 22 25 0 1 3 23 20 1 19
split_gain=0.0130882 0.0127142 0.0215964 0.0139697 0.0224495 0.0137393 0.0158412 0.0110049 0.0108037 0.0168077 0.0253212 0.0143374 0.020379 0.0356861 0.00911337 0.0113469 0.00377004 0.00133844 0.000674057 6.9567e-08 4.69143e-08 4.13714e-08 2.50728e-08 1.38583e-08 8.92095e-09 4.39246e-09 7.812e-10 1.46961e-10 1.24828e-10 1.23063e-10
threshold=400.59750000000003 102252.05 1.1567500000000004 106032.90000000001 389.06000000000006 108181.91468090368 0.039774461051731276 108404.35000000002 108418.75081663164 109183.43156771226 111352.25000000001 111481.90000000001 1761431400000.0002 0.013764450440089246 1761107400000.0002 -0.80570469220673135 365.59500000000008 -0.8407396205888199 34.567583584897193 1761517800000.0002 102049.75000000001 16.421961529967785 0.019760723145580979 1761528600000.0002 108344.85000000002 102590.00000000001 0.037394896102017981 34.15723997205388 110600.65000000001 -0.76154374061759611
decision_type=2 2 2 2 2 2 2 2 2 2 2 2 2 2 2 2 2 2 2 2 2 2 2 2 2 2 2 2 2 2
left_child=1 -1 16 -4 5 14 7 -7 -9 -10 17 -12 -13 -14 15 -5 -3 -11 -6 -15 -18 -19 28 -21 -20 -22 27 -27 -23 -29
right_child=-2 2 3 4 18 6 -8 8 9 10 11 12 13 19 -16 -17 20 21 24 23 25 22 -24 -25 -26 26 -28 29 -30 -31
leaf_value=0.066750465042955717 0.06691800825544196 5.5356887763737309e-05 0.067188516526898043 0.066832382289180856 -0.044351432663228156 0.066897870186410288 -0.066882861205132857 -0.067211093116804108 0.052721074609768361 -0.034445230610253848 0.05055339952031157 -0.047511815592062384 0.066849662695715351 -0.067110406115595031 0.06692224253995345 -0.03815140779959824 -0.066941085934601394 -0.066975255975675621 -0.06683381015025823 -0.066855317608327622 -0.066778429435645589 -0.066725654375129867 -0.066895862796512717 -0.066683255862271362 -0.066738401343956408 -0.066701476550501113 -0.066730043181645687 -0.066694137365906056 -0.066708315755289058 -0.066679189287596988
leaf_weight=0.026712172926636413 0.029597175656817853 0.0098810851341113448 0.031489425338804722 0.017471953528001904 0.020234543539118022 0.025581139023415744 0.034822881409127149 0.023053504526615143 0.057833505445159972 0.016795536292192992 0.062985237600514665 0.067573646658274811 0.063355706166476011 0.0098525602370500565 0.053755973814986646 0.025063604734896217 0.011031952919438481 0.021481452160514891 0.017697744326142129 0.01125175878405571 0.008217370203055907 0.0068429314633249297 0.013734110882069217 0.0080158127930189949 0.02196136081329314 0.010452472630277043 0.0063526345475111148 0.011674928571665076 0.010559913662291365 0.010425774742543583
leaf_count=18 13 6 4 19 10 8 18 2 15 26 10 37 20 1 23 27 2 4 8 3 7 14 6 65 34 21 10 36 29 61
internal_value=0 -0.000941224 -0.00356388 0.00229236 -0.00117171 0.00538588 -0.00220009 0.0034463 -0.000901435 0.00346268 -0.00627847 0.010137 -0.00576827 0.0247344 0.0395564 0.00497185 -0.0570523 -0.0590233 -0.0592034 -0.0668943 -0.0667555 -0.0668685 -0.0667949 -0.0667837 -0.066781 -0.066712 -0.066698 -0.0666917 -0.0667151 -0.0666871
internal_weight=0 0.716163 0.689451 0.621414 0.589925 0.530031 0.43374 0.398917 0.373336 0.350282 0.292449 0.223035 0.160049 0.0924758 0.0962915 0.0425356 0.0680362 0.0694139 0.0598936 0.0291201 0.0581551 0.0526184 0.031137 0.0192676 0.0396591 0.0471232 0.0389058 0.0325532 0.0174028 0.0221007
internal_count=557 544 526 383 379 327 258 240 232 230 215 136 126 89 69 46 143 79 52 69 137 53 49 68 42 135 128 118 43 97
is_linear=0
shrinkage=0.1


Tree=240
num_leaves=25
num_cat=0
split_feature=11 14 24 11 2 19 22 13 23 20 0 25 2 25 14 1 0 25 14 0 13 17 2 0
split_gain=0.010499 0.0195262 0.0138055 0.0129064 0.0260815 0.0138222 0.0204653 0.0175843 0.0189014 0.012211 0.0115068 0.0255296 0.0232318 0.0094684 0.00440367 0.000191023 1.13327e-06 2.69598e-07 1.06632e-07 2.89449e-08 9.10863e-09 8.06738e-09 9.20232e-10 3.81221e-11
threshold=377.43620000000004 109984.94939002475 0.00146779507431044 384.87500000000006 112327.00000000001 -0.51488877109082487 72.970678794610919 573147.50000000012 0.014034471553028274 57.390622208124803 1762111800000.0002 0.01731589908885503 103233.00000000001 0.010621138822074766 109691.43070863404 109496.85000000002 1761031800000.0002 0.012113900127979265 109183.43156771226 1760697000000.0002 278753.50000000006 -0.66177268139048329 111073.35000000002 1760794200000.0002
decision_type=2 2 2 2 2 2 2 2 2 2 2 2 2 2 2 2 2 2 2 2 2 2 2 2
left_child=1 10 9 4 13 6 7 -5 -9 -3 11 14 -12 -2 -1 18 -15 -4 19 -10 -14 -19 -23 -21
right_child=3 2 17 5 -6 -7 -8 8 15 -11 12 -13 20 16 -16 -17 -18 21 -20 23 -22 22 -24 -25
leaf_value=-0.066979778735021492 -0.010802818883708168 -0.014889759621077662 0.067137761897072032 0.063028056204202251 0.010565336686618994 -0.062551804298110761 0.065740629221009803 0.03773270614535465 -0.066928198208200104 0.04023247743702793 -0.028948730218619496 0.010785520297311628 0.066701300506494948 -0.067498033643245289 -0.028439058179188639 -0.054920515476700786 -0.066872016137700663 0.066793764669616215 -0.067140019653701824 -0.066678525148314724 0.066787108932345005 0.066730367887316816 0.066687834706818772 -0.066690558690596757
leaf_weight=0.071252358378842473 0.040102696999383625 0.075792459334479645 0.031301269307732582 0.026968139573000371 0.11188122480234597 0.024590317101683468 0.058235542586771771 0.027961849307757802 0.0090614873915910721 0.085550493531627581 0.047306463224231265 0.14857209534966387 0.018911365848907735 0.054711194708943367 0.050771675974829122 0.020652785606216639 0.061337421997450292 0.019903183383576106 0.01688906317576766 0.0053609791830240283 0.035767744080658304 0.0085401353280758485 0.012579492042277707 0.0051729077167692594
leaf_count=26 28 35 3 24 36 14 33 21 4 28 24 37 37 4 22 6 38 21 2 25 29 10 35 15
internal_value=0 0.00795037 0.0306122 -0.0120491 -0.0262872 0.00753228 0.0176518 -0.00733741 -0.0296364 0.0143383 -0.00626215 -0.017051 0.0223637 -0.0526917 -0.0509438 -0.0626056 -0.0671672 0.0669167 -0.0669559 -0.0667972 0.0667574 0.0667481 0.066705 -0.0666844
internal_weight=0 0.606249 0.233667 0.462926 0.268033 0.194893 0.170303 0.112067 0.0850991 0.161343 0.372582 0.270596 0.101986 0.156151 0.122024 0.0571372 0.116049 0.0723241 0.0364844 0.0195954 0.0546791 0.0410228 0.0211196 0.0105339
internal_count=557 307 132 250 106 144 130 97 73 63 175 85 90 70 48 52 42 69 46 44 66 66 45 40
is_linear=0
shrinkage=0.1


Tree=241
num_leaves=29
num_cat=0
split_feature=17 20 13 18 9 0 13 3 12 23 13 17 13 1 19 18 12 9 25 20 14 12 0 2 25 16 13 3
split_gain=0.00860863 0.0083831 0.0119681 0.0163503 0.0217268 0.00907758 0.00930078 0.0297575 0.0163136 0.0293505 0.0141064 0.0221566 0.0100444 0.00687956 0.00688718 0.00609708 0.00510464 0.00930621 0.00404822 0.00228647 0.00494708 0.00140705 0.000131431 1.60559e-07 6.40763e-08 3.18539e-09 8.47465e-10 3.08988e-10
threshold=-0.5070358028059303 27.366240382781623 166939.50000000003 -2.5290200099578137 379.26000000000005 1762047000000.0002 354059.50000000006 111093.10000000002 381.00500000000005 0.019133827039977448 246378.00000000003 -0.69170378887646911 1431717.0000000002 102762.70000000003 -1.7356139493284233 -1.5889219420052518 388.12000000000006 393.22500000000008 0.00316268634824628 72.37554492058679 106985.15218520992 373.50505000000004 1761949800000.0002 112232.85000000002 0.00476636755734624 380.79000000072114 403883.50000000006 108439.45000000001
decision_type=2 2 2 2 2 2 2 2 2 2 2 2 2 2 2 2 2 2 2 2 2 2 2 2 2 2 2 2
left_child=1 -1 3 4 21 6 10 8 12 19 11 -4 -8 -7 -15 -13 -11 -18 -2 20 -10 -3 -12 -9 -20 26 -25 -26
right_child=18 2 5 -5 -6 13 7 23 9 16 22 15 -14 14 -16 -17 17 -19 24 -21 -22 -23 -24 25 27 -27 -28 -29
leaf_value=-0.031544277335791328 -0.0098459674266003893 0.023391175435020686 -0.034770275922067453 -0.066965181490288628 -0.055775897950011949 0.019402088181646997 0.013346851527740561 -0.067078183190729432 0.00030827697239468741 0.067433478358089258 0.058379069172689403 0.013526703661854326 -0.030597810282262869 -0.0016534464461247442 -0.067044166540758593 0.049785652786533963 0.066817799050675669 -0.014075792134991386 -0.067013831580969338 -0.00150840589188724 -0.066744501847040769 0.053366565713196992 0.066814938544820568 -0.066731428882323987 -0.066693120853888635 -0.066776695376058112 -0.066685220487999505 -0.066721835213546174
leaf_weight=0.072765337990858714 0.022822337865363918 0.031867462606896879 0.070129038424056489 0.053395354905660275 0.040617980717797764 0.028660588301136158 0.10104820299602579 0.027679620630806312 0.0204494982608594 0.10104709025472403 0.03596861609548796 0.095105181419057772 0.1071838714851765 0.027990145666990429 0.037938053375910386 0.090511686110403389 0.031318201858084649 0.026051233377074823 0.012422577943652868 0.034781364927766845 0.023819475689379033 0.030789411073783413 0.037960428213409614 0.0075562211859505615 0.0078424081393677625 0.011238994455197826 0.0083603599814523477 0.0071771050897950781
leaf_count=32 3 33 31 33 23 13 31 6 10 8 14 28 19 8 39 14 25 23 2 7 30 8 27 8 29 8 33 12
internal_value=0 0.00131061 0.00352122 -0.0220373 0.00119137 0.0078511 0.0111953 0.00260528 0.0111577 0.0290731 0.0242371 0.0131155 -0.00927291 -0.0215008 -0.0392822 0.0312075 0.0539077 0.0300843 -0.0409653 -0.0206954 -0.0357703 0.038121 0.0627106 -0.0669087 -0.0668458 -0.0667359 -0.0667072 -0.0667068
internal_weight=0 1.15423 1.08147 0.15667 0.103275 0.924798 0.830209 0.500534 0.445699 0.237467 0.329675 0.255746 0.208232 0.0945888 0.0659282 0.185617 0.158417 0.0573694 0.0502644 0.0790503 0.044269 0.0626569 0.073929 0.0548352 0.0274421 0.0271556 0.0159166 0.0150195
internal_count=557 511 479 97 64 382 322 208 153 103 114 73 50 60 47 42 56 48 46 47 40 41 41 55 43 49 41 41
is_linear=0
shrinkage=0.1


Tree=242
num_leaves=31
num_cat=0
split_feature=9 2 4 2 10 14 23 1 23 14 1 2 23 0 18 25 20 20 22 1 11 20 14 20 22 20 23 25 18 25
split_gain=0.0120284 0.0115569 0.0193572 0.0127764 0.0204016 0.0124639 0.014165 0.0101422 0.00976104 0.00830622 0.0195223 0.014085 0.0124744 0.00814161 0.00647164 0.00367684 0.000847826 6.05293e-08 5.12555e-08 3.07032e-08 1.90427e-08 9.5753e-09 4.88815e-09 8.99744e-10 9.59949e-10 1.81446e-10 1.22607e-10 1.60049e-10 6.08362e-11 5.93515e-11
threshold=400.59750000000003 102252.05 1.1567500000000004 106032.90000000001 389.06000000000006 108181.91468090368 0.039774461051731276 108404.35000000002 0.0077614948901407474 109183.43156771226 111382.10000000002 111606.60000000002 0.013764450440089246 1761107400000.0002 -3.624400146575891 0.012113900127979265 32.595165001001746 82.045666619448852 7.4789304389199893 102049.75000000001 380.65500000000003 71.783825578886933 103190.08883396095 72.239166588813404 69.207614645439961 29.657101541721399 0.0069023629765078949 0.010917584002757852 -3.4143738332207056 0.018459649144256657
decision_type=2 2 2 2 2 2 2 2 2 2 2 2 2 2 2 2 2 2 2 2 2 2 2 2 2 2 2 2 2 2
left_child=1 -1 15 -4 5 13 7 -7 -9 -10 18 -12 -13 14 -5 19 -6 21 -11 -3 23 29 -21 24 28 -24 -27 -28 -20 -14
right_child=-2 2 3 4 16 6 -8 8 9 10 11 12 17 -15 -16 -17 -18 -19 20 22 -22 -23 25 -25 -26 26 27 -29 -30 -31
leaf_value=0.066744767889863707 0.066903007701417744 -0.066907045305769214 0.067151812979324849 -0.040658453078830176 -0.040540755884540119 0.066875037317989605 -0.066859853412788203 0.031569289072736033 0.018791131057604216 -0.066951818955171563 0.05226591685699758 0.0083686834170680884 -0.066698172663894273 0.066900033479731655 0.040815170933060682 0.0019768780518340796 -0.066790281860241718 -0.067064995309329578 -0.066694280570211553 -0.066770612519577319 -0.066868349912470731 -0.066807999014172129 -0.066704128985572986 -0.06674209265174294 -0.066730175541845002 -0.066701594657329111 -0.066678858844443453 -0.066700796011945104 -0.066680296295071315 -0.066678346827881749
leaf_weight=0.024388901219936088 0.027335610589943826 0.0097210588864982128 0.028888544300571084 0.017055788470315747 0.018249232220114209 0.023577944491989911 0.031102220575121464 0.072703163838014007 0.073988960939459503 0.019885753397829831 0.038279078289633617 0.059189215826336294 0.0018852978682843968 0.048621952737448737 0.022758945153327659 0.0091365759581094608 0.037772536383272381 0.0088562415912747383 0.006180699110700516 0.010213103480054997 0.011283199022727786 0.016826524402858922 0.0083017175929853693 0.0095726203289814293 0.0089557882092776708 0.0046641856024507425 0.015496985861318535 0.0042345336478319942 0.0062633396228193305 0.0075846891841138131
leaf_count=18 13 2 4 32 13 8 18 15 17 4 5 22 7 23 14 9 39 1 17 11 12 18 12 8 10 9 89 11 28 68
internal_value=0 -0.000800092 -0.00340975 0.00235743 -0.00110509 0.00550027 -0.00207754 0.00344217 -0.000937967 -0.00973189 -0.0205676 0.00110432 -0.0196544 0.0394436 0.0059136 -0.0565812 -0.0582394 -0.0668389 -0.0668194 -0.0667466 -0.0667571 -0.0667627 -0.0667102 -0.0667166 -0.0667052 -0.0666914 -0.066687 -0.0666836 -0.0666872 -0.0666823
internal_weight=0 0.655639 0.63125 0.569482 0.540593 0.484571 0.396135 0.365033 0.341455 0.268751 0.194762 0.132621 0.094342 0.0884367 0.0398147 0.0617682 0.0560218 0.0351528 0.0621414 0.0526316 0.0422556 0.0262965 0.0429105 0.0309724 0.0213998 0.0326974 0.0243957 0.0197315 0.012444 0.00946999
internal_count=557 544 526 383 379 327 258 240 232 217 200 121 116 69 46 143 52 94 79 134 75 93 132 63 55 121 109 100 45 75
is_linear=0
shrinkage=0.1


Tree=243
num_leaves=23
num_cat=0
split_feature=11 14 24 11 2 14 25 17 2 13 23 20 14 20 17 25 2 25 0 25 17 25
split_gain=0.00915207 0.0174205 0.0130011 0.0109998 0.0233681 0.0123413 0.0139734 0.0165173 0.0103281 0.0117215 0.0125291 0.0107089 0.0186784 0.010313 0.00931064 0.00868255 0.0036802 0.00666129 7.63048e-07 2.08785e-07 6.01851e-09 7.98704e-10
threshold=377.43620000000004 109984.94939002475 0.00146779507431044 384.87500000000006 112327.00000000001 111177.78892755622 0.019727477546413942 -0.76241983889423348 110130.00000000001 228421.00000000003 0.031387653675163447 36.524522822582632 108325.14358676346 57.390622208124803 -0.65931790676281843 0.010621138822074766 109035.30000000002 0.017694883982610876 1761031800000.0002 0.012113900127979265 -0.67550575070681285 0.018873152967318351
decision_type=2 2 2 2 2 2 2 2 2 2 2 2 2 2 2 2 2 2 2 2 2 2
left_child=1 8 13 4 15 6 7 16 9 10 14 -11 -13 -3 -1 -2 17 -5 -17 -4 -21 -22
right_child=3 2 19 5 -6 -7 -8 -9 -10 11 -12 12 -14 -15 -16 18 -18 -19 -20 20 21 -23
leaf_value=-0.037595836472423053 -0.01174261553227221 -0.013790850755745801 0.067099265768669189 -0.038596799378790514 0.0098597638965721157 0.06689495158981798 -0.06703800132675368 -0.027631511754969793 -0.046548136762054763 0.04167735412559255 -0.061948188871687217 -0.048306095194292104 0.034317602559468842 0.038603125872465907 0.047248284537936974 -0.067393093001900051 0.067238878505232122 0.065104521103441323 -0.066848938791046614 0.066786728972450804 0.066727724461328464 0.066688369653088581
leaf_weight=0.024063205004495103 0.038992118155874778 0.07191651442553848 0.02880837582051754 0.011491786051919917 0.10699231123726349 0.028905862491228618 0.028811795389628969 0.058044409117428586 0.053948332264553756 0.086307658650184749 0.050402330394717865 0.052708799295942299 0.056894409353844821 0.078659571387106553 0.027965887740720063 0.04802625672891736 0.036164866178296506 0.013437069792416878 0.055606742491363548 0.015759226997033693 0.0089551532582845539 0.012158525132690556
leaf_count=25 28 35 3 35 36 22 30 30 8 37 28 27 31 28 19 4 19 8 38 19 12 35
internal_value=0 0.00743151 0.029773 -0.0119482 -0.0254663 0.00713163 -0.00454469 0.0105684 -0.00628307 0.000997945 -0.0264144 0.0153304 -0.0054166 0.0135793 0.00800829 -0.0519667 0.0468617 0.0172999 -0.0671011 0.0668976 0.06674 0.0667051
internal_weight=0 0.568548 0.216257 0.426473 0.249617 0.176856 0.14795 0.119138 0.352291 0.298342 0.102431 0.195911 0.109603 0.150576 0.0520291 0.142625 0.0610937 0.0249289 0.103633 0.0656813 0.0368729 0.0211137
internal_count=557 307 132 250 106 144 122 92 175 167 72 95 58 63 44 70 62 43 42 69 66 47
is_linear=0
shrinkage=0.1


Tree=244
num_leaves=26
num_cat=0
split_feature=13 17 10 17 3 20 1 0 12 23 20 25 0 19 23 23 12 23 20 9 2 10 23 12 14
split_gain=0.00765297 0.00810245 0.0202594 0.0132702 0.0400333 0.0136863 0.0229313 0.0194475 0.0135079 0.0198749 0.0174921 0.0141097 0.00733672 0.0130068 0.0201636 0.00709849 0.00364953 0.00364777 8.35708e-07 3.01862e-07 6.68021e-08 1.34071e-08 5.96563e-09 5.8336e-10 2.3571e-11
threshold=3239769.0000000005 -0.66924194282643679 369.87000000000006 -0.70197564775797539 111093.10000000002 52.549632204723814 108404.35000000002 1760805000000.0002 381.00500000000005 0.019133827039977448 70.079028434801302 0.011842138965271564 1761507000000.0002 -0.70105994805808314 0.0095118594040815314 0.032181108866764112 378.63795000000005 0.01358789534009514 75.733396512950961 369.11500000000007 112505.50000000001 363.98720000000009 0.016749497623097759 368.02500000000003 110622.00382767756
decision_type=2 2 2 2 2 2 2 2 2 2 2 2 2 2 2 2 2 2 2 2 2 2 2 2 2
left_child=1 3 19 4 5 6 7 -1 10 -10 11 -7 13 -4 -15 -2 -8 -6 20 22 -19 -22 -3 24 -24
right_child=15 2 12 -5 17 8 16 -9 9 -11 -12 -13 -14 14 -16 -17 -18 18 -20 -21 21 -23 23 -25 -26
leaf_value=0.035218220883689692 -0.066806462371859859 -0.066768698514522357 -0.037793056787472877 0.035951456764502829 -0.025245622913403227 0.036529289795185417 0.066659903301202902 -0.066819694463560966 -0.020345806093999007 0.067338844749854534 -0.044919580348955546 -0.029021977883911851 0.035502007346579968 0.06720302115261706 -0.032545323498599246 -0.0017630009575875655 0.033292603184623772 -0.067006186225829573 -0.067547168276838376 -0.067273830297822565 -0.066846437797176819 -0.066699730713551716 -0.0666844280063838 -0.066715558894440904 -0.066675660384109589
leaf_weight=0.039053518004948162 0.032372472891438631 0.020514068426564225 0.080350109692517435 0.13011334703332977 0.028577006552950479 0.080153135306318291 0.0918185091286432 0.03580165058701823 0.045851352311728988 0.059257913948385976 0.10336578440183075 0.055623778098379262 0.047317631782789249 0.041906473925337195 0.039242840517545119 0.034832425953936763 0.050977808437892236 0.020325750010670163 0.030461032409220934 0.013415713794529438 0.010946054972009733 0.014455614382313797 0.0096807759655348491 0.007904391449301329 0.0044877635227749133
leaf_count=23 29 17 21 32 12 34 36 34 26 16 22 18 24 5 37 11 25 6 2 1 4 37 36 22 27
internal_value=0 0.00170283 -0.013451 0.00673937 0.00103807 0.0116192 0.0312469 -0.0135844 -0.000790252 0.0290886 -0.0139227 0.00967488 0.000872847 -0.00927313 0.0189659 -0.0330943 0.0547479 -0.0557134 -0.0671414 -0.0668602 -0.0668711 -0.0667629 -0.0667299 -0.0666938 -0.0666817
internal_weight=0 1.0616 0.26482 0.796782 0.666669 0.561903 0.217651 0.0748552 0.344252 0.105109 0.239143 0.135777 0.208817 0.161499 0.0811493 0.0672049 0.142796 0.104765 0.0761885 0.0560027 0.0457274 0.0254017 0.042587 0.0220729 0.0141685
internal_count=557 517 190 327 295 234 118 57 116 42 74 52 87 63 42 40 61 61 49 103 47 41 102 85 63
is_linear=0
shrinkage=0.1


Tree=245
num_leaves=31
num_cat=0
split_feature=9 2 4 2 10 14 23 1 19 23 14 3 1 0 17 14 25 20 20 18 23 1 20 0 14 25 20 23 25 1
split_gain=0.0105842 0.0105455 0.0173627 0.0115328 0.0178848 0.0114186 0.0131842 0.00918378 0.00949841 0.0224881 0.0187077 0.0175511 0.0141451 0.00776925 0.00987599 0.00574455 0.00391555 0.00113909 0.00182194 0.00144173 0.000820448 2.88572e-08 2.3909e-08 1.58294e-08 5.99123e-09 1.13779e-09 1.14603e-10 1.06616e-10 1.27018e-10 3.46833e-11
threshold=400.59750000000003 102252.05 1.1567500000000004 106032.90000000001 389.06000000000006 108181.91468090368 0.039774461051731276 108404.35000000002 -0.74457486751067103 0.012757516301438792 110834.030337652 111693.45000000001 109169.45000000001 1761107400000.0002 -0.80570469220673135 111346.10934869912 0.013143079625616822 77.551237224398932 71.057254826937012 -6.2085104092364505 0.027437965772717159 101959.85000000002 76.586303994431816 1760455800000.0002 103190.08883396095 0.018459649144256657 29.657101541721399 0.0058998883047615752 0.010917584002757852 111947.10000000002
decision_type=2 2 2 2 2 2 2 2 2 2 2 2 2 2 2 2 2 2 2 2 2 2 2 2 2 2 2 2 2 2
left_child=1 -1 16 -4 5 13 7 -7 9 -9 12 15 -11 14 -5 -10 21 18 19 -13 -6 -3 23 -12 -23 -25 -26 -28 -29 -27
right_child=-2 2 3 4 20 6 -8 8 11 10 22 17 -14 -15 -16 -17 -18 -19 -20 -21 -22 24 -24 25 26 29 27 28 -30 -31
leaf_value=0.066739075753503657 0.06687357748772671 -0.06694413099871413 0.067106706020466741 0.066812479040446862 -0.040095893829496715 0.06684826953230924 -0.066848614596625625 0.062875521997577274 -0.013006516991203178 -0.034355692180535705 -0.066862889912369633 0.051960425497564224 0.044226964293437074 0.066882397293017815 -0.036852575017640853 -0.06158256099684413 0.0088251728935161197 0.066790977337160384 0.060333452414549696 -0.066675768633414276 -0.066809504624664895 -0.06677152196245191 -0.06693527865547505 -0.066736835166836567 -0.066699450515572925 -0.066688810102556326 -0.066701472680428919 -0.066677495425237585 -0.066696547896966704 -0.066675600465772131
leaf_weight=0.02244673456880264 0.024206608068197966 0.0061913221143186084 0.026238513411954045 0.015548398267128505 0.017736036745191086 0.021359801758080721 0.029009380767092807 0.061806190948118456 0.04167427409265656 0.037147572205867618 0.011417811503633857 0.0015979604795575142 0.059749448344518896 0.045184931543190032 0.022472665688837878 0.058546598715111031 0.0079947097910917364 0.016077795415185392 0.0060039270611014217 0.0028536641229948145 0.032683458601241 0.01230875226065109 0.01424796087667346 0.0066839728096965709 0.0072657376440474755 0.0034377042793494184 0.0033422231645090497 0.014447595183810336 0.0046175064380804534 0.0047121789320954122
leaf_count=18 13 1 4 19 31 8 18 15 32 14 3 5 32 23 27 21 6 7 6 38 21 12 3 8 12 14 6 92 14 34
internal_value=0 -0.000540019 -0.00308948 0.00245168 -0.000875015 0.00532823 -0.00208392 0.0033255 -0.000837117 0.0127798 -0.00975514 -0.022237 0.0141006 0.0388521 0.00554039 -0.0413835 -0.0559866 0.0500823 0.0243888 -0.02409 -0.0574125 -0.0667426 -0.066831 -0.0667744 -0.0667129 -0.0667063 -0.0666885 -0.066685 -0.0666821 -0.0666812
internal_weight=0 0.614805 0.592358 0.53619 0.509952 0.459532 0.376326 0.347317 0.325957 0.199203 0.137397 0.126754 0.096897 0.083206 0.0380211 0.100221 0.0561678 0.0265333 0.0104556 0.00445162 0.0504195 0.0481731 0.0404996 0.0262517 0.0419818 0.0148339 0.0296731 0.0224073 0.0190651 0.00814988
internal_count=557 544 526 383 379 327 258 240 232 123 108 109 46 69 46 53 143 56 49 43 52 137 62 59 136 56 124 112 106 48
is_linear=0
shrinkage=0.1


Tree=246
num_leaves=28
num_cat=0
split_feature=0 24 14 23 14 0 5 14 17 0 2 0 0 18 0 17 14 20 0 19 18 23 0 0 14 22 9
split_gain=0.00898661 0.0162199 0.0165309 0.0212998 0.0198202 0.0223236 0.0215068 0.0167327 0.0234986 0.0182074 0.015992 0.0149989 0.0128376 0.0082514 0.007253 4.45165e-07 1.54919e-07 1.52053e-07 5.95559e-08 1.75711e-08 5.64332e-09 2.61855e-09 1.44295e-09 1.08939e-09 8.74369e-10 8.07101e-11 3.39884e-11
threshold=1762047000000.0002 1.0000000180025095e-35 108306.73387963064 0.039774461051731276 109839.00011609019 1761636600000.0002 1.1621000000000001 111177.78892755622 -0.70197564775797539 1760545800000.0002 103233.00000000001 1760902200000.0002 1761226200000.0002 -0.33200336512290668 1761031800000.0002 -0.94723724818721811 109615.57673442755 63.908898137995813 1761917400000.0002 -1.617553659110363 -5.2380529205878092 0.015315792397538759 1762133400000.0002 1761399000000.0002 110622.00382767756 41.979493241813849 363.92425000000009
decision_type=2 2 2 2 2 2 2 2 2 2 2 2 2 2 2 2 2 2 2 2 2 2 2 2 2 2 2
left_child=1 11 14 4 6 7 -4 12 9 -9 -2 -1 -6 15 -3 -12 -13 18 24 -18 -17 23 -22 -21 -7 -24 -26
right_child=10 2 3 -5 5 17 -8 8 -10 -11 13 16 -14 -15 -16 20 19 -19 -20 21 22 -23 25 -25 26 -27 -28
leaf_value=0.017240763761923891 -0.027686418167008616 -0.0007435494538149145 -0.066862636571443243 0.066922442150805395 -0.0028635660580072571 0.066728610749184458 0.010076319953843539 -0.0021097731993762795 -0.02900919420434599 0.06720020896627675 0.067356717665852647 -0.06714140664169585 -0.066907146699176454 -0.0047248610449887813 -0.066917386193177456 0.066778863903109317 -0.066864069622351321 0.067128933570020338 0.066990041540264944 -0.066735778262174361 0.066737710626242855 -0.066761354986659055 0.066699019893041805 -0.06669528605542159 0.06668957670922028 0.066685760017117457 0.066678452867300286
leaf_weight=0.030088799801887944 0.040543574985349551 0.02519897447200492 0.078973781812237576 0.052384280978003517 0.086332255450543016 0.0074610376177588469 0.067286319666891359 0.062746055242314469 0.072394657890981762 0.095722555961401667 0.015209713019430637 0.013147849516826682 0.049100146992714144 0.021581790817435831 0.04833117853559088 0.018705147129367106 0.013055773888481781 0.031172966620943043 0.011764933122321963 0.011658753675874323 0.010759395183413289 0.018689973556320183 0.0083011859242105857 0.015447426900209393 0.0057583492089179344 0.010268836973409634 0.0052519736927933991
leaf_count=44 24 28 31 16 34 8 25 24 29 26 1 4 24 5 30 19 16 6 2 11 13 13 14 34 15 35 26
internal_value=0 -0.00481587 0.000615666 0.00588142 0.000310369 0.0111772 -0.0314672 0.00182289 0.018193 0.0397567 0.0239742 -0.0420524 -0.0260822 0.0486659 -0.0442394 0.0668852 -0.0668311 0.066974 0.0668142 -0.0667617 0.0667359 -0.0667326 0.0667086 -0.0667127 0.0667022 0.0666917 0.0666843
internal_weight=0 0.801968 0.699879 0.626349 0.573965 0.427705 0.14626 0.366296 0.230863 0.158469 0.12537 0.102089 0.135432 0.0848261 0.0735302 0.0632443 0.0719998 0.0614093 0.0302363 0.0588519 0.0480346 0.0457962 0.0293294 0.0271062 0.0184714 0.01857 0.0110103
internal_count=557 446 324 266 250 194 56 137 79 50 111 122 58 87 58 82 78 57 51 74 81 58 62 45 49 49 41
is_linear=0
shrinkage=0.1


Tree=247
num_leaves=28
num_cat=0
split_feature=17 19 23 12 23 0 2 17 17 2 13 1 0 10 0 14 11 1 20 22 3 25 3 11 0 10 5
split_gain=0.007276 0.00694234 0.0135483 0.00685087 0.0104288 0.00794569 0.00880457 0.0316415 0.0109901 0.0141175 0.0100434 0.0103962 0.0243106 0.0111602 0.00985822 0.0313924 0.0100174 0.00797866 0.00969257 0.00713153 0.00175779 6.81594e-07 1.14944e-08 8.01424e-09 2.10526e-09 1.70297e-09 9.98268e-10
threshold=-0.51460699114006558 -0.70105994805808314 0.016749497623097759 389.23000000000008 0.031299792603293318 1762047000000.0002 112327.00000000001 -0.70197564775797539 -0.67550575070681285 114916.70000000003 25937.500000000004 108404.35000000002 1760805000000.0002 382.31500000000005 1761431400000.0002 110074.24895556216 377.48750000000001 109932.95000000003 47.00387052012416 41.979493241813849 110311.90000000001 0.018337344376205319 107468.25000000001 359.29000000000002 1760481000000.0002 392.9500000000001 1.1537000000000002
decision_type=2 2 2 2 2 2 2 2 2 2 2 2 2 2 2 2 2 2 2 2 2 2 2 2 2 2 2
left_child=3 -2 -3 5 22 6 10 21 -9 -10 -1 12 -12 14 16 -16 -13 18 26 -14 -18 -8 -5 -23 -25 -24 -7
right_child=1 2 -4 4 -6 17 7 8 9 -11 11 13 19 -15 15 -17 20 -19 -20 -21 -22 23 25 24 -26 -27 -28
leaf_value=-0.024862124508457008 -0.067023699016111146 0.066940695363801886 -0.066743770011336898 -0.06683019336295537 0.012140845234582429 -0.066691992516605444 -0.067409404344718885 0.049866733970400243 -0.066750356564509866 0.039198903754161581 0.06682138615686907 0.017607735401663643 -0.066848581889373315 -0.0057842236661315343 0.0506293933064959 -0.048978435725834484 0.04514509870285164 -0.067052922263156525 0.022853929978391918 -0.0033297709464961017 0.067144895989613693 -0.066839225686565043 -0.066748002772544543 -0.066766893810864134 -0.066700493776690975 -0.06669043781915672 -0.066740582548957803
leaf_weight=0.065434185788035393 0.031007702040369622 0.015200634486973286 0.015123283754292061 0.013125494122505188 0.032056869560619816 0.0077730715274810782 0.03729842125903815 0.058422013134986628 0.025210758780303877 0.025095801982388366 0.028068860912753735 0.10053725652687717 0.045838226207706612 0.10865140534588136 0.07411374272487592 0.055209734455274884 0.060581214696867391 0.029442531922541093 0.041482511180220172 0.028769658820237964 0.090683792746858671 0.0098172632860951126 0.0081983381533063948 0.0082608682278078049 0.011315553898384678 0.013772298614640022 0.0092713319281756412
leaf_count=13 12 3 39 4 7 22 4 10 26 16 24 22 35 28 36 30 19 21 25 18 26 4 10 7 36 38 22
internal_value=0 -0.0337525 0.000268965 0.00174327 -0.029093 0.00399096 0.00700837 -0.0128978 0.0203646 -0.0138968 0.0123162 0.0164224 -0.0125093 0.0224876 0.0305473 0.00810562 0.0420732 -0.024592 -0.00323163 -0.042355 0.058334 -0.0671256 -0.0667562 -0.0667655 -0.0667285 -0.0667119 -0.0667184
internal_weight=0 0.0613316 0.0303239 0.988431 0.067153 0.921278 0.833309 0.175421 0.108729 0.0503066 0.657888 0.592454 0.102677 0.489777 0.381126 0.129323 0.251802 0.0879694 0.0585269 0.0746079 0.151265 0.0666921 0.0350961 0.0293937 0.0195764 0.0219706 0.0170444
internal_count=557 54 42 503 59 444 354 103 52 42 251 238 77 161 133 66 67 90 69 53 45 51 52 47 43 48 44
is_linear=0
shrinkage=0.1


Tree=248
num_leaves=31
num_cat=0
split_feature=9 2 4 2 10 14 23 20 1 25 14 10 20 18 25 20 1 25 0 25 14 20 23 25 14 19 12 4 23 23
split_gain=0.00960804 0.00943866 0.0157424 0.0105254 0.0164212 0.0101211 0.0119521 0.00973162 0.00840297 0.0095479 0.0183004 0.0133619 0.0077173 0.00771664 0.00355116 0.000919588 2.09065e-08 1.82736e-08 1.06248e-08 5.07687e-09 4.36319e-09 8.21278e-11 7.40724e-11 9.38971e-11 3.88895e-11 9.83704e-12 5.86713e-12 7.52717e-12 2.1934e-12 1.20779e-12
threshold=400.59750000000003 102252.05 1.1567500000000004 106032.90000000001 389.06000000000006 108181.91468090368 0.039774461051731276 47.00387052012416 108404.35000000002 0.0038886593554498779 110834.030337652 379.02000000000004 51.765060482516631 -2.2559339185639264 0.013143079625616822 32.595165001001746 101959.85000000002 0.0063531602160872853 1760455800000.0002 0.01577031815721951 103190.08883396095 29.657101541721399 0.0058998883047615752 0.010917584002757852 111165.11781855389 -0.70674926561810947 361.60325000000006 1.1621500000000002 0.02667342799559878 0.016447839333621008
decision_type=2 2 2 2 2 2 2 2 2 2 2 2 2 2 2 2 2 2 2 2 2 2 2 2 2 2 2 2 2 2
left_child=1 -1 14 -4 5 7 8 -5 -7 13 11 -11 -9 -10 16 -6 -3 -12 -19 -20 -18 -22 -23 25 -21 29 -26 -28 -27 -24
right_child=-2 2 3 4 15 6 -8 12 9 10 17 -13 -14 -15 -16 -17 20 18 19 24 21 22 23 -25 26 28 27 -29 -30 -31
leaf_value=0.066732413033081722 0.066855005658248187 -0.066915604240590315 0.067076998126292975 0.06686260049037511 -0.03704655153029137 0.066829095882174921 -0.066828320988882126 -0.059448188963957482 0.039536639390919344 -0.032655254478875219 -0.066910570603836525 0.04165679634755514 0.043027740874958087 -0.0052753207358253659 0.0073902291461365698 -0.066767727809381602 -0.066760775811364678 -0.066840312089876716 -0.066758168144365804 -0.066686421067658735 -0.066696050977299262 -0.066697751184295107 -0.066680225360216464 -0.066693750002417909 -0.066680883321689768 -0.066670745208708651 -0.066676482335539772 -0.066670075944972998 -0.06667487719763085 -0.066677727992203603
leaf_weight=0.02015431018662639 0.022018400311935693 0.0055594695731997481 0.024018519790843129 0.046661233165650629 0.015580813007545657 0.019660975027363747 0.026140235020648106 0.014242674595152494 0.075878307718085125 0.045483789916033857 0.0086171403527259827 0.051698995594051667 0.015182933064352255 0.077856550051365048 0.0075879372161580241 0.031369901565994951 0.011095106367065455 0.010179094853810966 0.018436063066474162 0.0047251512514776559 0.006506553210783749 0.002970077082864008 0.0034338164150540217 0.0041759112464205819 0.0016051560342020829 0.0020930910231982168 0.0053010306910437066 0.0028042109006491955 0.0033263125151279382 0.0044412145216483623
leaf_count=18 13 1 4 26 13 8 18 12 29 31 2 22 31 18 6 39 12 3 17 15 12 6 14 14 6 29 32 57 20 29
internal_value=0 -0.00047373 -0.00295162 0.00250322 -0.000786744 0.00542041 -0.00179586 0.0384623 0.00347949 -0.000636753 -0.0186894 0.00687704 -0.00657298 0.0168423 -0.0557468 -0.0569046 -0.0667345 -0.0667776 -0.066751 -0.0667234 -0.066708 -0.0666863 -0.0666832 -0.0666807 -0.066679 -0.0666766 -0.0666754 -0.0666743 -0.0666733 -0.0666788
internal_weight=0 0.566787 0.546632 0.495443 0.471424 0.424474 0.348387 0.0760868 0.322246 0.302585 0.148851 0.0971828 0.0294256 0.153735 0.0511895 0.0469507 0.0436016 0.0516678 0.0430507 0.0328716 0.0380421 0.026947 0.0204404 0.0174703 0.0144355 0.0132944 0.0097104 0.00810524 0.0054194 0.00787503
internal_count=557 544 526 383 379 327 258 69 240 232 185 53 43 47 143 52 137 132 130 127 136 124 112 106 110 92 95 89 49 43
is_linear=0
shrinkage=0.1


Tree=249
num_leaves=30
num_cat=0
split_feature=11 14 24 11 13 1 3 13 19 0 1 20 13 23 0 18 9 14 19 18 20 25 2 13 17 20 2 14 20
split_gain=0.0078696 0.0146053 0.0116695 0.0105758 0.0209083 0.0126132 0.0110455 0.00905994 0.0144325 0.0107113 0.0163519 0.00892221 0.00744605 0.00696213 0.00230067 0.00135464 0.000504508 4.75236e-05 2.9774e-07 1.55088e-07 1.44063e-07 1.24028e-07 6.22675e-09 5.45662e-09 5.42852e-09 1.17049e-09 3.70154e-10 2.70957e-10 2.68913e-12
threshold=377.43620000000004 109984.94939002475 0.00146779507431044 378.72000000000008 573147.50000000012 114741.65000000001 109125.95000000001 491367.50000000006 -0.73841684478861092 1762111800000.0002 102762.70000000003 57.390622208124803 1278419.5000000002 0.029574814480847474 1760977800000.0002 -4.4313103958682296 393.22500000000008 108768.76042795893 -1.1228259835693264 -1.7395783932988185 80.167422229336111 0.012113900127979265 109618.05 196075.00000000003 -0.66177268139048329 67.608528625529146 111073.35000000002 108418.75081663164 51.125611024311269
decision_type=2 2 2 2 2 2 2 2 2 2 2 2 2 2 2 2 2 2 2 2 2 2 2 2 2 2 2 2 2
left_child=1 7 11 5 14 15 16 9 -9 13 -11 -3 -10 19 17 -2 20 -5 -17 -1 22 -4 27 -12 -23 -19 -26 28 -6
right_child=3 2 21 4 6 -7 -8 8 12 10 23 -13 -14 -15 -16 18 -18 25 -20 -21 -22 24 -24 -25 26 -27 -28 -29 -30
leaf_value=-0.06679057206861605 -0.036867676143333708 -0.014416918927514242 0.067035924724290472 0.059497168849360883 -0.066678413786787849 0.013186153398860288 -0.0040251437358448166 0.040089850787527817 0.014001249672899237 -0.066733903840876838 0.066693407213343978 0.037639704296351946 -0.046812027398358054 -0.013866836279842358 0.023355306886406125 -0.067297283892247914 -0.041491705666955474 0.066697839720104818 -0.066838193394752263 -0.067130206892858355 -0.067164559762607129 0.066779046193911548 -0.066802541834408549 0.066786223611466786 0.066716205419271341 0.066740073769101169 0.066685257121078242 -0.066702795812392121 -0.066674797223824273
leaf_weight=0.028342442157736514 0.019913234475097852 0.063139999088889454 0.024549345951527357 0.013953140994999558 0.0037370427598943934 0.03428627597168088 0.15297448603087105 0.079400427759537706 0.036218909484887263 0.014336312990053557 0.013832675846060738 0.068801355526375119 0.045336130875512026 0.04559884215996135 0.020961442365660332 0.023284861323190853 0.010213334258878604 0.013586634653620422 0.035917376211727969 0.0255782800304587 0.011037139222025871 0.016201445931073977 0.0069503466947935513 0.011684024328133091 0.0063173371818265869 0.012692185468040407 0.0099539927286969032 0.0073368278390262267 0.0045705185184488073
leaf_count=31 23 35 3 11 20 3 39 17 25 16 36 28 18 15 15 13 9 27 30 11 1 21 3 6 10 13 35 11 32
internal_value=0 0.00728398 0.0290651 -0.0120219 -0.000834895 -0.0374748 -0.0167078 -0.00642047 0.00974173 -0.0250855 0.0187229 0.0127282 -0.0198046 -0.0426288 0.050218 -0.0594298 -0.0609572 0.0642138 -0.0670188 -0.0669517 -0.0668684 0.0668663 -0.0667238 0.0667359 0.0667381 0.0667182 0.0666973 -0.0666888 -0.0666764
internal_weight=0 0.489292 0.188963 0.371415 0.258013 0.113402 0.19682 0.300328 0.160955 0.139373 0.039853 0.131941 0.081555 0.0995196 0.0611934 0.0791155 0.0438452 0.040232 0.0592022 0.0539207 0.0336319 0.0570221 0.0225947 0.0255167 0.0324728 0.0262788 0.0162713 0.0156444 0.00830756
internal_count=557 307 132 250 181 69 115 175 60 115 58 63 43 57 66 66 76 51 43 42 67 69 66 42 66 40 45 63 52
is_linear=0
shrinkage=0.1


Tree=250
num_leaves=24
num_cat=0
split_feature=13 17 10 20 3 17 1 17 20 20 20 3 20 18 0 0 23 9 20 17 23 12 3
split_gain=0.0066331 0.00666933 0.0169418 0.0116094 0.0094604 0.03218 0.0117387 0.0153875 0.0104556 0.010854 0.0100749 0.00909213 0.00611288 0.010763 0.00312695 0.00208878 9.2145e-05 1.60319e-07 3.2475e-08 4.66606e-09 4.10858e-09 3.45155e-10 1.30091e-11
threshold=3239769.0000000005 -0.66924194282643679 369.87000000000006 69.855651612361328 111001.65000000001 -0.70197564775797539 108404.35000000002 -0.80570469220673135 50.996210452371976 62.145956979415509 35.725144778862415 109748.70000000001 49.452856151756997 -2.975891891791937 1761107400000.0002 1760707800000.0002 0.019133827039977448 369.11500000000007 38.120182137471865 -0.86066752489106146 0.016749497623097759 368.02500000000003 109915.75000000001
decision_type=2 2 2 2 2 2 2 2 2 2 2 2 2 2 2 2 2 2 2 2 2 2 2
left_child=1 3 17 4 6 18 7 19 14 -10 -9 -5 -4 -14 -8 -2 -16 20 -6 -1 -3 22 -22
right_child=15 2 12 11 5 -7 8 10 9 -11 -12 -13 13 -15 16 -17 -18 -19 -20 -21 21 -23 -24
leaf_value=-0.066714674750986316 -0.014050666194650192 -0.066757272011206847 -0.036631966979895451 -0.036099514407832864 -0.066940902384936718 0.060778256400094446 0.032067323835516082 -0.027788599852075609 -0.0190716217265232 0.042369307160663838 0.045647145157028203 0.003759068673913693 -0.020416215106874625 0.034587293612920185 0.060762751283781349 -0.052313319073689794 0.067102888785001799 -0.067160596336967651 -0.06677613591051372 -0.066797377950279041 -0.066681532132952206 -0.066707995182697002 -0.066674462385406905
leaf_weight=0.017858244799754175 0.028212495526531711 0.017826784562203102 0.03505928269441938 0.089980478827783372 0.02227076481358381 0.033516203184262849 0.044948133399884682 0.029712010611547157 0.055333606636850163 0.059853097416635137 0.05032547922746744 0.15723502900073072 0.064470416462427238 0.079377579852007329 0.042022074951091781 0.02886419987953559 0.050436308403732255 0.010950474999845028 0.025843278403044678 0.011038738171919249 0.0074932262978109065 0.0064434379692102075 0.0039880455915408675
leaf_count=39 15 17 31 23 12 9 23 13 26 23 38 35 36 20 24 25 17 1 33 12 34 22 29
internal_value=0 0.00173578 -0.0131908 0.00661369 0.0162992 -0.0144491 0.0232419 -0.00419708 0.0350754 0.0128542 0.0183859 -0.0107485 0.000810047 0.00993558 0.0537032 -0.0334004 0.0642213 -0.0668258 -0.0668524 -0.0667463 -0.0667233 -0.0666895 -0.0666791
internal_weight=0 0.915983 0.225609 0.690373 0.443158 0.0816302 0.361528 0.108934 0.252593 0.115187 0.0800375 0.247216 0.178907 0.143848 0.137407 0.0570767 0.0924584 0.046702 0.048114 0.028897 0.0357515 0.0179247 0.0114813
internal_count=557 517 190 327 269 54 215 102 113 49 51 58 87 56 64 40 41 103 45 51 102 85 63
is_linear=0
shrinkage=0.1


Tree=251
num_leaves=30
num_cat=0
split_feature=17 12 2 0 2 23 2 23 14 11 19 20 23 13 3 17 25 1 20 14 13 1 17 17 20 23 14 22 25
split_gain=0.00940128 0.00826719 0.0188615 0.00951809 0.0154936 0.0141399 0.00946263 0.0147627 0.0160702 0.0128143 0.0116173 0.00458194 0.00437894 0.00330531 0.00218226 1.80766e-07 2.40407e-08 1.89754e-08 4.28439e-09 3.58182e-09 1.97318e-09 6.11102e-10 8.00866e-11 9.64436e-11 4.17904e-12 4.1321e-12 2.91688e-12 1.05909e-12 7.34456e-14
threshold=-0.46557138708034562 369.32250000000005 102252.05 1761431400000.0002 111699.70000000003 0.015315792397538759 106032.90000000001 0.020451001576856906 109183.43156771226 371.94670000000002 -0.70105994805808314 60.118138294291867 0.02401158556606826 20654.500000000004 107622.50000000001 -0.47022116631279648 0.0066064760556945523 101959.85000000002 33.664439087274573 103190.08883396095 1886005.0000000002 111494.20000000003 -0.58451352332446016 -0.92735626635551227 33.721148124235924 0.0089601838413097632 109518.91697196862 18.696539713355737 0.018608558059558862
decision_type=2 2 2 2 2 2 2 2 2 2 2 2 2 2 2 2 2 2 2 2 2 2 2 2 2 2 2 2 2
left_child=1 2 -1 4 6 -5 -3 8 14 -9 11 -10 -11 -4 -8 17 -6 -15 -14 -19 -20 -18 23 -21 -25 -26 -27 -28 -29
right_child=-2 3 13 5 16 -7 7 9 10 12 -12 -13 18 15 -16 -17 21 19 20 22 -22 -23 -24 24 25 26 27 28 -30
leaf_value=0.066730851549466258 0.057007939838306446 0.067056896320229598 0.0035781573977170808 0.06680657502169883 -0.06690176542645046 -0.015901481947133516 0.030616756408280793 0.027803483358992187 0.045177523959635688 -0.015867586408219423 -0.04587511663674216 -0.0043730208266296337 -0.066818208774889531 -0.066906038059816958 0.066848014256506383 -0.067180373539693902 -0.066753618683022459 -0.066753606349005401 -0.066738367339824509 -0.066697080621688845 -0.066788094992747238 -0.066715174143246486 -0.066690005128136595 -0.066678052628227777 -0.066677280562536356 -0.066675070622973717 -0.066672659981449098 -0.066670175284956237 -0.066669085784029164
leaf_weight=0.015388292085845023 0.029630152028403245 0.022063104202970862 0.0076681208884110666 0.052172162555507384 0.017789140692912042 0.034233852078614291 0.026405365926621016 0.027818629867397249 0.03378022111064638 0.024416804873908404 0.046177249241736718 0.041697218615809106 0.022710697012371384 0.005347347352653741 0.044878467626404017 0.011566167515411507 0.0082217125709576067 0.010049503342088428 0.017192633833474247 0.0022719558510289036 0.014890239108353853 0.0083176451644249028 0.0090074372037634055 0.0029186416622906117 0.0024810066024656408 0.0028607494277821388 0.0020844236278207973 0.0011767386995416018 0.001304849133703101
leaf_count=15 18 4 12 23 4 36 29 7 31 31 33 14 12 1 25 2 8 11 36 5 6 33 31 16 15 19 24 20 36
internal_value=0 -0.000912324 -0.0318212 0.00426227 -0.00295739 0.0340378 0.00385049 -0.000798445 0.0157245 -0.0305839 -0.00636739 0.0178035 -0.0510896 -0.0576405 0.053427 -0.0668327 -0.0668211 -0.0667309 -0.066785 -0.0667035 -0.0667614 -0.0667343 -0.0666825 -0.0666781 -0.0666747 -0.0666737 -0.0666726 -0.066671 -0.0666696
internal_weight=0 0.51689 0.0741252 0.442765 0.356359 0.086406 0.322031 0.299968 0.192939 0.107029 0.121655 0.0754774 0.0792104 0.0587369 0.0712838 0.0510688 0.0343285 0.0395027 0.0547936 0.0341553 0.0320829 0.0165394 0.0241058 0.0150984 0.0128264 0.00990777 0.00742676 0.00456601 0.00248159
internal_count=557 539 207 332 273 59 228 224 132 92 78 45 85 192 54 180 45 178 54 177 42 41 166 135 130 114 99 80 56
is_linear=0
shrinkage=0.1


Tree=252
num_leaves=31
num_cat=0
split_feature=0 14 23 1 1 1 24 14 0 14 9 17 0 0 18 17 14 20 0 19 23 20 25 22 11 18 13 22 15 20
split_gain=0.00707425 0.0137195 0.0212787 0.013428 0.0128327 0.0193379 0.0205354 0.017812 0.0185838 0.0176454 0.0187017 0.0184146 0.0163233 0.00926286 0.00718275 2.48074e-07 1.01603e-07 8.82287e-08 3.19747e-08 1.64411e-08 7.90193e-09 3.93297e-09 1.91962e-09 1.20966e-09 8.1577e-10 4.35719e-10 1.20735e-10 1.18038e-10 2.45071e-11 8.32202e-12
threshold=1762047000000.0002 108306.73387963064 0.039774461051731276 102762.70000000003 108849.85000000002 109211.85000000002 1.0000000180025095e-35 109839.00011609019 1761636600000.0002 111177.78892755622 386.49000000000007 -0.70197564775797539 1760556600000.0002 1760686200000.0002 -0.33200336512290668 -0.94723724818721811 108181.91468090368 63.908898137995813 1761917400000.0002 -1.617553659110363 0.044581042652899847 71.481930940251615 0.0093349521563360436 17.371008094152561 370.12500000000006 -3.1380529363068592 209867.50000000003 38.415808006286319 1.1491000004496301 51.125611024311269
decision_type=2 2 2 2 2 2 2 2 2 2 2 2 2 2 2 2 2 2 2 2 2 2 2 2 2 2 2 2 2 2
left_child=1 13 4 -2 -3 -6 19 -8 9 10 -9 12 -11 -1 15 -5 20 18 27 -7 24 23 25 -17 -15 -21 -26 -10 -25 -28
right_child=3 2 -4 14 5 6 7 8 17 11 -12 -13 -14 16 -16 21 -18 -19 -20 22 -22 -23 -24 28 26 -27 29 -29 -30 -31
leaf_value=0.018574293813663285 -0.027518405929064838 -0.054925496971289373 0.06688326737379735 0.067235637973464671 0.058234098883069879 -0.066858804337043595 -0.042978827187133632 -0.06694243024194349 0.066698076372931334 -0.0016842539583688321 0.016926848964703596 -0.026311142489503881 0.067143046663635853 -0.06672342398549469 -0.0060828273607527504 0.066726093828697083 -0.06700788136554052 0.067063641885985625 0.066930782446574827 -0.066688434550951053 -0.066805253948952578 0.066780480804089007 -0.066746489303199596 0.066690430950241616 -0.066696986150152168 -0.066717795135834104 -0.066679415195595726 0.066678673348336742 0.066681691533240425 -0.066673843889602555
leaf_weight=0.016640208312310278 0.035084511488093995 0.047394486391567625 0.044236932139028795 0.012586092576384544 0.050552863933262415 0.01168635022622766 0.078505417746782769 0.063524434975988697 0.0063271811013692059 0.059597906772978604 0.04572494505555369 0.064687966761994176 0.081686580837413203 0.0071674388309475026 0.018163940985687077 0.016880613547982648 0.021560724708251655 0.026669311799196294 0.0096234001684933901 0.010697555160732009 0.0092057185247540474 0.010145252221263945 0.019091730100626592 0.0057241095782956108 0.0042846169380936763 0.0095817634573904797 0.0070124259182193782 0.0062151588535925839 0.0073017082359001506 0.0043407370867498685
leaf_count=6 24 26 16 1 12 16 31 27 13 27 29 29 23 9 5 24 4 6 2 29 3 12 14 13 7 16 33 34 32 34
internal_value=0 -0.00464824 -1.58526e-05 0.02307 -0.00501852 -0.00067189 -0.0067046 0.000223232 0.00953935 0.000646506 -0.03184 0.0178776 0.0381097 -0.0465969 0.0481381 0.0668484 -0.0668401 0.0669411 0.0667937 -0.0667546 -0.0667271 0.0667267 -0.0667237 0.0667084 -0.0666955 -0.0667023 -0.0666827 0.0666885 0.0666855 -0.0666773
internal_weight=0 0.706016 0.635804 0.105886 0.591567 0.544173 0.49362 0.442562 0.364057 0.315222 0.109249 0.205972 0.141284 0.0702119 0.0708017 0.0526378 0.0535717 0.0488351 0.0221657 0.0510574 0.0320109 0.0400517 0.039371 0.0299064 0.0228052 0.0202793 0.0156378 0.0125423 0.0130258 0.0113532
internal_count=557 446 350 111 334 308 296 221 190 135 56 79 50 96 87 82 90 55 49 75 86 81 59 69 83 45 74 47 45 67
is_linear=0
shrinkage=0.1


Tree=253
num_leaves=30
num_cat=0
split_feature=17 13 13 14 25 25 20 0 19 18 2 18 24 9 19 23 22 19 1 19 1 25 2 17 1 2 23 17 17
split_gain=0.00621962 0.0059705 0.00668673 0.0152957 0.00898615 0.00943236 0.00842773 0.007492 0.00666003 0.0120472 0.0249158 0.0110261 0.00763135 0.0107921 0.0058925 0.0117086 0.00526338 0.00649592 0.00428802 0.00381658 0.00352202 0.00108539 0.000871314 1.73893e-07 1.52772e-07 8.21435e-08 2.75739e-09 6.61373e-10 5.82722e-11
threshold=-0.51460699114006558 3341180.5000000005 166939.50000000003 111177.78892755622 0.018873152967318351 0.015663801232543833 27.366240382781623 1762047000000.0002 -2.7058863631690322 -2.2559339185639264 112327.00000000001 -3.624400146575891 0.00064578722990315943 380.91000000000003 -0.70105994805808314 0.016749497623097759 77.863332268488321 -2.1184948684968665 111633.10000000002 -1.050376347583722 109845.30000000002 0.0074118827925188768 109437.90000000001 -0.94723724818721811 110658.80000000002 112904.90000000001 0.011406326356906695 -0.68850445899985824 -0.67550575070681285
decision_type=2 2 2 2 2 2 2 2 2 2 2 2 2 2 2 2 2 2 2 2 2 2 2 2 2 2 2 2 2
left_child=1 2 3 4 5 20 -4 8 -8 10 11 12 19 -14 -2 -16 17 -9 22 -10 -1 -21 -11 -19 -5 -12 -27 -25 -28
right_child=14 -3 6 24 -6 -7 7 16 9 18 25 -13 13 -15 15 -17 -18 23 -20 21 -22 -23 -24 27 -26 26 28 -29 -30
leaf_value=0.023607020869432623 -0.066974002221718829 -0.031226957120946721 -0.066771262551206204 -0.067138180431950703 -0.040704174734415011 0.066537108169672593 -0.017264094764156791 0.0085727441922662621 0.015817051477764257 0.04366964944107124 -0.067018509107003896 -0.028242985103215563 -0.010035628913792246 0.038021343262160633 0.066903781842308441 -0.066736861095874553 0.019570607972904733 -0.067214060684204699 0.021360365347955858 0.040277736536601411 -0.03817052056712221 0.066810006436353556 0.064088234483647491 -0.066746645398440607 -0.066753488728057683 -0.06676385803604247 -0.066690089283631487 -0.066709208658269833 -0.066702736690284009
leaf_weight=0.017808852184316493 0.026342597193433903 0.05131080392129661 0.014728517591720447 0.019489454571157694 0.029217416573374067 0.03077831201517256 0.063205377075064462 0.018013121793046594 0.029740353274974041 0.035658994966070168 0.015332521230448037 0.047438382724067196 0.10251618320762645 0.085873143296339549 0.013092947890982032 0.013130387432283896 0.022108473116531968 0.012116513215005398 0.063328387055662461 0.022512023635499645 0.019154068635543808 0.048930027267488185 0.050489801957155578 0.009942283026248333 0.021949927093373844 0.010295246378518641 0.0074663942159531871 0.008982412484328961 0.0071141047537821578
leaf_count=32 12 35 14 2 20 6 18 9 12 12 4 27 32 32 3 39 6 1 16 25 8 33 31 18 38 5 27 26 14
internal_value=0 0.00185797 0.00394301 -0.0160826 0.00565109 0.0256445 0.00804412 0.00971101 0.0134086 0.0170894 0.00756902 0.0164462 0.0237673 0.0118701 -0.0335689 -1.19402e-05 -0.0209397 -0.0391974 0.0411149 0.0459186 -0.00840591 0.0584495 0.0556365 -0.0669183 -0.0669344 -0.0668365 -0.0667242 -0.0667289 -0.0666963
internal_weight=0 0.865501 0.81419 0.138398 0.0969586 0.0677412 0.675792 0.661064 0.589901 0.526696 0.377218 0.33701 0.289572 0.188389 0.0525659 0.0262233 0.0711628 0.0490543 0.149477 0.101182 0.0369629 0.0714421 0.0861488 0.0310412 0.0414394 0.0402083 0.0248757 0.0189247 0.0145805
internal_count=557 503 468 106 66 46 362 348 288 270 211 161 134 64 54 42 60 54 59 70 40 58 43 45 40 50 46 44 41
is_linear=0
shrinkage=0.1


Tree=254
num_leaves=30
num_cat=0
split_feature=9 2 25 2 14 14 1 14 13 13 20 9 25 17 22 22 6 25 0 25 20 1 14 22 17 13 1 14 0
split_gain=0.00881947 0.00800059 0.00919 0.0151019 0.0140447 0.0134 0.0115572 0.0175288 0.00868753 0.0101705 0.00509678 0.0045797 0.00935209 0.00455359 0.00228105 0.00146742 0.000483655 2.36481e-08 1.63302e-08 5.45138e-09 2.1122e-09 1.75873e-09 1.19914e-09 5.43806e-10 1.5179e-10 3.17052e-11 1.41865e-11 7.13493e-12 1.98147e-12
threshold=400.59750000000003 113990.00000000001 1.0000000180025095e-35 111606.60000000002 111619.89829137579 109183.43156771226 111382.10000000002 109105.7354387628 389445.50000000006 1112401.5000000002 34.767041852360613 365.42000000000002 0.01933300229854833 -0.80158076785784538 63.67709142511368 25.49146837494914 1.1561000000000001 0.0063531602160872853 1761517800000.0002 0.01978879044588815 76.586303994431816 111619.80000000002 111263.61284971076 69.207614645439961 -0.90472510802535056 168702.00000000003 111817.25000000001 110603.65342665356 1760491800000.0002
decision_type=2 2 2 2 2 2 2 2 2 2 2 2 2 2 2 2 2 2 2 2 2 2 2 2 2 2 2 2 2
left_child=1 2 4 6 5 -1 7 8 11 13 -11 -4 14 -10 -13 -9 -15 -5 -3 22 -20 -19 23 24 -17 -26 -23 -27 -28
right_child=-2 18 3 17 -6 -7 -8 15 9 10 -12 12 -14 16 -16 19 -18 21 20 -21 -22 26 -24 -25 25 27 28 -29 -30
leaf_value=0.05940418198478107 0.066834265472118889 -0.0669557961131481 0.066905429090578949 -0.066883408446938172 0.066852553379147764 -0.038464041403511423 0.054265545914134829 -0.013562990282135191 -0.00075943865245998467 0.03536047023981994 -0.0092143875952239614 -0.066763381879701975 0.053298180350253348 -0.043968526507592393 -0.00071639907570461656 -0.066705097699925719 -0.066783223055353377 -0.066741106428401795 -0.066714276336583486 -0.066801778692943653 -0.066801534717900138 -0.066683345061865809 -0.06674890181591292 -0.066714947528101948 -0.066686870051004307 -0.066672027987277102 -0.066675491254901978 -0.066679417304739794 -0.06667100540918848
leaf_weight=0.021342554697184823 0.020123566762777045 0.0065361777269572477 0.026549531990895048 0.016467148787342012 0.049112252963823266 0.040610076935990946 0.036066214524907991 0.0059038874751422546 0.020035662282680278 0.048199754324741662 0.054834207836393034 0.010928204341325909 0.027817285590572283 0.01419442370570323 0.010027016320236726 0.0034693280504143305 0.026903490183030954 0.014235074460884789 0.0057221803808715777 0.0081378973372920882 0.0053844311951252166 0.0020070574973942703 0.0067041344536846728 0.014919231449312065 0.0045490466218325344 0.0028088320959795965 0.0017959330361918546 0.0024434486331301741 0.002179901744966628
leaf_count=31 13 2 16 4 21 38 7 23 12 22 18 31 20 17 21 8 37 18 42 6 3 7 10 24 16 32 10 12 36
internal_value=0 -0.00071343 0.00175668 -0.0059791 0.026913 -0.00474864 0.000896323 -0.00577724 0.00536645 -0.00753452 0.0116379 0.0334846 0.0152919 -0.0398476 -0.0351601 -0.0603139 -0.0589035 -0.0667944 -0.0668304 -0.0667281 -0.0667566 -0.066722 -0.0667109 -0.0667018 -0.0666871 -0.0666808 -0.0666765 -0.0666755 -0.066673
internal_weight=0 0.489884 0.472242 0.361177 0.111065 0.0619526 0.324492 0.288425 0.23949 0.164168 0.103034 0.075322 0.0487725 0.0611336 0.0209552 0.0489358 0.0410979 0.0366851 0.0176428 0.0430319 0.0111066 0.020218 0.034894 0.0281899 0.0132707 0.00980133 0.00598289 0.00525228 0.00397583
internal_count=557 544 497 407 90 69 332 325 194 106 40 88 72 66 52 131 54 75 47 108 45 71 102 92 68 60 53 44 46
is_linear=0
shrinkage=0.1


Tree=255
num_leaves=24
num_cat=0
split_feature=14 18 17 22 9 2 2 20 24 11 14 22 23 25 20 20 22 0 1 22 16 10 2
split_gain=0.0133056 0.0139945 0.0136508 0.0119166 0.00743817 0.0140641 0.0133811 0.0145207 0.0162015 0.0124888 0.0103952 0.0145126 0.0133128 0.00976182 0.00969397 0.0080485 0.00200138 0.000168065 9.26154e-08 2.55232e-08 1.74634e-09 2.56166e-10 1.50388e-10
threshold=115012.61991691073 -1.7395783932988185 -0.65497988620966641 50.953918323381977 358.90000000000003 112327.00000000001 111699.70000000003 74.745621068363505 0.00086398026826511713 377.37000000000006 109839.00011609019 43.725988960274307 0.034391630249800208 0.017771774351255144 60.16744282871921 36.524522822582632 20.31553751037362 1761528600000.0002 111947.10000000002 54.664726283273424 364.01000000080131 381.41000000000003 108966.60000000002
decision_type=2 2 2 2 2 2 2 2 2 2 2 2 2 2 2 2 2 2 2 2 2 2 2
left_child=1 4 17 -4 -1 6 7 8 9 14 11 12 -10 -12 -6 -13 -7 -3 -18 22 -20 -22 -11
right_child=-2 2 3 -5 5 16 -8 -9 10 19 13 15 -14 -15 -16 -17 18 -19 20 -21 21 -23 -24
leaf_value=-0.067313430391874735 0.067268721922037644 -0.06712694538895822 0.038222659994089851 -0.051936345092293862 -0.051524590486537902 0.021155889473623467 -0.042254991676430306 0.057943599573350185 -0.064430654145301872 -0.066681030584655146 0.066889406788855355 0.063581965276324204 0.0086807058394386977 -0.0018364761051096684 0.018437642829636929 0.0017165232570826674 0.067032087426516937 -0.057396936968249573 0.066759379550001538 -0.066842677024729166 0.066683765509123 0.066709106441597762 -0.066700441999436852
leaf_weight=0.014713295182446018 0.027451988327811705 0.038802185183158144 0.03624533968832111 0.02461668370233383 0.029782783065456897 0.01287936583685223 0.065982366038952023 0.048014429834438488 0.046524033587047597 0.0064098045550053931 0.057050189199799206 0.039941796765560866 0.053598901024088264 0.032408117687737104 0.05911588895105524 0.044411045797460247 0.015568353235721588 0.03272311034379527 0.0059584729024209073 0.034759007205138914 0.0082983304382651113 0.0076819250098196781 0.010577123939583544
leaf_count=2 18 28 31 16 34 18 25 14 38 36 31 36 29 26 30 34 2 19 6 16 33 12 23
internal_value=0 -0.00365467 -0.0330544 0.00175631 0.00290136 0.00468574 -0.000126359 0.00588269 -0.000146739 -0.0277358 0.0140182 0.000452704 -0.0252919 0.041992 -0.00500107 0.0310103 0.0551667 -0.0626754 0.0668455 -0.0667936 0.0667132 0.0666959 -0.0666931
internal_weight=0 0.726063 0.132387 0.060862 0.593675 0.578962 0.528575 0.462593 0.414579 0.140645 0.273934 0.184476 0.100123 0.0894583 0.0888987 0.0843528 0.0503864 0.0715253 0.0375071 0.0517459 0.0219387 0.0159803 0.0169869
internal_count=557 539 94 47 445 443 372 347 333 139 194 137 67 57 64 70 71 47 53 75 51 45 59
is_linear=0
shrinkage=0.1


Tree=256
num_leaves=27
num_cat=0
split_feature=17 23 20 20 3 20 3 10 3 20 23 19 2 19 18 3 18 23 20 17 22 20 22 23 13 23
split_gain=0.00603664 0.00825635 0.00821047 0.00926625 0.0146319 0.0107403 0.0123823 0.0184248 0.00979453 0.0109124 0.00831523 0.00948511 0.00978076 0.0109385 0.00766838 0.00731622 0.00469129 0.000263723 4.69471e-08 1.28184e-08 2.4811e-09 2.36726e-09 4.99049e-10 2.41256e-10 5.06437e-12 1.94538e-12
threshold=-0.63177231918323506 0.011098319149514592 79.609984382775608 69.855651612361328 109748.70000000001 65.750863349860012 111060.60000000002 361.64500000000004 110741.15000000001 30.87132376185345 0.031677243174031207 -0.63149930707880586 109995.00000000001 -0.92011996038303245 -1.1016765145591467 107917.50000000001 -3.7957812238231141 0.015413480827115996 33.664439087274573 -0.85289846546291703 18.696539713355737 52.549632204723814 71.507547039172053 0.01551569673959269 1344991.5000000002 0.034391630249800208
decision_type=2 2 2 2 2 2 2 2 2 2 2 2 2 2 2 2 2 2 2 2 2 2 2 2 2 2
left_child=2 -2 3 5 -5 6 8 -8 9 -1 11 12 13 17 21 -15 -14 -11 -9 -20 -21 22 24 -22 25 -3
right_child=1 14 -4 4 -6 -7 7 18 -10 10 -12 -13 16 15 -16 -17 -18 -19 19 20 23 -23 -24 -25 -26 -27
leaf_value=-0.035460700428332985 0.0073027199854510992 -0.066673229689051913 0.047449557426441399 -0.05574117677676127 0.0014859675332536645 0.060776819489555094 0.05768848278939416 -0.066994466008062067 0.055944118601809194 -0.067045774322769924 0.048211706647514146 -0.047066212757299081 0.015818527395316365 -0.010396247856114371 -0.0039960107837736653 0.054663045975269879 0.066922243773940668 -0.04826887784230826 -0.066857525814138438 -0.066765694897031977 -0.066716973794292464 -0.066738859550262306 -0.06671186275883563 -0.066690321536487338 -0.066680060123551418 -0.066676663803190039
leaf_weight=0.05388298723846674 0.067051029320282396 0.0032418231849078438 0.040440689248498529 0.065168247583642369 0.14209989913069876 0.036802545793761965 0.015778100583702326 0.01249244793325488 0.043871787114767358 0.013635178842378082 0.055763277043297421 0.030224137073673774 0.035183649859391153 0.044567773788912746 0.033691028565954184 0.02823578239622293 0.036701854813145474 0.016569861531024799 0.011246435577049851 0.010335921397199854 0.0057273801212431872 0.02991691393617657 0.0069320113616413428 0.0083447959805198479 0.0027881210517080035 0.0033585736200620886
leaf_count=22 15 38 10 22 38 22 2 8 15 16 26 28 22 39 26 23 18 24 3 8 10 35 19 35 14 19
internal_value=0 -0.0185743 0.00369877 0.00104466 -0.0165071 0.00896414 0.00445157 -0.0360944 0.0116787 0.00550897 0.0139709 0.00466226 0.0136017 -0.0061536 -0.0402822 0.014836 0.04191 -0.0567452 -0.0668276 -0.0667692 -0.0667285 -0.0667221 -0.0666915 -0.0667012 -0.0666765 -0.066675
internal_weight=0 0.14698 0.707073 0.666632 0.207268 0.459364 0.422561 0.0639251 0.358636 0.314765 0.260882 0.205118 0.174894 0.103009 0.0799285 0.0728036 0.0718855 0.030205 0.048147 0.0356545 0.0244081 0.0462374 0.0163205 0.0140722 0.00938852 0.0066004
internal_count=557 166 391 381 60 321 299 66 233 218 196 170 142 102 151 62 40 40 64 56 53 125 90 45 71 57
is_linear=0
shrinkage=0.1


Tree=257
num_leaves=29
num_cat=0
split_feature=9 2 25 2 14 14 1 14 13 13 17 9 25 20 22 22 9 25 20 2 1 20 22 2 13 3 2 0
split_gain=0.00838434 0.00732379 0.00869278 0.0133765 0.0121481 0.0115401 0.0103685 0.0156866 0.00798998 0.00849185 0.00426278 0.00421739 0.00773924 0.00265796 0.00220426 0.00146752 0.000475522 1.62113e-08 1.24553e-08 3.99694e-09 1.3267e-09 7.81381e-10 4.47478e-10 6.90322e-11 1.66435e-11 9.65732e-12 8.11866e-12 1.73771e-12
threshold=400.59750000000003 113990.00000000001 1.0000000180025095e-35 111606.60000000002 111619.89829137579 109183.43156771226 111382.10000000002 109105.7354387628 389445.50000000006 1112401.5000000002 -0.80158076785784538 365.42000000000002 0.01933300229854833 35.016254717192744 63.67709142511368 23.005368877679867 371.22500000000008 0.0063531602160872853 77.551237224398932 111337.95000000001 111619.80000000002 75.262288362041019 56.087097377350879 110586.20000000001 168702.00000000003 114787.70000000001 112232.85000000002 1760491800000.0002
decision_type=2 2 2 2 2 2 2 2 2 2 2 2 2 2 2 2 2 2 2 2 2 2 2 2 2 2 2 2
left_child=1 2 4 6 5 -1 7 8 11 10 -10 -4 14 -11 -13 -9 -12 -5 21 22 -19 25 24 -24 -17 -3 -22 -28
right_child=-2 18 3 17 -6 -7 -8 15 9 13 16 12 -14 -15 -16 19 -18 20 -20 -21 26 -23 23 -25 -26 -27 27 -29
leaf_value=0.058590769927210878 0.066826316321072152 -0.066673351097172998 0.066879890347336823 -0.066858448225921407 0.066831782413894744 -0.035080643224216362 0.053180136981239357 -0.010760425709268766 -0.0006171630336638213 0.026485199528918119 -0.043297685757927355 -0.066751154115384667 0.050976016002414186 -0.0060613728978098922 0.0008129311671300544 -0.066685225969231696 -0.066769803828731697 -0.066734519774403811 -0.066892310254457799 -0.066769575467664613 -0.06668063207199619 -0.066746568847584148 -0.066702328925179133 -0.066714341666670549 -0.066676087375742044 -0.06668440755955371 -0.066674935759199333 -0.066670433344127658
leaf_weight=0.020074032021511812 0.019113185233436525 0.0017237288602700565 0.024028303858358413 0.014545625541359186 0.044027447322150692 0.03814207000505121 0.033215562114492059 0.005317113351338775 0.019438546529272571 0.048739992314949632 0.013479578408805537 0.0096166587863990571 0.02566110496991314 0.051716823305469006 0.0096985682612285018 0.0040862610403564759 0.023995862909941934 0.012790361324732658 0.0094451890327036381 0.0121851839194278 0.0020214118840158326 0.0035696696468221489 0.0087154499524331186 0.010604150536892121 0.0038901817842997843 0.0014583770534954965 0.0016829954765853472 0.0017470216171204811
leaf_count=31 13 27 16 4 21 38 7 21 12 23 17 31 20 17 21 15 37 18 2 19 10 3 19 21 36 15 10 33
internal_value=0 -0.000780619 0.00165352 -0.00609161 0.0271952 -0.00278094 0.000445432 -0.00601394 0.00468538 -0.00775504 -0.0386167 0.0330568 0.014987 0.00972969 -0.0328259 -0.0600799 -0.0583271 -0.0667797 -0.0668182 -0.066722 -0.0667169 -0.0667144 -0.0667007 -0.0667089 -0.0666808 -0.0666784 -0.0666756 -0.0666726
internal_weight=0 0.455617 0.43942 0.337177 0.102244 0.0582161 0.304389 0.271174 0.226375 0.157371 0.056914 0.0690046 0.0449763 0.100457 0.0193152 0.0447983 0.0374754 0.0327874 0.016197 0.0394812 0.0182418 0.00675178 0.027296 0.0193196 0.00797644 0.00318211 0.00545143 0.00343002
internal_count=557 544 497 407 90 69 332 325 194 106 66 88 72 40 52 131 54 75 47 110 71 45 91 40 51 42 53 43
is_linear=0
shrinkage=0.1


Tree=258
num_leaves=27
num_cat=0
split_feature=14 18 17 13 0 9 14 23 23 24 9 20 20 20 25 17 13 1 0 10 17 14 22 24 20 10
split_gain=0.012317 0.0117575 0.0127638 0.00992559 0.00676257 0.00702745 0.0106369 0.0200392 0.014817 0.0208806 0.010216 0.00835663 0.00818301 0.00794106 0.0132668 0.0151841 0.00307743 0.0011287 0.000192761 0.000183629 1.49249e-07 2.59102e-08 1.70471e-08 3.65608e-09 1.977e-09 1.40753e-10
threshold=115012.61991691073 -1.7395783932988185 -0.65497988620966641 278753.50000000006 1760455800000.0002 358.90000000000003 111177.78892755622 0.012757516301438792 0.014034471553028274 0.00086398026826511713 368.11500000000007 30.736761578248714 71.057254826937012 50.116749515909611 0.019727477546413942 -0.77073006230653018 901507.00000000012 109932.95000000003 1761528600000.0002 367.02175000000005 -0.89304376914831596 110271.92358892465 18.696539713355737 0.00146779507431044 62.844410520278828 381.41000000000003
decision_type=2 2 2 2 2 2 2 2 2 2 2 2 2 2 2 2 2 2 2 2 2 2 2 2 2 2
left_child=1 4 18 -4 -1 -6 8 -8 17 12 16 -9 19 14 15 -12 -11 -7 -3 -10 -13 24 -22 -24 -21 -25
right_child=-2 2 3 -5 5 6 7 11 9 10 13 20 -14 -15 -16 -17 -18 -19 -20 21 22 -23 23 25 -26 -27
leaf_value=-0.042876668032363369 0.067229814136860994 -0.067095924084097508 -0.041346658095816023 0.041574510986394746 -0.067237537474615139 0.03249837302835698 -0.066701925392922801 -0.0056055735232777041 -0.054606855343858077 0.017165046460530849 0.064374371690206475 0.067061003113231654 0.0016974706075296151 0.018091987632490255 -0.066876807256130225 -0.0353378016640759 0.066920119331775038 0.063197888681509357 -0.056129252451060943 -0.066704842275592049 0.066848154183788672 -0.06687266216690331 0.066758842907287827 0.066681858797279767 -0.066752861477715392 0.06670024598624652
leaf_weight=0.030812838347628713 0.025509711893391795 0.035313434400450205 0.027292115511954762 0.030642844387330115 0.01301213116676081 0.020275477858376689 0.016762475952418754 0.020103895920328796 0.015850826282985508 0.020692940972367069 0.026414257379656192 0.02479874761775136 0.025558440611348487 0.09451625600195257 0.040221922619821271 0.036203654619384906 0.031136239915213082 0.029258067297632806 0.029347593987040455 0.014669886553747347 0.016004419165255968 0.021251837504678406 0.016238296666415408 0.0060726887695636824 0.020632819840102457 0.013240181877335999
leaf_count=4 18 28 28 19 2 23 37 3 12 28 28 3 14 35 35 31 18 29 19 39 9 8 19 29 15 24
internal_value=0 -0.00355485 -0.0315763 0.00251184 0.00264912 0.00533173 0.00718361 0.0342183 -0.00053261 -0.00783308 0.0075444 0.0517562 -0.0469479 -0.00283185 -0.0220622 0.00672401 0.0470553 0.0506317 -0.0621185 -0.0641193 0.0668594 -0.0667854 0.0667625 0.0667239 -0.0667329 0.0666945
internal_weight=0 0.676324 0.122596 0.057935 0.553728 0.522915 0.509903 0.113221 0.396683 0.347149 0.249185 0.0964582 0.0979638 0.197356 0.10284 0.0626179 0.0518292 0.0495335 0.064661 0.0724054 0.0763543 0.0565545 0.0515556 0.0355512 0.0353027 0.0193129
internal_count=557 539 94 47 445 441 439 124 315 263 175 87 88 129 94 59 46 52 47 74 84 62 81 72 54 53
is_linear=0
shrinkage=0.1


Tree=259
num_leaves=30
num_cat=0
split_feature=17 19 1 20 13 14 18 0 13 3 1 12 23 13 22 19 3 12 23 18 18 18 17 20 20 3 17 13 0
split_gain=0.00538308 0.00483155 0.00932515 0.0048252 0.00827578 0.00999423 0.00705202 0.00554567 0.0066542 0.0199582 0.0113521 0.00984602 0.018678 0.00502358 0.00462637 0.00537705 0.00441449 0.00331592 0.00626982 0.00245791 0.000371906 2.00326e-05 9.06511e-08 6.04346e-08 3.00646e-08 1.62235e-08 4.3072e-10 4.17191e-10 3.60554e-11
threshold=-0.51460699114006558 -0.70105994805808314 111335.15000000001 27.366240382781623 166939.50000000003 111177.78892755622 -2.8406242234950247 1762047000000.0002 354059.50000000006 111093.10000000002 111619.80000000002 381.00500000000005 0.019133827039977448 1431717.0000000002 77.863332268488321 -2.1184948684968665 109231.30000000002 388.12000000000006 0.031299792603293318 -2.9013426679133185 -6.4357066089148702 -4.2105993871374956 -0.94723724818721811 30.476300117053437 49.648098147682298 111376.20000000001 -0.68850445899985824 377662.00000000006 1760524200000.0002
decision_type=2 2 2 2 2 2 2 2 2 2 2 2 2 2 2 2 2 2 2 2 2 2 2 2 2 2 2 2 2
left_child=3 -2 -3 -1 5 6 -5 8 10 11 16 13 19 -10 15 -9 -6 -14 -19 -13 -18 -22 -17 -11 -23 -25 -24 -27 -29
right_child=1 2 -4 4 7 -7 -8 14 9 23 -12 12 17 -15 -16 22 20 18 -20 -21 21 24 26 25 -26 27 -28 28 -30
leaf_value=-0.02954400600879006 -0.066921553458498234 -0.066724544283962142 0.064717292628901801 0.033877964247872004 0.011440554447060651 -0.066876169324056725 -0.031855697601951449 0.0065405093666735499 0.011047136206034962 -0.067066861614103718 0.0038668015643436139 -0.036789014738912697 0.067159750130856691 -0.027035683640361737 0.019306040628298951 -0.067106008999937766 0.048901370855099768 -0.013474661229035218 0.066867175239429047 0.0063058316594606818 0.062732179492031984 0.067020810704762249 -0.066736472066428867 -0.066852519673614913 0.066851473912000178 -0.066720478751424589 -0.066704029938794901 -0.066692035865883542 -0.066679764283269036
leaf_weight=0.046359650428712484 0.022328387025481788 0.010725212048328103 0.010865502335946076 0.031585743810865097 0.022434155594964977 0.034091981233359547 0.033769965250030509 0.016128166913404129 0.068289000046206638 0.008897244930267334 0.11423447652487084 0.032164704429305857 0.064381830859929323 0.070292713411618024 0.020187212794553488 0.009756181389093399 0.016782530212367419 0.017844796369899996 0.021316630096407607 0.022487746744445758 0.015555343081359752 0.018794452873407863 0.008653539221995743 0.012467538908822462 0.023713147216767538 0.0057946838351199412 0.0077641687330469713 0.0053646274318452924 0.0043241079674771754
leaf_count=30 12 38 4 30 11 39 28 9 30 1 37 30 8 18 6 1 11 32 16 17 11 21 18 4 19 8 26 12 30
internal_value=0 -0.0343062 -0.00057659 0.00170942 0.00375856 -0.0229834 -8.72931e-05 0.00813529 0.0113698 0.0025728 0.0252455 0.0111911 0.028239 -0.00826959 -0.0200816 -0.038878 0.0503502 0.0532029 0.0302576 -0.0190569 0.0620129 0.0658027 -0.0668646 -0.0668399 0.0669263 -0.0667676 -0.0667211 -0.0666993 -0.0666866
internal_weight=0 0.0439191 0.0215907 0.753436 0.707077 0.0994477 0.0653557 0.607629 0.54514 0.333626 0.211514 0.296777 0.158196 0.138582 0.0624893 0.0423021 0.0972796 0.103543 0.0391614 0.0546525 0.0748455 0.0580629 0.0261739 0.0368482 0.0425076 0.027951 0.0164177 0.0154834 0.00968874
internal_count=557 54 42 503 473 97 58 376 316 206 110 151 103 48 60 54 73 56 48 47 62 51 45 55 40 54 44 50 42
is_linear=0
shrinkage=0.1


Tree=260
num_leaves=31
num_cat=0
split_feature=9 14 25 2 14 17 1 14 17 19 20 25 18 14 18 23 4 0 0 25 25 19 1 9 23 22 1 11 23 3
split_gain=0.00760987 0.00528802 0.00735242 0.0124201 0.0114268 0.0105346 0.0095685 0.0139257 0.00699247 0.0105651 0.0121253 0.00850735 0.00819194 0.00497481 0.0045727 0.00177711 0.00146682 0.000170056 4.05825e-08 1.33456e-08 3.54439e-09 2.11396e-09 9.75027e-10 6.79745e-10 1.83144e-10 1.02978e-10 6.53031e-11 1.84607e-11 8.38923e-12 6.29692e-12
threshold=400.59750000000003 113701.65684135367 1.0000000180025095e-35 111606.60000000002 111619.89829137579 -0.68850445899985824 111382.10000000002 109105.7354387628 -0.89973357161891931 -0.73841684478861092 29.657101541721399 0.011561022685725441 -3.624400146575891 109183.43156771226 -5.5178842545707818 0.010930990206257329 1.1599000000000002 1761517800000.0002 1760772600000.0002 0.0063531602160872853 0.01978879044588815 -2.7899643710668429 111619.80000000002 397.45000000000005 0.01551569673959269 58.830261432406438 114741.65000000001 368.05300000000005 0.018991069640827977 110161.00000000001
decision_type=2 2 2 2 2 2 2 2 2 2 2 2 2 2 2 2 2 2 2 2 2 2 2 2 2 2 2 2 2 2
left_child=1 2 4 6 5 13 7 8 -4 10 -10 14 16 -1 -11 -9 -12 -3 -18 -5 23 -19 -21 24 -17 27 -23 -26 -24 -29
right_child=-2 17 3 19 -6 -7 -8 15 9 11 12 -13 -14 -15 -16 20 18 21 -20 22 -22 26 28 -25 25 -27 -28 29 -30 -31
leaf_value=0.066720461941261661 0.066810818805766253 -0.045418367249318692 0.061598644012756901 -0.066844748946056548 0.066825791833944589 -0.067031083292067487 0.052419018683955765 -0.00028761391659289315 0.029552248061037983 0.037490710649285178 -0.036258161142174672 0.051309928500265251 0.01546973994927222 -0.0071919687217698557 -0.066707828499592989 -0.066705537189815492 -0.066770728389879089 -0.066812582500108464 -0.066967198359026717 -0.066727102646990458 -0.066779601410502112 -0.066722022520891669 -0.0666807419214165 -0.066729691597815652 -0.066684983427210104 -0.066694210310153698 -0.066700856838416145 -0.066671918739535346 -0.066671958006271126 -0.06667859766889167
leaf_weight=0.016901769173273351 0.017430018342565745 0.0063281995244324216 0.019456234327662969 0.013511785888113081 0.039776435332896654 0.017711372547637438 0.031791791363502853 0.0045310326167964368 0.037050393730169162 0.0066489615328464416 0.024741264580370625 0.050606197502929717 0.021326251004211372 0.01974384542882035 0.01148910296979011 0.0068771638216276179 0.024009601780562662 0.0032687960192561158 0.018703456356888637 0.011535853604073054 0.0067872776853619135 0.0031469841096622977 0.0015677961719120495 0.005931785039138048 0.0028826547477365239 0.0081039413053076714 0.0027155790817232628 0.0029179620769355097 0.0035476295779517386 0.0027344345762685407
leaf_count=29 13 2 18 4 20 19 7 6 11 10 16 33 26 21 35 21 34 1 11 18 7 18 8 5 16 28 24 34 48 14
internal_value=0 -0.000601706 0.00155854 -0.00573379 0.0260967 -0.00370727 0.000690263 -0.00576407 0.0044388 -0.0012768 -0.0185002 0.0302492 -0.0385537 0.0268981 -0.0285112 -0.0593313 -0.0556336 -0.058017 -0.0668568 -0.0667709 -0.0667145 -0.0667481 -0.066711 -0.0666994 -0.0666918 -0.0666861 -0.0667122 -0.0666785 -0.0666747 -0.0666751
internal_weight=0 0.426346 0.410886 0.316753 0.0941334 0.054357 0.28659 0.254798 0.214031 0.194575 0.125831 0.0687443 0.0887806 0.0366456 0.0181381 0.0407663 0.0674543 0.0154596 0.0427131 0.0301631 0.0362352 0.00913136 0.0166513 0.0294479 0.0235162 0.016639 0.00586256 0.00853505 0.00511543 0.0056524
internal_count=557 544 499 410 89 69 332 325 194 176 98 78 87 50 45 131 61 45 45 78 125 43 74 118 113 92 42 64 56 48
is_linear=0
shrinkage=0.1


Tree=261
num_leaves=31
num_cat=0
split_feature=0 14 23 2 1 1 24 14 0 14 17 9 0 0 18 17 14 20 0 14 19 23 20 23 22 11 25 22 13 15
split_gain=0.00559681 0.0111577 0.0176719 0.0110866 0.00967645 0.0158975 0.0150967 0.0143829 0.0148014 0.0126626 0.0145504 0.0142859 0.0133988 0.00758085 0.00549955 8.82775e-08 7.3662e-08 3.89361e-08 1.61234e-08 1.50657e-08 4.73313e-09 3.45449e-09 2.07517e-09 9.94441e-10 6.44047e-10 4.13855e-10 2.76536e-10 6.67018e-11 4.70356e-11 1.95961e-11
threshold=1762047000000.0002 108306.73387963064 0.039774461051731276 103233.00000000001 108849.85000000002 109211.85000000002 1.0000000180025095e-35 109839.00011609019 1761636600000.0002 111177.78892755622 -0.70197564775797539 386.49000000000007 1760545800000.0002 1760686200000.0002 -0.33200336512290668 -0.94723724818721811 108210.52510979153 63.908898137995813 1761917400000.0002 108181.91468090368 -1.617553659110363 0.044196404369203919 71.481930940251615 0.015315792397538759 17.371008094152561 369.68500000000006 0.0038886593554498779 38.415808006286319 209867.50000000003 1.1491000004496301
decision_type=2 2 2 2 2 2 2 2 2 2 2 2 2 2 2 2 2 2 2 2 2 2 2 2 2 2 2 2 2 2
left_child=1 13 4 -2 -3 -6 20 -8 9 11 12 -9 -11 -1 15 -5 19 18 27 21 -7 25 24 26 -17 -15 -22 -10 -27 -26
right_child=3 2 -4 14 5 6 7 8 17 10 -12 -13 -14 16 -16 22 -18 -19 -20 -21 23 -23 -24 -25 29 28 -28 -29 -30 -31
leaf_value=0.018696725916986092 -0.02761154109277543 -0.053526283199738026 0.06684667823765196 0.067069455028924529 0.05778172323843557 -0.066796029622025674 -0.042965393922719669 -0.066873094192275898 0.066692073374663027 -0.0030676746768013908 -0.027055964151433593 0.015717932655284251 0.067022024311066228 -0.06671391750059226 -0.0027495235257787801 0.066715680130698798 -0.067067558867024604 0.066974390352488075 0.066877436547593344 -0.066867163248787401 -0.066683743995429437 -0.066766453778646109 0.066758879210641803 -0.066732369394771604 0.066687999306710113 -0.066688809256482004 -0.06670906233347737 0.066675316513696722 -0.066674846587389189 0.066679578949834492
leaf_weight=0.013585768057964742 0.029244841614854522 0.038098698692920152 0.036685845501779113 0.0089541422203183174 0.041642399097327143 0.0083972959146194626 0.065630735152808484 0.048483592632692307 0.0050631876656552777 0.047950010164640844 0.052544804955687141 0.036869423289317638 0.063253942618757719 0.0046421843435382462 0.01558855565963313 0.013611096226668451 0.0096395639702677727 0.020770093422470381 0.0078912661410868168 0.0087998709641396999 0.0092650714432238601 0.0086617730557918549 0.0082798865551012568 0.012694280223513488 0.0049586921522859484 0.0033481701102573433 0.0080729394394438714 0.0044750243796443101 0.008634397938294569 0.0062440410092676757
leaf_count=6 24 26 16 1 12 16 31 27 13 24 29 29 26 7 5 24 2 6 2 2 34 4 12 13 13 8 12 34 67 32
internal_value=0 -0.0047251 -4.41846e-06 0.0225372 -0.00521027 -0.000959088 -0.00720934 -0.00072837 0.0089202 3.18149e-05 0.0163095 -0.0311968 0.0368001 -0.0465509 0.0479827 0.0667909 -0.0668235 0.0668819 0.0667717 -0.0667545 -0.0667297 -0.0667152 0.0667155 -0.0667111 0.0667011 -0.0666886 -0.0666955 0.0666842 -0.0666787 0.0666833
internal_weight=0 0.5651 0.507789 0.0868813 0.471103 0.433004 0.391362 0.352932 0.287301 0.249102 0.163749 0.085353 0.111204 0.0573117 0.0576364 0.0420479 0.043726 0.0381996 0.0174295 0.0340864 0.0384296 0.0252865 0.0330937 0.0300323 0.0248138 0.0166248 0.017338 0.00953821 0.0119826 0.0112027
internal_count=557 446 350 111 334 308 296 221 190 135 79 56 50 96 87 82 90 55 49 88 75 86 81 59 69 82 46 47 75 45
is_linear=0
shrinkage=0.1


Tree=262
num_leaves=26
num_cat=0
split_feature=17 11 20 23 18 22 22 20 13 18 12 3 22 14 10 25 18 19 25 3 23 0 25 11 9
split_gain=0.00490268 0.00727005 0.0068405 0.00762176 0.0103101 0.00685921 0.00823822 0.00781845 0.00693784 0.00572142 0.00455844 0.015424 0.0101743 0.0130664 0.00798802 0.00268942 0.00894911 0.00258435 0.00150226 0.000461396 6.39107e-05 6.4118e-08 2.29108e-09 3.08593e-10 5.6155e-12
threshold=-0.63177231918323506 370.12500000000006 79.609984382775608 0.01472488553563 -1.5281259565119345 35.714098553192152 17.506888113084518 72.814712914500731 2363254.5000000005 -2.975891891791937 381.67500000000007 110861.25000000001 40.975206349657711 109183.43156771226 386.48000000000008 0.024962019511468089 -4.8114994133009956 -0.88367050394550084 1.0000000180025095e-35 107917.50000000001 0.0075821973374368213 1760902200000.0002 1.0000000180025095e-35 366.77000000000004 362.49250000000006
decision_type=2 2 2 2 2 2 2 2 2 2 2 2 2 2 2 2 2 2 2 2 2 2 2 2 2
left_child=2 22 3 4 18 6 17 8 10 -3 11 12 -7 15 -12 16 -14 -5 20 -16 -1 -22 -2 24 -24
right_child=1 9 -4 5 -6 7 -8 -9 -10 -11 14 -13 13 -15 19 -17 -18 -19 -20 -21 21 -23 23 -25 -26
leaf_value=-0.058262503425520633 -0.066758166470878219 -0.035874019952761869 0.046493207538208153 0.01577190201704921 0.027204861725373782 -0.033523729219013219 0.044298432554124786 -0.047874148808144508 -0.039726486629228668 0.01256547982218029 0.062230243224375897 -0.067044631734582458 0.034451888754488375 0.066799606517723736 0.0094938375659704005 0.02216346623397231 -0.066844793844611061 -0.01607122227702033 -0.027315793075619862 -0.012706791727326444 -0.067043598219343289 -0.066715676335788954 -0.06667991309213582 -0.066703845960231364 -0.066674087483202776
leaf_weight=0.013431669278361369 0.0078184705380408559 0.040142918742276379 0.03463801636826247 0.058082170377019793 0.023094467236660421 0.036090042016439838 0.081546970970521215 0.035565455385949463 0.035101703195323353 0.062113658615999157 0.036099802819080651 0.029450599000483635 0.015911329646769445 0.047787680039618863 0.016230415378231555 0.024327430932316929 0.01930080288911995 0.045416119390210952 0.016204857391130645 0.022119841971289134 0.012334656621533213 0.011542246742465068 0.0027714460520655839 0.010195767538789369 0.0041061741085286485
leaf_count=10 6 39 10 11 15 13 33 12 24 31 5 35 12 33 19 5 31 31 28 22 20 22 17 37 36
internal_value=0 -0.0182481 0.00332501 0.000745361 -0.0286385 0.00522032 0.0205278 -0.00368759 0.00187688 -0.00645044 0.00778162 -0.00112792 0.012408 0.0278531 0.028469 -0.00340618 -0.0210718 0.00179881 -0.0527385 -0.00331115 -0.0637808 -0.0668851 -0.0667133 -0.0666928 -0.0666764
internal_weight=0 0.127148 0.614276 0.579638 0.0766079 0.50303 0.185045 0.317985 0.28242 0.102257 0.247318 0.172868 0.143417 0.107327 0.0744501 0.0595396 0.0352121 0.103498 0.0535134 0.0383503 0.0373086 0.0238769 0.0248919 0.0170734 0.00687762
internal_count=557 166 391 381 95 286 75 211 199 70 175 129 94 81 46 48 43 42 80 41 52 42 96 90 53
is_linear=0
shrinkage=0.1


Tree=263
num_leaves=30
num_cat=0
split_feature=9 14 25 2 2 14 1 14 17 19 20 25 18 18 23 4 0 0 25 25 1 1 9 23 22 11 2 3 0
split_gain=0.00714695 0.0048476 0.00711063 0.011178 0.0101412 0.00922354 0.00831605 0.012512 0.00649493 0.00933611 0.0104795 0.00740219 0.00726871 0.00433906 0.00164586 0.00149532 0.00018301 3.12419e-08 9.52544e-09 2.34923e-09 7.66019e-10 5.58111e-10 4.72883e-10 1.46222e-10 7.7678e-11 1.40349e-11 7.00734e-12 4.49747e-12 6.07903e-13
threshold=400.59750000000003 113701.65684135367 1.0000000180025095e-35 111606.60000000002 111684.25000000001 109183.43156771226 111382.10000000002 109105.7354387628 -0.89973357161891931 -0.73841684478861092 29.657101541721399 0.011561022685725441 -3.624400146575891 -5.5178842545707818 0.010930990206257329 1.1599000000000002 1761517800000.0002 1760783400000.0002 0.0063531602160872853 0.01978879044588815 111619.80000000002 114548.95000000001 397.45000000000005 0.01551569673959269 58.830261432406438 368.05300000000005 112033.45000000001 110161.00000000001 1760491800000.0002
decision_type=2 2 2 2 2 2 2 2 2 2 2 2 2 2 2 2 2 2 2 2 2 2 2 2 2 2 2 2 2
left_child=1 2 4 6 5 -1 7 8 -4 10 -10 13 15 -11 -9 -12 -3 -17 -5 22 -20 -18 23 -16 25 -25 -22 -27 -28
right_child=-2 16 3 18 -6 -7 -8 14 9 11 12 -13 -14 -15 19 17 21 -19 20 -21 26 -23 -24 24 -26 27 28 -29 -30
leaf_value=0.057921847965653889 0.066804237445608247 -0.043965030389529425 0.061044225510275045 -0.066827203160330195 0.066819133951651094 -0.032419531169595402 0.05092491382331258 -0.00063381702888318323 0.027400936976347642 0.037255432456638683 -0.034999190093268621 0.05001978422191862 0.01363418393702176 -0.066703369130691817 -0.066702661343456579 -0.066755537789057448 -0.066769439114475623 -0.066937891771034 -0.066722992113622231 -0.066765504037546164 -0.066679716191668167 -0.066717735643033155 -0.066722973571495772 -0.0666832886994876 -0.066691771380545703 -0.066671466620086273 -0.066672999986250092 -0.066677421868143877 -0.066670171684765384
leaf_weight=0.017002434491587337 0.016539091855520383 0.0061049447394907483 0.018313295946427388 0.01210366771556437 0.036830830795224756 0.033702750219163136 0.029269420774653554 0.0042619177183951243 0.035602810006821528 0.0064932421264529685 0.024018489790250896 0.046711977134691551 0.020872307915851707 0.010518910123209935 0.006179852372952154 0.021655825225025183 0.0040969129149743821 0.016594741638982669 0.010408399219159037 0.006033045074218534 0.0014607876109948856 0.0042572174506858573 0.0053471170540433368 0.0026669156777643366 0.007337909583839064 0.0026372538909527066 0.001289130152144935 0.0024427727184956893 0.0018512813749111956
leaf_count=31 13 2 18 4 18 40 7 6 11 10 16 33 26 35 21 37 16 8 18 7 7 27 5 16 28 34 10 14 39
internal_value=0 -0.000290451 0.00186303 -0.00558451 0.0268825 -0.00212631 0.000628833 -0.00556473 0.00427202 -0.00142589 -0.0179964 0.0294517 -0.0374364 -0.0270241 -0.0590789 -0.054555 -0.0571257 -0.0668347 -0.0667612 -0.0667092 -0.066708 -0.0667431 -0.0666964 -0.0666897 -0.0666844 -0.0666774 -0.066674 -0.0666743 -0.0666713
internal_weight=0 0.396066 0.381607 0.294071 0.087536 0.0507052 0.266958 0.237688 0.200782 0.182468 0.118744 0.0637241 0.0831414 0.0170122 0.0369068 0.0622691 0.0144591 0.0382506 0.0271133 0.0326449 0.0150096 0.00835413 0.0266118 0.0212647 0.0150849 0.00774694 0.0046012 0.00508003 0.00314041
internal_count=557 544 499 410 89 71 332 325 194 176 98 78 87 45 131 61 45 45 78 125 74 43 118 113 92 64 56 48 49
is_linear=0
shrinkage=0.1


Tree=264
num_leaves=27
num_cat=0
split_feature=14 18 17 13 0 9 14 23 23 24 9 20 20 20 25 17 13 1 10 0 17 14 22 24 20 12
split_gain=0.0108449 0.010073 0.0109601 0.00823639 0.00509642 0.00605968 0.0085812 0.0161011 0.0116139 0.0173292 0.00806832 0.00692033 0.00691399 0.00561049 0.0120483 0.0131462 0.00285026 0.000983302 0.000211627 0.000194852 7.17702e-08 1.36315e-08 9.06723e-09 1.97425e-09 1.32356e-09 7.76885e-11
threshold=115012.61991691073 -1.7395783932988185 -0.65497988620966641 278753.50000000006 1760455800000.0002 358.90000000000003 111177.78892755622 0.012757516301438792 0.014034471553028274 0.00086398026826511713 368.11500000000007 71.057254826937012 30.736761578248714 50.116749515909611 0.019727477546413942 -0.77073006230653018 901507.00000000012 109932.95000000003 367.02175000000005 1761528600000.0002 -0.89304376914831596 110271.92358892465 18.696539713355737 0.00146779507431044 62.844410520278828 381.38505000000004
decision_type=2 2 2 2 2 2 2 2 2 2 2 2 2 2 2 2 2 2 2 2 2 2 2 2 2 2
left_child=1 4 19 -4 -1 -6 8 -8 17 11 16 18 -9 14 15 -12 -11 -7 -10 -3 -14 24 -22 -24 -20 -25
right_child=-2 2 3 -5 5 6 7 12 9 10 13 -13 20 -15 -16 -17 -18 -19 21 -21 22 -23 23 25 -26 -27
leaf_value=-0.040337850460179979 0.067165373415187371 -0.067051383094956382 -0.04036313958375131 0.039840263260454284 -0.067162404282742241 0.031257041650048965 -0.066694960872879419 -0.0034820106129837161 -0.052697944922837227 0.015693401266225392 0.064285932961075237 0.00112285935213409 0.066976185070304436 0.016398123229429771 -0.06684536753786012 -0.033268328609989933 0.066883330903390034 0.062539258256675653 -0.066696740032072446 -0.055264840598119494 0.066814015598360407 -0.066833936249809364 0.066742283833113925 0.066680722880510454 -0.06673993720861944 0.066695314539207642
leaf_weight=0.026051111984997988 0.022493311527796322 0.030397859267395688 0.024120238282193895 0.027292115642921999 0.011294956260826439 0.017264234920730814 0.01361063548392849 0.01806771989504341 0.013872825438738801 0.018643194962351117 0.024301555829879362 0.022767819747969043 0.019510649610310793 0.084983365757580032 0.033582738302357029 0.032007496392907342 0.026111730699994951 0.024040622512984555 0.012030759291519644 0.02604206604155479 0.013013940777454991 0.01740306218562182 0.01332472576177679 0.0055722224060446015 0.017282127648286405 0.01057051226234762
leaf_count=4 18 28 28 19 2 23 37 3 12 28 28 14 3 35 35 31 18 29 39 19 9 8 19 30 15 23
internal_value=0 -0.00359734 -0.0311878 0.00221263 0.00266322 0.00515673 0.00702182 0.0338578 -0.000279369 -0.00706069 0.00767265 -0.0458805 0.0509524 -0.00202356 -0.0194394 0.00883361 0.0455596 0.0494642 -0.0635432 -0.0616129 0.0668174 -0.0667638 0.0667445 0.0667138 -0.0667222 0.0666903
internal_weight=0 0.58316 0.107852 0.0514124 0.475308 0.449257 0.437962 0.0936704 0.344292 0.302987 0.21963 0.0833566 0.0800598 0.174875 0.0898918 0.0563091 0.0447549 0.0413049 0.0605888 0.0564399 0.0619921 0.0467159 0.0424814 0.0294675 0.0293129 0.0161427
internal_count=557 539 94 47 445 441 439 124 315 263 175 88 87 129 94 59 46 52 74 47 84 62 81 72 54 53
is_linear=0
shrinkage=0.1


Tree=265
num_leaves=30
num_cat=0
split_feature=9 17 14 2 2 9 19 2 24 20 20 22 22 13 23 13 14 22 2 20 20 0 1 22 19 1 22 19 10
split_gain=0.0047676 0.00419046 0.00449813 0.0109733 0.0109595 0.0123839 0.00842007 0.0068153 0.0108258 0.0061527 0.0149407 0.0132792 0.00686365 0.00658864 0.00951814 0.00942903 0.00411925 0.00407129 0.00359047 0.00134916 0.000670652 1.57181e-07 2.75669e-08 1.20765e-09 8.10304e-10 7.7973e-10 3.37762e-10 2.71558e-10 3.54405e-11
threshold=391.33500000000009 -0.51460699114006558 114912.15195371748 114916.70000000003 112327.00000000001 360.69000000000005 -2.7058863631690322 111725.05000000002 0.0031029441560831428 52.549632204723814 47.00387052012416 27.981932562013295 36.040271798230812 178402.00000000003 0.015048552399531593 901507.00000000012 110834.030337652 42.599894255524568 111684.25000000001 62.844410520278828 48.838905460074493 1760535000000.0002 111947.10000000002 23.606519467121029 -0.74457486751067103 108994.05 67.629376832511355 -1.7356139493284233 381.41000000000003
decision_type=2 2 2 2 2 2 2 2 2 2 2 2 2 2 2 2 2 2 2 2 2 2 2 2 2 2 2 2 2
left_child=1 2 3 4 6 -6 -1 8 9 10 11 -8 -13 -11 -15 19 21 -2 24 -16 -12 -10 -7 -24 -3 -23 -19 -25 -29
right_child=17 18 -4 -5 5 22 7 -9 16 13 20 12 -14 14 15 -17 -18 26 -20 -21 -22 25 23 27 -26 -27 -28 28 -30
leaf_value=-0.053244108511755234 0.0073980682980667543 -0.066814009788109682 -0.035567983899031312 0.063914710889219781 0.042251496806953087 -0.066898803014318206 -0.05638083790201797 0.04270661919343266 -0.067205224768595459 -0.028272990150162932 0.066474579751084326 0.065387123569412064 -0.0024669401519875969 -0.043748377267563761 0.034947385995664021 -0.0021220136785439548 -0.0019928285870626102 -0.066731221949735117 -0.0018780573947979563 0.065650890340519227 0.047669512234435718 -0.066692515269114058 -0.066736063495865236 -0.066718277010752614 -0.066768708590471113 -0.066738725178289632 -0.066704228327619144 -0.066682821090700048 -0.066694365910270836
leaf_weight=0.022428422922530444 0.011990523958957056 0.0068259602412581435 0.028375894426062587 0.0302006603742484 0.013827643328113481 0.011432315921410918 0.030373066238098545 0.054621524426693213 0.011924023739993572 0.061815973094780929 0.040291725315910298 0.02457617042819038 0.037892058287980035 0.027188707339519169 0.026364681376435328 0.075276776595273986 0.015456447130418383 0.0076507843768922603 0.017989183746976778 0.031305029973736964 0.035829012897011125 0.0072078830467035004 0.016003850498236716 0.0041222656218451456 0.0093665072222393064 0.0074007539078593254 0.01176125861456967 0.0058405153631611029 0.0048814581205078866
leaf_count=23 8 5 21 8 3 3 30 17 1 32 16 8 38 32 26 24 19 11 6 16 27 36 15 7 36 9 34 34 12
internal_value=0 0.00146601 0.00333166 0.00518288 0.0020494 -0.0398991 0.00666483 0.00942093 0.0052211 0.0104039 0.0247828 -0.00214313 0.0242281 -0.000542204 0.0101625 0.0211878 -0.0430299 -0.0384161 -0.032627 0.0516143 0.0576233 -0.0669358 -0.0667662 -0.066717 -0.0667878 -0.0667159 -0.0667149 -0.0666965 -0.0666881
internal_weight=0 0.658819 0.624637 0.596261 0.56606 0.056108 0.509952 0.487524 0.432902 0.390913 0.168962 0.0928413 0.0624682 0.221951 0.160135 0.132946 0.0419891 0.0314026 0.0341817 0.0576697 0.0761207 0.0265327 0.0422804 0.0308481 0.0161925 0.0146086 0.019412 0.0148442 0.010722
internal_count=557 504 457 436 428 74 354 331 314 249 119 76 46 130 98 66 65 53 47 42 43 46 71 68 41 45 45 53 46
is_linear=0
shrinkage=0.1


Tree=266
num_leaves=31
num_cat=0
split_feature=9 17 2 12 0 23 2 17 15 25 1 16 13 20 17 1 25 1 12 14 9 22 13 20 22 17 17 23 11 2
split_gain=0.00681506 0.00439906 0.00561271 0.013426 0.0082032 0.00939783 0.00902064 0.00850725 0.00953282 0.0108985 0.00826447 0.00708327 0.00204636 0.000169733 7.22756e-08 7.90901e-09 7.76004e-09 3.40729e-09 2.0156e-09 1.23848e-09 5.12055e-10 3.32156e-10 1.4165e-10 4.4226e-11 3.2888e-11 2.14982e-11 1.94089e-11 1.96584e-12 1.38011e-12 9.91133e-13
threshold=400.59750000000003 -0.46557138708034562 102252.05 369.32250000000005 1761431400000.0002 0.015315792397538759 106032.90000000001 -0.84785688798278935 1.1605000003291936 0.0038886593554498779 108404.35000000002 371.31500000151897 20654.500000000004 22.187768828589153 -0.47022116631279648 101959.85000000002 0.0066064760556945523 106393.75000000001 377.48000000000008 103190.08883396095 396.40000000000003 42.599894255524568 58215.000000000007 29.657101541721399 72.568948436256548 -0.92735626635551227 -0.56215599238075464 0.0089601838413097632 361.69500000000011 109695.75000000001
decision_type=2 2 2 2 2 2 2 2 2 2 2 2 2 2 2 2 2 2 2 2 2 2 2 2 2 2 2 2 2 2
left_child=1 2 -1 12 6 -6 -5 10 -9 -10 -8 -11 -4 -13 15 -14 -15 -18 -19 -17 21 -20 -23 -21 -24 -25 27 -27 -29 -30
right_child=-2 -3 3 4 5 -7 7 8 9 11 -12 13 14 16 -16 19 17 18 20 23 -22 22 24 25 -26 26 -28 28 29 -31
leaf_value=0.066717549080286695 0.066797741156298024 0.052604195279858504 0.0013797325741714847 0.066934637878457603 0.066780001663873545 -0.012546251766494286 0.066751221232599356 0.027396595645545148 0.0024465279731777038 0.01824458265295946 -0.016466645856344879 -0.050615335871471136 -0.06684562640966045 -0.066827342346047133 -0.067047735667197877 -0.066728478279881667 -0.066783923389608771 -0.066756902955055819 -0.06671133463280686 -0.066689304050311135 -0.066726860586001094 -0.066705995917425306 -0.066673082529315253 -0.066687434905133097 -0.066686408959784935 -0.066675051933317755 -0.066681473989807005 -0.06667435095499101 -0.066672457658006834 -0.066669667465905733
leaf_weight=0.011236636273679323 0.015643859194824472 0.014919085464498494 0.0050098104438802684 0.015771206468343735 0.036871490963676479 0.025102057106778375 0.02444469416514039 0.032564001914579421 0.054996924489387311 0.011709735030308366 0.023317446914006723 0.0071967441472224883 0.0040050675161182872 0.0098638941417448223 0.0085763208517164458 0.0071627854595135423 0.010312598198652267 0.011763981456169859 0.015109228035726119 0.003194706870999652 0.011735606891306816 0.0032542631724936655 0.0030659860622108681 0.0015140466330194587 0.0046764618400629843 0.0020516976674116432 0.0031777097619851763 0.0013626206437038491 0.0021212622618804744 0.0031840581455071515
leaf_count=15 13 17 12 4 23 36 30 31 26 3 27 4 1 4 2 11 4 10 33 10 20 9 33 5 23 16 19 12 22 82
internal_value=0 -0.000588697 -0.00282824 -0.00510578 0.00221765 0.0346493 -0.00616454 -0.011311 -0.0214556 -0.0325272 0.0261243 -0.0542149 -0.0585363 -0.0652372 -0.066794 -0.0667156 -0.0667452 -0.0667316 -0.0667207 -0.0666937 -0.0667095 -0.0667017 -0.0666885 -0.0666787 -0.0666811 -0.0666762 -0.0666748 -0.0666723 -0.0666715 -0.0666708
internal_weight=0 0.369272 0.354353 0.343116 0.301756 0.0619735 0.239783 0.224012 0.176249 0.143685 0.0477621 0.0886885 0.0413601 0.0769788 0.0363503 0.027774 0.069782 0.0599181 0.0496055 0.0237689 0.0378415 0.0261059 0.0109967 0.0166061 0.00774245 0.0134114 0.0118973 0.00871964 0.00666794 0.00530532
internal_count=557 544 527 512 320 59 261 257 200 169 57 143 192 140 180 178 136 132 128 177 118 98 65 166 56 156 151 132 116 104
is_linear=0
shrinkage=0.1


Tree=267
num_leaves=24
num_cat=0
split_feature=17 17 14 14 17 14 2 22 22 19 18 18 4 11 25 13 18 12 11 0 3 14 20
split_gain=0.00489871 0.00739429 0.00979231 0.00867205 0.00663383 0.00458581 0.0149872 0.0117414 0.00712459 0.00692399 0.011344 0.00974904 0.006349 0.0057275 0.0121118 0.00420266 0.00611455 0.00246425 0.0035226 0.00238093 7.15989e-08 5.53378e-10 1.16501e-11
threshold=-0.9116924953149903 -0.90141776829700027 115012.61991691073 114636.44945734636 -0.87608712019442325 111727.26570181617 111699.70000000003 28.269079823274847 81.405885936029208 -0.73841684478861092 -2.8107135196182083 -2.2926862353350477 1.1599000000000002 377.48750000000001 0.01978879044588815 168702.00000000003 -3.624400146575891 369.32250000000005 366.10500000000008 1760761800000.0002 111693.45000000001 113701.65684135367 71.783825578886933
decision_type=2 2 2 2 2 2 2 2 2 2 2 2 2 2 2 2 2 2 2 2 2 2 2
left_child=-1 -2 3 4 -3 6 8 -7 9 10 13 15 -12 -6 19 -11 17 18 -17 -15 -9 22 -22
right_child=1 2 -4 -5 5 7 -8 20 -10 11 12 -13 -14 14 -16 16 -18 -19 -20 -21 21 -23 -24
leaf_value=-0.037007497049551363 0.063498945514435412 -0.055755575971293075 0.067117642316252987 -0.061816470958327069 0.053503419724945635 -0.027939686725043891 -0.060418430410415384 0.067001868984254337 0.060272321732375733 -0.060163552207181253 0.0034840447602953249 0.046677816933862637 -0.060318937084040562 0.066740830715938823 -0.064298036775467443 -0.039552843232454435 0.027797503937615015 -0.052943826987330966 0.020892852054137059 0.015895861240790465 0.066684029007704759 0.066721944125678403 0.066690897049669337
leaf_weight=0.035425672916971962 0.018506168595195049 0.020849065218499163 0.020350530363430153 0.024377614536206238 0.062680250044650165 0.021715246402891353 0.039274389291676925 0.014154803749988787 0.021664894054993056 0.028340232736809412 0.046342732206539949 0.021453072171425447 0.023507737812906271 0.017639649711782113 0.015858706467042794 0.023625074332812801 0.023600523636559956 0.029652151686605066 0.016288471124425996 0.019271731291155447 0.0049236124305025442 0.0088111755176214501 0.0049557606689631939
leaf_count=33 9 27 18 9 31 27 20 3 30 33 32 25 36 23 28 18 26 18 29 28 29 14 11
internal_value=0 0.00140631 -0.000849752 -0.0036784 -0.000627952 0.00196209 -0.00184407 0.0291128 0.00473011 0.00106438 0.013821 -0.0154705 -0.0179884 0.0330666 0.00879176 -0.0264434 -0.016186 -0.0311076 -0.0148853 0.0401943 0.0668322 0.0667037 0.0666875
internal_weight=0 0.527844 0.509337 0.488987 0.464609 0.44376 0.3892 0.0545606 0.349925 0.32826 0.185301 0.14296 0.0698505 0.11545 0.0527701 0.121506 0.0931662 0.0695657 0.0399135 0.0369114 0.0328454 0.0186905 0.00987937
internal_count=557 524 515 497 488 461 377 84 357 327 178 149 68 110 79 124 91 65 47 51 57 54 40
is_linear=0
shrinkage=0.1


Tree=268
num_leaves=26
num_cat=0
split_feature=13 23 17 19 0 23 3 17 14 14 14 0 1 1 0 11 18 17 20 19 3 0 2 17 5
split_gain=0.00473952 0.00404268 0.00398844 0.00459328 0.00395848 0.0102798 0.00445923 0.0177876 0.0116669 0.0115271 0.010738 0.0105405 0.017222 0.01232 0.0123751 0.0098547 0.00943526 0.00701867 0.00181013 0.00118211 0.000497577 0.000418735 0.000194405 1.55733e-08 4.68846e-10
threshold=3239769.0000000005 0.032181108866764112 -0.51460699114006558 -0.70105994805808314 1762057800000.0002 0.031677243174031207 111461.70000000003 -0.70197564775797539 111459.3906045281 111177.78892755622 111050.84055458459 1761204600000.0002 108849.85000000002 108404.35000000002 1760805000000.0002 368.00500000000005 -4.2105993871374956 -0.66924194282643679 73.557537649069175 -2.0301331848348148 109285.35000000002 1761431400000.0002 110296.25000000001 -0.90472510802535056 1.1546500000000002
decision_type=2 2 2 2 2 2 2 2 2 2 2 2 2 2 2 2 2 2 2 2 2 2 2 2 2
left_child=2 -2 4 -4 6 24 8 21 9 10 11 12 13 14 -1 -13 -17 -9 -19 -16 -18 -8 -14 -22 -6
right_child=1 -3 3 -5 5 -7 7 17 -10 -11 -12 15 22 -15 19 16 20 18 -20 -21 23 -23 -24 -25 -26
leaf_value=0.03695447835741475 -0.066758327322448879 -0.0022633700958412531 -0.066871586387510618 0.0078915706675804272 -0.066731028884460558 0.045324046677520796 -0.047141994510792762 0.046161100474473291 0.062402611911126865 -0.048912980784478428 0.066691932064597712 -0.025395846437298104 -0.054252026283021962 0.051553184846569948 -0.03117326000947487 0.0014283894634447402 0.049314049287472905 -0.033961070344464279 0.010530762847041205 -0.066756765571426818 0.066905750606222447 -0.066979313937688842 -0.066930047962796543 0.066785578445913596 -0.066701288731703889
leaf_weight=0.02521105678533786 0.019258954288488894 0.019620063125330489 0.017607826026505791 0.015409211867336126 0.01584403805918555 0.012480476962082321 0.016614610427495791 0.042107216955628246 0.039853695676356438 0.035275697569886688 0.031568101687298622 0.030809722898993641 0.021203802185482346 0.042713262337201741 0.015326856620959006 0.043155725797987543 0.024981989103252999 0.019985652179457247 0.016857126625836827 0.023885136699391296 0.017136151931481436 0.029594475962767319 0.028155108288046904 0.029090454259858234 0.0079659444559183612
leaf_count=34 29 11 12 37 33 18 21 13 14 18 10 17 15 14 14 22 12 30 13 34 5 30 27 38 36
internal_value=0 -0.0342113 0.00181177 -0.0319793 0.00376973 -0.0281882 0.00594351 -0.0105703 0.0110048 0.00544623 0.0112006 0.00539368 -0.0126099 0.00990685 -0.0177052 0.0248012 0.0383243 0.0182711 -0.0136042 -0.0528482 0.060685 -0.0598467 -0.0614838 0.0668301 -0.0667211
internal_weight=0 0.038879 0.602833 0.033017 0.569816 0.0362905 0.533526 0.125159 0.408367 0.368513 0.333237 0.301669 0.156495 0.107136 0.0644231 0.145174 0.114364 0.07895 0.0368428 0.039212 0.0712086 0.0462091 0.0493589 0.0462266 0.02381
internal_count=557 40 517 49 468 87 381 107 274 260 242 232 138 96 82 94 77 56 43 48 55 51 42 43 69
is_linear=0
shrinkage=0.1


Tree=269
num_leaves=31
num_cat=0
split_feature=9 1 4 2 10 14 23 20 1 14 14 1 19 2 0 2 20 23 10 20 20 22 1 0 20 1 25 14 20 22
split_gain=0.0064142 0.00402964 0.00649014 0.006385 0.00953302 0.00626132 0.00744397 0.00580552 0.00540304 0.00602418 0.00801082 0.0120013 0.00992404 0.0153235 0.0114296 0.00505194 0.00479593 0.00456593 0.00198388 0.000505631 0.000711079 0.000486224 6.10501e-09 6.07065e-09 4.86126e-09 7.67176e-10 6.40153e-10 9.66411e-11 9.37445e-11 8.69172e-11
threshold=400.59750000000003 101747.15000000001 1.1567500000000004 106032.90000000001 389.06000000000006 108181.91468090368 0.039774461051731276 47.00387052012416 108404.35000000002 108418.75081663164 109183.43156771226 111272.25000000001 -0.70674926561810947 111922.15000000001 1761453000000.0002 102252.05 51.765060482516631 0.01472488553563 365.59500000000008 72.239166588813404 56.509803914948598 34.567583584897193 101959.85000000002 1760923800000.0002 77.551237224398932 108344.85000000002 0.010750390047074608 112914.46066112469 69.462504140442519 67.817246111384875
decision_type=2 2 2 2 2 2 2 2 2 2 2 2 2 2 2 2 2 2 2 2 2 2 2 2 2 2 2 2 2 2
left_child=1 -1 15 -4 5 7 8 -5 -7 -10 -11 23 13 -13 -14 -3 -9 -15 -17 20 -16 -6 -20 -12 27 -23 -24 -19 29 -25
right_child=-2 2 3 4 21 6 -8 16 9 10 11 12 14 17 19 18 -18 24 22 -21 -22 25 26 28 -26 -27 -28 -29 -30 -31
leaf_value=0.066710185810833808 0.066791790498249334 0.06671416554161462 0.066917373272725664 0.06677820117403109 -0.039222048605909388 0.066784178175959399 -0.066775008783161754 -0.059435919526430674 -0.066962805588828653 0.050332917940338465 -0.066787720143281368 0.064964289865243913 -0.06686671580349296 0.019327004728917036 -0.02098282537548889 0.0045261603982797481 0.044581358707070196 -0.066726734918422084 -0.066831458144248665 0.065137297664554297 0.0554637428100642 -0.066740184605050171 -0.06667985676591312 -0.066677804855619457 -0.06682974212255674 -0.066698141347540249 -0.066714354353870312 -0.066705049072586814 -0.066702719879838529 -0.066697603789686186
leaf_weight=0.0086883084732107818 0.014764810533961281 0.0037427033821586511 0.014630006742663682 0.028244098168215714 0.010173779854085296 0.012560767238028347 0.016414679285844613 0.0086633303981216159 0.012876229826360941 0.030561125546228141 0.0122506845409589 0.045988195561221801 0.028029131273797248 0.010398720332887024 0.0020679838094110892 0.0045827428912161841 0.0090768484478758182 0.0041001379458975862 0.0036895486991852513 0.0073693612848728662 0.0029559771146523417 0.008003841317986371 0.014279274257205543 0.0055256540817936184 0.0068916678428649911 0.0094815502243363881 0.0086300264906640223 0.0041198562139470596 0.0050288295751670384 0.0037033252829132834
leaf_count=12 13 6 4 26 10 8 18 12 2 15 13 19 16 6 30 6 31 25 1 9 17 8 103 39 2 34 33 20 8 11
internal_value=0 -0.000523903 -0.00227265 0.00249026 -0.000822979 0.00518439 -0.00210748 0.0386183 0.00335212 -0.00102886 0.00399497 -0.00623507 0.0080946 0.0304844 -0.0315082 -0.0430655 -0.00621498 -0.0316732 -0.0562422 0.0484598 0.0239965 -0.0566039 -0.0667121 -0.0667361 -0.0667678 -0.0667174 -0.0666929 -0.0667159 -0.0666917 -0.0666857
internal_weight=0 0.342728 0.33404 0.299116 0.284486 0.256827 0.210842 0.0459843 0.194428 0.181867 0.168991 0.13843 0.111921 0.0714986 0.0404225 0.0349243 0.0177402 0.0255104 0.0311816 0.0123933 0.00502396 0.0276592 0.0265988 0.0265085 0.0151117 0.0174854 0.0229093 0.00821999 0.0142578 0.00922898
internal_count=557 544 532 383 379 327 258 69 240 232 230 215 144 72 72 149 43 53 143 56 47 52 137 71 47 42 136 45 58 50
is_linear=0
shrinkage=0.1


Tree=270
num_leaves=31
num_cat=0
split_feature=11 14 11 11 2 0 3 12 24 13 19 19 0 17 17 10 13 9 1 14 11 0 17 18 1 23 18 20 25 20
split_gain=0.00461579 0.00867238 0.0101782 0.00710884 0.0114358 0.00688054 0.0100257 0.0123922 0.00478696 0.00623889 0.00944879 0.00912861 0.00473494 0.00458225 0.00301818 0.00237879 0.00220719 1.59697e-07 2.4795e-08 1.0946e-08 8.7809e-09 8.39578e-09 3.66478e-09 2.13058e-09 1.01018e-09 4.21211e-10 1.20131e-10 6.3043e-11 1.02856e-11 1.49917e-12
threshold=377.43620000000004 110271.92358892465 358.03000000000003 384.87500000000006 112327.00000000001 1760967000000.0002 108887.60000000002 396.04500000000007 0.00098939305814399405 228421.00000000003 -0.73841684478861092 -0.69322810716063399 1762047000000.0002 -0.8407396205888199 -0.89818346387158021 387.59995000000004 1660146.0000000002 381.69000000000005 109767.85000000002 109183.43156771226 379.51000000000005 1760686200000.0002 -0.68011807529423274 -2.2926862353350477 110600.65000000001 0.016264154873293472 -5.4746382815332923 69.462504140442519 0.019530905550594727 51.125611024311269
decision_type=2 2 2 2 2 2 2 2 2 2 2 2 2 2 2 2 2 2 2 2 2 2 2 2 2 2 2 2 2 2
left_child=1 8 -3 4 14 6 7 19 12 11 -11 -10 -1 -4 -2 -8 -12 20 -15 21 24 -5 23 -20 -16 -24 -26 29 -27 -23
right_child=3 2 13 5 -6 -7 15 -9 9 10 16 -13 -14 18 17 -17 -18 -19 22 -21 -22 27 25 -25 26 28 -28 -29 -30 -31
leaf_value=-0.066729235043790913 -0.020287759398595645 -0.056009657373519588 0.0031237869656850319 -0.066851866855418482 0.0069087636098742605 -0.052388355179519758 0.02147586472826667 0.063829679595348562 -0.050545578972455554 0.043535921438999592 0.0054280407231993488 0.029284321876156212 -0.0054908781721983175 0.066904348625142385 -0.066741311727537098 0.066887690470129366 -0.039715379185809419 -0.067115918262784013 0.066730718123711369 -0.066880153874562198 -0.066820876271619659 -0.066674464284584095 0.066714055409304043 0.066791279274240264 -0.066706187665699565 0.066682611839011877 -0.066686393728159682 -0.066690099800099475 0.06667507971717096 -0.066671141810582271
leaf_weight=0.020276179917345871 0.019062509716604836 0.010134151274542091 0.014747830413398333 0.0041439705528318891 0.054038755275541916 0.01556907182384748 0.018986872739333194 0.010957618593238294 0.03755403816467151 0.066481285790359834 0.022330507357764873 0.023157180388807319 0.033464511179772671 0.011544991633854806 0.0074205934470228377 0.0293905662256293 0.021030716212408151 0.019511393700668123 0.011747666116207256 0.0084898120258003473 0.011792343924753368 0.002793048350213212 0.0064675214416638482 0.011491603523609228 0.005317835126334102 0.0037415068691188935 0.0072412586414429833 0.0034708580351434648 0.0035173511696484638 0.0026434248356963508
leaf_count=35 8 5 7 1 36 19 13 16 30 33 25 29 33 3 13 29 15 3 33 2 4 23 12 7 12 15 30 7 25 34
internal_value=0 0.00719314 0.0370313 -0.0118876 -0.0276865 0.00848814 0.0202072 -0.0227501 -0.00257037 0.00563015 0.0198493 -0.0200959 -0.0285959 0.0519367 -0.0542621 0.0490647 -0.0164671 -0.0668907 0.0667764 -0.0667918 -0.0667524 -0.0667343 0.0667365 0.0667607 -0.0667121 0.0666955 -0.0666948 -0.0666796 0.066679 -0.0666728
internal_weight=0 0.297687 0.0733926 0.22083 0.124385 0.0964452 0.0808762 0.0324987 0.224294 0.170554 0.109843 0.0607112 0.0537407 0.0632585 0.0703459 0.0483774 0.0433612 0.0512834 0.0485106 0.0215411 0.031772 0.0130513 0.0369656 0.0232393 0.0199797 0.0137264 0.0125591 0.00890733 0.00725886 0.00543647
internal_count=557 307 107 250 106 144 125 83 200 132 73 59 68 102 70 42 40 62 95 67 59 65 92 40 55 52 42 64 40 57
is_linear=0
shrinkage=0.1


Tree=271
num_leaves=27
num_cat=0
split_feature=13 0 23 0 13 18 23 10 23 1 9 1 2 17 23 20 17 22 23 1 17 20 3 19 20 10
split_gain=0.00403536 0.00372971 0.00617539 0.00486268 0.00463364 0.00460759 0.00451405 0.00511127 0.00922196 0.0077635 0.00713872 0.00698208 0.00870154 0.014379 0.00690042 0.00570534 0.0051375 0.00233829 0.00143076 0.00100047 3.8277e-08 1.00414e-09 2.03315e-10 1.43952e-10 8.12425e-11 7.86853e-12
threshold=2363254.5000000005 1762047000000.0002 0.031677243174031207 1761917400000.0002 49476.500000000007 -0.33200336512290668 0.0077614948901407474 382.31500000000005 0.019169665364389136 108849.85000000002 391.54000000000008 108316.85000000002 112327.00000000001 -0.70197564775797539 0.019349682922865572 61.223562896167316 -0.68688446694577832 36.040271798230812 0.01551569673959269 111180.75000000001 -0.94723724818721811 74.745621068363505 101525.00000000001 -2.0301331848348148 39.833070598645797 367.02175000000005
decision_type=2 2 2 2 2 2 2 2 2 2 2 2 2 2 2 2 2 2 2 2 2 2 2 2 2 2
left_child=1 3 5 4 -1 20 -6 11 9 -9 -10 -8 14 -14 19 -16 -15 -2 -18 -13 -3 22 -22 -24 -25 -26
right_child=17 2 -4 -5 6 -7 7 8 10 -11 -12 12 13 16 15 -17 18 -19 -20 -21 21 -23 23 24 25 -27
leaf_value=-0.031352052951072268 0.0022566475704380667 -0.06698460648358652 0.037945422784738864 0.041683296793821649 -0.029040041829979081 0.0095630603416182632 -0.040051637571578501 0.0059307634245684181 0.060507249876760254 -0.066951972051330286 -0.023635483921192451 0.065818281436851533 -0.06695410769670565 0.056344212323347548 0.03972255603977537 -0.0097125464233909619 -0.023621256041861924 -0.042812877718574838 0.016643776909599613 0.043450927188112221 -0.066719532201548998 -0.066751120619050267 -0.066711304087938642 -0.06669744678149124 -0.066681000230265478 -0.06667267627169958
leaf_weight=0.037837690935702994 0.017583416727575241 0.0070859333500266066 0.01221049631749338 0.033408141061954666 0.035268822124635335 0.011289381596725434 0.021092305054480676 0.025386229199284571 0.024125107298459625 0.034447232612365042 0.017322949788649566 0.038595252972299932 0.026820630951078783 0.024506063928129151 0.045276382215888589 0.048198577394941822 0.017443997348891571 0.033335941282530257 0.017860594070953084 0.041499662040223484 0.0036574168407241823 0.0050485868923715307 0.0028676166366494718 0.0031371304125968899 0.0021212639567238512 0.0024440480319753988
leaf_count=33 22 1 25 36 15 5 22 35 25 30 29 22 28 5 31 19 16 35 24 20 4 7 6 21 12 29
internal_value=0 0.00220169 -0.0238522 0.00485783 0.00215799 -0.0438934 0.00519248 0.0083483 -0.0109146 -0.0360292 0.0253403 0.015284 0.0197696 -0.00611509 0.0326891 0.0142323 0.0211667 -0.0272495 -0.00325117 0.0542291 -0.0667859 -0.0667128 -0.0666992 -0.0666922 -0.0666851 -0.0666765
internal_weight=0 0.538952 0.0498619 0.48909 0.455681 0.0376514 0.417844 0.382575 0.101282 0.0598335 0.0414481 0.281293 0.260201 0.0866313 0.17357 0.093475 0.0598107 0.0509194 0.0353046 0.0800949 0.026362 0.0192761 0.0142275 0.0105701 0.00770244 0.00456531
internal_count=557 500 110 390 354 85 321 306 119 65 54 187 165 73 92 50 45 57 40 42 80 79 72 68 62 41
is_linear=0
shrinkage=0.1


Tree=272
num_leaves=31
num_cat=0
split_feature=9 1 4 2 10 14 23 20 19 23 14 2 14 1 2 20 10 23 20 23 23 20 19 1 20 0 1 25 19 23
split_gain=0.00574026 0.00372055 0.0059526 0.00586197 0.00833251 0.00560726 0.00679135 0.00521659 0.0046405 0.0095271 0.0103977 0.00781826 0.00821838 0.00460212 0.00448637 0.00425687 0.00173853 0.00108306 0.000987465 0.00107775 0.00134716 0.000708014 2.37548e-08 4.25541e-09 4.00912e-09 1.65569e-09 1.39464e-09 4.5997e-10 2.44636e-10 9.03819e-11
threshold=400.59750000000003 101747.15000000001 1.1567500000000004 106032.90000000001 389.06000000000006 108181.91468090368 0.039774461051731276 47.00387052012416 -0.74457486751067103 0.012757516301438792 110834.030337652 109766.75000000001 111788.58888620559 109169.45000000001 102252.05 51.765060482516631 365.59500000000008 0.0078565945538920622 77.551237224398932 0.0095118594040815314 0.010739480112796766 32.313832843217561 -0.73738137834354756 101959.85000000002 77.551237224398932 1760455800000.0002 106464.35000000002 0.010750390047074608 -2.5240476934084302 0.013811823355197863
decision_type=2 2 2 2 2 2 2 2 2 2 2 2 2 2 2 2 2 2 2 2 2 2 2 2 2 2 2 2 2 2
left_child=1 -1 14 -4 5 7 8 -5 9 -7 13 -10 17 -11 -3 -9 -16 -13 19 -14 -21 -6 -19 -18 25 -12 -23 -25 -27 -22
right_child=-2 2 3 4 21 6 -8 15 11 10 24 12 18 -15 16 -17 23 22 -20 20 29 26 -24 27 -26 28 -28 -29 -30 -31
leaf_value=0.06670656194552102 0.066776387256205702 0.066708758418866573 0.066900434495704111 0.066764390655742967 -0.031278999958432287 0.061976399245529085 -0.066764196960597016 -0.058602342419094039 0.066800288581076658 -0.011630281184681464 -0.066761232089905767 -0.035259330165662808 0.066718221498526617 0.043545680952042157 0.00086264473087756016 0.043145559523829174 -0.066812786141628097 -0.066918258266880179 0.066716815952442485 0.066716039011229258 -0.066709193966594735 -0.066756213011336982 -0.066716417051517485 -0.066678600828681142 -0.06681682352676592 -0.066714741079092865 -0.066698344534834031 -0.066709306138042698 -0.0666762654080095 -0.06666993194677677
leaf_weight=0.0079974486143328249 0.013168727280572057 0.0033246060193050644 0.013395181973464787 0.025260522328608204 0.0083809907919203397 0.031749079404107761 0.015030322612801683 0.0078877580272092018 0.0093349746894091368 0.028578249795828015 0.0055013015517033637 0.020194406475638971 0.0020708544179797173 0.03209224019155954 0.0045230940158944568 0.0085896078999212477 0.0032733229454606763 0.010519959265366197 0.0066159974667243659 0.001109158736653626 0.0010399975490145152 0.0070658729528076938 0.013081377734124544 0.012997227340747486 0.0062990100122988215 0.002465656554704764 0.010142851841919764 0.0078104236381477668 0.0050109480253013325 0.0013440751258713135
leaf_count=12 13 6 4 26 12 15 18 12 5 20 3 7 2 32 6 31 1 2 7 1 3 4 39 103 2 8 36 33 49 45
internal_value=0 -0.000622347 -0.00238959 0.00239258 -0.000938996 0.00499115 -0.00222903 0.0382115 0.00325088 0.015632 -0.00277251 -0.0179237 -0.0320529 0.0175556 -0.0432427 -0.00556143 -0.0560222 -0.0522599 0.0406051 0.00955693 -0.0243294 -0.055114 -0.0668064 -0.0667068 -0.0667514 -0.0667196 -0.0667221 -0.0666901 -0.066689 -0.0666871
internal_weight=0 0.312687 0.304689 0.27276 0.259365 0.233775 0.192038 0.0417379 0.177007 0.111696 0.0799474 0.0653108 0.0559758 0.0606705 0.0319287 0.0164774 0.0286041 0.0437957 0.0121801 0.00556409 0.00349323 0.0255897 0.0236013 0.024081 0.0192769 0.0129779 0.0172087 0.0208077 0.0074766 0.00238407
internal_count=557 544 532 383 379 327 258 69 240 129 114 111 106 52 149 43 143 48 58 51 49 52 41 137 62 60 40 136 57 48
is_linear=0
shrinkage=0.1


Tree=273
num_leaves=30
num_cat=0
split_feature=11 14 24 0 22 13 14 23 23 14 13 25 14 25 20 14 22 1 4 10 25 20 14 0 22 17 25 23 0
split_gain=0.00433438 0.00861335 0.0063829 0.0062188 0.0125311 0.0124587 0.00894632 0.0148309 0.00771309 0.00565768 0.00631999 0.00723113 0.0065777 0.0105249 0.00425896 0.00359127 0.00270943 0.00183232 1.10217e-07 4.52132e-08 2.13673e-08 1.22176e-08 3.7483e-09 6.18211e-09 1.56051e-09 1.30018e-09 1.9032e-10 8.82028e-11 4.40802e-12
threshold=377.43620000000004 109984.94939002475 0.00146779507431044 1760967000000.0002 72.970678794610919 607908.00000000012 111223.22908892953 0.015845712109855175 0.014034471553028274 109183.43156771226 228421.00000000003 0.010673365654857282 108306.73387963064 0.011142725009701334 57.390622208124803 109768.95364818138 38.415808006286319 111481.90000000001 1.1621500000000002 382.31500000000005 0.012113900127979265 70.212885316469567 109183.43156771226 1760686200000.0002 69.207614645439961 -0.67550575070681285 0.017521189348029282 0.010930990206257329 1760794200000.0002
decision_type=2 2 2 2 2 2 2 2 2 2 2 2 2 2 2 2 2 2 2 2 2 2 2 2 2 2 2 2 2
left_child=1 9 14 4 5 -2 21 18 -7 10 11 16 13 -12 -3 -11 -1 19 27 -10 -4 24 23 -21 -5 -22 -27 -8 -25
right_child=3 2 20 6 -6 8 7 -9 17 15 12 -13 -14 -15 -16 -17 -18 -19 -20 22 25 -23 -24 28 -26 26 -28 -29 -30
leaf_value=-0.033601908840498206 0.06330356865952172 -0.013150251626221243 0.066875256457037277 -0.066694162376313287 0.066793468036862036 0.033971511691603028 -0.066689048168571519 0.035133345361850331 -0.067041264486251848 -0.061920706799084749 0.036547811392679534 -0.066840691451903023 0.041093028023456095 -0.066765231440582121 0.036761951882472742 -0.0084405137395916121 0.062692965993161195 -0.027497577072522334 -0.067131737835803437 -0.066844035982637953 0.066742190067929086 -0.066837481757517969 -0.066842789865929939 -0.066672119024203447 -0.066744955439457243 0.066704310145858731 0.066677413781416325 -0.066705375265290315 -0.06667821742095606
leaf_weight=0.004551731515675784 0.016417601953435224 0.032490881465491839 0.013948346953839064 0.010658250826963922 0.02498034429299878 0.013090680877212435 0.0072552272140455898 0.035831560147926211 0.013400643831118941 0.024479481646267232 0.020764897026310791 0.021604634952382185 0.054354435269488022 0.018777790042804554 0.03608023899323598 0.025779451538255671 0.0081605200466583483 0.018841060111299157 0.010319611057639122 0.0039696572348475456 0.0080751223049446708 0.014988670591264963 0.0094557418487966061 0.0025090977396757808 0.013985509998747148 0.0046385225869016722 0.0060783617300330661 0.006082834312110208 0.0022464364410552662
leaf_count=12 37 35 3 37 32 21 29 7 2 18 30 20 18 22 28 22 33 5 1 1 19 4 3 28 13 9 38 15 15
internal_value=0 0.00716829 0.0304562 -0.0119982 0.00497159 -0.0143492 -0.0299592 -0.00543784 -0.0344218 -0.00605129 0.00509607 -0.031629 0.0185181 -0.0125129 0.0131122 -0.034489 0.0282138 -0.052178 -0.0668863 -0.0669019 0.0667815 -0.0667663 -0.0667992 -0.0667519 -0.066723 0.0667119 0.0666891 -0.0666965 -0.066675
internal_weight=0 0.279784 0.101311 0.204033 0.104911 0.0799309 0.0991217 0.0594892 0.0635133 0.178473 0.128214 0.0343169 0.0938971 0.0395427 0.0685711 0.0502589 0.0127123 0.0504226 0.0236577 0.0315816 0.0327404 0.0396324 0.0181809 0.00872519 0.0246438 0.018792 0.0107169 0.0133381 0.00475553
internal_count=557 307 132 250 144 112 106 52 75 175 135 65 70 52 63 40 45 54 45 49 69 54 47 44 50 66 47 44 43
is_linear=0
shrinkage=0.1


Tree=274
num_leaves=25
num_cat=0
split_feature=17 13 0 23 18 0 13 10 23 1 16 25 17 14 18 25 17 19 1 23 17 20 1 20
split_gain=0.00356022 0.00350741 0.00341784 0.00598313 0.0043978 0.00372964 0.00445257 0.00375213 0.00911756 0.00714057 0.00713634 0.00685849 0.00462754 0.01698 0.0076818 0.00609154 0.00876083 0.00317545 0.00652897 5.34049e-05 3.1624e-08 3.60836e-10 5.62255e-11 1.08592e-11
threshold=-0.51460699114006558 3341180.5000000005 1762047000000.0002 0.031677243174031207 -0.33200336512290668 1761917400000.0002 49476.500000000007 382.31500000000005 0.019169665364389136 108849.85000000002 380.35499999991356 0.019727477546413942 -0.70197564775797539 111177.78892755622 -4.2595514450402225 0.015578024707644673 -0.66924194282643679 -0.70105994805808314 111335.15000000001 0.020516307077795028 -0.94723724818721811 68.977599913098913 102159.25000000001 35.016254717192744
decision_type=2 2 2 2 2 2 2 2 2 2 2 2 2 2 2 2 2 2 2 2 2 2 2 2
left_child=1 2 5 4 20 6 -1 10 9 -9 12 -10 13 14 -8 -14 -17 -2 -19 -18 -4 22 -22 -24
right_child=17 -3 3 -5 -6 -7 7 8 11 -11 -12 -13 15 -15 -16 16 19 18 -20 -21 21 -23 23 -25
leaf_value=-0.029946676270238864 -0.066835343561813768 -0.030616871719058216 -0.066965649790646828 0.041564615533342425 0.0093485359400002407 0.039924064129375443 -0.010874233239976095 0.0050569100071435127 -0.024401842803558643 -0.066914278229497914 0.059012664959353325 0.060674946662824483 0.034957367685148934 -0.056375736180020265 0.052380279144225994 0.030386517165235501 -0.055897107473519475 -0.066712363208894995 0.064305690726926296 -0.066768302636277463 -0.066706909799626901 -0.066729083453598709 -0.066697235785754108 -0.066689046086475176
leaf_weight=0.035456429821351776 0.014749129590200027 0.031602098932125955 0.0066671716049313537 0.011166517066158121 0.011137425404740497 0.030954608138927142 0.037373515093349852 0.024239201708041946 0.015744730444566812 0.031963483826984884 0.030016418619197793 0.023797649635525886 0.090259809716371819 0.043830841095768847 0.039480513281887397 0.022609554856899194 0.0077274211853364241 0.0076674247729897615 0.0075474737677723169 0.010882954429689562 0.0046685944689670578 0.0058708617434604085 0.0028430462325559347 0.0037607192348332319
leaf_count=29 12 35 1 18 5 36 17 34 37 32 16 18 37 35 31 11 28 38 4 17 9 17 13 27
internal_value=0 0.00167371 0.00375435 -0.0221586 -0.0425194 0.00644365 0.00393659 0.00711547 -0.00999025 -0.0358744 0.0129195 0.0267996 0.0074328 -0.00670676 0.0216201 0.0204115 -0.0114399 -0.0337715 -0.0017198 -0.0622544 -0.0667809 -0.066709 -0.0666985 -0.0666926
internal_weight=0 0.522054 0.490451 0.0461143 0.0349478 0.444337 0.413383 0.377926 0.0957451 0.0562027 0.282181 0.0395424 0.252165 0.120685 0.076854 0.13148 0.0412199 0.029964 0.0152149 0.0186104 0.0238104 0.0171432 0.0112724 0.00660377
internal_count=557 503 468 90 72 378 342 313 121 66 192 55 176 83 48 93 56 54 42 45 67 66 49 40
is_linear=0
shrinkage=0.1


Tree=275
num_leaves=28
num_cat=0
split_feature=9 2 4 2 10 14 25 14 23 0 14 17 20 20 13 20 22 1 0 1 25 20 19 14 20 23 20
split_gain=0.00512384 0.00493756 0.00800622 0.00535644 0.00753695 0.00514263 0.00621996 0.0100561 0.00924685 0.00900723 0.00898268 0.00588508 0.00476715 0.00388673 0.00173597 0.000707632 8.55299e-09 2.87943e-09 1.59997e-09 1.09752e-09 4.71415e-10 1.60441e-11 8.19664e-12 3.88613e-12 2.28314e-12 2.19043e-13 1.26925e-13
threshold=400.59750000000003 102252.05 1.1567500000000004 106032.90000000001 389.06000000000006 108181.91468090368 0.016632392438896155 109183.43156771226 0.019953756275909864 1761431400000.0002 110834.030337652 -0.51570390759605822 47.00387052012416 51.765060482516631 19551.500000000004 32.313832843217561 50.092974710878558 101959.85000000002 1760455800000.0002 106464.35000000002 0.010750390047074608 29.657101541721399 -0.66361830531778321 111324.32569056975 60.16744282871921 0.030835979722403779 66.125618104364605
decision_type=2 2 2 2 2 2 2 2 2 2 2 2 2 2 2 2 2 2 2 2 2 2 2 2 2 2 2
left_child=1 -1 14 -4 5 12 7 -7 10 11 -8 -9 -5 -14 -3 -6 -10 -16 -12 -17 21 -19 24 -20 -23 -24 -25
right_child=-2 2 3 4 15 6 8 9 16 -11 18 -13 13 -15 17 19 -18 20 23 -21 -22 22 25 26 -26 -27 -28
leaf_value=0.06670313656991321 0.066763986528561567 0.002438768804403425 0.066875729067683409 0.066755380426936253 -0.030284804384081293 0.066843539901972684 0.046119603663447847 -0.066751087250414384 -0.066748771646739272 0.033606991818300312 -0.06675122452793715 0.00019009007310904829 -0.057667019433310367 0.042457602811746965 -0.066797528143848026 -0.066750378919929687 -0.066854264894857005 -0.066683996864599457 -0.066675480420618286 -0.066696852165707421 -0.066709178560741378 -0.06667537567157393 -0.066669173471179927 -0.066669646004144573 -0.066679318323872014 -0.066671156844121199 -0.066671030960544428
leaf_weight=0.010477440009708516 0.011714188760379329 0.0043392511470301534 0.012211895314976573 0.023086013861757237 0.0080526028068561573 0.025552976556355134 0.021915425764746033 0.02441801069653593 0.0158156407505885 0.036965157916711178 0.0049282034742645919 0.028416804387234151 0.0073520106961950668 0.0082027786047547124 0.0029328572563827029 0.006555851607117801 0.014950427996154758 0.0029059204607619913 0.0026154429624511977 0.0092149714027982554 0.0083028832586933277 0.0030193522179615675 0.0011078777542934412 0.001824761493026017 0.0028600736241060076 0.0011194917278771754 0.0010382073323853547
leaf_count=18 13 12 4 26 12 13 22 36 27 37 3 8 12 31 1 4 21 10 20 36 33 25 30 56 19 13 15
internal_value=0 -0.000694297 -0.00321893 0.00226438 -0.00101087 0.00484869 -0.00231368 0.0114935 -0.0275594 -0.00425656 0.00979229 -0.0307473 0.0379241 -0.00486655 -0.0554206 -0.0544039 -0.0668 -0.0667052 -0.0667099 -0.0667191 -0.0666912 -0.0666776 -0.0666753 -0.0666727 -0.0666773 -0.0666702 -0.0666701
internal_weight=0 0.290182 0.279705 0.253117 0.240905 0.217082 0.178441 0.115353 0.0630881 0.0898 0.032322 0.0528348 0.0386408 0.0155548 0.0265877 0.0238234 0.0307661 0.0222485 0.0104066 0.0157708 0.0193156 0.0110127 0.0081068 0.00547841 0.00587943 0.00222737 0.00286297
internal_count=557 544 526 383 379 327 258 94 164 81 116 44 69 43 143 52 48 131 94 40 130 97 87 91 44 43 71
is_linear=0
shrinkage=0.1


Tree=276
num_leaves=26
num_cat=0
split_feature=24 14 23 23 19 10 14 24 14 17 13 13 23 20 14 17 1 0 11 12 19 18 22 3 17
split_gain=0.0039721 0.00697095 0.0129364 0.00718965 0.006958 0.00599944 0.00652798 0.0126226 0.00757994 0.0117425 0.00741015 0.00627264 0.00416173 0.00408156 0.00278116 0.00225074 0.00191796 0.00136433 0.0001671 1.85919e-08 5.35903e-09 6.08774e-10 8.31606e-11 1.1486e-11 7.52986e-12
threshold=0.00098939305814399405 111177.78892755622 0.014825768065022232 0.013915471938989602 -1.7356139493284233 369.32000000000005 108306.73387963064 0.00146779507431044 111495.57178458919 -0.69170378887646911 1278419.5000000002 21378.000000000004 0.031153265404271095 64.809144372558279 110271.92358892465 -0.70745234958250636 102049.75000000001 1762047000000.0002 368.00500000000005 368.02500000000003 -0.70105994805808314 -4.237320098071522 55.392960642137034 109659.25000000001 -0.56215599238075464
decision_type=2 2 2 2 2 2 2 2 2 2 2 2 2 2 2 2 2 2 2 2 2 2 2 2 2
left_child=1 3 15 4 -1 11 12 -8 10 -10 -9 -2 -7 20 -15 -3 -13 -6 19 21 22 -18 23 -5 -23
right_child=5 2 -4 13 17 6 7 8 9 -11 -12 16 -14 14 -16 -17 18 -19 -20 -21 -22 24 -24 -25 -26
leaf_value=-0.053437751081606859 -0.014727928219934284 0.009272898749173232 0.058597413553714832 -0.066672945744635462 0.019981120144673653 0.0028091100107171755 0.066845469134718227 0.015119473603368983 0.06692934374074859 -0.02580419912502073 -0.046494015742206088 0.0037474373117401699 -0.066794725406630159 -0.044904092913485801 0.0015107024561079349 -0.060247021074242915 0.066716882598109137 0.066839734778233781 0.051328591578089805 0.066865938504957118 -0.066771296351528328 0.066674107261614143 -0.066695423277863403 -0.066682100894762106 0.066681060252253607
leaf_weight=0.011273217343841679 0.018729049272224074 0.0065367286388209314 0.031699455490524997 0.0030779521785007091 0.013758804470853647 0.01395321369273006 0.028915091999806464 0.030397084330616053 0.028993390998948598 0.025810998704400845 0.054549099659197964 0.0064009243506006888 0.022350136510794982 0.027375113582820632 0.024430721590761095 0.016194783245737199 0.010214148744125849 0.011330405814078404 0.0093073909647500841 0.011875399844939238 0.026337985407735687 0.0033906975349964324 0.0044064918783988105 0.0024701347574591637 0.002880954059946819
leaf_count=13 12 18 28 33 26 29 8 39 36 15 22 6 33 28 14 33 25 20 18 8 28 28 12 11 14
internal_value=0 -0.0125357 0.0173143 -0.0255901 0.0118205 0.00670955 -0.00157572 0.0067038 -0.00573981 0.023255 -0.0244463 0.033752 -0.0400425 -0.0410313 -0.0230157 -0.0402557 0.0543554 0.0411427 0.062955 0.0667705 -0.0667477 0.0667018 -0.0666852 -0.066677 0.0666773
internal_weight=0 0.178892 0.054431 0.124461 0.0363624 0.267768 0.204969 0.168666 0.139751 0.0548044 0.0849462 0.0627986 0.0363034 0.0880984 0.0518058 0.0227315 0.0440695 0.0250892 0.0376686 0.0283612 0.0362926 0.0164858 0.00995458 0.00554809 0.00627165
internal_count=557 264 79 185 59 293 182 120 112 51 61 111 62 126 42 51 99 46 93 75 84 67 56 44 42
is_linear=0
shrinkage=0.1


Tree=277
num_leaves=27
num_cat=0
split_feature=17 11 20 20 3 20 3 9 20 20 25 23 2 23 20 18 23 20 17 19 13 22 11 23 18 9
split_gain=0.00349359 0.00545709 0.00431675 0.00515756 0.00796362 0.0065315 0.00747624 0.00854606 0.00526906 0.00475798 0.00464624 0.00960253 0.00407695 0.00507091 0.00928902 0.00390684 0.000952741 2.16191e-08 2.69558e-09 1.15492e-09 7.0213e-10 4.86345e-10 2.46375e-10 5.42947e-11 4.17436e-11 1.69364e-12
threshold=-0.63177231918323506 370.12500000000006 79.609984382775608 69.855651612361328 109748.70000000001 65.750863349860012 111060.60000000002 360.69000000000005 27.366240382781623 50.996210452371976 0.011842138965271564 0.018138679564720386 109259.50000000001 0.031299792603293318 47.00387052012416 -2.975891891791937 0.01866675518070882 30.736761578248714 -0.85289846546291703 -2.9907567252709892 403883.50000000006 18.696539713355737 366.77000000000004 0.01551569673959269 -0.89303579677325362 362.49250000000006
decision_type=2 2 2 2 2 2 2 2 2 2 2 2 2 2 2 2 2 2 2 2 2 2 2 2 2 2
left_child=2 19 3 5 -5 6 8 -8 -1 12 11 -11 13 14 20 -3 -14 -9 -19 -2 -10 -20 25 -23 -24 -21
right_child=1 15 -4 4 -6 -7 7 17 9 10 -12 -13 16 -15 -16 -17 -18 18 21 22 -22 23 24 -25 -26 -27
leaf_value=-0.02877783194865037 -0.066764619486062091 -0.034894118256030379 0.044646776375034385 -0.053123536011649999 0.0019166179366242422 0.059621846976014851 0.041744227254793466 -0.06693767557763354 -0.066700811207487082 -0.032660099288534486 -0.028102744624834503 0.060295776816816686 0.03776326213893829 0.044324740483190073 0.04059080272505159 0.012515381651872829 0.065648969250323097 -0.066779924501293164 -0.066724004497794462 -0.066676183428183516 -0.066742277911124234 -0.066695817230271376 -0.066694388973343635 -0.066679174491593579 -0.066706837734194876 -0.066672409938177954
leaf_weight=0.02892412529035937 0.0025724307124619364 0.028229805223418225 0.02420533454278484 0.039307917486439692 0.079361670912476256 0.022996545367277577 0.0099211689084768295 0.0064056328446895341 0.0078798070007906063 0.019606072792157647 0.036015202225826215 0.025654229128122097 0.023898372790426947 0.028066205682989676 0.015915298270556377 0.045232831715111388 0.025141668387732352 0.0066198132699355457 0.0059968031819153137 0.0019763457312365054 0.0084753460214415099 0.003439714215346612 0.0052031185828127491 0.0045574383857456269 0.0055849143172963522 0.0029871706292396993
leaf_count=17 3 39 10 22 38 22 3 4 25 35 36 21 35 15 11 31 22 3 8 16 16 10 34 38 8 35
internal_value=0 -0.0178806 0.00364448 0.00115198 -0.0163148 0.00856763 0.00399066 -0.0376315 0.010993 0.0170267 -0.00129954 0.0200287 0.0306445 0.0132389 -0.0137971 -0.00570287 0.0520596 -0.0667772 -0.0667273 -0.0667025 -0.0667223 -0.0667025 -0.0666924 -0.0666863 -0.0667008 -0.0666739
internal_weight=0 0.0917866 0.422388 0.398183 0.11867 0.279513 0.256517 0.0369406 0.219576 0.190652 0.0812755 0.0452603 0.109377 0.0603367 0.0322705 0.0734626 0.04904 0.0270194 0.0206138 0.018324 0.0163552 0.013994 0.0157515 0.00799715 0.010788 0.00496352
internal_count=557 166 391 381 60 321 299 66 233 216 92 56 124 67 52 70 57 63 59 96 41 56 93 48 42 51
is_linear=0
shrinkage=0.1


Tree=278
num_leaves=30
num_cat=0
split_feature=9 2 4 2 10 14 25 14 0 23 14 20 25 18 25 20 22 1 0 2 14 20 25 19 14 2 23 23 0
split_gain=0.00448207 0.00440946 0.00724236 0.00486764 0.00688906 0.00456744 0.00566363 0.00921166 0.0103469 0.00836627 0.00795435 0.00438397 0.00588323 0.0043547 0.00163477 0.00069459 6.69962e-09 2.2461e-09 1.21109e-09 1.03189e-09 4.04236e-10 1.23544e-11 4.09194e-12 5.24049e-12 2.79831e-12 1.2561e-12 6.86563e-13 1.01217e-13 6.78309e-14
threshold=400.59750000000003 102252.05 1.1567500000000004 106032.90000000001 389.06000000000006 108181.91468090368 0.016632392438896155 109183.43156771226 1761399000000.0002 0.019953756275909864 110834.030337652 47.00387052012416 0.0063531602160872853 -2.6189681617629197 0.013143079625616822 32.313832843217561 50.092974710878558 101959.85000000002 1760455800000.0002 106868.15000000001 103190.08883396095 29.657101541721399 0.010917584002757852 -1.617553659110363 111324.32569056975 104122.15000000001 0.0089601838413097632 0.028508382792196373 1760545800000.0002
decision_type=2 2 2 2 2 2 2 2 2 2 2 2 2 2 2 2 2 2 2 2 2 2 2 2 2 2 2 2 2
left_child=1 -1 14 -4 5 11 7 -7 -9 10 -8 -5 -13 -10 17 -6 -11 -3 -12 -17 -19 -22 23 -23 -20 -25 -27 -28 -26
right_child=-2 2 3 4 15 6 9 8 13 16 18 12 -14 -15 -16 19 -18 20 24 -21 21 22 -24 25 28 26 27 -29 -30
leaf_value=0.066699002991581935 0.066751699860501015 -0.066784689843109465 0.066855698166450025 0.066749723101198741 -0.02949859364932373 0.066828015284567777 0.044224670117481907 -0.066740748499775529 0.04578494192197885 -0.066740220416178955 -0.066743855595798082 0.066705836206465599 -0.059694638798337786 -0.006658084157006249 0.0032928080368909785 -0.066747639213927443 -0.066838392253841639 -0.066709627623771625 -0.066674593414139796 -0.066693704243877508 -0.066681556676812984 -0.066676919141962096 -0.066678513531836223 -0.066673903478593727 -0.066670307453484165 -0.066672351255432749 -0.066668691706649005 -0.066669997444564408 -0.06666928051351402
leaf_weight=0.0094185082853073254 0.010283999683451839 0.0026460543740540734 0.011159361572936177 0.021011645745602436 0.0076817333756480357 0.023535817832453176 0.020562495239573764 0.020009957317597582 0.027429473264419357 0.014163466094487376 0.004496809677220881 0.0065734879171941438 0.0083721413484454388 0.037454192699442501 0.0039993945283640633 0.0062675680965185174 0.013651786038053615 0.0050727605776046394 0.0023494402767028078 0.0081727479077926546 0.003137210958811921 0.0025605556907066767 0.0018461921226844424 0.0013698198163183423 0.0013651337894771132 0.0011403131293263868 0.0011487551778373017 0.0012285777938814135 0.0012162072559931403
leaf_count=18 13 1 4 26 12 13 22 35 25 27 3 19 24 21 6 4 21 12 20 36 12 20 14 11 22 14 35 18 49
internal_value=0 -0.000515621 -0.00295401 0.00239475 -0.000812109 0.00498461 -0.00200554 0.0114716 -0.00387539 -0.0272855 0.00935274 0.0373009 -0.00410033 0.0155121 -0.0551076 -0.0537932 -0.0667884 -0.0666988 -0.0667063 -0.0667171 -0.0666858 -0.0666761 -0.0666743 -0.0666733 -0.0666721 -0.0666713 -0.0666703 -0.0666694 -0.0666698
internal_weight=0 0.269042 0.259623 0.235473 0.224314 0.202192 0.166235 0.108429 0.0848936 0.0578053 0.0299901 0.0359573 0.0149456 0.0648837 0.0241496 0.022122 0.0278153 0.0201502 0.00942759 0.0144403 0.0175042 0.0124314 0.00929421 0.00744802 0.00493078 0.00488747 0.00351765 0.00237733 0.00258134
internal_count=557 544 526 383 379 327 258 94 81 164 116 69 43 46 143 52 48 137 94 40 136 124 112 98 91 78 67 53 71
is_linear=0
shrinkage=0.1


Tree=279
num_leaves=26
num_cat=0
split_feature=14 18 17 13 9 2 0 18 19 10 10 13 23 20 23 1 17 10 13 13 23 10 0 17 14
split_gain=0.00726723 0.00697592 0.00775497 0.00582152 0.00363537 0.00742101 0.00590624 0.00496306 0.00667135 0.00482585 0.00669009 0.00547177 0.00500988 0.00392297 0.00437505 0.00286852 0.00202293 0.00284298 0.00201159 0.000877444 0.000606831 0.00131566 0.000396363 0.000120487 8.17278e-10
threshold=115012.61991691073 -1.7395783932988185 -0.65497988620966641 278753.50000000006 358.90000000000003 112327.00000000001 1760524200000.0002 -2.2926862353350477 -0.73841684478861092 377.25500000000005 378.22000000000008 607908.00000000012 0.019169665364389136 64.266214693658057 0.037078748803795643 109496.85000000002 -0.60936262863322599 369.51500000000004 1455185.0000000002 209867.50000000003 0.026026290902957164 378.57500000000005 1761150600000.0002 -0.70945203810423596 112708.91784024746
decision_type=2 2 2 2 2 2 2 2 2 2 2 2 2 2 2 2 2 2 2 2 2 2 2 2 2
left_child=1 4 23 -4 -1 6 -6 8 9 -8 -11 22 -13 14 16 -14 20 -18 -15 -7 21 -10 -12 -3 -21
right_child=-2 2 3 -5 5 19 7 -9 13 10 11 12 15 18 -16 -17 17 -19 -20 24 -22 -23 -24 -25 -26
leaf_value=-0.06698571158956565 0.066973207439648449 -0.055288001170285407 -0.039518523521124754 0.040857741962501998 -0.06695372919217879 0.024736147757323749 0.042685635728815369 0.047681731595657625 -0.016790806401018443 -0.066825716586023251 0.062540643273427732 0.025519610714000936 -0.0035439435684048782 -0.015862069018389439 0.022475509842784753 -0.064608438761072015 0.027306419249078007 -0.056382771804326874 0.025902526193420147 0.066797748738760279 -0.066794562518543654 -0.066767458803153601 0.037888167150650444 -0.066406688820322107 0.066756239465308329
leaf_weight=0.0072984812577487892 0.015149649396335008 0.017401067267201142 0.017207851586135803 0.018917709137895145 0.012660369160585105 0.0067132299445802337 0.040814389893057523 0.022713409445714206 0.0099665413035836536 0.0124219998724584 0.012654382422624622 0.027885758960110252 0.015956574019583059 0.024058434268226847 0.011789930300437845 0.014853846485493705 0.0082174341550853569 0.0080215345878968947 0.022150352626340464 0.0088756345403453452 0.022524180734762922 0.011172564336447977 0.013457836499583209 0.022154965809022542 0.010187839227910445
leaf_count=2 18 35 28 19 3 31 37 33 33 16 31 36 37 32 15 4 29 19 13 10 14 10 10 12 30
internal_value=0 -0.00358605 -0.0309243 0.00257175 0.002792 0.00439804 -0.000152515 0.00288248 -0.00109315 0.0138273 0.00171343 0.0117525 -0.00518942 -0.0185628 -0.0332073 -0.0329834 -0.0441668 -0.0140334 0.00415794 0.0558269 -0.0553738 -0.0432048 0.0498351 -0.0615155 0.0667756
internal_weight=0 0.400076 0.0756816 0.0361256 0.324395 0.317096 0.29132 0.278659 0.255946 0.138045 0.0972304 0.0848084 0.0586962 0.117901 0.0716922 0.0308104 0.0599023 0.016239 0.0462088 0.0257767 0.0436633 0.0211391 0.0261122 0.039556 0.0190635
internal_count=557 539 94 47 445 443 372 369 336 171 134 118 77 165 120 41 105 48 45 71 57 43 41 47 40
is_linear=0
shrinkage=0.1


Tree=280
num_leaves=29
num_cat=0
split_feature=19 9 25 25 14 14 2 2 24 20 19 20 3 3 14 18 9 2 0 17 25 3 22 23 13 23 18 14
split_gain=0.00328983 0.00687349 0.00536618 0.00456123 0.00339351 0.0121679 0.0070323 0.0078466 0.00537182 0.00429552 0.0065286 0.00678419 0.00341639 0.0130345 0.00402449 0.00452505 0.00212687 0.00190301 0.000775311 8.2003e-06 1.91309e-08 1.434e-08 1.25577e-09 7.50746e-10 2.12289e-10 1.58758e-10 2.38518e-11 2.56856e-12
threshold=-0.60236793939344768 358.90000000000003 0.011999510185262284 0.0063531602160872853 114499.83086601036 111727.26570181617 111713.05000000002 111485.95000000001 0.0031029441560831428 69.855651612361328 -2.7470827269662599 30.87132376185345 106589.30000000002 107917.50000000001 109984.94939002475 -3.4455799071463136 380.91000000000003 107835.00000000001 1761863400000.0002 -0.7355320170921783 0.012989951170570752 111571.20000000001 1.545665110907237 0.011250598258687345 107360.00000000001 0.017759366855919445 -5.8740590149237466 112824.57928657449
decision_type=2 2 2 2 2 2 2 2 2 2 2 2 2 2 2 2 2 2 2 2 2 2 2 2 2 2 2 2
left_child=4 -2 3 26 5 6 7 8 9 10 -1 -12 -13 17 18 -16 -10 -14 -15 -4 -21 -7 -22 -23 -24 -25 -3 -27
right_child=1 2 19 -5 -6 21 -8 -9 16 -11 11 12 13 14 15 -17 -18 -19 -20 20 22 23 24 25 -26 27 -28 -29
leaf_value=-0.052798110165290138 0.066993072579531465 -0.066697794745814415 -0.062689953495797271 0.036964634142362861 0.032280026401309961 -0.066867767276909781 0.046558782294586959 -0.053928184687445618 -0.066859253828869022 -0.014577788967290723 -0.027351197062518109 0.059413110962949968 -0.00964947912983221 0.039160105396030563 -0.015782179097107506 0.039019366926624381 -0.0071906104786283818 -0.066759484518560799 0.061286941129533236 -0.066928416890739514 -0.066753029896450419 -0.066735467354109901 -0.066708168530988238 -0.066701935732052131 -0.066678451235671621 -0.066681120494390886 -0.066685286458404977 -0.066676881086763645
leaf_weight=0.013306118398759281 0.0072727347724139682 0.0025712872266012692 0.0064047644282254615 0.012948404650160228 0.035621815804915968 0.0078122638224158427 0.036160808838758385 0.024850718697052798 0.013596732176665682 0.063016435811732663 0.026850638612813782 0.02689448292585439 0.0093291135544859571 0.028686906000075396 0.026341615654018824 0.035204037450967007 0.010655154877895257 0.015576925397908781 0.035348997669643722 0.0058433399535715571 0.0056686374409764548 0.0055709589505568138 0.0049363050948159071 0.0063953277494874783 0.0046856472763465717 0.0028599745919564157 0.0037446872711370824 0.0028566388400577125
leaf_count=17 1 8 13 32 9 3 15 24 28 32 17 27 29 24 22 32 23 21 34 1 8 4 15 10 34 18 32 24
internal_value=0 -0.0234501 -0.037504 0.00298054 0.00273066 4.07422e-05 0.00469596 0.000103949 0.00450915 0.00841227 0.015072 0.0194939 0.0265849 0.020718 0.0338244 0.0155642 -0.0406436 -0.0453677 0.0513745 -0.0658246 -0.0667745 -0.0667549 -0.0667157 -0.0667051 -0.0666937 -0.0666911 -0.0666904 -0.066679
internal_weight=0 0.0540758 0.0468031 0.0192644 0.426936 0.391314 0.365819 0.329658 0.304807 0.280555 0.217539 0.204233 0.177382 0.150488 0.125582 0.0615457 0.0242519 0.024906 0.0640359 0.0275387 0.0211339 0.0254952 0.0152906 0.0176829 0.00962195 0.0121119 0.00631597 0.00571661
internal_count=557 144 143 72 413 404 345 330 306 255 223 206 189 162 112 54 51 50 58 71 58 59 57 56 49 52 40 42
is_linear=0
shrinkage=0.1


Tree=281
num_leaves=29
num_cat=0
split_feature=10 2 4 2 10 14 0 23 3 23 14 19 1 20 25 10 13 2 20 1 0 25 14 20 17 18 19 23
split_gain=0.00408095 0.00404118 0.0065197 0.00438197 0.00595453 0.00403908 0.005125 0.00925621 0.0105211 0.0070636 0.0117494 0.00759398 0.00933491 0.0039387 0.00531886 0.00154854 0.000971199 5.79902e-09 3.7925e-09 1.82396e-09 2.13165e-10 1.92901e-10 8.98103e-12 7.90645e-12 3.35811e-12 2.30268e-12 1.47272e-12 6.36894e-13
threshold=403.06500000000005 102252.05 1.1567500000000004 106032.90000000001 389.06000000000006 108181.91468090368 1761431400000.0002 0.013764450440089246 108233.50000000001 0.020194788957220093 109183.43156771226 -0.70105994805808314 111352.25000000001 47.00387052012416 0.0063531602160872853 365.59500000000008 607908.00000000012 110125.25000000001 77.551237224398932 101959.85000000002 1761528600000.0002 0.010750390047074608 110413.79220848648 29.657101541721399 -0.75822159328751593 -1.1016765145591467 -0.69322810716063399 0.016114206676522989
decision_type=2 2 2 2 2 2 2 2 2 2 2 2 2 2 2 2 2 2 2 2 2 2 2 2 2 2 2 2
left_child=1 -1 15 -4 5 13 9 -8 -9 10 -7 12 -12 -5 -15 -3 -6 -10 20 -17 -19 23 -22 -21 27 -24 -26 -25
right_child=-2 2 3 4 16 6 7 8 17 -11 11 -13 -14 14 -16 19 -18 18 -20 21 22 -23 25 24 26 -27 -28 -29
leaf_value=0.066697089273474564 0.066747455090463523 0.0033828060350520601 0.066838229085971576 0.066740976886115674 -0.020444557859862628 0.06677236288300159 0.066745032974626681 0.066824757077860106 -0.066875684504010227 -0.066749206990955753 -0.066731685507351188 -0.06682161112914041 0.036789390728940018 0.066701855167868085 -0.058886483744029931 -0.066776652292944105 -0.066724894517424971 -0.066714927910679483 -0.066802456490620499 -0.066680076846330677 -0.066682376025967549 -0.066698464063405599 -0.066669711943846008 -0.066677093916363353 -0.066673674260956148 -0.066675648483345992 -0.066669224918866565 -0.066674572167812071
leaf_weight=0.008660055224027019 0.0093868078838568181 0.0038104218619992017 0.010066815768368542 0.018760779203148559 0.0067205727273176299 0.019347746099811047 0.025521417082927655 0.0092373539227992296 0.0046735927462577811 0.020737759835355973 0.012695763407464256 0.023880003558588214 0.027750768183068431 0.0060075179098930676 0.0076875870872754604 0.0024665279779583207 0.013938877675172989 0.0019795039552263916 0.0056510814465582371 0.0028611691450350918 0.0011173133934789803 0.005924479928580694 0.0018535029253143867 0.0018409783369861517 0.0013942758687335273 0.0010090986479553985 0.0015948776563163899 0.0021964275565551361
leaf_count=18 13 6 4 26 29 18 23 3 1 39 27 30 32 19 24 1 23 2 2 12 5 33 64 12 13 12 38 28
internal_value=0 -0.000417859 -0.0028323 0.00239864 -0.000711587 0.0048909 -0.00180809 0.0241607 -0.0184235 -0.0145032 -0.00155462 -0.0221056 0.00429516 0.0369773 -0.00379569 -0.0546078 -0.0516698 -0.0667816 -0.0667438 -0.0666967 -0.0666881 -0.0666842 -0.0666748 -0.0666756 -0.0666738 -0.0666718 -0.0666713 -0.0666757
internal_weight=0 0.249386 0.240726 0.218637 0.20857 0.187911 0.155455 0.0510429 0.0255214 0.104412 0.0836743 0.0643265 0.0404465 0.0324559 0.0136951 0.0220892 0.0206595 0.0162841 0.0116105 0.0182787 0.00595942 0.0158122 0.00397991 0.00988773 0.00702656 0.0028626 0.00298915 0.00403741
internal_count=557 544 526 383 379 327 258 112 89 146 107 89 59 69 43 143 52 86 85 137 83 136 81 103 91 76 51 40
is_linear=0
shrinkage=0.1


Tree=282
num_leaves=28
num_cat=0
split_feature=11 14 11 0 22 13 14 17 23 0 1 25 20 2 3 17 1 0 1 20 14 16 9 22 17 13 23
split_gain=0.00366182 0.00691511 0.00684794 0.00517526 0.0096698 0.00958614 0.00726012 0.0119373 0.00571489 0.00366048 0.00901833 0.00565992 0.00898205 0.0038538 0.00360495 0.0033906 0.00138623 1.64852e-08 1.25607e-08 7.87876e-09 3.42319e-09 2.32444e-09 1.59584e-09 6.73229e-10 4.84453e-10 4.61794e-10 1.45391e-10
threshold=377.43620000000004 110271.92358892465 358.03000000000003 1760967000000.0002 72.970678794610919 607908.00000000012 111223.22908892953 -0.69823231577226019 0.014034471553028274 1762090200000.0002 102762.70000000003 0.012023220155034956 48.838905460074493 110057.80000000002 107977.50000000001 -0.8407396205888199 111382.10000000002 1760675400000.0002 109767.85000000002 70.212885316469567 109183.43156771226 393.84500000068431 374.23440000000005 69.207614645439961 -0.70945203810423596 278753.50000000006 0.016264154873293472
decision_type=2 2 2 2 2 2 2 2 2 2 2 2 2 2 2 2 2 2 2 2 2 2 2 2 2 2 2
left_child=1 9 -3 4 5 -2 19 -8 -7 11 -11 13 14 -1 -13 -4 17 -10 -17 23 21 -19 24 -5 -20 -12 -26
right_child=3 2 15 6 -6 8 7 -9 16 10 25 12 -14 -15 -16 18 -18 20 22 -21 -22 -23 -24 -25 26 -27 -28
leaf_value=-0.0093083369092125095 0.062637834915050011 -0.054353008470482279 0.0045038134977951573 -0.066690851309052945 0.066754832287977878 0.030956539284980017 0.049495471097413174 -0.050352469182166473 -0.066947025793273121 -0.030836603546413033 0.066682061029497544 -0.049123276837938462 0.047567252770826927 -0.066796637928102628 0.003557764127265722 0.066855785888259231 -0.028294919900219297 -0.066673112527273037 0.066720658510075054 -0.066811698830001084 -0.066829387347505334 -0.06679113913401373 0.066758446634927207 -0.066727974341140722 0.066700359492927713 0.066712758914895184 0.066675685332784965
leaf_weight=0.02297637918854889 0.013018129571719328 0.0069636549233109682 0.011521520362293813 0.0090119189480901696 0.019585390840802575 0.010701737801355193 0.021677581076801289 0.026748125004814938 0.010218124138191342 0.016715686680981889 0.0074040678955498143 0.023705941621301463 0.031108526723983232 0.023677593188040191 0.028733997092786012 0.0091523244045674801 0.015461011149454862 0.003599439088247891 0.0097629746414895618 0.012827942846342921 0.0065667210146784782 0.0031106484238989651 0.0078354062570724636 0.010667940339772031 0.005204063396377025 0.014491873778752051 0.0044133656565463752
leaf_count=25 37 5 7 37 32 21 15 37 2 24 37 28 17 16 18 3 6 42 29 4 2 2 10 13 17 35 36
internal_value=0 0.00745837 0.0383045 -0.0122419 0.00542169 -0.0137441 -0.0301953 -0.00565592 -0.0337682 -0.00256458 0.024476 -0.0105835 0.00499665 -0.0384845 -0.0202572 0.0517779 -0.051549 -0.0668515 0.0667544 -0.0667507 -0.0667781 -0.0667278 0.0667204 -0.066711 0.066705 0.0667024 0.066689
internal_weight=0 0.223667 0.0548533 0.163195 0.0822612 0.0626758 0.0809335 0.0484257 0.0496577 0.168814 0.0386116 0.130202 0.0835485 0.046654 0.0524399 0.0478897 0.0389559 0.0234949 0.0363681 0.0325078 0.0132768 0.00671009 0.0272158 0.0196799 0.0193804 0.0218959 0.00961743
internal_count=557 307 107 250 144 112 106 52 75 200 96 104 63 41 46 102 54 48 95 54 46 44 92 50 82 72 53
is_linear=0
shrinkage=0.1


Tree=283
num_leaves=28
num_cat=0
split_feature=9 11 11 13 23 19 17 24 18 3 22 1 20 22 17 0 25 0 20 17 1 20 14 13 19 11 13
split_gain=0.00300667 0.0034995 0.00736547 0.00620449 0.00309864 0.00878472 0.00536971 0.00511983 0.00491923 0.00487305 0.00760708 0.00355789 0.00704142 0.00247958 0.0024013 0.00658413 0.00213074 0.00316954 0.00117484 0.00101872 0.000947814 0.000477545 0.00023724 0.000190954 6.30531e-10 5.14965e-11 4.34249e-12
threshold=391.33500000000009 368.00500000000005 366.08620000000002 246378.00000000003 0.015048552399531593 -0.74457486751067103 -0.89726374906816886 0.00060207406342127482 -4.4903603903600713 111093.10000000002 27.981932562013295 108404.35000000002 70.543941257476035 42.599894255524568 -0.56623833066780638 1761453000000.0002 0.026693590305451639 1761118200000.0002 66.706548439807875 -0.74050373905933431 111129.60000000002 75.733396512950961 110118.16545895055 168702.00000000003 -0.36846459923875419 394.15000000000003 146894.00000000003
decision_type=2 2 2 2 2 2 2 2 2 2 2 2 2 2 2 2 2 2 2 2 2 2 2 2 2 2 2
left_child=1 2 3 24 5 6 -3 18 -9 10 -10 16 22 -2 15 -7 17 -12 -6 -5 -8 -11 -13 -4 26 -15 -1
right_child=13 4 23 19 7 14 20 8 9 21 11 12 -14 25 -16 -17 -18 -19 -20 -21 -22 -23 -24 -25 -26 -27 -28
leaf_value=-0.066678304155709092 0.0073431434994133378 0.01557615484480405 -0.048336579170523003 0.012954520814937309 0.028783043310076997 0.062290590901526693 -0.035714816374272054 -0.02998791848546908 -0.032047054249661519 -0.026293994103331744 0.066731828225542189 0.066815636548798726 0.0080553215344949212 -0.066705076802921662 0.048861454234947865 -0.054128202428442643 -0.029441826397462546 -0.017692601330006937 0.066860882402386509 0.053905478913334852 -0.0667727996580008 -0.0061741507076774754 0.05389962450104259 -0.066775776439516779 -0.066732891584628834 -0.066691746018880865 -0.066672215839772286
leaf_weight=0.0023457078950741561 0.0072362586433882816 0.014847174415990594 0.0082049634147551842 0.011123470187385465 0.016224915314523969 0.0090842355784843676 0.016186720196856186 0.03366195361058999 0.024061572712525958 0.025171233068249421 0.0085336365518742241 0.032336720905732363 0.044074931414797902 0.0048378127066825982 0.020801973412744701 0.010441937778523425 0.013953938207123429 0.0092858069874637295 0.016186188004212454 0.013383974317548564 0.025005123479786562 0.022202170686796308 0.025384720262081828 0.017800469362555305 0.0031918448803480715 0.0072261480345332529 0.0023403201294058817
leaf_count=21 8 12 21 23 33 14 34 28 20 36 11 24 9 11 7 34 5 32 7 18 21 4 22 36 3 34 29
internal_value=0 0.00141698 -0.0213238 0.0105025 0.00503073 -0.0103711 -0.035984 0.010506 0.00544157 0.0112591 0.0197112 0.0290351 0.0381533 -0.0389371 0.0252199 3.37537e-05 -0.000177958 0.0227378 0.0477992 0.0353186 -0.0545683 -0.0168646 0.0611354 -0.060958 -0.0666986 -0.0666971 -0.0666753
internal_weight=0 0.425836 0.0583908 0.0323853 0.367445 0.0963672 0.056039 0.271078 0.238667 0.205005 0.157631 0.13357 0.101796 0.0193002 0.0403281 0.0195262 0.0317734 0.0178194 0.0324111 0.0245074 0.0411918 0.0473734 0.0577214 0.0260054 0.00787787 0.012064 0.00468603
internal_count=557 504 151 94 353 122 67 231 191 163 123 103 55 53 55 48 48 43 40 41 55 40 46 57 53 45 50
is_linear=0
shrinkage=0.1


Tree=284
num_leaves=31
num_cat=0
split_feature=9 2 4 2 10 14 23 1 19 23 14 1 14 20 20 14 25 20 20 23 19 20 1 0 2 14 19 20 25 19
split_gain=0.00392153 0.00381306 0.00588413 0.00401938 0.00520706 0.00377273 0.00456448 0.00377384 0.0039649 0.00889762 0.00615896 0.00506471 0.0050421 0.00359012 0.00286011 0.00203443 0.00145145 0.000784605 0.000651271 0.000720712 0.000376587 2.34215e-09 1.32555e-09 5.28988e-10 5.0385e-10 2.10728e-10 1.43625e-10 6.51285e-12 2.17752e-12 2.06466e-12
threshold=400.59750000000003 102252.05 1.1567500000000004 106032.90000000001 389.06000000000006 108181.91468090368 0.039774461051731276 108404.35000000002 -0.74457486751067103 0.012757516301438792 110834.030337652 109169.45000000001 111788.58888620559 47.00387052012416 51.765060482516631 111346.10934869912 0.013143079625616822 32.313832843217561 77.551237224398932 0.0095118594040815314 -0.47236470462235519 77.551237224398932 101959.85000000002 1760455800000.0002 106868.15000000001 103190.08883396095 -2.5892340004467882 29.657101541721399 0.019760723145580979 -0.7462428072204087
decision_type=2 2 2 2 2 2 2 2 2 2 2 2 2 2 2 2 2 2 2 2 2 2 2 2 2 2 2 2 2 2
left_child=1 -1 16 -4 5 13 7 -7 9 -9 11 -11 15 -5 -15 -10 22 -6 19 -14 -21 23 -3 -12 -19 -24 -25 -27 -28 -29
right_child=-2 2 3 4 17 6 -8 8 12 10 21 -13 18 14 -16 -17 -18 24 -20 20 -22 -23 25 26 -26 27 28 29 -30 -31
leaf_value=0.066695408780266752 0.066743968186081734 -0.066765251174388252 0.066822816158585971 0.066735903192767579 -0.024234648328790711 0.066739993944011006 -0.066734401986418376 0.061967731841305378 -0.013406415443784259 -0.0326369406290365 -0.06673371622339401 0.04031230285119141 0.066705848187561659 -0.055650782439484542 0.04006056145762673 -0.061643604613030881 0.0039041277003613768 -0.066730447668957873 0.066703673035350644 -0.066688114005276175 0.012331031889892218 -0.066789663677449818 -0.066701401015398204 -0.066707628958016227 -0.066688599066868956 -0.066678896946818639 -0.066675750467361794 -0.066674616716802845 -0.066670774029725322 -0.06667134378925442
leaf_weight=0.0081332338668289594 0.0090044653188670054 0.0022116482723504296 0.0091774066677317023 0.017122115197707899 0.0068880634335073401 0.008608724398072809 0.010191339404627797 0.024388498088228516 0.014788121647143271 0.016396087419707328 0.0038722602184861898 0.022685107402139693 0.0015073782706167549 0.0057429550251981709 0.0068415987298067193 0.02139016899809576 0.0035264794751128639 0.0049685788399074227 0.0048832017346285284 0.001043606815755993 0.0014288959184796113 0.0051212628604844221 0.004082580979229534 0.0018893451242547607 0.0068343279358487052 0.0026356646849308163 0.0019435385652286632 0.0042898125291230818 0.001605724066394032 0.0034999460544895564
leaf_count=18 13 1 4 26 12 8 18 15 32 14 3 32 2 12 31 19 6 4 7 33 16 2 12 7 36 12 19 46 31 66
internal_value=0 -0.000541409 -0.00303203 0.00218541 -0.000934407 0.00452953 -0.00226148 0.00273324 -0.00174864 0.0119065 -0.0109087 0.00970725 -0.025366 0.0369324 -0.00361726 -0.0419263 -0.0543965 -0.0510544 0.0422316 0.012205 -0.0210218 -0.0667353 -0.0666931 -0.0667055 -0.0667062 -0.0666821 -0.0666854 -0.0666746 -0.0666735 -0.0666731
internal_weight=0 0.227698 0.219564 0.199318 0.190141 0.17145 0.141743 0.131552 0.122943 0.0779018 0.0535133 0.0390812 0.0450414 0.0297067 0.0125846 0.0361783 0.0202461 0.018691 0.00886308 0.00397988 0.0024725 0.0144321 0.0167197 0.00931087 0.0118029 0.014508 0.00543861 0.0104254 0.00354926 0.00778976
internal_count=557 544 526 383 379 327 258 240 232 123 108 46 109 69 43 51 143 52 58 51 49 62 137 60 40 136 57 124 50 112
is_linear=0
shrinkage=0.1


Tree=285
num_leaves=31
num_cat=0
split_feature=11 14 17 10 0 22 13 14 23 23 14 13 25 14 25 14 1 1 4 10 1 20 23 14 16 19 22 23 14 17
split_gain=0.0033385 0.00646954 0.00534595 0.00811462 0.00442944 0.00878219 0.00847393 0.00669352 0.0111132 0.00498462 0.0043033 0.00460002 0.00524061 0.00458413 0.00740127 0.00261778 0.00191189 0.0016265 4.84269e-08 1.49715e-08 1.11218e-08 6.06431e-09 2.82266e-09 1.67246e-09 1.85055e-09 7.82613e-10 4.67374e-10 1.24283e-10 4.31917e-11 3.80778e-12
threshold=377.43620000000004 109984.94939002475 -0.80925291542062128 361.64500000000004 1760967000000.0002 72.970678794610919 607908.00000000012 111223.22908892953 0.015845712109855175 0.014034471553028274 109183.43156771226 228421.00000000003 0.010673365654857282 108306.73387963064 0.011142725009701334 109768.95364818138 103850.15000000001 111481.90000000001 1.1621500000000002 382.31500000000005 109767.85000000002 70.212885316469567 0.022411454699425602 109183.43156771226 393.84500000068431 -0.42836874539038733 69.207614645439961 0.016264154873293472 111727.26570181617 -0.58513890031070559
decision_type=2 2 2 2 2 2 2 2 2 2 2 2 2 2 2 2 2 2 2 2 2 2 2 2 2 2 2 2 2 2
left_child=1 10 -3 -4 5 6 -2 21 18 -8 11 12 16 14 -13 -12 -1 19 28 -11 -5 26 25 24 -21 27 -6 -22 -9 -29
right_child=4 2 3 20 7 -7 9 8 -10 17 15 13 -14 -15 -16 -17 -18 -19 -20 23 22 -23 -24 -25 -26 -27 -28 29 -30 -31
leaf_value=-0.025550624950050872 0.062190336458098142 -0.0032162792759805395 -0.056250581329081763 0.066833098229598251 -0.066688408439610825 0.066746862033210314 0.028273144429553296 -0.066684065949563789 0.03379542113529601 -0.066926793301057136 -0.061493766908344211 0.035884820203967431 -0.06679381334812183 0.041135730551572748 -0.066741973911732519 -0.0094862799107185772 0.066682007213518468 -0.022905716153517195 -0.06702081956728527 -0.066672679369873394 0.066696221527824326 -0.066798755311195598 0.066771740784072817 -0.066795297593617686 -0.066782572843301927 0.066732239486695516 -0.066720963626604707 0.066673468419855567 -0.066697104902053592 0.066679143543636216
leaf_weight=0.0038520021516887937 0.01168941804280621 0.029569485403953877 0.0061566565418615929 0.014452878123847768 0.0082411125658836681 0.017579487301190966 0.010308941051334841 0.0051051780210400466 0.028004435240291059 0.009485915070399642 0.018455855084539508 0.015156581632254529 0.015556687609205255 0.039210236660437658 0.013101787291816436 0.020350054677692242 0.005395494656113442 0.013391121290624142 0.0078844670206308365 0.003274524046901206 0.0076366525263438217 0.011630076682195067 0.0086222985883068759 0.0071138815255835652 0.0028801233711419627 0.0059748693911387827 0.0094856730866013095 0.0028802936249121541 0.0050569382838148158 0.0020054761189385335
leaf_count=17 37 25 2 6 37 32 21 25 7 2 18 30 20 18 22 22 28 5 1 42 29 4 15 3 2 9 13 36 19 10
internal_value=0 0.00725007 0.0301953 0.0508946 -0.0122721 0.00481196 -0.0139137 -0.0294276 -0.00563981 -0.0330639 -0.00628097 0.00546927 -0.0313548 0.0190073 -0.0116973 -0.0342207 0.0282629 -0.0505576 -0.0668348 -0.0668309 0.0667622 -0.0667426 0.0667245 -0.0667623 -0.0667241 0.0667025 -0.0667058 0.0666883 -0.0666906 0.0666758
internal_weight=0 0.208377 0.0772986 0.0477291 0.151131 0.0757234 0.0581439 0.0754079 0.046051 0.0464545 0.131079 0.0922728 0.0248042 0.0674686 0.0282584 0.0388059 0.0092475 0.0361456 0.0180466 0.0227544 0.0415725 0.0293569 0.0271196 0.0132685 0.00615465 0.0184973 0.0177268 0.0125224 0.0101621 0.00488577
internal_count=557 307 132 107 250 144 112 106 52 75 175 135 65 70 52 40 45 54 45 49 105 54 99 47 44 84 50 75 44 46
is_linear=0
shrinkage=0.1


Tree=286
num_leaves=22
num_cat=0
split_feature=13 11 11 13 0 9 13 23 10 23 1 9 2 2 11 19 12 9 17 19 19
split_gain=0.00284216 0.00311791 0.00660356 0.00555879 0.00354068 0.0081691 0.00368681 0.00316184 0.00433782 0.00603426 0.00475563 0.00452676 0.00341581 0.00695285 0.00313735 0.00270952 0.00269101 0.000270888 0.000217733 4.22263e-10 3.60977e-12
threshold=2363254.5000000005 368.00500000000005 366.08620000000002 246378.00000000003 1762047000000.0002 369.82250000000005 59757.500000000007 0.0077614948901407474 382.31500000000005 0.019169665364389136 108849.85000000002 391.54000000000008 112327.00000000001 109437.90000000001 377.48750000000001 -2.1184948684968665 381.18000000000006 378.11500000000007 -0.71556641127186316 -0.36846459923875419 -0.69598676540535376
decision_type=2 2 2 2 2 2 2 2 2 2 2 2 2 2 2 2 2 2 2 2 2
left_child=1 2 3 19 5 -3 -7 -8 12 10 -10 -11 13 -9 -15 -6 -2 -16 -4 20 -1
right_child=16 4 18 -5 15 6 7 8 9 11 -12 -13 -14 14 17 -17 -18 -19 -20 -21 -22
leaf_value=-0.066671606666286229 -0.066730421280026431 0.066409614028598712 -0.046660805454337206 0.035777756396226101 0.0082890050505772025 -0.03825188148714783 -0.026636247549258498 -0.0054482619221204766 0.0024147456631726412 0.059043084636318813 -0.066852032719309493 -0.022957250696196405 -0.0036732298891010949 0.020215270340725785 0.052019354264377093 -0.066791440240342906 -0.0076270363081119277 0.066846725226959211 -0.066798197004067403 -0.066724617068104439 -0.06667752533253378
leaf_weight=0.0022425673887482836 0.011711632372680469 0.022587975883652689 0.0082814367769969977 0.022287822438329385 0.0083010353555437177 0.019315452052978799 0.025269713394663995 0.041684483836434083 0.018019627936155302 0.016216586031077895 0.022029613222002808 0.011510805419675307 0.047812014981900575 0.031912855243717786 0.021953124392894097 0.011418149811106559 0.022509838649057201 0.028083748700737488 0.015269114935335892 0.002793789331917651 0.0019065021588176023
leaf_count=29 28 37 18 34 5 27 15 27 35 25 28 28 34 18 22 39 29 20 35 3 21
internal_value=0 0.00223801 -0.0203104 0.0114386 0.00588745 0.00853083 0.00392433 0.00700438 0.0105579 -0.0108591 -0.0356864 0.0250013 0.0190246 0.0278023 0.0447155 -0.0351854 -0.027854 0.0603414 -0.059717 -0.0666946 -0.0666743
internal_weight=0 0.378896 0.0527812 0.0292307 0.326115 0.306396 0.283808 0.264493 0.239223 0.0677766 0.0400492 0.0277274 0.171446 0.123634 0.0819497 0.0197192 0.0342215 0.0500369 0.0235506 0.00694286 0.00414907
internal_count=557 500 140 87 360 316 279 252 237 116 63 53 121 87 60 44 57 42 53 53 50
is_linear=0
shrinkage=0.1


Tree=287
num_leaves=31
num_cat=0
split_feature=10 2 4 2 10 14 23 1 23 20 14 1 2 23 20 13 20 22 20 1 20 20 25 1 19 19 22 17 20 19
split_gain=0.00336816 0.00348459 0.00525078 0.00325108 0.00455451 0.00350315 0.00422507 0.00343602 0.00345897 0.00321195 0.00308528 0.00589067 0.00434174 0.00491993 0.00250869 0.00142238 0.000645849 2.46709e-09 1.6156e-09 1.12362e-09 3.15624e-10 2.48993e-10 1.56263e-10 1.038e-10 3.51409e-10 8.51037e-11 4.16855e-11 7.86703e-12 3.86783e-12 2.565e-12
threshold=401.94875000000008 102252.05 1.1567500000000004 106032.90000000001 389.06000000000006 108181.91468090368 0.039774461051731276 108404.35000000002 0.0077614948901407474 47.00387052012416 109183.43156771226 111382.10000000002 111462.45000000001 0.01358789534009514 52.549632204723814 19551.500000000004 32.313832843217561 7.4789304389199893 82.045666619448852 101959.85000000002 47.967607043840431 71.783825578886933 0.010750390047074608 111547.05000000002 -2.7899643710668429 -2.2987032485833678 71.507547039172053 -0.88662704200710929 29.657101541721399 -0.66361830531778321
decision_type=2 2 2 2 2 2 2 2 2 2 2 2 2 2 2 2 2 2 2 2 2 2 2 2 2 2 2 2 2 2
left_child=1 -1 15 -4 5 9 7 -7 -9 -5 -10 17 -13 -14 -11 -3 -6 -12 20 -17 -15 26 28 -22 -25 -26 27 -19 -21 -30
right_child=-2 2 3 4 16 6 -8 8 10 14 11 12 13 18 -16 19 -18 21 -20 22 23 -23 -24 24 25 -27 -28 -29 29 -31
leaf_value=0.066693322296463339 0.060285250684520002 0.005780129956970098 0.066821404445540702 0.066730768750356884 -0.025817908735741982 0.066731999595639621 -0.066730275927731716 0.030697099023056756 0.01718995971802929 -0.048436506930704726 -0.066764504875037642 0.067006550490848901 0.012609125340259379 -0.06667044136584109 0.043215334804299045 -0.066761770777220689 -0.066703021346016064 -0.0666811537803291 -0.06679435971976376 -0.066677799979297112 -0.066732172445493329 -0.06670838165237962 -0.066695986324448772 -0.066744352630282847 -0.066704861669370327 -0.066671870533181743 -0.066689996149291553 -0.066672457044753122 -0.066673906077075795 -0.066669031188136677
leaf_weight=0.0074233941195416256 0.0095017054700292647 0.0032936229927145169 0.0074378150166012338 0.015627399527147645 0.0062776337836112353 0.0078362251515500247 0.0094499386900679383 0.025562613507645437 0.026948828948661685 0.0059128485809196718 0.007243924541398882 0.0075699477456510058 0.02104911305650603 0.0017577897665432838 0.0060344414905557642 0.0021337806247174749 0.010047698501693958 0.0014995526980783325 0.002862039953470231 0.0019275659542472567 0.0029418785125017166 0.0055917885692906575 0.0056854171555187349 0.0017438479699194423 0.0015602557687088838 0.0015673805899041344 0.0030629177026639809 0.0033952539633901324 0.0040046361500571948 0.0014775772779103136
leaf_count=18 17 12 3 26 11 8 18 15 17 16 4 1 23 44 27 1 38 8 1 10 2 10 33 1 2 47 10 47 44 43
internal_value=0 -0.000591778 -0.00307056 0.00206536 -0.00067837 0.00447942 -0.00230933 0.00267273 -0.00171688 0.0368893 -0.0110484 -0.023353 -0.00138849 -0.0168518 -0.0021442 -0.0538073 -0.0509813 -0.0667174 -0.0667284 -0.0666945 -0.0667087 -0.0666922 -0.0666835 -0.0667173 -0.0667084 -0.0666883 -0.0666808 -0.0666751 -0.0666739 -0.0666726
internal_weight=0 0.208927 0.201504 0.182981 0.175543 0.159218 0.131643 0.122193 0.114357 0.0275747 0.0887945 0.0618457 0.0410523 0.0334823 0.0119473 0.0185226 0.0163253 0.0207934 0.0124332 0.015229 0.00957115 0.0135495 0.0130952 0.00781336 0.00487148 0.00312764 0.00795772 0.00489481 0.00740978 0.00548221
internal_count=557 540 522 379 376 327 258 240 232 69 217 200 121 120 43 143 49 79 97 131 96 75 130 52 50 49 65 55 97 87
is_linear=0
shrinkage=0.1


Tree=288
num_leaves=30
num_cat=0
split_feature=11 14 17 9 17 2 11 23 14 11 14 13 25 14 25 3 2 12 18 19 1 19 23 20 19 23 0 17 20
split_gain=0.00300711 0.00569746 0.00492444 0.0081294 0.00394211 0.0105158 0.00775193 0.00467702 0.00439922 0.0073466 0.00380237 0.00421359 0.00474817 0.00413169 0.00662102 0.0019306 0.00174211 0.00158509 1.90341e-08 8.54174e-09 8.25632e-09 2.8766e-09 2.20977e-09 1.60758e-09 5.2402e-10 8.9544e-11 3.47316e-11 2.63206e-12 5.38086e-13
threshold=377.43620000000004 109984.94939002475 -0.80925291542062128 358.90000000000003 -0.69823231577226019 112327.00000000001 385.23500000000007 0.019349682922865572 109238.41038100405 394.47500000000008 109183.43156771226 228421.00000000003 0.010673365654857282 108306.73387963064 0.011142725009701334 103381.35000000002 110110.10000000002 379.79500000000007 -0.24936069737989613 -1.1845795860360104 109767.85000000002 -1.050376347583722 0.022411454699425602 31.916409666840178 -0.42836874539038733 0.016264154873293472 1760880600000.0002 -0.58513890031070559 48.586215538509144
decision_type=2 2 2 2 2 2 2 2 2 2 2 2 2 2 2 2 2 2 2 2 2 2 2 2 2 2 2 2 2
left_child=1 10 -3 -4 5 6 17 18 9 21 11 12 15 14 -13 -1 -12 -2 19 -6 -5 -8 24 -23 25 -22 28 -27 -25
right_child=4 2 3 20 7 -7 8 -9 -10 -11 16 13 -14 -15 -16 -17 -18 -19 -20 -21 22 23 -24 26 -26 27 -28 -29 -30
leaf_value=-0.031538585642308457 -0.024778415138545618 -0.0029418886055884398 -0.066898058168471997 0.066817218081045307 -0.066848788363363762 0.063144453193800465 -0.066813410432251294 0.0018385905057677376 0.043067253837537393 0.066705987984887555 -0.056040673496394224 0.034118396753273265 -0.066786454701189268 0.039960202611233502 -0.066737548605406732 0.066680165654027887 -0.012240789158866325 -0.066826691467443675 -0.066932510059154265 -0.066687018635308487 0.066693308755277333 -0.06676947163051547 0.066762915154643665 -0.066673066875211434 0.066723056177782736 0.066672900156454426 -0.066687071714646953 0.066677896155360655 -0.066670346923121807
leaf_weight=0.0032985901852953248 0.014640113578934688 0.028279254529479658 0.0051703918725252143 0.013079692056635395 0.0054757922571297976 0.020102372329347418 0.0038845298222440752 0.016958061780314893 0.021740228832641151 0.0061333908670349038 0.017363181604196143 0.014293088073827676 0.014247081937355688 0.037354628555476665 0.011952169985306682 0.0050883779913419858 0.019037522302824073 0.023127883338020183 0.010337131356209284 0.0080808496350073256 0.006815923568865399 0.0029836125504516548 0.007874657658248907 0.0012553933574963594 0.0058686690681497575 0.0025661235176812607 0.0027481101860757917 0.0017901420069392788 0.0017290974756178912
leaf_count=17 34 25 1 6 7 24 10 26 27 15 32 30 20 18 22 28 8 12 4 36 29 5 15 13 10 36 7 10 30
internal_value=0 0.00704646 0.0294942 0.0507441 -0.0122143 -0.00136801 -0.0179428 -0.0383251 0.0124629 -0.0230522 -0.00603119 0.00540908 -0.0316448 0.0185959 -0.0118117 0.0280508 -0.0331334 -0.0505274 -0.0668303 -0.0667524 0.0667529 -0.0667418 0.0667191 -0.0667099 0.0666989 0.0666862 -0.066679 0.066675 -0.0666715
internal_weight=0 0.194079 0.0714449 0.0431656 0.139197 0.0983447 0.0782424 0.0408518 0.0404744 0.0187341 0.122635 0.0862339 0.0226341 0.0635999 0.0262453 0.00838697 0.0364007 0.037768 0.0238938 0.0135566 0.0379952 0.0126007 0.0249155 0.00871621 0.0170409 0.0111722 0.0057326 0.00435627 0.00298449
internal_count=557 307 132 107 250 177 153 73 107 80 175 135 65 70 52 45 40 46 47 43 106 65 100 55 85 75 50 46 43
is_linear=0
shrinkage=0.1


Tree=289
num_leaves=31
num_cat=0
split_feature=19 9 25 0 14 14 2 2 24 20 0 14 14 20 0 20 17 14 19 11 25 14 17 13 3 19 23 23 0 0
split_gain=0.00277013 0.00500858 0.00393092 0.00364508 0.00256218 0.00912479 0.00487728 0.00602019 0.00427624 0.00379765 0.00462329 0.00807671 0.00522872 0.00569704 0.00683267 0.00355408 0.00486499 0.00449553 0.00351476 0.00197329 0.00138625 0.000149483 9.67931e-06 8.4499e-09 5.75574e-09 5.46005e-10 3.06686e-10 5.74754e-11 5.32015e-11 8.35442e-12
threshold=-0.60236793939344768 358.90000000000003 0.011999510185262284 1761453000000.0002 114499.83086601036 111727.26570181617 111713.05000000002 111485.95000000001 0.0031029441560831428 69.855651612361328 1761193800000.0002 108306.73387963064 108181.91468090368 30.87132376185345 1760805000000.0002 43.887401138829752 -0.64969391087148887 109984.94939002475 -0.67510802782116075 380.65500000000003 0.010489198756603169 109322.27569916124 -0.74050373905933431 13838.000000000002 111571.20000000001 -0.44307482896154532 0.011250598258687345 0.017759366855919445 1761474600000.0002 1762057800000.0002
decision_type=2 2 2 2 2 2 2 2 2 2 2 2 2 2 2 2 2 2 2 2 2 2 2 2 2 2 2 2 2 2
left_child=4 -2 3 -3 5 6 7 8 9 10 11 12 13 -1 -15 16 -12 21 -19 -10 28 -17 -4 -24 -7 -25 -26 -28 -5 -30
right_child=1 2 22 20 -6 24 -8 -9 19 -11 15 -13 -14 14 -16 17 -18 18 -20 -21 -22 -23 23 25 26 -27 27 -29 29 -31
leaf_value=-0.06678081148756107 0.066900459309664123 0.066711991335353313 -0.061085397492655957 -0.066693657713137414 0.030654343345715138 -0.066813540707473459 0.044147864754454445 -0.053050191590143264 -0.066802727718186475 -0.015350936614146908 0.050421158729441896 -0.053361798502582186 0.066921484718272889 0.057486802268798071 -0.04002056258820752 0.054465891680005409 -0.066704131275428277 -0.014772493440042911 0.04230227929522197 -0.00057430391004370475 0.010454197230899295 0.066760177155250608 -0.066864990627372375 -0.06668310223868773 -0.066717614157303817 -0.066724518572857869 -0.066692579352019193 -0.066676662025552058 -0.066680848747924529 -0.066670370441787752
leaf_weight=0.010021304216934368 0.005223650485277175 0.0054233690898399809 0.003652492503533721 0.0025714934745337814 0.030017365756975778 0.0059509259099286274 0.027971317109404481 0.019627606541689602 0.011619437693752843 0.052534712785927695 0.0062466787858284087 0.022540827820193954 0.015500323846936226 0.018770884442346869 0.011644633226751466 0.017135749119915999 0.0082037303054676158 0.020538198294161703 0.022731605073204264 0.0073412898964306797 0.0038961753471085103 0.023387749166431604 0.0045225868598208754 0.0057252621782026818 0.0041650137281976649 0.0071688548505335365 0.0046663930843351409 0.0044146450832158735 0.0012310536403674632 0.0019924234381960559
leaf_count=8 1 7 12 5 9 3 15 24 29 32 14 24 3 31 34 13 26 27 13 22 10 30 3 37 4 19 10 42 4 46
internal_value=0 -0.0246347 -0.0378492 0.00106583 0.00273827 7.81718e-05 0.00441381 0.000264336 0.00448015 0.00825484 0.0152722 -0.00282489 0.0175398 -0.00138927 0.0201559 0.0297284 -0.0160728 0.0376269 0.0152115 -0.0411601 -0.0356711 0.0615614 -0.0657658 -0.0667474 -0.0667318 -0.0667061 -0.0666951 -0.0666848 -0.0666829 -0.0666744
internal_weight=0 0.0414074 0.0361837 0.0151145 0.34503 0.315013 0.295816 0.267845 0.248217 0.229256 0.176722 0.078478 0.0559371 0.0404368 0.0304155 0.0982437 0.0144504 0.0837933 0.0432698 0.0189607 0.00969115 0.0405235 0.0210692 0.0174167 0.019197 0.0128941 0.0132461 0.00908104 0.00579497 0.00322348
internal_count=557 144 143 72 413 404 345 330 306 255 223 100 76 73 65 123 40 83 40 51 65 43 71 59 59 56 56 52 55 50
is_linear=0
shrinkage=0.1


Tree=290
num_leaves=28
num_cat=0
split_feature=2 4 2 3 1 23 14 7 0 10 17 13 0 10 0 19 25 20 1 1 25 22 20 20 17 19 3
split_gain=0.002942 0.00521887 0.00312283 0.00449697 0.00396814 0.00382264 0.00729253 0.0043307 0.00456664 0.00648257 0.00811488 0.0041288 0.00164607 0.00131649 0.0011141 0.000969643 2.08879e-08 1.18392e-09 8.71222e-10 6.25439e-10 8.56167e-11 6.15649e-12 6.534e-12 2.60224e-12 1.51485e-12 6.13585e-13 9.1034e-14
threshold=102252.05 1.1567500000000004 106032.90000000001 106589.30000000002 108022.10000000002 0.020451001576856906 109183.43156771226 1.16415 1761431400000.0002 382.31500000000005 -0.51100073710274896 164881.50000000003 1761485400000.0002 365.59500000000008 1760826600000.0002 -0.74457486751067103 0.0038886593554498779 77.551237224398932 101959.85000000002 111433.95000000001 0.010750390047074608 1.545665110907237 28.191979058008823 29.657101541721399 -0.75822159328751593 -0.69322810716063399 103686.15000000001
decision_type=2 2 2 2 2 2 2 2 2 2 2 2 2 2 2 2 2 2 2 2 2 2 2 2 2 2 2
left_child=-1 13 -3 -4 14 6 -6 8 9 10 16 -7 -10 -2 -5 -13 -8 21 -15 -18 23 -9 -23 -20 26 -26 -25
right_child=1 2 3 4 5 11 7 17 12 -11 -12 15 -14 18 -16 -17 19 -19 20 -21 -22 22 -24 24 25 -27 -28
leaf_value=0.066691698523894963 0.0058068589525593611 0.06679856422819512 -0.060323911647521489 0.015115190278625526 0.066749493747359792 0.024731561376003682 -0.066907856202123805 -0.066682103406068047 0.06673330287414167 0.044859199534488373 0.026471164259503889 -0.066734728150152522 0.014102136023101123 -0.066752492299713126 0.066709468149750345 -0.027639468668840692 -0.066694615659508058 -0.066748000662819038 -0.066676332078723061 -0.066733627924183428 -0.066690874753114554 -0.066679318010136365 -0.06666932037714958 -0.066674125849755336 -0.066671918965844582 -0.066668570879269307 -0.066673038573658985
leaf_weight=0.0067953118996229014 0.0030620719262515186 0.007758384686894714 0.010868104898690945 0.0063032747748366083 0.01867791470431257 0.010667645777630241 0.0082464752485975588 0.0010032046502601588 0.012694122175162192 0.015377600957435789 0.014983444008976225 0.014214632663424709 0.011172545002864354 0.0019261569250375041 0.012455322175810579 0.011457498311301606 0.0087467256053059828 0.0054432307370007038 0.0020822855185542721 0.0077511054296337525 0.0044783468617879407 0.001031274237902835 0.0017855321675597224 0.0015566865167784272 0.0010364710915382602 0.0011599538638620288 0.0015238968771882355
leaf_count=18 6 4 20 22 22 25 2 5 15 19 7 38 31 1 34 23 35 3 12 14 33 6 71 17 13 38 23
internal_value=0 -0.000229447 0.00473223 0.00194686 0.00612412 0.00046083 0.00998452 -0.00203167 0.0055559 -0.0102697 -0.0316087 -0.0275583 0.0420954 -0.0534967 0.0493727 -0.0492865 -0.0667779 -0.0667181 -0.0666901 -0.0667129 -0.06668 -0.0666754 -0.066673 -0.0666733 -0.0666722 -0.0666702 -0.0666736
internal_weight=0 0.197464 0.180638 0.17288 0.162012 0.143253 0.106913 0.0882353 0.078972 0.0551054 0.0397278 0.0363398 0.0238667 0.0168259 0.0187586 0.0256721 0.0247443 0.00926324 0.0137638 0.0164978 0.0118376 0.00382001 0.00281681 0.00735929 0.00527701 0.00219642 0.00308058
internal_count=557 539 396 392 372 316 230 208 123 77 58 86 46 143 56 61 51 85 137 49 136 82 77 103 91 51 40
is_linear=0
shrinkage=0.1


Tree=291
num_leaves=27
num_cat=0
split_feature=14 18 17 13 14 23 3 19 10 1 0 20 25 25 9 3 3 1 23 17 20 13 11 0 22 0
split_gain=0.00558609 0.00577162 0.00572034 0.00413666 0.00225769 0.00711874 0.00603849 0.00504731 0.00479201 0.00386335 0.00511638 0.00445622 0.0033553 0.00272103 0.00252237 0.00250156 0.00217281 0.000895451 0.000593635 8.86555e-05 2.89169e-05 2.56369e-09 2.26786e-09 3.44176e-10 5.28419e-11 2.37142e-11
threshold=115012.61991691073 -1.7395783932988185 -0.65497988620966641 278753.50000000006 109839.00011609019 0.022411454699425602 109161.65000000001 -1.0404952379206278 380.39500000000004 108849.85000000002 1762349400000.0002 35.725144778862415 0.017771774351255144 0.018531396546030567 377.48000000000008 111060.60000000002 110960.40000000001 106874.25000000001 0.036463528829630325 -0.70945203810423596 46.675603159063265 1046250.5000000001 377.76500000000004 1761928200000.0002 22.465237203278623 1760880600000.0002
decision_type=2 2 2 2 2 2 2 2 2 2 2 2 2 2 2 2 2 2 2 2 2 2 2 2 2 2
left_child=1 4 19 -4 6 7 9 -6 14 10 11 13 -10 17 16 -14 -9 -1 20 -3 -13 23 24 25 -16 -22
right_child=-2 2 3 -5 5 -7 -8 8 12 -11 -12 18 15 -15 22 -17 -18 -19 -20 -21 21 -23 -24 -25 -26 -27
leaf_value=0.0087207401378580247 0.066935303583487885 -0.055537530669145976 -0.040408012356701377 0.038575762978564292 0.050830964981174134 0.061943131082271577 -0.058199447957369727 -0.044961785400181864 0.04602216810022404 0.035381943393711091 0.066723986259187212 -0.056789411759042709 -0.032353383410913629 -0.019791169622624914 -0.066675704895133761 0.021638652730361519 0.015765623728975914 0.063390521523737961 -0.026723053964080451 -0.066414671210998144 -0.066670336563842719 -0.066786253233529297 -0.06676182103986443 -0.066722059967812108 -0.06669158637123114 -0.06668532552997522
leaf_weight=0.0052215039322618395 0.011710669722560851 0.013311230815816089 0.012413970713168965 0.014234036265406758 0.017290791824052576 0.023530963246230385 0.019241716348915361 0.011698669524776051 0.018366753829468507 0.026725083800556604 0.0076095126678410443 0.0037687660678784587 0.018205220316303894 0.019939727899327409 0.0040783268759696512 0.016232802496233489 0.01186998806133488 0.0070294556526278029 0.00552808868815191 0.017144677211035741 0.0020018365594296483 0.0056812446709955111 0.0067230581771582374 0.0031078422907739878 0.0043082189586129971 0.002232833401649259
leaf_count=18 18 35 28 19 14 24 22 33 26 21 22 23 20 25 30 26 36 26 10 12 36 4 5 6 12 6
internal_value=0 -0.00347676 -0.032055 0.00178118 0.00331185 0.0120712 -0.00741004 0.00128243 -0.00808251 0.00358963 -0.0100878 -0.0208103 0.0115053 0.00299794 -0.0348244 -0.00690355 -0.0143774 0.0400896 -0.0551465 -0.0616606 -0.0645035 -0.0667358 -0.0667186 -0.0666968 -0.0666839 -0.0666782
internal_weight=0 0.297496 0.0571039 0.026648 0.240392 0.132305 0.108088 0.108774 0.091483 0.0888459 0.0621208 0.0545113 0.0528048 0.0321907 0.0386783 0.034438 0.0235687 0.012251 0.0223206 0.0304559 0.0167925 0.0130238 0.0151096 0.00734251 0.00838655 0.00423467
internal_count=557 539 94 47 445 226 219 202 188 197 176 154 72 69 116 46 69 44 85 47 75 52 47 48 42 42
is_linear=0
shrinkage=0.1


Tree=292
num_leaves=29
num_cat=0
split_feature=19 9 25 0 23 19 20 19 20 24 9 12 13 1 20 23 25 16 22 22 14 17 25 10 19 23 1 2
split_gain=0.00257584 0.00440853 0.00354745 0.00318728 0.00219428 0.00759976 0.00653843 0.00788425 0.00439709 0.00470351 0.00570037 0.0044995 0.00394501 0.00440758 0.00393631 0.00379355 0.00281262 0.00128432 0.00255169 0.00127566 6.41259e-05 1.1069e-05 7.41768e-09 4.32167e-09 3.97754e-10 5.25716e-11 2.75761e-11 1.76071e-11
threshold=-0.60236793939344768 358.90000000000003 0.011999510185262284 1761453000000.0002 0.015048552399531593 -0.70105994805808314 77.551237224398932 -2.7470827269662599 70.079028434801302 0.002805894346557813 386.02500000000003 389.56500000000011 1676637.0000000002 108266.85000000002 48.280181225751257 0.0069023629765078949 0.0038886593554498779 374.15500000046035 39.354245647846348 31.571261658106852 111346.10934869912 -0.74050373905933431 0.012989951170570752 386.48000000000008 -0.44307482896154532 0.033686469523837206 111817.25000000001 107108.85000000002
decision_type=2 2 2 2 2 2 2 2 2 2 2 2 2 2 2 2 2 2 2 2 2 2 2 2 2 2 2 2
left_child=4 -2 3 -3 5 15 7 -6 9 12 23 -12 13 14 -9 -1 20 18 -15 26 -17 -4 -23 25 -24 27 -5 -11
right_child=1 2 21 19 6 -7 -8 8 -10 10 11 -13 -14 17 -16 16 -18 -19 -20 -21 -22 22 24 -25 -26 -27 -28 -29
leaf_value=0.015777440403583174 0.066871182540877622 0.066707099704878328 -0.06041561043367303 -0.066674361969677784 -0.062279797669812315 0.045122408677543149 0.066762928795605955 -0.051579416584901741 -0.015222194852073476 -0.066687047527720353 0.058861976374624682 -0.018726236549139238 -0.01472922450291122 0.001386691615924497 0.033104319050250991 -0.057295521778217597 -0.0032514368353414626 0.060396136130309863 0.058651713163944998 0.010720190509674182 -0.066754531710070245 -0.066856276533345513 -0.066681162915400799 -0.066815599782912558 -0.066718427128058033 -0.066695532748644398 -0.066689022556094685 -0.066673825848483234
leaf_weight=0.012812823355488945 0.0045734862796962253 0.0047981841635191822 0.0033500117951916755 0.002704943861317588 0.017298990813287674 0.017050326463504462 0.017086593663407257 0.0094724501250311732 0.059528119356400566 0.0019584227575251134 0.012441022435268678 0.018722395330769359 0.018338667709031142 0.013973915058159037 0.013052257312665461 0.012384871501126327 0.01087798282969743 0.039120032026403351 0.017558534119416436 0.0036324327058991912 0.017011683972668834 0.0042420616373419753 0.0051957893660983228 0.0038086058084445549 0.0063835814471531211 0.0050917978951474652 0.0024406712327618152 0.0020736541091537219
leaf_count=6 1 7 12 34 19 16 4 16 38 15 16 39 15 20 25 34 24 31 27 25 14 1 39 3 19 18 6 33
internal_value=0 -0.0250966 -0.0379407 0.00117094 0.00266602 -0.0129612 0.00705858 0.00266971 0.00789218 0.0167344 -0.0109133 0.0122484 0.0276669 0.0360111 -0.00250824 -0.0316162 -0.0466939 0.0482915 0.0332742 -0.0346519 -0.0627694 -0.0656375 -0.0667431 -0.0667261 -0.0667017 -0.0666888 -0.0666813 -0.0666802
internal_weight=0 0.0373212 0.0327477 0.0135762 0.319663 0.0701377 0.249525 0.232439 0.21514 0.155612 0.0440959 0.0311634 0.111516 0.0931772 0.0225247 0.0530874 0.0402745 0.0706525 0.0315324 0.00877805 0.0293966 0.0191714 0.0158214 0.0129325 0.0115794 0.00912387 0.00514562 0.00403208
internal_count=557 144 143 72 413 94 319 315 296 258 124 55 134 119 41 78 72 78 47 65 48 71 59 69 58 66 40 48
is_linear=0
shrinkage=0.1


Tree=293
num_leaves=27
num_cat=0
split_feature=10 14 25 2 14 14 1 14 13 23 13 9 25 22 22 22 20 25 20 18 0 22 20 19 20 13
split_gain=0.00282752 0.00235124 0.00322458 0.00525036 0.00497203 0.005617 0.00352995 0.00562232 0.00317268 0.00310571 0.00366988 0.00156619 0.0032655 0.00124251 0.00101949 0.000927045 7.11691e-05 1.39249e-09 1.7212e-10 1.14963e-10 1.00275e-10 3.03397e-11 2.84734e-11 5.38633e-12 4.12677e-12 7.58243e-13
threshold=401.94875000000008 113701.65684135367 1.0000000180025095e-35 111606.60000000002 111619.89829137579 109183.43156771226 111382.10000000002 109105.7354387628 389445.50000000006 0.020692686971261604 1660146.0000000002 365.42000000000002 0.01933300229854833 56.087097377350879 63.67709142511368 7.4789304389199893 81.510392759368713 0.0063531602160872853 71.783825578886933 -0.24936069737989613 1760470200000.0002 71.188195004804456 73.557537649069175 -0.54523175505499999 64.809144372558279 188647.50000000003
decision_type=2 2 2 2 2 2 2 2 2 2 2 2 2 2 2 2 2 2 2 2 2 2 2 2 2 2
left_child=1 2 4 6 5 -1 7 8 11 -10 13 -4 14 -11 -13 -9 19 -5 21 -3 -19 24 23 -22 25 -17
right_child=-2 16 3 17 -6 -7 -8 15 9 10 -12 12 -14 -15 -16 18 -18 20 -20 -21 22 -23 -24 -25 -26 -27
leaf_value=0.06016845640717905 0.060045329430681485 -0.066690283622833621 0.066737883015440855 -0.066753271863763897 0.066738860063862274 -0.037781302150214954 0.050446880163926927 0.015174385009183534 0.031295024788614685 -0.066733467982195677 0.0089630880583071292 -0.066707475087169441 0.053349191202008955 -0.02047846915363627 0.0050015668444238284 -0.066672622358676589 -0.046410792542273524 -0.066706811140912994 -0.066701251797752728 -0.066724925883190345 -0.06666888490462454 -0.066684484355987811 -0.06669001830219283 -0.066677768905245058 -0.066678240249407383 -0.066669548664175182
leaf_weight=0.0091132083944103215 0.0079764341207919642 0.0021333786804689225 0.009060969423444476 0.0067777610966004431 0.017270671803998994 0.016373321345326985 0.01255381458759075 0.0015237386633089036 0.014864576664422202 0.014383119033482217 0.021212912499322556 0.0041237750037907972 0.010165095853153616 0.0097401301391073503 0.0038183937449502992 0.0025254086885979632 0.0031202635727822781 0.0018968183867400512 0.0052517726799123929 0.0017386683612130574 0.0014491193196590757 0.0047901825282679056 0.0015530942596342356 0.0012899618632218335 0.0012759631772496505 0.0011764559537823516
leaf_count=31 17 41 16 4 20 38 7 12 23 38 21 31 20 21 20 34 2 6 14 2 56 24 4 8 12 35
internal_value=0 -0.000804071 0.0015043 -0.00636098 0.0253138 -0.00275745 0.000359302 -0.00569185 0.00442998 -0.00837162 -0.0213773 0.0327964 0.0158119 -0.0480573 -0.0322316 -0.0591469 -0.0576493 -0.066722 -0.0666867 -0.0667058 -0.0666877 -0.0666788 -0.0666792 -0.0666731 -0.0666733 -0.0666716
internal_weight=0 0.179183 0.17219 0.129433 0.0427572 0.0254865 0.116466 0.103912 0.087369 0.0602007 0.0453362 0.0271682 0.0181073 0.0241232 0.00794217 0.0165435 0.00699231 0.0129668 0.0150198 0.00387205 0.00618899 0.00976801 0.00429218 0.00273908 0.00497783 0.00370186
internal_count=557 540 495 406 89 69 328 321 190 103 80 87 71 59 51 131 45 78 119 43 74 105 68 64 81 69
is_linear=0
shrinkage=0.1


Tree=294
num_leaves=29
num_cat=0
split_feature=0 2 0 14 23 17 3 23 11 11 20 19 23 11 18 25 25 17 14 1 14 23 0 10 1 3 13 20
split_gain=0.0027169 0.00527426 0.00505535 0.0052654 0.00719787 0.00504196 0.00786125 0.00745859 0.00662661 0.00785696 0.00530269 0.00484607 0.00471648 0.00294204 0.00261947 0.00222894 0.000591512 1.39168e-08 4.75788e-09 4.00754e-09 2.00049e-10 1.51213e-10 1.41301e-10 1.12954e-10 2.15653e-11 5.13492e-12 3.74397e-12 3.51125e-13
threshold=1762047000000.0002 103233.00000000001 1761928200000.0002 108306.73387963064 0.039774461051731276 -0.70197564775797539 111093.10000000002 0.022411454699425602 367.94370000000009 364.16060000000004 72.814712914500731 -0.64807323560557728 0.017598027614094677 394.32500000000005 -0.33200336512290668 0.01664794931439215 0.015578024707644673 -0.94723724818721811 108181.91468090368 112092.45000000003 103190.08883396095 0.044196404369203919 1762133400000.0002 364.19000000000005 108022.10000000002 103582.50000000001 216090.50000000003 51.125611024311269
decision_type=2 2 2 2 2 2 2 2 2 2 2 2 2 2 2 2 2 2 2 2 2 2 2 2 2 2 2 2
left_child=2 -2 3 13 5 6 7 10 9 -7 12 -10 -5 18 17 -13 -8 -3 21 -18 -19 24 -22 -21 26 -24 -1 -28
right_child=1 14 -4 4 -6 8 16 -9 11 -11 -12 15 -14 -15 -16 -17 19 20 -20 23 22 -23 25 -25 -26 -27 27 -29
leaf_value=-0.066676679164750702 -0.030737958517312744 0.066884620295785444 -0.066711893974876577 0.0067015449766007337 0.066750794125263746 -0.044504350141189003 0.036193370256551977 0.047166038250275252 -0.066795661037683737 0.066790705648245602 0.023442613488978213 0.025929699182245219 -0.060440970100569459 0.014736043127087898 -0.0028188469939883546 -0.039745692383949184 0.066780696379723795 0.066713282200741172 -0.066788835235343569 0.066702719168124952 0.066697434529381983 -0.06670228476859362 0.066678209856896847 0.066677328130642213 -0.066684475760717246 0.066672829992093757 -0.066671156607852833 -0.066669099268466259
leaf_weight=0.0012974521523574367 0.012338875370915048 0.0048721097409725163 0.012433469523784879 0.015659813099773601 0.016672889618348563 0.010972165960993152 0.0094104570343915839 0.02202364258482703 0.031338520217104815 0.015034982875476999 0.019856805753079243 0.01114619039799436 0.031521332248303224 0.005927059886744245 0.0074157405178993932 0.0096343715886177961 0.012009588321234332 0.0030497889983962549 0.007643773758900351 0.0028519505794974967 0.0050415519217494875 0.0030872240895405412 0.0035748811278608628 0.0045427827799358056 0.0019663686689455062 0.0035221149682911346 0.0022913354632692062 0.0013003453777855611
leaf_count=7 24 1 33 32 16 20 14 21 38 32 8 29 37 6 5 16 9 8 4 6 21 4 18 39 9 34 34 32
internal_value=0 0.0235742 -0.00456217 -0.00129048 0.00367414 -0.00169146 0.0113659 -0.00332322 -0.0213923 0.0198364 -0.0199102 -0.0419651 -0.0381558 -0.0461945 0.0479645 -0.004519 0.0567673 0.0667376 -0.0667295 0.066745 0.0666904 -0.0666839 0.0666846 0.0666871 -0.0666756 0.0666755 -0.0666721 -0.0666704
internal_weight=0 0.0398151 0.248623 0.236189 0.212675 0.196003 0.117876 0.0890616 0.0781262 0.0260071 0.067038 0.0521191 0.0471811 0.0235136 0.0274762 0.0207806 0.0288148 0.0200604 0.0175865 0.0194043 0.0151883 0.00994273 0.0121385 0.00739473 0.0068555 0.007097 0.00488913 0.00359168
internal_count=557 111 446 413 317 301 166 98 135 52 77 83 69 96 87 45 68 82 90 54 81 86 73 45 82 52 73 66
is_linear=0
shrinkage=0.1


Tree=295
num_leaves=29
num_cat=0
split_feature=19 9 25 0 9 22 0 0 20 14 14 14 0 14 14 14 20 0 25 20 17 13 11 19 13 0 2 22
split_gain=0.00225294 0.00417635 0.00305813 0.00285245 0.00201606 0.00468884 0.00294439 0.00360226 0.00482482 0.00349355 0.00563639 0.00784724 0.00836454 0.0034752 0.00795177 0.0039203 0.00506349 0.00578096 0.00111856 0.000223733 1.18495e-05 4.95154e-09 1.44864e-09 2.78207e-10 4.62745e-11 2.35154e-11 4.01558e-12 1.58105e-12
threshold=-0.60236793939344768 358.90000000000003 0.011999510185262284 1761453000000.0002 368.11500000000007 79.918281298474454 1761507000000.0002 1762036200000.0002 70.543941257476035 111619.89829137579 111459.3906045281 111177.78892755622 1761226200000.0002 108306.73387963064 109183.43156771226 108181.91468090368 30.87132376185345 1760805000000.0002 0.010489198756603169 50.563014074804791 -0.74050373905933431 13838.000000000002 367.14500000000004 -0.44307482896154532 354059.50000000006 1761474600000.0002 110999.90000000001 60.661918602306223
decision_type=2 2 2 2 2 2 2 2 2 2 2 2 2 2 2 2 2 2 2 2 2 2 2 2 2 2 2 2
left_child=4 -2 3 -3 5 22 9 8 19 10 11 12 13 15 -15 16 -6 -18 25 -8 -4 -22 24 -23 27 -5 -27 -1
right_child=1 2 20 18 6 -7 7 -9 -10 -11 -12 -13 -14 14 -16 -17 17 -19 -20 -21 21 23 -24 -25 -26 26 -28 -29
leaf_value=-0.066670088347631051 0.066860832808971982 0.066702050671158322 -0.059910727678499011 -0.066687338876510446 -0.066759352335502231 0.039032932169186657 0.049201032398877145 -0.016771732511046102 0.0037883017577509067 -0.038645384112964393 0.05008478903585481 -0.056258988552416858 0.066754421290390817 -0.066750195488233868 0.0069241040112199047 0.063475475235666309 0.056389466138474356 -0.039927682382452361 0.0079097048049790401 0.066629968066673886 -0.066831844249624239 -0.066679480016118231 -0.066757868170873272 -0.066712571018760047 -0.066687533965408066 -0.066669943622141778 -0.06667785974275442 -0.06667455928049075
leaf_weight=0.0016660916226101108 0.0043434523977339259 0.0041996181535068908 0.0031084226975508491 0.0019696132658282295 0.0089033287367783487 0.0064648536258573577 0.011828215880086645 0.019398736614675727 0.029660122934728861 0.022906190423782391 0.022111782789579593 0.024145969618984964 0.019199879083316773 0.023176409294137557 0.039820079418859677 0.012584057389176451 0.016658487684253487 0.0099556449040392181 0.00352499820291996 0.01952014542712277 0.003766647199881846 0.0045819547190149024 0.003561624227586436 0.0057028767669180525 0.0052047119859253144 0.0016703680705631996 0.0010396348334325012 0.0015058080352901015
leaf_count=30 1 7 12 5 10 4 29 25 9 37 10 21 30 35 34 5 31 34 10 22 3 37 4 19 27 44 6 16
internal_value=0 -0.0247011 -0.0381531 -0.000324679 0.00250123 -0.0295598 0.00460943 0.0207643 0.0326995 -0.00190293 0.00286401 -0.0038966 0.00580686 -0.00472606 -0.0201807 0.0155142 -0.0014788 0.0203598 -0.034633 0.0600538 -0.0654978 -0.0667338 -0.0667044 -0.0666978 -0.0666817 -0.066679 -0.066673 -0.0666722
internal_weight=0 0.0339076 0.0295641 0.0124042 0.298272 0.0184031 0.279869 0.0804072 0.0610085 0.199462 0.176556 0.154444 0.130298 0.111098 0.0629965 0.0481015 0.0355175 0.0266141 0.00820461 0.0313484 0.0171599 0.0140515 0.0119382 0.0102848 0.00837661 0.00467962 0.00271 0.0031719
internal_count=557 144 143 72 413 81 332 85 60 247 210 200 179 149 69 80 75 65 65 51 71 59 77 56 73 55 50 46
is_linear=0
shrinkage=0.1


Tree=296
num_leaves=28
num_cat=0
split_feature=10 2 4 2 10 1 16 14 1 19 2 25 17 17 25 13 22 0 1 10 4 14 23 20 19 25 23
split_gain=0.00266542 0.00275712 0.00401433 0.00260555 0.00373932 0.00264297 0.00406039 0.00519701 0.0056522 0.00423821 0.00635088 0.00374165 0.00229347 0.00477842 0.00106307 0.000491525 2.95603e-09 4.97626e-10 4.21823e-10 1.98715e-10 1.17243e-10 8.68465e-11 1.66673e-11 2.04806e-12 6.26804e-13 5.40452e-13 4.2284e-13
threshold=401.94875000000008 102252.05 1.1567500000000004 106032.90000000001 389.06000000000006 108395.00000000001 377.51999999819276 109183.43156771226 111272.25000000001 -0.70105994805808314 111895.45000000001 0.015536652044581756 -0.84785688798278935 -0.79193247183472981 0.013143079625616822 696128.00000000012 50.210018977209877 1760923800000.0002 101959.85000000002 377.25500000000005 1.1621500000000002 103190.08883396095 0.01866675518070882 29.657101541721399 -0.7462428072204087 0.010230500765522397 0.016114206676522989
decision_type=2 2 2 2 2 2 2 2 2 2 2 2 2 2 2 2 2 2 2 2 2 2 2 2 2 2 2
left_child=1 -1 14 -4 5 12 11 -8 17 10 -10 -7 -5 -14 18 -6 19 -9 -3 20 -13 -20 -19 -23 26 -26 -25
right_child=-2 2 3 4 15 6 7 8 9 -11 -12 16 13 -15 -16 -17 -18 22 21 -21 -22 23 -24 24 25 -27 -28
leaf_value=0.0666890902110467 0.05970435661199916 -0.066734565483413638 0.066788919977590316 0.066701575444225919 -0.027062908141291572 0.050636549383574127 0.066756433932930043 -0.066722718390332669 0.065515713040179141 -0.029241119101952557 -0.021787910062342056 -0.066709189764229168 -0.046973988410552621 0.051262707723859893 0.0044015665764469726 -0.066706347047308642 -0.066797499354684056 -0.066686904992337023 -0.066692629696504455 -0.066729955916659506 -0.066678669760078177 -0.066675244128371808 -0.066676694268875916 -0.066673513843246657 -0.066668917802695002 -0.066671932283135046 -0.066671150259063935
leaf_weight=0.0058091977261938146 0.0075648640631698063 0.0015247415285557517 0.005869125423487275 0.010775290355013567 0.0050350916339994009 0.0032982400443870566 0.011897745818714611 0.0057074208202720911 0.020352183702016191 0.018813282589235314 0.014108569195286691 0.0034027025449177017 0.0085967130326025654 0.011677385613438673 0.0025620724354666899 0.0082553336951605161 0.0069528791138964161 0.0034253816884302069 0.0029589566129288869 0.0030126501987979282 0.0019976240555479308 0.0017927437256730627 0.0029976936039020075 0.0014897401042617293 0.00144040411669266 0.0010130308323823556 0.0015386197410407476
leaf_count=18 17 1 3 30 28 4 13 13 15 29 36 10 29 22 6 21 27 19 12 7 50 12 23 15 49 17 31
internal_value=0 -0.000989122 -0.00343876 0.00151134 -0.00121927 0.00406151 -0.00414359 0.00596363 -0.0050952 0.0089325 0.0297728 -0.0460053 0.0294216 0.00960795 -0.0539672 -0.0516874 -0.0667493 -0.0667012 -0.0666855 -0.0667094 -0.0666979 -0.0666782 -0.0666821 -0.0666723 -0.0666714 -0.0666702 -0.0666723
internal_weight=0 0.166305 0.160496 0.146175 0.140306 0.127016 0.0959664 0.0773023 0.0654045 0.053274 0.0344608 0.0186641 0.0310494 0.0202741 0.0143203 0.0132904 0.0153659 0.0121305 0.0117582 0.00841298 0.00540033 0.0102335 0.00642308 0.00727454 0.00548179 0.00245343 0.00302836
internal_count=557 540 522 379 376 327 246 148 135 80 51 98 81 51 143 49 94 55 137 67 60 136 42 124 112 66 46
is_linear=0
shrinkage=0.1


Tree=297
num_leaves=27
num_cat=0
split_feature=14 18 17 19 14 23 3 19 10 23 1 0 20 25 13 9 3 3 23 9 20 12 13 1 22 19
split_gain=0.00463478 0.0046762 0.00498009 0.00356545 0.00202429 0.00574225 0.00543919 0.0040859 0.00415668 0.00471875 0.00295715 0.00426038 0.00371916 0.00263887 0.00329389 0.00221088 0.00167134 0.00102421 0.000580142 0.000106748 2.44242e-05 1.5866e-09 1.42226e-09 4.71467e-11 2.54404e-11 4.95379e-13
threshold=115012.61991691073 -1.7395783932988185 -0.65497988620966641 -2.4184235418562943 109839.00011609019 0.022411454699425602 109161.65000000001 -1.0404952379206278 380.39500000000004 0.019133827039977448 108849.85000000002 1762349400000.0002 35.725144778862415 0.019545333729833355 389445.50000000006 377.48000000000008 110960.40000000001 111001.65000000001 0.036802763039239787 377.48000000000008 46.675603159063265 378.63795000000005 746003.00000000012 108472.05000000002 22.465237203278623 -0.88367050394550084
decision_type=2 2 2 2 2 2 2 2 2 2 2 2 2 2 2 2 2 2 2 2 2 2 2 2 2 2
left_child=1 4 19 -4 6 7 10 -6 15 -10 11 12 13 14 -1 16 -9 -11 20 -3 -14 24 23 25 -17 -22
right_child=-2 2 3 -5 5 -7 -8 8 9 17 -12 -13 18 -15 -16 21 -18 -19 -20 -21 22 -23 -24 -25 -26 -27
leaf_value=-0.016176330978604627 0.066897593097818869 -0.053787252355370865 0.053425374768865434 -0.028235754202227428 0.049234826173405827 0.06163623915872788 -0.058434140174517014 -0.042835605795424662 0.062099604686766209 -0.025879793640107188 0.033732377773031584 0.066716615054691439 -0.057011144586410878 -0.042136477382101717 0.06671469128313165 -0.066674625579802513 0.015280758912679155 0.0092630400248883433 -0.023213360052957644 -0.066828027379727192 -0.066672653239882765 -0.066751414584687821 -0.066755028514799128 -0.066691438187429078 -0.06668648891958727 -0.066669704715462616
leaf_weight=0.0098677890928229317 0.0097872945793824329 0.010865757807550835 0.0086559806859440869 0.013985010416945443 0.015373624224594096 0.019509879934048513 0.017184786176585476 0.0097933384204225149 0.01342491836840054 0.016453268850455061 0.023080157825461356 0.0064965224319166728 0.0034189030911875315 0.0087629192585154669 0.0093234780852071708 0.0035603656942839734 0.010002561248711572 0.016721166519346298 0.0045259916005306869 0.014863494458040805 0.0010727039534685892 0.0056381771864835173 0.0061160668046795763 0.0022653460036963224 0.0036718670889968053 0.0012154292153354626
leaf_count=22 18 22 20 27 14 24 22 33 27 18 21 22 25 21 26 30 36 27 8 25 12 4 6 5 13 29
internal_value=0 -0.00322132 -0.031221 0.00298448 0.00330631 0.0122378 -0.00761751 0.00205431 -0.00709638 0.0120766 0.003851 -0.00914561 -0.0197287 0.00333223 0.0240937 -0.0344472 -0.0134703 -0.00816648 -0.0543604 -0.0613208 -0.0643666 -0.0667116 -0.0667235 -0.0666812 -0.0666806 -0.0666711
internal_weight=0 0.25585 0.0483702 0.022641 0.207479 0.114149 0.0933301 0.0946393 0.0792657 0.0465994 0.0761453 0.0530651 0.0465686 0.0279542 0.0191913 0.0326663 0.0197959 0.0331744 0.0186144 0.0257293 0.0140884 0.0128704 0.0106695 0.00455348 0.00723223 0.00228813
internal_count=557 539 94 47 445 226 219 202 188 72 197 176 154 69 48 116 69 45 85 47 77 47 52 46 43 41
is_linear=0
shrinkage=0.1


Tree=298
num_leaves=26
num_cat=0
split_feature=0 23 2 3 3 14 23 0 13 13 23 2 17 20 19 18 0 14 14 14 0 19 22 20 19
split_gain=0.00208443 0.00422365 0.00263457 0.00433592 0.00520688 0.00416979 0.00530848 0.00529984 0.00360465 0.00367621 0.00424335 0.00586583 0.00808833 0.00306893 0.00373061 0.00256334 0.0018497 0.00135268 0.00109857 9.32725e-10 1.31336e-10 1.06292e-10 1.56737e-10 3.0342e-11 4.10273e-12
threshold=1762057800000.0002 0.031677243174031207 106032.90000000001 106589.30000000002 107917.50000000001 109984.94939002475 0.022411454699425602 1761107400000.0002 1977083.5000000002 93119.500000000015 0.0077614948901407474 112327.00000000001 -0.70197564775797539 59.578323728898845 -0.79267973767857414 -0.85843836852627586 1760805000000.0002 109183.43156771226 109768.95364818138 108306.73387963064 1761010200000.0002 -2.1184948684968665 81.405885936029208 39.833070598645797 -0.76154374061759611
decision_type=2 2 2 2 2 2 2 2 2 2 2 2 2 2 2 2 2 2 2 2 2 2 2 2 2
left_child=2 21 -1 -4 16 7 8 -6 9 -7 -11 13 -13 14 -12 -14 -5 -9 -19 20 -18 -2 23 -23 -25
right_child=1 -3 3 4 5 6 -8 17 -10 10 11 12 15 -15 -16 -17 19 18 -20 -21 -22 22 -24 24 -26
leaf_value=-0.066765621491741312 -0.066711597216298005 0.03398002035017688 0.063525246193477589 0.0021897950227367674 -0.017058579831345302 -0.042412870036499045 -0.060119606094705492 0.019141810983186 -0.040012342293046316 -0.022994621975841512 -0.017627297944840033 -0.066842892997426392 -0.0042029757476361668 0.064867255496976584 0.063355017722167339 0.05440312682916161 -0.06670581977670291 0.066739776734624862 0.031389605626442503 -0.066745630637631045 -0.06668207225683602 -0.06668929001487077 -0.06671034214006076 -0.066679360925896533 -0.066672381185067034
leaf_weight=0.0054853609181009224 0.0032166070450330144 0.0062962006786619886 0.011434713693233789 0.0053016853489680207 0.022632751898527204 0.01361332738360943 0.015408660176035482 0.019514116684149485 0.018546826787769533 0.026748220157969627 0.013416281591162258 0.014326439226806542 0.015207233223463845 0.030640121287433431 0.009875940473648372 0.014655457202024991 0.0044083411585233989 0.020841686783569457 0.015204533963697031 0.005350817158614519 0.0049371066033927491 0.0029191444075422641 0.0027605355189734837 0.0014901012364134658 0.0019367569766473025
leaf_count=4 8 26 20 22 32 33 23 13 38 18 31 27 32 28 18 10 20 25 21 7 27 20 7 9 38
internal_value=0 -0.032652 0.00187317 0.003208 0.000659458 0.00457756 -0.00410816 0.0237321 0.001388 0.00693268 0.0123124 0.0219371 -0.00507441 0.0440689 0.0167093 0.0245586 -0.0484456 0.0403484 0.0518288 -0.0667123 -0.0666933 -0.066696 -0.0666905 -0.0666818 -0.0666754
internal_weight=0 0.0186193 0.28755 0.282064 0.27063 0.250632 0.172439 0.0781931 0.15703 0.138483 0.12487 0.0981215 0.0441891 0.0539323 0.0232922 0.0298627 0.019998 0.0555603 0.0360462 0.0146963 0.00934545 0.0123231 0.00910654 0.006346 0.00342686
internal_count=557 108 449 445 425 349 258 91 235 197 164 146 69 77 49 42 76 59 46 54 47 82 74 67 47
is_linear=0
shrinkage=0.1


Tree=299
num_leaves=30
num_cat=0
split_feature=17 14 25 2 14 17 1 2 9 22 20 25 14 19 14 17 3 22 20 14 25 13 2 0 19 22 20 19 19
split_gain=0.00237859 0.00194489 0.00283211 0.00443366 0.00421649 0.00456284 0.00285065 0.00373464 0.0051095 0.00315398 0.00340242 0.00208393 0.00189605 0.00096232 0.00119029 0.00254424 0.000384289 0.000119953 7.42121e-05 3.64979e-09 1.09917e-09 1.74148e-10 1.1557e-10 8.46153e-11 5.39179e-11 2.00188e-11 1.55334e-11 2.80929e-12 2.92786e-13
threshold=-0.46557138708034562 113701.65684135367 1.0000000180025095e-35 111606.60000000002 111619.89829137579 -0.68850445899985824 111382.10000000002 109376.85000000002 400.59750000000003 55.1194456813732 30.87132376185345 0.0098000298026045072 109183.43156771226 -0.88367050394550084 102366.31535390262 -0.51310085936301963 107550.25000000001 22.465237203278623 81.510392759368713 108397.46223255286 0.0063531602160872853 2898567.5000000005 111337.95000000001 1760455800000.0002 -2.6257899174079919 56.087097377350879 73.557537649069175 -0.54523175505499999 -0.76039291694688749
decision_type=2 2 2 2 2 2 2 2 2 2 2 2 2 2 2 2 2 2 2 2 2 2 2 2 2 2 2 2 2
left_child=1 2 4 6 5 12 7 9 17 10 -4 -12 -1 -11 -15 -16 21 -9 24 -19 -5 -13 25 -22 -3 28 27 -25 -21
right_child=-2 18 3 20 -6 -7 -8 8 -10 13 11 16 -14 14 15 -17 -18 19 -20 22 23 -23 -24 26 -26 -27 -28 -29 -30
leaf_value=0.06668875092603474 0.055604058896860764 -0.066714339553810231 0.020268104347630947 -0.066746983616886441 0.066724064902133826 -0.066828075520857746 0.04864748791672658 -0.040672081492210264 0.066691789445636418 0.063403725697558519 0.0093269580719495173 -0.066685060565805296 -0.0058265878615350259 0.06670669752968858 -0.066683871137295292 0.056384599585320529 -0.036340228605202161 -0.066805734882698614 -0.044525134911238669 -0.066672231253409833 -0.066705084980269821 -0.06671206546081522 -0.066699333267894831 -0.066668652161873468 -0.066688861261723298 -0.066681849782896957 -0.066685235463919065 -0.066675502838147688 -0.066670037460825296
leaf_weight=0.0071236929634324042 0.0077309462085395344 0.0016198441735468805 0.021958951994747622 0.0060780348139815032 0.014632991078542545 0.0073480938472130211 0.010650413409166504 0.0019883911245415211 0.003595707574277184 0.0090924002124666004 0.0076859448590766979 0.0048245466787193436 0.0073012744660445605 0.0034103778634744231 0.0033971689927057014 0.0033229690670850687 0.0073994604554172829 0.0031160563230514518 0.0027633550635073334 0.0015087285316894832 0.0013812931720167398 0.00472838687710464 0.0039976536854737796 0.0014422297281271312 0.0017047265158680594 0.0064303572553399135 0.0012349231069492816 0.0010233074908683193 0.0010194126120950404
leaf_count=29 18 2 33 4 20 19 7 22 12 20 21 36 21 8 33 9 11 1 2 26 2 5 19 60 41 39 4 8 25
internal_value=0 -0.00125914 0.00105481 -0.00699228 0.0252113 -0.0026882 -0.00019976 -0.006147 -0.0421689 0.005705 -0.0083548 -0.033865 0.0299847 0.0397866 0.0185897 -0.00582906 -0.0534475 -0.0638421 -0.0566354 -0.0667086 -0.0667183 -0.0666984 -0.0666852 -0.066684 -0.0667013 -0.0666789 -0.0666761 -0.0666715 -0.0666713
internal_weight=0 0.151781 0.145693 0.109287 0.0364061 0.0217731 0.0981269 0.0874765 0.0216563 0.0658202 0.0465973 0.0246383 0.014425 0.0192229 0.0101305 0.00672014 0.0169524 0.0180606 0.00608793 0.0160722 0.0111598 0.00955293 0.0129562 0.00508175 0.00332457 0.0089585 0.00370046 0.00246554 0.00252814
internal_count=557 539 494 405 89 69 327 320 144 176 106 73 50 70 50 42 52 132 45 110 78 41 109 74 43 90 72 68 51
is_linear=0
shrinkage=0.1


end of trees

feature_importances:
btc_close_kalman=725
btc_rsi=692
btc_timestamp=663
btc_volatility=632
btc_hurst=503
gld_volatility=486
btc_open=423
btc_high=421
gld_volume=394
gld_hurst=391
eur_hurst=384
gld_rsi=345
btc_low=306
gld_open=302
gld_low=273
eur_volatility=176
gld_high=175
eur_open=130
gld_close=125
gld_close_kalman=79
eur_close=33
eur_high=17
eur_close_kalman=17
eur_low=11
eur_rsi=5

parameters:
[boosting: gbdt]
[objective: multiclass]
[metric: multi_logloss]
[tree_learner: serial]
[device_type: cpu]
[data_sample_strategy: bagging]
[data: ]
[valid: ]
[num_iterations: 100]
[learning_rate: 0.1]
[num_leaves: 31]
[num_threads: 4]
[seed: 0]
[deterministic: 0]
[force_col_wise: 0]
[force_row_wise: 0]
[histogram_pool_size: -1]
[max_depth: -1]
[min_data_in_leaf: 20]
[min_sum_hessian_in_leaf: 0.001]
[bagging_fraction: 1]
[pos_bagging_fraction: 1]
[neg_bagging_fraction: 1]
[bagging_freq: 0]
[bagging_seed: 3]
[feature_fraction: 1]
[feature_fraction_bynode: 1]
[feature_fraction_seed: 2]
[extra_trees: 0]
[extra_seed: 6]
[early_stopping_round: 0]
[early_stopping_min_delta: 0]
[first_metric_only: 0]
[max_delta_step: 0]
[lambda_l1: 0]
[lambda_l2: 0]
[linear_lambda: 0]
[min_gain_to_split: 0]
[drop_rate: 0.1]
[max_drop: 50]
[skip_drop: 0.5]
[xgboost_dart_mode: 0]
[uniform_drop: 0]
[drop_seed: 4]
[top_rate: 0.2]
[other_rate: 0.1]
[min_data_per_group: 100]
[max_cat_threshold: 32]
[cat_l2: 10]
[cat_smooth: 10]
[max_cat_to_onehot: 4]
[top_k: 20]
[monotone_constraints: ]
[monotone_constraints_method: basic]
[monotone_penalty: 0]
[feature_contri: ]
[forcedsplits_filename: ]
[refit_decay_rate: 0.9]
[cegb_tradeoff: 1]
[cegb_penalty_split: 0]
[cegb_penalty_feature_lazy: ]
[cegb_penalty_feature_coupled: ]
[path_smooth: 0]
[interaction_constraints: ]
[verbosity: 1]
[saved_feature_importance_type: 0]
[use_quantized_grad: 0]
[num_grad_quant_bins: 4]
[quant_train_renew_leaf: 0]
[stochastic_rounding: 1]
[linear_tree: 0]
[max_bin: 255]
[max_bin_by_feature: ]
[min_data_in_bin: 3]
[bin_construct_sample_cnt: 200000]
[data_random_seed: 1]
[is_enable_sparse: 1]
[enable_bundle: 1]
[use_missing: 1]
[zero_as_missing: 0]
[feature_pre_filter: 1]
[pre_partition: 0]
[two_round: 0]
[header: 0]
[label_column: ]
[weight_column: ]
[group_column: ]
[ignore_column: ]
[categorical_feature: ]
[forcedbins_filename: ]
[precise_float_parser: 0]
[parser_config_file: ]
[objective_seed: 5]
[num_class: 3]
[is_unbalance: 0]
[scale_pos_weight: 1]
[sigmoid: 1]
[boost_from_average: 1]
[reg_sqrt: 0]
[alpha: 0.9]
[fair_c: 1]
[poisson_max_delta_step: 0.7]
[tweedie_variance_power: 1.5]
[lambdarank_truncation_level: 30]
[lambdarank_norm: 1]
[label_gain: ]
[lambdarank_position_bias_regularization: 0]
[eval_at: ]
[multi_error_top_k: 1]
[auc_mu_weights: ]
[num_machines: 1]
[local_listen_port: 12400]
[time_out: 120]
[machine_list_filename: ]
[machines: ]
[gpu_platform_id: -1]
[gpu_device_id: -1]
[gpu_use_dp: 0]
[num_gpu: 1]

end of parameters

pandas_categorical:[]
