tree
version=v4
num_class=3
num_tree_per_iteration=3
label_index=0
max_feature_idx=11
objective=multiclass num_class:3
feature_names=sentiment_score btc_close_kalman eur_close_kalman gld_close_kalman btc_close_hurst eur_close_hurst gld_close_hurst sentiment_x_hurst is_high_impact_event event_x_hurst btc_volatility sentiment_adjusted_by_vol
feature_infos=none none [1.0390300000000001:1.5995999999999999] none none none none none none none none none
tree_sizes=245 675 686 227 798 787 227 691 688 227 803 794 228 1351 1336 228 1367 1346 228 921 908 228 586 579 228 807 802 228 1136 1123 228 1136 1451 228 580 579 228 1463 1446 228 1141 798 228 694 691 228 578 685 228 700 581 228 582 581 228 1024 1013 228 807 796 228 584 583 228 1026 1015 228 809 798 228 806 801 228 1027 1016 228 588 581 228 921 914 228 580 577 228 815 804 228 695 692 228 578 575 228 587 580 228 692 689 228 1025 1014 229 698 689 229 696 693 229 690 685 229 700 691 229 698 695 229 1032 1021 229 706 697 229 474 475 229 809 802 229 707 698 229 810 805 229 584 581 229 594 587 229 703 700 229 923 914 229 822 811 229 813 808 229 816 809 229 594 587 229 699 696 229 813 806 229 711 702 229 589 588 229 810 803 229 595 588 229 818 813 229 703 698 229 714 705 229 926 919 229 817 810 229 714 705 229 702 699 229 820 813 229 603 596 229 588 587 229 708 703 229 714 705 229 707 704 229 594 591 229 947 934 229 591 590 229 1053 1042 229 717 708 229 706 703 229 936 927 229 605 598 229 594 593 229 1170 1157 229 718 709 229 592 591 229 942 933 229 838 827 229 709 706 229 824 817 229 724 715 229 479 480 229 709 704 229 605 598 229 595 594 229 608 601 229 600 597 229 490 485 229 484 483 229 609 602 229 488 487 229 610 603

Tree=0
num_leaves=1
num_cat=0
split_feature=
split_gain=
threshold=
decision_type=
left_child=
right_child=
leaf_value=-34.538776391283193
leaf_weight=
leaf_count=134429
internal_value=
internal_weight=
internal_count=
is_linear=0
shrinkage=1


Tree=1
num_leaves=5
num_cat=0
split_feature=2 2 2 2
split_gain=17.2663 3695.06 1.77636e-15 8.88178e-16
threshold=1.269300000000001 1.271600000000001 1.2520874853152588 1.5835357409455753
decision_type=2 2 2 2
left_child=2 -2 -1 -3
right_child=1 3 -4 -5
leaf_value=-8.6640769135710052 -0.89671651744382519 -8.6640769135710052 -8.6640769135710052 -8.6640769135710052
leaf_weight=17.666782377229541 0.15449264089693571 17.043189031217484 1.0134395940985985 0.11566866701468725
leaf_count=65982 577 63653 3785 432
internal_value=-8.63074 -8.59477 -8.66408 -8.66408
internal_weight=35.9936 17.3134 18.6802 17.1589
internal_count=134429 64662 69767 64085
is_linear=0
shrinkage=1


Tree=2
num_leaves=5
num_cat=0
split_feature=2 2 2 2
split_gain=17.2663 3695.06 1.77636e-15 8.88178e-16
threshold=1.269300000000001 1.271600000000001 1.2520874853152588 1.5835357409455753
decision_type=2 2 2 2
left_child=2 -2 -1 -3
right_child=1 3 -4 -5
leaf_value=0.033160737469318489 -7.7341996586578627 0.033160737469318489 0.033160737469318489 0.033160737469318489
leaf_weight=17.666782377229541 0.15449264089693571 17.043189031217484 1.0134395940985985 0.11566866701468725
leaf_count=65982 577 63653 3785 432
internal_value=-0.000178549 -0.0361499 0.0331607 0.0331607
internal_weight=35.9936 17.3134 18.6802 17.1589
internal_count=134429 64662 69767 64085
is_linear=0
shrinkage=1


Tree=3
num_leaves=1
num_cat=0
split_feature=
split_gain=
threshold=
decision_type=
left_child=
right_child=
leaf_value=0
leaf_weight=
leaf_count=134429
internal_value=
internal_weight=
internal_count=
is_linear=0
shrinkage=1


Tree=4
num_leaves=6
num_cat=0
split_feature=2 2 2 2 2
split_gain=9094.59 310658 8.88178e-16 8.88178e-16 1.38778e-17
threshold=1.269300000000001 1.271600000000001 1.5777000000000005 1.3744000000000012 1.5835357409455753
decision_type=2 2 2 2 2
left_child=-1 -2 3 -3 -4
right_child=1 2 4 -5 -6
leaf_value=-0.033338903644290499 -29.809501522626341 -0.033338903644290499 -0.033338903644289965 -0.033338903644290485 -0.033338903644290194
leaf_weight=17.47567214324954 0.92651946481783198 9.7063410430564527 0.11071490944596085 6.1271434388181669 0.10821004724130034
leaf_count=69767 577 38750 442 24461 432
internal_value=-0.83405 -1.65819 -0.0333389 -0.0333389 -0.0333389
internal_weight=34.4546 16.9789 16.0524 15.8335 0.218925
internal_count=134429 64662 64085 63211 874
is_linear=0
shrinkage=0.05


Tree=5
num_leaves=6
num_cat=0
split_feature=2 2 2 2 2
split_gain=9094.59 310658 8.88178e-16 8.88178e-16 1.38778e-17
threshold=1.269300000000001 1.271600000000001 1.5777000000000005 1.3744000000000012 1.5835357409455753
decision_type=2 2 2 2 2
left_child=-1 -2 3 -3 -4
right_child=1 2 4 -5 -6
leaf_value=0.033338903644290499 29.809501522626341 0.033338903644290499 0.033338903644289965 0.033338903644290485 0.033338903644290194
leaf_weight=17.47567214324954 0.92651946481783198 9.7063410430564527 0.11071490944596085 6.1271434388181669 0.10821004724130034
leaf_count=69767 577 38750 442 24461 432
internal_value=0.83405 1.65819 0.0333389 0.0333389 0.0333389
internal_weight=34.4546 16.9789 16.0524 15.8335 0.218925
internal_count=134429 64662 64085 63211 874
is_linear=0
shrinkage=0.05


Tree=6
num_leaves=1
num_cat=0
split_feature=
split_gain=
threshold=
decision_type=
left_child=
right_child=
leaf_value=0
leaf_weight=
leaf_count=134429
internal_value=
internal_weight=
internal_count=
is_linear=0
shrinkage=1


Tree=7
num_leaves=5
num_cat=0
split_feature=2 2 2 2
split_gain=19.992 4617 8.88178e-16 1.77636e-15
threshold=1.269300000000001 1.2731000000000006 1.2631000000000006 1.1605000000000021
decision_type=2 2 2 2
left_child=2 -2 3 -1
right_child=1 -3 -4 -5
leaf_value=-0.033338541371049454 9.6653252830724501 -0.033338541371049461 -0.033338541371049302 -0.033338541371049454
leaf_weight=9.6496422659547552 0.12372838379815121 14.893569865642347 0.37493449635803777 6.3242076173191899
leaf_count=41179 1105 63557 1600 26988
internal_value=0.00491934 0.0465693 -0.0333385 -0.0333385
internal_weight=31.3661 15.0173 16.3488 15.9738
internal_count=134429 64662 69767 68167
is_linear=0
shrinkage=0.05


Tree=8
num_leaves=5
num_cat=0
split_feature=2 2 2 2
split_gain=19.992 4617 8.88178e-16 1.77636e-15
threshold=1.269300000000001 1.2731000000000006 1.2631000000000006 1.1605000000000021
decision_type=2 2 2 2
left_child=2 -2 3 -1
right_child=1 -3 -4 -5
leaf_value=0.033338541371049454 -9.6653252830724501 0.033338541371049461 0.033338541371049302 0.033338541371049454
leaf_weight=9.6496422659547552 0.12372838379815121 14.893569865642347 0.37493449635803777 6.3242076173191899
leaf_count=41179 1105 63557 1600 26988
internal_value=-0.00491934 -0.0465693 0.0333385 0.0333385
internal_weight=31.3661 15.0173 16.3488 15.9738
internal_count=134429 64662 69767 68167
is_linear=0
shrinkage=0.05


Tree=9
num_leaves=1
num_cat=0
split_feature=
split_gain=
threshold=
decision_type=
left_child=
right_child=
leaf_value=0
leaf_weight=
leaf_count=134429
internal_value=
internal_weight=
internal_count=
is_linear=0
shrinkage=1


Tree=10
num_leaves=6
num_cat=0
split_feature=2 2 2 2 2
split_gain=11331.1 1.36446e+07 4901.17 1.77636e-15 4.44089e-16
threshold=1.271600000000001 1.2731000000000006 1.2673000000000598 1.1658800000000042 1.2457000000000205
decision_type=2 2 2 2 2
left_child=2 -2 3 -1 -5
right_child=1 -3 -4 4 -6
leaf_value=-0.033338206689464203 -1294.0906325672202 -0.033338206689466229 10.255893444085148 -0.033338206689466479 -0.033338206689466202
leaf_weight=9.3934982686332607 0.020399900560731932 13.933173923767752 0.11662678426621376 4.8437383426789902 0.94068708886334196
leaf_count=42849 528 63557 1109 22095 4291
internal_value=-0.894885 -1.92523 0.0451211 -0.0333382 -0.0333382
internal_weight=29.2481 13.9536 15.2946 15.1779 5.78443
internal_count=134429 64085 70344 69235 26386
is_linear=0
shrinkage=0.05


Tree=11
num_leaves=6
num_cat=0
split_feature=2 2 2 2 2
split_gain=11331.1 1.36446e+07 4901.17 1.77636e-15 2.77556e-17
threshold=1.271600000000001 1.2731000000000006 1.2673000000000598 1.2572617735987757 1.2660500000000003
decision_type=2 2 2 2 2
left_child=2 -2 3 -1 -5
right_child=1 -3 -4 4 -6
leaf_value=0.033338206689464897 1294.0906325672202 0.033338206689466229 -10.255893444091409 0.033338206689470469 0.033338206689465938
leaf_weight=14.701332292301279 0.020399900560731932 13.933173923767752 0.1166267842661427 0.36303374951239753 0.11355765836196952
leaf_count=67061 528 63557 1109 1656 518
internal_value=0.894885 1.92523 -0.0451211 0.0333382 0.0333382
internal_weight=29.2481 13.9536 15.2946 15.1779 0.476591
internal_count=134429 64085 70344 69235 2174
is_linear=0
shrinkage=0.05


Tree=12
num_leaves=1
num_cat=0
split_feature=
split_gain=
threshold=
decision_type=
left_child=
right_child=
leaf_value=0
leaf_weight=
leaf_count=134429
internal_value=
internal_weight=
internal_count=
is_linear=0
shrinkage=1


Tree=13
num_leaves=11
num_cat=0
split_feature=2 2 2 2 2 2 2 2 2 2
split_gain=10494 4.19455e+07 4635.69 272352 8.88178e-16 8.88178e-16 8.88178e-16 8.88178e-16 5.55112e-17 2.77556e-17
threshold=1.269300000000001 1.2673000000000598 1.2752000000000148 1.2731000000000006 1.2572617735987757 1.2332325250737262 1.5835357409455753 1.5777000000000005 1.2539989159496352 1.2631000000000006
decision_type=2 2 2 2 2 2 2 2 2 2
left_child=1 4 3 -2 5 -1 7 -4 -7 -6
right_child=2 -3 6 -5 9 8 -8 -9 -10 -11
leaf_value=-0.033337891004165343 577.11624743452319 -3944.2156062747381 -0.03333789100416535 -0.033337891004165059 -0.033337891004165079 -0.03333789100416526 -0.03333789100416467 -0.033337891004164684 -0.033337891004165045 -0.03333789100416519
leaf_weight=12.872271557571363 0.0020791837359855894 0.0067439961494536451 12.734453243436286 0.12100119842216372 0.22682597534731108 0.76784489303827363 0.08859748765826303 0.090648355428130212 0.11320790089666843 0.21903267782181501
leaf_count=62765 1105 532 62093 590 1106 3744 432 442 552 1068
internal_value=-0.965681 -1.90576 0.0587094 9.71639 -0.0333379 -0.0333379 -0.0333379 -0.0333379 -0.0333379 -0.0333379
internal_weight=27.2427 14.2059 13.0368 0.12308 14.1992 13.7533 12.9137 12.8251 0.881053 0.445859
internal_count=134429 69767 64662 1695 69235 67061 62967 62535 4296 2174
is_linear=0
shrinkage=0.05


Tree=14
num_leaves=11
num_cat=0
split_feature=2 2 2 2 2 2 2 2 2 2
split_gain=10494 4.19455e+07 4635.69 272352 8.88178e-16 8.88178e-16 8.88178e-16 8.88178e-16 5.55112e-17 2.77556e-17
threshold=1.269300000000001 1.2673000000000598 1.2752000000000148 1.2731000000000006 1.2572617735987757 1.2332325250737262 1.5835357409455753 1.5777000000000005 1.2539989159496352 1.2631000000000006
decision_type=2 2 2 2 2 2 2 2 2 2
left_child=1 4 3 -2 5 -1 7 -4 -7 -6
right_child=2 -3 6 -5 9 8 -8 -9 -10 -11
leaf_value=0.033337891004165343 -577.11624743452319 3944.2156062747381 0.03333789100416535 0.033337891004165059 0.033337891004165079 0.03333789100416526 0.03333789100416467 0.033337891004164684 0.033337891004165045 0.03333789100416519
leaf_weight=12.872271557571363 0.0020791837359855894 0.0067439961494536451 12.734453243436286 0.12100119842216372 0.22682597534731108 0.76784489303827363 0.08859748765826303 0.090648355428130212 0.11320790089666843 0.21903267782181501
leaf_count=62765 1105 532 62093 590 1106 3744 432 442 552 1068
internal_value=0.965681 1.90576 -0.0587094 -9.71639 0.0333379 0.0333379 0.0333379 0.0333379 0.0333379 0.0333379
internal_weight=27.2427 14.2059 13.0368 0.12308 14.1992 13.7533 12.9137 12.8251 0.881053 0.445859
internal_count=134429 69767 64662 1695 69235 67061 62967 62535 4296 2174
is_linear=0
shrinkage=0.05


Tree=15
num_leaves=1
num_cat=0
split_feature=
split_gain=
threshold=
decision_type=
left_child=
right_child=
leaf_value=0
leaf_weight=
leaf_count=134429
internal_value=
internal_weight=
internal_count=
is_linear=0
shrinkage=1


Tree=16
num_leaves=11
num_cat=0
split_feature=2 2 2 2 2 2 2 2 2 2
split_gain=13075.3 2.67645e+06 8.88178e-16 8.88178e-16 8.88178e-16 8.88178e-16 1.11022e-16 5.55112e-17 1.38778e-17 1.38778e-17
threshold=1.269300000000001 1.2752000000000148 1.2660500000000003 1.2332325250737262 1.5777000000000005 1.5582978633465079 1.2603000000000006 1.2520874853152588 1.5835357409455753 1.5708000000000124
decision_type=2 2 2 2 2 2 2 2 2 2
left_child=2 -2 3 -1 5 -3 7 -5 -6 -7
right_child=1 4 -4 6 8 9 -8 -9 -10 -11
leaf_value=-0.033337598397650478 -244.29467167370728 -0.033337598397650485 -0.033337598397649881 -0.033337598397650388 -0.033337598397649784 -0.033337598397650152 -0.033337598397650318 -0.033337598397650374 -0.033337598397650076 -0.033337598397650117
leaf_weight=12.042202678785541 0.11319843193632451 11.643513964270818 0.099384386005113678 0.6172192466765416 0.084802893077722596 0.17862328836054153 0.20932116820767988 0.31542071542935446 0.082884275587275624 0.091134330796194263
leaf_count=62765 1695 60687 1050 3217 442 931 1091 1644 432 475
internal_value=-1.1186 -2.30082 -0.0333376 -0.0333376 -0.0333376 -0.0333376 -0.0333376 -0.0333376 -0.0333376 -0.0333376
internal_weight=25.4777 12.1942 13.2835 13.1842 12.081 11.9133 1.14196 0.93264 0.167687 0.269758
internal_count=134429 64662 69767 68717 62967 62093 5952 4861 874 1406
is_linear=0
shrinkage=0.05


Tree=17
num_leaves=11
num_cat=0
split_feature=2 2 2 2 2 2 2 2 2 2
split_gain=13075.3 2.67645e+06 8.88178e-16 8.88178e-16 8.88178e-16 8.88178e-16 1.11022e-16 5.55112e-17 1.38778e-17 1.38778e-17
threshold=1.269300000000001 1.2752000000000148 1.2660500000000003 1.2332325250737262 1.5777000000000005 1.5582978633465079 1.2603000000000006 1.2520874853152588 1.5835357409455753 1.5708000000000124
decision_type=2 2 2 2 2 2 2 2 2 2
left_child=2 -2 3 -1 5 -3 7 -5 -6 -7
right_child=1 4 -4 6 8 9 -8 -9 -10 -11
leaf_value=0.033337598397650478 244.29467167370728 0.033337598397650485 0.033337598397649881 0.033337598397650388 0.033337598397649784 0.033337598397650152 0.033337598397650318 0.033337598397650374 0.033337598397650076 0.033337598397650117
leaf_weight=12.042202678785541 0.11319843193632451 11.643513964270818 0.099384386005113678 0.6172192466765416 0.084802893077722596 0.17862328836054153 0.20932116820767988 0.31542071542935446 0.082884275587275624 0.091134330796194263
leaf_count=62765 1695 60687 1050 3217 442 931 1091 1644 432 475
internal_value=1.1186 2.30082 0.0333376 0.0333376 0.0333376 0.0333376 0.0333376 0.0333376 0.0333376 0.0333376
internal_weight=25.4777 12.1942 13.2835 13.1842 12.081 11.9133 1.14196 0.93264 0.167687 0.269758
internal_count=134429 64662 69767 68717 62967 62093 5952 4861 874 1406
is_linear=0
shrinkage=0.05


Tree=18
num_leaves=1
num_cat=0
split_feature=
split_gain=
threshold=
decision_type=
left_child=
right_child=
leaf_value=0
leaf_weight=
leaf_count=134429
internal_value=
internal_weight=
internal_count=
is_linear=0
shrinkage=1


Tree=19
num_leaves=7
num_cat=0
split_feature=2 2 2 2 2 2
split_gain=14170.5 3.26844e+06 8.88178e-16 8.88178e-16 8.88178e-16 8.88178e-16
threshold=1.269300000000001 1.2778999999999907 1.2660500000000003 1.2631000000000006 1.5835357409455753 1.5432161377418014
decision_type=2 2 2 2 2 2
left_child=2 -2 3 -1 5 -3
right_child=1 4 -4 -5 -6 -7
leaf_value=-0.033337323522305874 -297.99864646461009 -0.033337323522305888 -0.033337323522305236 -0.033337323522305277 -0.033337323522305111 -0.033337323522305749
leaf_weight=12.235256263229529 0.092796037497463568 10.636005404230668 0.092975526931696417 0.098719188827090742 0.077539435587824168 0.4955703279119924
leaf_count=68167 2212 59257 1050 550 432 2761
internal_value=-1.19858 -2.47983 -0.0333373 -0.0333373 -0.0333373 -0.0333373
internal_weight=23.7289 11.3019 12.427 12.334 11.2091 11.1316
internal_count=134429 64662 69767 68717 62450 62018
is_linear=0
shrinkage=0.05


Tree=20
num_leaves=7
num_cat=0
split_feature=2 2 2 2 2 2
split_gain=14170.5 3.26844e+06 8.88178e-16 8.88178e-16 8.88178e-16 8.88178e-16
threshold=1.269300000000001 1.2778999999999907 1.2660500000000003 1.2631000000000006 1.5835357409455753 1.5432161377418014
decision_type=2 2 2 2 2 2
left_child=2 -2 3 -1 5 -3
right_child=1 4 -4 -5 -6 -7
leaf_value=0.033337323522305874 297.99864646461009 0.033337323522305888 0.033337323522305236 0.033337323522305277 0.033337323522305111 0.033337323522305749
leaf_weight=12.235256263229529 0.092796037497463568 10.636005404230668 0.092975526931696417 0.098719188827090742 0.077539435587824168 0.4955703279119924
leaf_count=68167 2212 59257 1050 550 432 2761
internal_value=1.19858 2.47983 0.0333373 0.0333373 0.0333373 0.0333373
internal_weight=23.7289 11.3019 12.427 12.334 11.2091 11.1316
internal_count=134429 64662 69767 68717 62450 62018
is_linear=0
shrinkage=0.05


Tree=21
num_leaves=1
num_cat=0
split_feature=
split_gain=
threshold=
decision_type=
left_child=
right_child=
leaf_value=0
leaf_weight=
leaf_count=134429
internal_value=
internal_weight=
internal_count=
is_linear=0
shrinkage=1


Tree=22
num_leaves=4
num_cat=0
split_feature=2 2 2
split_gain=15332.7 3.31866e+06 8.88178e-16
threshold=1.269300000000001 1.2809000000000006 1.2660500000000003
decision_type=2 2 2
left_child=2 -2 -1
right_child=1 -3 -4
leaf_value=-0.033337067040863602 -302.72961342289108 -0.033337067040863602 -0.033337067040862922
leaf_weight=11.538606119196629 0.09134568925946851 10.394937939883674 0.086979902640451523
leaf_count=68717 2756 61906 1050
internal_value=-1.2838 -2.67011 -0.0333371
internal_weight=22.1119 10.4863 11.6256
internal_count=134429 64662 69767
is_linear=0
shrinkage=0.05


Tree=23
num_leaves=4
num_cat=0
split_feature=2 2 2
split_gain=15332.7 3.31866e+06 8.88178e-16
threshold=1.269300000000001 1.2809000000000006 1.2660500000000003
decision_type=2 2 2
left_child=2 -2 -1
right_child=1 -3 -4
leaf_value=0.033337067040863602 302.72961342289108 0.033337067040863602 0.033337067040862922
leaf_weight=11.538606119196629 0.09134568925946851 10.394937939883674 0.086979902640451523
leaf_count=68717 2756 61906 1050
internal_value=1.2838 2.67011 0.0333371
internal_weight=22.1119 10.4863 11.6256
internal_count=134429 64662 69767
is_linear=0
shrinkage=0.05


Tree=24
num_leaves=1
num_cat=0
split_feature=
split_gain=
threshold=
decision_type=
left_child=
right_child=
leaf_value=0
leaf_weight=
leaf_count=134429
internal_value=
internal_weight=
internal_count=
is_linear=0
shrinkage=1


Tree=25
num_leaves=6
num_cat=0
split_feature=2 2 2 2 2
split_gain=31.2707 6052.05 8.88178e-16 8.88178e-16 5.55112e-17
threshold=1.269300000000001 1.2825000000000004 1.2388169311290997 1.5432161377418014 1.2660500000000003
decision_type=2 2 2 2 2
left_child=2 -2 -1 -3 -4
right_child=1 3 4 -5 -6
leaf_value=-0.033336826491668158 12.698491483348034 -0.033336826491668164 -0.033336826491668081 -0.03333682649166804 -0.033336826491667748
leaf_weight=10.029195877650636 0.094251977861857905 9.1287753158103406 0.76532606023829508 0.50157760885485991 0.081370874220738187
leaf_count=63845 3356 58113 4872 3193 1050
internal_value=0.0249142 0.0900615 -0.0333368 -0.0333368 -0.0333368
internal_weight=20.6005 9.7246 10.8759 9.63035 0.846697
internal_count=134429 64662 69767 61306 5922
is_linear=0
shrinkage=0.05


Tree=26
num_leaves=6
num_cat=0
split_feature=2 2 2 2 2
split_gain=31.2707 6052.05 8.88178e-16 8.88178e-16 5.55112e-17
threshold=1.269300000000001 1.2825000000000004 1.2388169311290997 1.5432161377418014 1.2660500000000003
decision_type=2 2 2 2 2
left_child=2 -2 -1 -3 -4
right_child=1 3 4 -5 -6
leaf_value=0.033336826491668158 -12.698491483348034 0.033336826491668164 0.033336826491668081 0.03333682649166804 0.033336826491667748
leaf_weight=10.029195877650636 0.094251977861857905 9.1287753158103406 0.76532606023829508 0.50157760885485991 0.081370874220738187
leaf_count=63845 3356 58113 4872 3193 1050
internal_value=-0.0249142 -0.0900615 0.0333368 0.0333368 0.0333368
internal_weight=20.6005 9.7246 10.8759 9.63035 0.846697
internal_count=134429 64662 69767 61306 5922
is_linear=0
shrinkage=0.05


Tree=27
num_leaves=1
num_cat=0
split_feature=
split_gain=
threshold=
decision_type=
left_child=
right_child=
leaf_value=0
leaf_weight=
leaf_count=134429
internal_value=
internal_weight=
internal_count=
is_linear=0
shrinkage=1


Tree=28
num_leaves=9
num_cat=0
split_feature=2 2 2 2 2 2 2 2
split_gain=22720.4 4.5514e+06 7510.04 8.88178e-16 8.88178e-16 8.88178e-16 4.44089e-16 2.77556e-17
threshold=1.2809000000000006 1.2841000000000005 1.2660500000000003 1.2631000000000006 1.2539989159496352 1.5835357409455753 1.5582978633465079 1.5665218436578427
decision_type=2 2 2 2 2 2 2 2
left_child=2 -2 3 4 -1 6 -3 -8
right_child=1 5 -4 -5 -6 -7 7 -9
leaf_value=-0.033336600229275204 -382.64681093365289 -0.033336600229275211 15.730516383840081 -0.033336600229274468 -0.033336600229274954 -0.033336600229274267 -0.033336600229274316 -0.03333660022927503
leaf_weight=9.7739368433976743 0.07840809994877318 8.5959326975425885 0.076123521401314842 0.08082613276201378 0.24365405112621452 0.063485253369436445 0.067012211889960649 0.20456359419040382
leaf_count=66509 1133 58493 3806 550 1658 432 456 1392
internal_value=-1.53459 -3.36319 0.0846048 -0.0333366 -0.0333366 -0.0333366 -0.0333366 -0.0333366
internal_weight=19.1839 9.0094 10.1745 10.0984 10.0176 8.93099 8.86751 0.271576
internal_count=134429 61906 72523 68717 68167 60773 60341 1848
is_linear=0
shrinkage=0.05


Tree=29
num_leaves=9
num_cat=0
split_feature=2 2 2 2 2 2 2 2
split_gain=22720.4 4.5514e+06 7510.04 8.88178e-16 8.88178e-16 8.88178e-16 4.44089e-16 2.77556e-17
threshold=1.2809000000000006 1.2841000000000005 1.2660500000000003 1.2631000000000006 1.2539989159496352 1.5835357409455753 1.5582978633465079 1.5665218436578427
decision_type=2 2 2 2 2 2 2 2
left_child=2 -2 3 4 -1 6 -3 -8
right_child=1 5 -4 -5 -6 -7 7 -9
leaf_value=0.033336600229275204 382.64681093365289 0.033336600229275211 -15.730516383840081 0.033336600229274468 0.033336600229274954 0.033336600229274267 0.033336600229274316 0.03333660022927503
leaf_weight=9.7739368433976743 0.07840809994877318 8.5959326975425885 0.076123521401314842 0.08082613276201378 0.24365405112621452 0.063485253369436445 0.067012211889960649 0.20456359419040382
leaf_count=66509 1133 58493 3806 550 1658 432 456 1392
internal_value=1.53459 3.36319 -0.0846048 0.0333366 0.0333366 0.0333366 0.0333366 0.0333366
internal_weight=19.1839 9.0094 10.1745 10.0984 10.0176 8.93099 8.86751 0.271576
internal_count=134429 61906 72523 68717 68167 60773 60341 1848
is_linear=0
shrinkage=0.05


Tree=30
num_leaves=1
num_cat=0
split_feature=
split_gain=
threshold=
decision_type=
left_child=
right_child=
leaf_value=0
leaf_weight=
leaf_count=134429
internal_value=
internal_weight=
internal_count=
is_linear=0
shrinkage=1


Tree=31
num_leaves=9
num_cat=0
split_feature=2 2 2 2 2 2 2 2
split_gain=15500 3.0525e+06 8.88178e-16 8.88178e-16 4.44089e-16 4.44089e-16 4.44089e-16 1.11022e-16
threshold=1.2660500000000003 1.2860000000000016 1.2603000000000006 1.5835357409455753 1.5708000000000124 1.5665218436578427 1.41865339560806 1.4335004185692892
decision_type=2 2 2 2 2 2 2 2
left_child=2 -2 -1 4 5 6 -3 -8
right_child=1 3 -4 -5 -6 -7 7 -9
leaf_value=-0.033336388803093579 -311.94723153300134 -0.033336388803093496 -0.033336388803093073 -0.033336388803092469 -0.033336388803092996 -0.033336388803092552 -0.033336388803093385 -0.03333638880309344
leaf_weight=9.2972070675459335 0.079188520866767642 6.1013522854773257 0.14999043135321777 0.059391261544079366 0.126068951009075 0.06530289174406867 0.40556532767368469 1.5181891232205087
leaf_count=67626 5515 44380 1091 432 917 475 2950 11043
internal_value=-1.4208 -2.98963 -0.0333364 -0.0333364 -0.0333364 -0.0333364 -0.0333364 -0.0333364
internal_weight=17.8023 8.35506 9.4472 8.27587 8.21648 8.09041 8.02511 1.92375
internal_count=134429 65712 68717 60197 59765 58848 58373 13993
is_linear=0
shrinkage=0.05


Tree=32
num_leaves=12
num_cat=0
split_feature=2 2 2 2 2 2 2 2 2 2 2
split_gain=15500 3.0525e+06 8.88178e-16 8.88178e-16 4.44089e-16 4.44089e-16 4.44089e-16 4.44089e-16 4.44089e-16 4.44089e-16 1.11022e-16
threshold=1.2660500000000003 1.2860000000000016 1.2368000000000106 1.5835357409455753 1.2332325250737262 1.2255000000000049 1.1850000000000005 1.5708000000000124 1.5665218436578427 1.41865339560806 1.4335004185692892
decision_type=2 2 2 2 2 2 2 2 2 2 2
left_child=2 -2 4 7 5 6 -1 8 9 -3 -11
right_child=1 3 -4 -5 -6 -7 -8 -9 -10 10 -12
leaf_value=0.033336388803093593 311.94723153305733 0.033336388803093496 0.033336388803093385 0.033336388803092469 0.033336388803092636 0.033336388803093267 0.03333638880309344 0.033336388803092996 0.033336388803092552 0.033336388803093385 0.03333638880309344
leaf_weight=7.008168862201245 0.079188520866753431 6.1013522854773257 0.74637768269167359 0.059391261544079366 0.071901920804521846 0.29750622680876482 1.3232428063929544 0.126068951009075 0.06530289174406867 0.40556532767368469 1.5181891232205087
leaf_count=50976 5515 44380 5429 432 523 2164 9625 917 475 2950 11043
internal_value=1.4208 2.98963 0.0333364 0.0333364 0.0333364 0.0333364 0.0333364 0.0333364 0.0333364 0.0333364 0.0333364
internal_weight=17.8023 8.35506 9.4472 8.27587 8.70082 8.62892 8.33141 8.21648 8.09041 8.02511 1.92375
internal_count=134429 65712 68717 60197 63288 62765 60601 59765 58848 58373 13993
is_linear=0
shrinkage=0.05


Tree=33
num_leaves=1
num_cat=0
split_feature=
split_gain=
threshold=
decision_type=
left_child=
right_child=
leaf_value=0
leaf_weight=
leaf_count=134429
internal_value=
internal_weight=
internal_count=
is_linear=0
shrinkage=1


Tree=34
num_leaves=4
num_cat=0
split_feature=2 2 2
split_gain=39.6573 8328.07 4.44089e-16
threshold=1.269300000000001 1.2896000000000003 1.4431000857382272
decision_type=2 2 2
left_child=-1 -2 -3
right_child=1 2 -4
leaf_value=-0.033336193050056744 17.471809583587902 -0.03333619305005675 -0.033336193050056737
leaf_weight=8.8379694570321607 0.06855127145536144 6.265560488216579 1.4080662662163375
leaf_count=69767 4998 48716 10948
internal_value=0.0390395 0.121659 -0.0333362
internal_weight=16.5801 7.74218 7.67363
internal_count=134429 64662 59664
is_linear=0
shrinkage=0.05


Tree=35
num_leaves=4
num_cat=0
split_feature=2 2 2
split_gain=39.6573 8328.07 4.44089e-16
threshold=1.269300000000001 1.2896000000000003 1.4431000857382272
decision_type=2 2 2
left_child=-1 -2 -3
right_child=1 2 -4
leaf_value=0.033336193050056744 -17.471809583587902 0.03333619305005675 0.033336193050056737
leaf_weight=8.8379694570321607 0.06855127145536144 6.265560488216579 1.4080662662163375
leaf_count=69767 4998 48716 10948
internal_value=-0.0390395 -0.121659 0.0333362
internal_weight=16.5801 7.74218 7.67363
internal_count=134429 64662 59664
is_linear=0
shrinkage=0.05


Tree=36
num_leaves=1
num_cat=0
split_feature=
split_gain=
threshold=
decision_type=
left_child=
right_child=
leaf_value=0
leaf_weight=
leaf_count=134429
internal_value=
internal_weight=
internal_count=
is_linear=0
shrinkage=1


Tree=37
num_leaves=12
num_cat=0
split_feature=2 2 2 2 2 2 2 2 2 2 2
split_gain=22870.7 4.132e+06 8634.4 4.44089e-16 4.44089e-16 4.44089e-16 4.44089e-16 4.44089e-16 4.44089e-16 5.55112e-17 6.93889e-18
threshold=1.2860000000000016 1.2915000000000072 1.2631000000000006 1.2603000000000006 1.2572617735987757 1.2539989159496352 1.2150500000000204 1.5777000000000005 1.4614000000000009 1.2184400000000004 1.5835357409455753
decision_type=2 2 2 2 2 2 2 2 2 2 2
left_child=2 -2 3 4 5 6 -1 8 -3 -8 -9
right_child=1 7 -4 -5 -6 -7 9 10 -10 -11 -12
leaf_value=-0.033336007192267349 -391.36327367867989 -0.033336007192267307 18.100132724910875 -0.033336007192266398 -0.03333600719226644 -0.033336007192266419 -0.033336007192267106 -0.033336007192266752 -0.033336007192267279 -0.033336007192267272 -0.033336007192266669
leaf_weight=6.9737447195802726 0.0681011019968637 6.0267063364226487 0.066175976462546582 0.065093096847704923 0.067980775820616013 0.066416616376955839 0.12705787480808772 0.05318142108444579 0.97880285185965465 0.90155743933428312 0.051978221512399614
leaf_count=57960 1099 50089 6065 541 565 552 1056 442 8135 7493 432
internal_value=-1.68093 -3.74567 0.111801 -0.033336 -0.033336 -0.033336 -0.033336 -0.033336 -0.033336 -0.033336 -0.033336
internal_weight=15.4468 7.17877 8.26803 8.20185 8.13676 8.06878 8.00236 7.11067 7.00551 1.02862 0.10516
internal_count=134429 60197 74232 68167 67626 67061 66509 59098 58224 8549 874
is_linear=0
shrinkage=0.05


Tree=38
num_leaves=12
num_cat=0
split_feature=2 2 2 2 2 2 2 2 2 2 2
split_gain=22870.7 4.132e+06 8634.4 4.44089e-16 4.44089e-16 4.44089e-16 4.44089e-16 4.44089e-16 4.44089e-16 5.55112e-17 6.93889e-18
threshold=1.2860000000000016 1.2915000000000072 1.2631000000000006 1.2603000000000006 1.2572617735987757 1.2539989159496352 1.2150500000000204 1.5777000000000005 1.4614000000000009 1.2184400000000004 1.5835357409455753
decision_type=2 2 2 2 2 2 2 2 2 2 2
left_child=2 -2 3 4 5 6 -1 8 -3 -8 -9
right_child=1 7 -4 -5 -6 -7 9 10 -10 -11 -12
leaf_value=0.033336007192267349 391.36327367849617 0.033336007192267307 -18.100132724910875 0.033336007192266398 0.03333600719226644 0.033336007192266419 0.033336007192267106 0.033336007192266752 0.033336007192267279 0.033336007192267272 0.033336007192266669
leaf_weight=6.9737447195802726 0.068101101996895674 6.0267063364226487 0.066175976462546582 0.065093096847704923 0.067980775820616013 0.066416616376955839 0.12705787480808772 0.05318142108444579 0.97880285185965465 0.90155743933428312 0.051978221512399614
leaf_count=57960 1099 50089 6065 541 565 552 1056 442 8135 7493 432
internal_value=1.68093 3.74567 -0.111801 0.033336 0.033336 0.033336 0.033336 0.033336 0.033336 0.033336 0.033336
internal_weight=15.4468 7.17877 8.26803 8.20185 8.13676 8.06878 8.00236 7.11067 7.00551 1.02862 0.10516
internal_count=134429 60197 74232 68167 67626 67061 66509 59098 58224 8549 874
is_linear=0
shrinkage=0.05


Tree=39
num_leaves=1
num_cat=0
split_feature=
split_gain=
threshold=
decision_type=
left_child=
right_child=
leaf_value=0
leaf_weight=
leaf_count=134429
internal_value=
internal_weight=
internal_count=
is_linear=0
shrinkage=1


Tree=40
num_leaves=9
num_cat=0
split_feature=2 2 2 2 2 2 2 2
split_gain=22278 4.16014e+06 4.44089e-16 4.44089e-16 1.11022e-16 5.55112e-17 1.38778e-17 1.38778e-17
threshold=1.2631000000000006 1.2929000000000024 1.1151510256678094 1.5665218436578427 1.091930000000001 1.087120000350499 1.5835357409455753 1.0883800004971069
decision_type=2 2 2 2 2 2 2 2
left_child=2 -2 4 -3 5 -1 -5 -7
right_child=1 3 -4 6 -6 7 -8 -9
leaf_value=-0.033335833835157362 -399.43787359951608 -0.033335833835157438 -0.033335833835157438 -0.033335833835157251 -0.033335833835157418 -0.033335833835156883 -0.033335833835156752 -0.033335833835157168
leaf_weight=0.84769480649265572 0.065848025030111113 6.3809548380377237 5.4765294270473532 0.15668452670797695 1.1650034852209499 0.059544622577959672 0.048626232426613569 0.12415447770035826
leaf_count=7531 7749 56689 48654 1392 10350 529 432 1103
internal_value=-1.86928 -3.98697 -0.0333358 -0.0333358 -0.0333358 -0.0333358 -0.0333358 -0.0333358
internal_weight=14.325 6.65211 7.67293 6.58627 2.1964 1.03139 0.205311 0.183699
internal_count=134429 66262 68167 58513 19513 9163 1824 1632
is_linear=0
shrinkage=0.05


Tree=41
num_leaves=6
num_cat=0
split_feature=2 2 2 2 2
split_gain=22278 4.16014e+06 4.44089e-16 4.44089e-16 1.38778e-17
threshold=1.2631000000000006 1.2929000000000024 1.2539989159496352 1.5665218436578427 1.5835357409455753
decision_type=2 2 2 2 2
left_child=2 -2 -1 -3 -5
right_child=1 3 -4 4 -6
leaf_value=0.033335833835157418 399.43787359972623 0.033335833835157438 0.033335833835157279 0.033335833835157251 0.033335833835156752
leaf_weight=7.4863011399575079 0.065848025030076474 6.3809548380377237 0.18662567908177141 0.15668452670797695 0.048626232426613569
leaf_count=66509 7749 56689 1658 1392 432
internal_value=1.86928 3.98697 0.0333358 0.0333358 0.0333358
internal_weight=14.325 6.65211 7.67293 6.58627 0.205311
internal_count=134429 66262 68167 58513 1824
is_linear=0
shrinkage=0.05


Tree=42
num_leaves=1
num_cat=0
split_feature=
split_gain=
threshold=
decision_type=
left_child=
right_child=
leaf_value=0
leaf_weight=
leaf_count=134429
internal_value=
internal_weight=
internal_count=
is_linear=0
shrinkage=1


Tree=43
num_leaves=5
num_cat=0
split_feature=2 2 2 2
split_gain=50.3037 9998.75 4.44089e-16 4.44089e-16
threshold=1.269300000000001 1.2937000000000267 1.2539989159496352 1.3257001777993442
decision_type=2 2 2 2
left_child=2 -2 -1 -3
right_child=1 3 -4 -5
leaf_value=-0.033335673391616444 20.992149213806918 -0.03333567339161643 -0.033335673391616277 -0.033335673391616437
leaf_weight=7.0035197434917791 0.057073594565736019 1.3554452200187368 0.17459044241695654 4.7490074563102098
leaf_count=66509 6691 12872 3258 45099
internal_value=0.0566218 0.161421 -0.0333357 -0.0333357
internal_weight=13.3396 6.16153 7.17811 6.10445
internal_count=134429 64662 69767 57971
is_linear=0
shrinkage=0.05


Tree=44
num_leaves=5
num_cat=0
split_feature=2 2 2 2
split_gain=50.3037 9998.75 4.44089e-16 4.44089e-16
threshold=1.269300000000001 1.2937000000000267 1.2539989159496352 1.3257001777993442
decision_type=2 2 2 2
left_child=2 -2 -1 -3
right_child=1 3 -4 -5
leaf_value=0.033335673391616444 -20.992149213806918 0.03333567339161643 0.033335673391616277 0.033335673391616437
leaf_weight=7.0035197434917791 0.057073594565736019 1.3554452200187368 0.17459044241695654 4.7490074563102098
leaf_count=66509 6691 12872 3258 45099
internal_value=-0.0566218 -0.161421 0.0333357 0.0333357
internal_weight=13.3396 6.16153 7.17811 6.10445
internal_count=134429 64662 69767 57971
is_linear=0
shrinkage=0.05


Tree=45
num_leaves=1
num_cat=0
split_feature=
split_gain=
threshold=
decision_type=
left_child=
right_child=
leaf_value=0
leaf_weight=
leaf_count=134429
internal_value=
internal_weight=
internal_count=
is_linear=0
shrinkage=1


Tree=46
num_leaves=4
num_cat=0
split_feature=2 2 2
split_gain=29932.2 5.30232e+06 10722.1
threshold=1.2929000000000024 1.2951000000000008 1.2603000000000006
decision_type=2 2 2
left_child=2 -2 -1
right_child=1 -3 -4
leaf_value=-0.033335524493116213 -493.92219669800954 -0.033335524493116421 22.483072851997331
leaf_weight=6.6619069794106007 0.054870644249007117 5.6559123312908923 0.053294467747036722
leaf_count=67626 1099 57414 8290
internal_value=-2.11768 -4.77874 0.145364
internal_weight=12.426 5.71078 6.7152
internal_count=134429 58513 75916
is_linear=0
shrinkage=0.05


Tree=47
num_leaves=5
num_cat=0
split_feature=2 2 2 2
split_gain=29932.2 5.30232e+06 10722.1 4.44089e-16
threshold=1.2929000000000024 1.2951000000000008 1.2603000000000006 1.2503999999999837
decision_type=2 2 2 2
left_child=2 -2 3 -1
right_child=1 -3 -4 -5
leaf_value=0.033335524493116511 493.92219669725802 0.033335524493116421 -22.483072851997331 0.033335524493116282
leaf_weight=6.4488276194533505 0.054870644249090605 5.6559123312908923 0.053294467747036722 0.21307935995719152
leaf_count=65463 1099 57414 8290 2163
internal_value=2.11768 4.77874 -0.145364 0.0333355
internal_weight=12.426 5.71078 6.7152 6.66191
internal_count=134429 58513 75916 67626
is_linear=0
shrinkage=0.05


Tree=48
num_leaves=1
num_cat=0
split_feature=
split_gain=
threshold=
decision_type=
left_child=
right_child=
leaf_value=0
leaf_weight=
leaf_count=134429
internal_value=
internal_weight=
internal_count=
is_linear=0
shrinkage=1


Tree=49
num_leaves=5
num_cat=0
split_feature=2 2 2 2
split_gain=27320.9 4.6199e+06 4.44089e-16 6.93889e-18
threshold=1.2603000000000006 1.2961000000000011 1.2539989159496352 1.2572617735987757
decision_type=2 2 2 2
left_child=2 -2 -1 -4
right_child=1 -3 3 -5
leaf_value=-0.033335379474595132 -451.71790772877762 -0.033335379474595132 -0.033335379474594556 -0.033335379474594494
leaf_weight=6.1293455805716803 0.057230203514697098 5.2339371146372287 0.050871292012743541 0.052069347802898847
leaf_count=66509 10010 56793 552 565
internal_value=-2.27659 -4.91884 -0.0333354 -0.0333354
internal_weight=11.5235 5.29117 6.23229 0.102941
internal_count=134429 66803 67626 1117
is_linear=0
shrinkage=0.05


Tree=50
num_leaves=4
num_cat=0
split_feature=2 2 2
split_gain=27320.9 4.6199e+06 4.44089e-16
threshold=1.2603000000000006 1.2961000000000011 1.1341600000000038
decision_type=2 2 2
left_child=2 -2 -1
right_child=1 -3 -4
leaf_value=0.033335379474595167 451.71790772873555 0.033335379474595132 0.033335379474595132
leaf_weight=3.0429695488564867 0.057230203514702427 5.2339371146372287 3.1893166715308325
leaf_count=33019 10010 56793 34607
internal_value=2.27659 4.91884 0.0333354
internal_weight=11.5235 5.29117 6.23229
internal_count=134429 66803 67626
is_linear=0
shrinkage=0.05


Tree=51
num_leaves=1
num_cat=0
split_feature=
split_gain=
threshold=
decision_type=
left_child=
right_child=
leaf_value=0
leaf_weight=
leaf_count=134429
internal_value=
internal_weight=
internal_count=
is_linear=0
shrinkage=1


Tree=52
num_leaves=4
num_cat=0
split_feature=2 2 2
split_gain=63.9399 12931.1 4.44089e-16
threshold=1.269300000000001 1.2973606768273405 1.1830999997050342
decision_type=2 2 2
left_child=2 -2 -1
right_child=1 -3 -4
leaf_value=-0.033335250466969023 27.151637752549462 -0.033335250466969023 -0.033335250466969009
leaf_weight=4.3047966697267839 0.044142033904790767 4.8522613480381551 1.5255728319243642
leaf_count=49931 8381 56281 19836
internal_value=0.0785344 0.211743 -0.0333353
internal_weight=10.7268 4.8964 5.83037
internal_count=134429 64662 69767
is_linear=0
shrinkage=0.05


Tree=53
num_leaves=4
num_cat=0
split_feature=2 2 2
split_gain=63.9399 12931.1 4.44089e-16
threshold=1.269300000000001 1.2973606768273405 1.1830999997050342
decision_type=2 2 2
left_child=2 -2 -1
right_child=1 -3 -4
leaf_value=0.033335250466969023 -27.151637752549462 0.033335250466969023 0.033335250466969009
leaf_weight=4.3047966697267839 0.044142033904790767 4.8522613480381551 1.5255728319243642
leaf_count=49931 8381 56281 19836
internal_value=-0.0785344 -0.211743 0.0333353
internal_weight=10.7268 4.8964 5.83037
internal_count=134429 64662 69767
is_linear=0
shrinkage=0.05


Tree=54
num_leaves=1
num_cat=0
split_feature=
split_gain=
threshold=
decision_type=
left_child=
right_child=
leaf_value=0
leaf_weight=
leaf_count=134429
internal_value=
internal_weight=
internal_count=
is_linear=0
shrinkage=1


Tree=55
num_leaves=8
num_cat=0
split_feature=2 2 2 2 2 2 2
split_gain=34025.6 5.6244e+06 12534.3 4.44089e-16 4.44089e-16 2.22045e-16 2.22045e-16
threshold=1.2961000000000011 1.2989000000000119 1.2572617735987757 1.1405000000000098 1.5708000000000124 1.0822900000000133 1.3003000000000005
decision_type=2 2 2 2 2 2 2
left_child=2 -2 3 5 6 -1 -3
right_child=1 4 -4 -5 -6 -7 -8
leaf_value=-0.033335127779286211 -554.9311127401246 -0.033335127779285607 26.299756309797715 -0.033335127779286294 -0.033335127779286038 -0.033335127779286294 -0.033335127779286301
leaf_weight=0.47384774916281491 0.046134623407851794 0.042182531542493851 0.045570038855657802 2.4340046594443265 0.10880350870138489 2.5009482563473284 4.3422197909239912
leaf_count=5875 1084 523 10575 30178 1349 31008 53837
internal_value=-2.47487 -5.67292 0.186672 -0.0333351 -0.0333351 -0.0333351 -0.0333351
internal_weight=9.99371 4.53934 5.45437 5.4088 4.49321 2.9748 4.3844
internal_count=134429 56793 77636 67061 55709 36883 54360
is_linear=0
shrinkage=0.05


Tree=56
num_leaves=8
num_cat=0
split_feature=2 2 2 2 2 2 2
split_gain=34025.6 5.6244e+06 12534.3 4.44089e-16 4.44089e-16 2.22045e-16 2.22045e-16
threshold=1.2961000000000011 1.2989000000000119 1.2572617735987757 1.1405000000000098 1.5708000000000124 1.0822900000000133 1.3003000000000005
decision_type=2 2 2 2 2 2 2
left_child=2 -2 3 5 6 -1 -3
right_child=1 4 -4 -5 -6 -7 -8
leaf_value=0.033335127779286211 554.9311127401246 0.033335127779285607 -26.299756309797715 0.033335127779286294 0.033335127779286038 0.033335127779286294 0.033335127779286301
leaf_weight=0.47384774916281491 0.046134623407851794 0.042182531542493851 0.045570038855657802 2.4340046594443265 0.10880350870138489 2.5009482563473284 4.3422197909239912
leaf_count=5875 1084 523 10575 30178 1349 31008 53837
internal_value=2.47487 5.67292 -0.186672 0.0333351 0.0333351 0.0333351 0.0333351
internal_weight=9.99371 4.53934 5.45437 5.4088 4.49321 2.9748 4.3844
internal_count=134429 56793 77636 67061 55709 36883 54360
is_linear=0
shrinkage=0.05


Tree=57
num_leaves=1
num_cat=0
split_feature=
split_gain=
threshold=
decision_type=
left_child=
right_child=
leaf_value=0
leaf_weight=
leaf_count=134429
internal_value=
internal_weight=
internal_count=
is_linear=0
shrinkage=1


Tree=58
num_leaves=6
num_cat=0
split_feature=2 2 2 2 2
split_gain=38033.6 7.34712e+06 4.44089e-16 2.22045e-16 5.55112e-17
threshold=1.2572617735987757 1.3003000000000005 1.1735700000000058 1.4241500000000002 1.5665218436578427
decision_type=2 2 2 2 2
left_child=2 -2 -1 -3 -5
right_child=1 3 -4 4 -6
leaf_value=-0.033335009602466742 -685.49963814182286 -0.033335009602466735 -0.033335009602466735 -0.033335009602466721 -0.033335009602466513
leaf_weight=3.402651667362079 0.03946218782220956 3.044851103972178 1.6573364350188056 0.9814993101172147 0.13762720953673124
leaf_count=45096 12182 40354 21965 13008 1824
internal_value=-2.95342 -6.46854 -0.033335 -0.033335 -0.033335
internal_weight=9.26343 4.20344 5.05999 4.16398 1.11913
internal_count=134429 67368 67061 55186 14832
is_linear=0
shrinkage=0.05


Tree=59
num_leaves=6
num_cat=0
split_feature=2 2 2 2 2
split_gain=38033.6 7.34712e+06 4.44089e-16 2.22045e-16 5.55112e-17
threshold=1.2572617735987757 1.3003000000000005 1.1735700000000058 1.4241500000000002 1.5665218436578427
decision_type=2 2 2 2 2
left_child=2 -2 -1 -3 -5
right_child=1 3 -4 4 -6
leaf_value=0.033335009602466742 685.49963814182286 0.033335009602466735 0.033335009602466735 0.033335009602466721 0.033335009602466513
leaf_weight=3.402651667362079 0.03946218782220956 3.044851103972178 1.6573364350188056 0.9814993101172147 0.13762720953673124
leaf_count=45096 12182 40354 21965 13008 1824
internal_value=2.95342 6.46854 0.033335 0.033335 0.033335
internal_weight=9.26343 4.20344 5.05999 4.16398 1.11913
internal_count=134429 67368 67061 55186 14832
is_linear=0
shrinkage=0.05


Tree=60
num_leaves=1
num_cat=0
split_feature=
split_gain=
threshold=
decision_type=
left_child=
right_child=
leaf_value=0
leaf_weight=
leaf_count=134429
internal_value=
internal_weight=
internal_count=
is_linear=0
shrinkage=1


Tree=61
num_leaves=4
num_cat=0
split_feature=2 2 2
split_gain=81.1143 14935.5 2.22045e-16
threshold=1.269300000000001 1.3020000000000025 1.5708000000000124
decision_type=2 2 2
left_child=-1 -2 -3
right_child=1 2 -4
leaf_value=-0.033334904400599781 31.390279804481015 -0.033334904400599774 -0.033334904400599476
leaf_weight=4.7336687628776417 0.038187840931641737 3.7620317380642523 0.095222546056902391
leaf_count=69767 10017 53296 1349
internal_value=0.105729 0.274717 -0.0333349
internal_weight=8.62911 3.89544 3.85725
internal_count=134429 64662 54645
is_linear=0
shrinkage=0.05


Tree=62
num_leaves=4
num_cat=0
split_feature=2 2 2
split_gain=81.1143 14935.5 2.22045e-16
threshold=1.269300000000001 1.3020000000000025 1.5708000000000124
decision_type=2 2 2
left_child=-1 -2 -3
right_child=1 2 -4
leaf_value=0.033334904400599781 -31.390279804481015 0.033334904400599774 0.033334904400599476
leaf_weight=4.7336687628776417 0.038187840931641737 3.7620317380642523 0.095222546056902391
leaf_count=69767 10017 53296 1349
internal_value=-0.105729 -0.274717 0.0333349
internal_weight=8.62911 3.89544 3.85725
internal_count=134429 64662 54645
is_linear=0
shrinkage=0.05


Tree=63
num_leaves=1
num_cat=0
split_feature=
split_gain=
threshold=
decision_type=
left_child=
right_child=
leaf_value=0
leaf_weight=
leaf_count=134429
internal_value=
internal_weight=
internal_count=
is_linear=0
shrinkage=1


Tree=64
num_leaves=8
num_cat=0
split_feature=2 2 2 2 2 2 2
split_gain=47981.1 8.59245e+06 15671.8 2.22045e-16 2.22045e-16 1.11022e-16 5.55112e-17
threshold=1.3003000000000005 1.3035000000147021 1.2539989159496352 1.1811000000000005 1.5835357409455753 1.2388169311290997 1.184008130694864
decision_type=2 2 2 2 2 2 2
left_child=2 -2 3 -1 -3 6 -5
right_child=1 4 -4 5 -6 -7 -8
leaf_value=-0.033334800601554256 -801.65637533429026 -0.033334800601554249 32.887132426973878 -0.033334800601554013 -0.033334800601553222 -0.033334800601554075 -0.033334800601554221
leaf_weight=3.228333915641997 0.033744040068996006 3.5462278665072522 0.036451487510930636 0.10334524991776539 0.028527251095510908 0.17591804842231795 0.8843447839608416
leaf_count=48888 1052 53702 12734 1565 432 2664 13392
internal_value=-3.24975 -7.52953 0.237644 -0.0333348 -0.0333348 -0.0333348 -0.0333348
internal_weight=8.03689 3.6085 4.42839 4.39194 3.57476 1.16361 0.98769
internal_count=134429 55186 79243 66509 54134 17621 14957
is_linear=0
shrinkage=0.05


Tree=65
num_leaves=8
num_cat=0
split_feature=2 2 2 2 2 2 2
split_gain=47981.1 8.59245e+06 15671.8 2.22045e-16 2.22045e-16 1.11022e-16 5.55112e-17
threshold=1.3003000000000005 1.3035000000147021 1.2539989159496352 1.1811000000000005 1.5835357409455753 1.2388169311290997 1.184008130694864
decision_type=2 2 2 2 2 2 2
left_child=2 -2 3 -1 -3 6 -5
right_child=1 4 -4 5 -6 -7 -8
leaf_value=0.033334800601554256 801.65637533429026 0.033334800601554249 -32.887132426973878 0.033334800601554013 0.033334800601553222 0.033334800601554075 0.033334800601554221
leaf_weight=3.228333915641997 0.033744040068996006 3.5462278665072522 0.036451487510930636 0.10334524991776539 0.028527251095510908 0.17591804842231795 0.8843447839608416
leaf_count=48888 1052 53702 12734 1565 432 2664 13392
internal_value=3.24975 7.52953 -0.237644 0.0333348 0.0333348 0.0333348 0.0333348
internal_weight=8.03689 3.6085 4.42839 4.39194 3.57476 1.16361 0.98769
internal_count=134429 55186 79243 66509 54134 17621 14957
is_linear=0
shrinkage=0.05


Tree=66
num_leaves=1
num_cat=0
split_feature=
split_gain=
threshold=
decision_type=
left_child=
right_child=
leaf_value=0
leaf_weight=
leaf_count=134429
internal_value=
internal_weight=
internal_count=
is_linear=0
shrinkage=1


Tree=67
num_leaves=6
num_cat=0
split_feature=2 2 2 2 2
split_gain=45957 8.39929e+06 4.44089e-16 2.22045e-16 3.46945e-18
threshold=1.2539989159496352 1.3048000000000004 1.1811000000000005 1.5777000000000005 1.5835357409455753
decision_type=2 2 2 2 2
left_child=2 -2 -1 -3 -5
right_child=1 3 -4 4 -6
leaf_value=-0.033334705452045969 -803.31507685796032 -0.033334705452045969 -0.033334705452045955 -0.033334705452044901 -0.033334705452044734
leaf_weight=3.0201371764414944 0.032865181186935266 3.257359536888544 1.0885664618326698 0.027305282113957108 0.026687515550293028
leaf_count=48888 14318 52728 17621 442 432
internal_value=-3.57557 -7.92756 -0.0333347 -0.0333347 -0.0333347
internal_weight=7.45292 3.34422 4.1087 3.31135 0.0539928
internal_count=134429 67920 66509 53602 874
is_linear=0
shrinkage=0.05


Tree=68
num_leaves=6
num_cat=0
split_feature=2 2 2 2 2
split_gain=45957 8.39929e+06 4.44089e-16 2.22045e-16 3.46945e-18
threshold=1.2539989159496352 1.3048000000000004 1.1811000000000005 1.5777000000000005 1.5835357409455753
decision_type=2 2 2 2 2
left_child=2 -2 -1 -3 -5
right_child=1 3 -4 4 -6
leaf_value=0.033334705452045969 803.31507685796032 0.033334705452045969 0.033334705452045955 0.033334705452044901 0.033334705452044734
leaf_weight=3.0201371764414944 0.032865181186935266 3.257359536888544 1.0885664618326698 0.027305282113957108 0.026687515550293028
leaf_count=48888 14318 52728 17621 442 432
internal_value=3.57557 7.92756 0.0333347 0.0333347 0.0333347
internal_weight=7.45292 3.34422 4.1087 3.31135 0.0539928
internal_count=134429 67920 66509 53602 874
is_linear=0
shrinkage=0.05


Tree=69
num_leaves=1
num_cat=0
split_feature=
split_gain=
threshold=
decision_type=
left_child=
right_child=
leaf_value=0
leaf_weight=
leaf_count=134429
internal_value=
internal_weight=
internal_count=
is_linear=0
shrinkage=1


Tree=70
num_leaves=6
num_cat=0
split_feature=2 2 2 2 2
split_gain=102.96 18339.5 2.22045e-16 2.22045e-16 2.22045e-16
threshold=1.269300000000001 1.3061478763110432 1.2234000000000009 1.1034001097352197 1.4857999999058216
decision_type=2 2 2 2 2
left_child=2 -2 3 -1 -3
right_child=1 4 -4 -5 -6
leaf_value=-0.033334616440218692 38.561255631355785 -0.033334616440218748 -0.033334616440218678 -0.033334616440218755 -0.033334616440218665
leaf_weight=0.81146646232809949 0.031092440476641392 2.7689609816297893 0.37206901819445182 2.6601952326018363 0.29774768278002728
leaf_count=14041 11598 47912 9696 46030 5152
internal_value=0.139538 0.354037 -0.0333346 -0.0333346 -0.0333346
internal_weight=6.94153 3.0978 3.84373 3.47166 3.06671
internal_count=134429 64662 69767 60071 53064
is_linear=0
shrinkage=0.05


Tree=71
num_leaves=6
num_cat=0
split_feature=2 2 2 2 2
split_gain=102.96 18339.5 2.22045e-16 2.22045e-16 2.22045e-16
threshold=1.269300000000001 1.3061478763110432 1.2234000000000009 1.1034001097352197 1.4857999999058216
decision_type=2 2 2 2 2
left_child=2 -2 3 -1 -3
right_child=1 4 -4 -5 -6
leaf_value=0.033334616440218692 -38.561255631355785 0.033334616440218748 0.033334616440218678 0.033334616440218755 0.033334616440218665
leaf_weight=0.81146646232809949 0.031092440476641392 2.7689609816297893 0.37206901819445182 2.6601952326018363 0.29774768278002728
leaf_count=14041 11598 47912 9696 46030 5152
internal_value=-0.139538 -0.354037 0.0333346 0.0333346 0.0333346
internal_weight=6.94153 3.0978 3.84373 3.47166 3.06671
internal_count=134429 64662 69767 60071 53064
is_linear=0
shrinkage=0.05


Tree=72
num_leaves=1
num_cat=0
split_feature=
split_gain=
threshold=
decision_type=
left_child=
right_child=
leaf_value=0
leaf_weight=
leaf_count=134429
internal_value=
internal_weight=
internal_count=
is_linear=0
shrinkage=1


Tree=73
num_leaves=8
num_cat=0
split_feature=2 2 2 2 2 2 2
split_gain=60182.2 1.03758e+07 20055.6 2.22045e-16 2.22045e-16 2.22045e-16 2.77556e-17
threshold=1.3048000000000004 1.3073999999942023 1.2520874853152588 1.2388169311290997 1.0858400000000004 1.5777000000000005 1.0771948360912298
decision_type=2 2 2 2 2 2 2
left_child=2 -2 3 4 6 -3 -1
right_child=1 5 -4 -5 -6 -7 -8
leaf_value=-0.03333453555093107 -973.70102967312141 -0.033334535550931341 42.082946204724635 -0.033334535550931098 -0.033334535550931348 -0.03333453555093073 -0.033334535550931077
leaf_weight=0.25956870167647261 0.027627495637716826 2.7940535167545026 0.028492544424807309 0.11553807862583187 3.0731939472389058 0.047253289994841796 0.11905233932338888
leaf_count=4801 1049 51679 14845 2137 56842 874 2202
internal_value=-4.00872 -9.40964 0.300384 -0.0333345 -0.0333345 -0.0333345 -0.0333345
internal_weight=6.46478 2.86893 3.59585 3.56735 3.45181 2.84131 0.378621
internal_count=134429 53602 80827 65982 63845 52553 7003
is_linear=0
shrinkage=0.05


Tree=74
num_leaves=8
num_cat=0
split_feature=2 2 2 2 2 2 2
split_gain=60182.2 1.03758e+07 20055.6 2.22045e-16 2.22045e-16 2.22045e-16 2.77556e-17
threshold=1.3048000000000004 1.3073999999942023 1.2520874853152588 1.2388169311290997 1.0858400000000004 1.5777000000000005 1.0771948360912298
decision_type=2 2 2 2 2 2 2
left_child=2 -2 3 4 6 -3 -1
right_child=1 5 -4 -5 -6 -7 -8
leaf_value=0.03333453555093107 973.70102967312141 0.033334535550931341 -42.082946204724635 0.033334535550931098 0.033334535550931348 0.03333453555093073 0.033334535550931077
leaf_weight=0.25956870167647261 0.027627495637716826 2.7940535167545026 0.028492544424807309 0.11553807862583187 3.0731939472389058 0.047253289994841796 0.11905233932338888
leaf_count=4801 1049 51679 14845 2137 56842 874 2202
internal_value=4.00872 9.40964 -0.300384 0.0333345 0.0333345 0.0333345 0.0333345
internal_weight=6.46478 2.86893 3.59585 3.56735 3.45181 2.84131 0.378621
internal_count=134429 53602 80827 65982 63845 52553 7003
is_linear=0
shrinkage=0.05


Tree=75
num_leaves=1
num_cat=0
split_feature=
split_gain=
threshold=
decision_type=
left_child=
right_child=
leaf_value=0
leaf_weight=
leaf_count=134429
internal_value=
internal_weight=
internal_count=
is_linear=0
shrinkage=1


Tree=76
num_leaves=4
num_cat=0
split_feature=2 2 2
split_gain=52984.5 9.694e+06 2.22045e-16
threshold=1.2520874853152588 1.3081000796392896 1.2457000000000205
decision_type=2 2 2
left_child=2 -2 -1
right_child=1 -3 -4
leaf_value=-0.033334457791046206 -973.11315013468129 -0.033334457791046206 -0.033334457791045657
leaf_weight=3.2847903716610749 0.025845772972388992 2.6322225382173201 0.052500806938041822
leaf_count=64944 16405 52042 1038
internal_value=-4.22825 -9.49509 -0.0333345
internal_weight=5.99536 2.65807 3.33729
internal_count=134429 68447 65982
is_linear=0
shrinkage=0.05


Tree=77
num_leaves=4
num_cat=0
split_feature=2 2 2
split_gain=52984.5 9.694e+06 2.22045e-16
threshold=1.2520874853152588 1.3081000796392896 1.2457000000000205
decision_type=2 2 2
left_child=2 -2 -1
right_child=1 -3 -4
leaf_value=0.033334457791046206 973.11315013468129 0.033334457791046206 0.033334457791045657
leaf_weight=3.2847903716610749 0.025845772972388992 2.6322225382173201 0.052500806938041822
leaf_count=64944 16405 52042 1038
internal_value=4.22825 9.49509 0.0333345
internal_weight=5.99536 2.65807 3.33729
internal_count=134429 68447 65982
is_linear=0
shrinkage=0.05


Tree=78
num_leaves=1
num_cat=0
split_feature=
split_gain=
threshold=
decision_type=
left_child=
right_child=
leaf_value=0
leaf_weight=
leaf_count=134429
internal_value=
internal_weight=
internal_count=
is_linear=0
shrinkage=1


Tree=79
num_leaves=7
num_cat=0
split_feature=2 2 2 2 2 2
split_gain=130.77 23588.5 2.22045e-16 2.22045e-16 2.22045e-16 5.55112e-17
threshold=1.269300000000001 1.3105000000227511 1.1928500000000055 1.0802700000000067 1.4216000000000004 1.5777000000000005
decision_type=2 2 2 2 2 2
left_child=2 -2 3 -1 -3 -6
right_child=1 4 -4 -5 5 -7
leaf_value=-0.033334385381203868 49.596608584092301 -0.033334385381204076 -0.033334385381204056 -0.033334385381204083 -0.033334385381204056 -0.033334385381203299
leaf_weight=0.25276704625139323 0.024178951822250716 1.7135353449921242 0.58284995801659523 2.2864487474653288 0.68339843672947598 0.041354997832968365
leaf_count=5342 13131 36214 16103 48322 14443 874
internal_value=0.181545 0.453982 -0.0333344 -0.0333344 -0.0333344 -0.0333344
internal_weight=5.58453 2.46247 3.12207 2.53922 2.43829 0.724753
internal_count=134429 64662 69767 53664 51531 15317
is_linear=0
shrinkage=0.05


Tree=80
num_leaves=7
num_cat=0
split_feature=2 2 2 2 2 2
split_gain=130.77 23588.5 2.22045e-16 2.22045e-16 2.22045e-16 5.55112e-17
threshold=1.269300000000001 1.3105000000227511 1.1928500000000055 1.0802700000000067 1.4216000000000004 1.5777000000000005
decision_type=2 2 2 2 2 2
left_child=2 -2 3 -1 -3 -6
right_child=1 4 -4 -5 5 -7
leaf_value=0.033334385381203868 -49.596608584092301 0.033334385381204076 0.033334385381204056 0.033334385381204083 0.033334385381204056 0.033334385381203299
leaf_weight=0.25276704625139323 0.024178951822250716 1.7135353449921242 0.58284995801659523 2.2864487474653288 0.68339843672947598 0.041354997832968365
leaf_count=5342 13131 36214 16103 48322 14443 874
internal_value=-0.181545 -0.453982 0.0333344 0.0333344 0.0333344 0.0333344
internal_weight=5.58453 2.46247 3.12207 2.53922 2.43829 0.724753
internal_count=134429 64662 69767 53664 51531 15317
is_linear=0
shrinkage=0.05


Tree=81
num_leaves=1
num_cat=0
split_feature=
split_gain=
threshold=
decision_type=
left_child=
right_child=
leaf_value=0
leaf_weight=
leaf_count=134429
internal_value=
internal_weight=
internal_count=
is_linear=0
shrinkage=1


Tree=82
num_leaves=4
num_cat=0
split_feature=2 2 2
split_gain=69077.7 1.02528e+07 24874.9
threshold=1.3081000796392896 1.3115000000000008 1.2503999999999837
decision_type=2 2 2
left_child=2 -2 -1
right_child=1 -3 -4
leaf_value=-0.033334318190746511 -1014.4448987336173 -0.033334318190746517 52.200203471466708
leaf_weight=2.8977462369439313 0.025187015700794624 2.2558535925199976 0.02297374542831665
leaf_count=65463 1080 50962 16924
internal_value=-4.71444 -11.2344 0.377523
internal_weight=5.20176 2.28104 2.92072
internal_count=134429 52042 82387
is_linear=0
shrinkage=0.05


Tree=83
num_leaves=4
num_cat=0
split_feature=2 2 2
split_gain=69077.7 1.02528e+07 24874.9
threshold=1.3081000796392896 1.3115000000000008 1.2503999999999837
decision_type=2 2 2
left_child=2 -2 -1
right_child=1 -3 -4
leaf_value=0.033334318190746511 1014.4448987336173 0.033334318190746517 -52.200203471466708
leaf_weight=2.8977462369439313 0.025187015700794624 2.2558535925199976 0.02297374542831665
leaf_count=65463 1080 50962 16924
internal_value=4.71444 11.2344 -0.377523
internal_weight=5.20176 2.28104 2.92072
internal_count=134429 52042 82387
is_linear=0
shrinkage=0.05


Tree=84
num_leaves=1
num_cat=0
split_feature=
split_gain=
threshold=
decision_type=
left_child=
right_child=
leaf_value=0
leaf_weight=
leaf_count=134429
internal_value=
internal_weight=
internal_count=
is_linear=0
shrinkage=1


Tree=85
num_leaves=6
num_cat=0
split_feature=2 2 2 2 2
split_gain=65283.2 1.15086e+07 2.22045e-16 1.11022e-16 3.46945e-18
threshold=1.2503999999999837 1.3128000166686886 1.2388169311290997 1.3639160209766896 1.2457000000000205
decision_type=2 2 2 2 2
left_child=2 -2 -1 -3 -4
right_child=1 3 4 -5 -6
leaf_value=-0.033334253575040183 -1174.2416097481644 -0.033334253575040149 -0.033334253575039545 -0.033334253575040176 -0.03333425357503865
leaf_weight=2.6438643899564345 0.021078032335936192 0.88573287550752899 0.045510329149692441 1.2035597874491939 0.021492139061592752
leaf_count=63845 18513 21389 1099 29064 519
internal_value=-5.16687 -11.7611 -0.0333343 -0.0333343 -0.0333343
internal_weight=4.82124 2.11037 2.71087 2.08929 0.0670025
internal_count=134429 68966 65463 50453 1618
is_linear=0
shrinkage=0.05


Tree=86
num_leaves=6
num_cat=0
split_feature=2 2 2 2 2
split_gain=65283.2 1.15086e+07 2.22045e-16 1.11022e-16 3.46945e-18
threshold=1.2503999999999837 1.3128000166686886 1.2388169311290997 1.3639160209766896 1.2457000000000205
decision_type=2 2 2 2 2
left_child=2 -2 -1 -3 -4
right_child=1 3 4 -5 -6
leaf_value=0.033334253575040183 1174.2416097481644 0.033334253575040149 0.033334253575039545 0.033334253575040176 0.03333425357503865
leaf_weight=2.6438643899564345 0.021078032335936192 0.88573287550752899 0.045510329149692441 1.2035597874491939 0.021492139061592752
leaf_count=63845 18513 21389 1099 29064 519
internal_value=5.16687 11.7611 0.0333343 0.0333343 0.0333343
internal_weight=4.82124 2.11037 2.71087 2.08929 0.0670025
internal_count=134429 68966 65463 50453 1618
is_linear=0
shrinkage=0.05


Tree=87
num_leaves=1
num_cat=0
split_feature=
split_gain=
threshold=
decision_type=
left_child=
right_child=
leaf_value=0
leaf_weight=
leaf_count=134429
internal_value=
internal_weight=
internal_count=
is_linear=0
shrinkage=1


Tree=88
num_leaves=5
num_cat=0
split_feature=2 2 2 2
split_gain=166.429 25121.3 1.11022e-16 1.38778e-17
threshold=1.269300000000001 1.3137000000000012 1.4824000000000142 1.5835357409455753
decision_type=2 2 2 2
left_child=-1 -2 -3 -4
right_child=1 2 3 -5
leaf_value=-0.033334195716861852 52.916587190419548 -0.033334195716861852 -0.033334195716861713 -0.033334195716859881
leaf_weight=2.5360392122929625 0.022662923165626014 1.7141305321529214 0.20102206548108359 0.016735697106923908
leaf_count=69767 14794 44247 5189 432
internal_value=0.233891 0.580617 -0.0333342 -0.0333342
internal_weight=4.49059 1.95455 1.93189 0.217758
internal_count=134429 64662 49868 5621
is_linear=0
shrinkage=0.05


Tree=89
num_leaves=5
num_cat=0
split_feature=2 2 2 2
split_gain=166.429 25121.3 1.11022e-16 1.38778e-17
threshold=1.269300000000001 1.3137000000000012 1.4824000000000142 1.5835357409455753
decision_type=2 2 2 2
left_child=-1 -2 -3 -4
right_child=1 2 3 -5
leaf_value=0.033334195716861852 -52.916587190419548 0.033334195716861852 0.033334195716861713 0.033334195716859881
leaf_weight=2.5360392122929625 0.022662923165626014 1.7141305321529214 0.20102206548108359 0.016735697106923908
leaf_count=69767 14794 44247 5189 432
internal_value=-0.233891 -0.580617 0.0333342 0.0333342
internal_weight=4.49059 1.95455 1.93189 0.217758
internal_count=134429 64662 49868 5621
is_linear=0
shrinkage=0.05


Tree=90
num_leaves=1
num_cat=0
split_feature=
split_gain=
threshold=
decision_type=
left_child=
right_child=
leaf_value=0
leaf_weight=
leaf_count=134429
internal_value=
internal_weight=
internal_count=
is_linear=0
shrinkage=1


Tree=91
num_leaves=4
num_cat=0
split_feature=2 2 2
split_gain=114304 1.75271e+07 30380.2
threshold=1.3128000166686886 1.315400000000013 1.2457000000000205
decision_type=2 2 2
left_child=2 -2 -1
right_child=1 -3 -4
leaf_value=-0.033334138892444042 -1514.2599282249871 -0.033334138892444042 63.764523646623083
leaf_weight=2.3536767970654187 0.019316791895107488 1.7879811034617885 0.018809408993547438
leaf_count=64944 1118 49335 19032
internal_value=-6.74421 -16.2177 0.472464
internal_weight=4.17978 1.8073 2.37249
internal_count=134429 50453 83976
is_linear=0
shrinkage=0.05


Tree=92
num_leaves=4
num_cat=0
split_feature=2 2 2
split_gain=114304 1.75271e+07 30380.2
threshold=1.3128000166686886 1.315400000000013 1.2457000000000205
decision_type=2 2 2
left_child=2 -2 -1
right_child=1 -3 -4
leaf_value=0.033334138892444042 1514.2599282249871 0.033334138892444042 -63.764523646623083
leaf_weight=2.3536767970654187 0.019316791895107488 1.7879811034617885 0.018809408993547438
leaf_count=64944 1118 49335 19032
internal_value=6.74421 16.2177 -0.472464
internal_weight=4.17978 1.8073 2.37249
internal_count=134429 50453 83976
is_linear=0
shrinkage=0.05


Tree=93
num_leaves=1
num_cat=0
split_feature=
split_gain=
threshold=
decision_type=
left_child=
right_child=
leaf_value=0
leaf_weight=
leaf_count=134429
internal_value=
internal_weight=
internal_count=
is_linear=0
shrinkage=1


Tree=94
num_leaves=4
num_cat=0
split_feature=2 2 2
split_gain=83247.7 1.40518e+07 2.22045e-16
threshold=1.2457000000000205 1.3166000000000162 1.1569600000000135
decision_type=2 2 2
left_child=2 -2 -1
right_child=1 -3 -4
leaf_value=-0.033334088912800326 -1434.2076501620286 -0.033334088912800354 -0.03333408891280034
leaf_weight=1.3597002326860099 0.017257316438190062 1.6554140125954289 0.84218416566727672
leaf_count=40104 20659 48826 24840
internal_value=-6.42116 -14.83 -0.0333341
internal_weight=3.87456 1.67267 2.20188
internal_count=134429 69485 64944
is_linear=0
shrinkage=0.05


Tree=95
num_leaves=4
num_cat=0
split_feature=2 2 2
split_gain=83247.7 1.40518e+07 2.22045e-16
threshold=1.2457000000000205 1.3166000000000162 1.1569600000000135
decision_type=2 2 2
left_child=2 -2 -1
right_child=1 -3 -4
leaf_value=0.033334088912800326 1434.2076501620286 0.033334088912800354 0.03333408891280034
leaf_weight=1.3597002326860099 0.017257316438190062 1.6554140125954289 0.84218416566727672
leaf_count=40104 20659 48826 24840
internal_value=6.42116 14.83 0.0333341
internal_weight=3.87456 1.67267 2.20188
internal_count=134429 69485 64944
is_linear=0
shrinkage=0.05


Tree=96
num_leaves=1
num_cat=0
split_feature=
split_gain=
threshold=
decision_type=
left_child=
right_child=
leaf_value=0
leaf_weight=
leaf_count=134429
internal_value=
internal_weight=
internal_count=
is_linear=0
shrinkage=1


Tree=97
num_leaves=5
num_cat=0
split_feature=2 2 2 2
split_gain=212.314 32888.4 1.11022e-16 1.11022e-16
threshold=1.269300000000001 1.3184000000000073 1.2184400000000004 1.0822900000000133
decision_type=2 2 2 2
left_child=2 -2 3 -1
right_child=1 -3 -4 -5
leaf_value=-0.033334039683781021 69.259044808933297 -0.033334039683781319 -0.03333403968378118 -0.033334039683781319
leaf_weight=0.18634210755408354 0.017317921825451665 1.531335651525296 0.18802315124776203 1.6855159042606827
leaf_count=5875 16382 48280 10751 53141
internal_value=0.299211 0.741533 -0.033334 -0.033334
internal_weight=3.60853 1.54865 2.05988 1.87186
internal_count=134429 64662 69767 59016
is_linear=0
shrinkage=0.05


Tree=98
num_leaves=5
num_cat=0
split_feature=2 2 2 2
split_gain=212.314 32888.4 1.11022e-16 1.11022e-16
threshold=1.269300000000001 1.3184000000000073 1.2184400000000004 1.0822900000000133
decision_type=2 2 2 2
left_child=2 -2 3 -1
right_child=1 -3 -4 -5
leaf_value=0.033334039683781021 -69.259044808933297 0.033334039683781319 0.03333403968378118 0.033334039683781319
leaf_weight=0.18634210755408354 0.017317921825451665 1.531335651525296 0.18802315124776203 1.6855159042606827
leaf_count=5875 16382 48280 10751 53141
internal_value=-0.299211 -0.741533 0.033334 0.033334
internal_weight=3.60853 1.54865 2.05988 1.87186
internal_count=134429 64662 69767 59016
is_linear=0
shrinkage=0.05


Tree=99
num_leaves=1
num_cat=0
split_feature=
split_gain=
threshold=
decision_type=
left_child=
right_child=
leaf_value=0
leaf_weight=
leaf_count=134429
internal_value=
internal_weight=
internal_count=
is_linear=0
shrinkage=1


Tree=100
num_leaves=8
num_cat=0
split_feature=2 2 2 2 2 2 2
split_gain=127291 1.95305e+07 33697.7 1.11022e-16 1.11022e-16 5.55112e-17 6.93889e-18
threshold=1.3166000000000162 1.3188000000000619 1.2422438505816877 1.2255000000000049 1.120600274712592 1.0771948360912298 1.2388169311290997
decision_type=2 2 2 2 2 2 2
left_child=2 -2 3 4 5 -1 -5
right_child=1 -3 -4 6 -6 -7 -8
leaf_value=-0.033333991315372402 -1807.5991422746476 -0.033333991315372694 70.792939284119811 -0.033333991315372402 -0.033333991315372687 -0.033333991315372652 -0.033333991315370591
leaf_weight=0.14245656002822249 0.01510318455621007 1.4174739281625077 0.016942865189775946 0.096256838311091886 1.0910493047776979 0.56466326543159084 0.015666957653593272
leaf_count=4801 1055 47771 21230 3244 36770 19030 528
internal_value=-7.80209 -19.0899 0.589384 -0.033334 -0.033334 -0.033334 -0.033334
internal_weight=3.35961 1.43258 1.92704 1.91009 1.79817 0.70712 0.111924
internal_count=134429 48826 85603 64373 60601 23831 3772
is_linear=0
shrinkage=0.05


Tree=101
num_leaves=8
num_cat=0
split_feature=2 2 2 2 2 2 2
split_gain=127291 1.95305e+07 33697.7 1.11022e-16 1.11022e-16 5.55112e-17 6.93889e-18
threshold=1.3166000000000162 1.3188000000000619 1.2422438505816877 1.2255000000000049 1.120600274712592 1.0771948360912298 1.2388169311290997
decision_type=2 2 2 2 2 2 2
left_child=2 -2 3 4 5 -1 -5
right_child=1 -3 -4 6 -6 -7 -8
leaf_value=0.033333991315372402 1807.5991422746476 0.033333991315372694 -70.792939284119811 0.033333991315372402 0.033333991315372687 0.033333991315372652 0.033333991315370591
leaf_weight=0.14245656002822249 0.01510318455621007 1.4174739281625077 0.016942865189775946 0.096256838311091886 1.0910493047776979 0.56466326543159084 0.015666957653593272
leaf_count=4801 1055 47771 21230 3244 36770 19030 528
internal_value=7.80209 19.0899 -0.589384 0.033334 0.033334 0.033334 0.033334
internal_weight=3.35961 1.43258 1.92704 1.91009 1.79817 0.70712 0.111924
internal_count=134429 48826 85603 64373 60601 23831 3772
is_linear=0
shrinkage=0.05


Tree=102
num_leaves=1
num_cat=0
split_feature=
split_gain=
threshold=
decision_type=
left_child=
right_child=
leaf_value=0
leaf_weight=
leaf_count=134429
internal_value=
internal_weight=
internal_count=
is_linear=0
shrinkage=1


Tree=103
num_leaves=5
num_cat=0
split_feature=2 2 2 2
split_gain=129521 2.07044e+07 1.11022e-16 1.38778e-17
threshold=1.2422438505816877 1.3198296732628412 1.2150500000000204 1.2168700000000272
decision_type=2 2 2 2
left_child=2 -2 -1 -4
right_child=1 -3 3 -5
leaf_value=-0.033333952579991243 -1913.1955508904368 -0.033333952579991243 -0.033333952579989251 -0.033333952579991069
leaf_weight=1.608891225041589 0.014295703604147891 1.3117626592575105 0.014656566025223472 0.16335964215613785
leaf_count=57960 22800 47256 528 5885
internal_value=-8.81917 -20.6584 -0.033334 -0.033334
internal_weight=3.11297 1.32606 1.78691 0.178016
internal_count=134429 70056 64373 6413
is_linear=0
shrinkage=0.05


Tree=104
num_leaves=5
num_cat=0
split_feature=2 2 2 2
split_gain=129521 2.07044e+07 1.11022e-16 1.38778e-17
threshold=1.2422438505816877 1.3198296732628412 1.2150500000000204 1.2168700000000272
decision_type=2 2 2 2
left_child=2 -2 -1 -4
right_child=1 -3 3 -5
leaf_value=0.033333952579991243 1913.1955508904368 0.033333952579991243 0.033333952579989251 0.033333952579991069
leaf_weight=1.608891225041589 0.014295703604147891 1.3117626592575105 0.014656566025223472 0.16335964215613785
leaf_count=57960 22800 47256 528 5885
internal_value=8.81917 20.6584 0.033334 0.033334
internal_weight=3.11297 1.32606 1.78691 0.178016
internal_count=134429 70056 64373 6413
is_linear=0
shrinkage=0.05


Tree=105
num_leaves=1
num_cat=0
split_feature=
split_gain=
threshold=
decision_type=
left_child=
right_child=
leaf_value=0
leaf_weight=
leaf_count=134429
internal_value=
internal_weight=
internal_count=
is_linear=0
shrinkage=1


Tree=106
num_leaves=5
num_cat=0
split_feature=2 2 2 2
split_gain=270.674 37125.2 1.11022e-16 1.11022e-16
threshold=1.269300000000001 1.3216000000000097 1.1034001097352197 1.1569600000000135
decision_type=2 2 2 2
left_child=2 -2 -1 -4
right_child=1 -3 3 -5
leaf_value=-0.03333391004672067 78.288599509482381 -0.033333910046720767 -0.033333910046720754 -0.03333391004672074
leaf_weight=0.36462284388107979 0.015321378668886498 1.2118431473936651 0.67681541058846029 0.63022803205967648
leaf_count=14041 17996 46666 26063 29663
internal_value=0.380626 0.94453 -0.0333339 -0.0333339
internal_weight=2.89883 1.22716 1.67167 1.30704
internal_count=134429 64662 69767 55726
is_linear=0
shrinkage=0.05


Tree=107
num_leaves=5
num_cat=0
split_feature=2 2 2 2
split_gain=270.674 37125.2 1.11022e-16 1.11022e-16
threshold=1.269300000000001 1.3216000000000097 1.1034001097352197 1.1569600000000135
decision_type=2 2 2 2
left_child=2 -2 -1 -4
right_child=1 -3 3 -5
leaf_value=0.03333391004672067 -78.288599509482381 0.033333910046720767 0.033333910046720754 0.03333391004672074
leaf_weight=0.36462284388107979 0.015321378668886498 1.2118431473936651 0.67681541058846029 0.63022803205967648
leaf_count=14041 17996 46666 26063 29663
internal_value=-0.380626 -0.94453 0.0333339 0.0333339
internal_weight=2.89883 1.22716 1.67167 1.30704
internal_count=134429 64662 69767 55726
is_linear=0
shrinkage=0.05


Tree=108
num_leaves=1
num_cat=0
split_feature=
split_gain=
threshold=
decision_type=
left_child=
right_child=
leaf_value=0
leaf_weight=
leaf_count=134429
internal_value=
internal_weight=
internal_count=
is_linear=0
shrinkage=1


Tree=109
num_leaves=5
num_cat=0
split_feature=2 2 2 2
split_gain=188661 2.61299e+07 44536.7 1.11022e-16
threshold=1.3198296732628412 1.3225000000000013 1.2388169311290997 1.4635000000000093
decision_type=2 2 2 2
left_child=2 -2 -1 -3
right_child=1 3 -4 -5
leaf_value=-0.033333873681235991 -2240.4530428094745 -0.033333873681235991 93.518860443976536 -0.033333873681235859
leaf_weight=1.551030136552072 0.013167175722628488 0.91329668656180707 0.012827064172597491 0.20722510869745747
leaf_count=63845 1132 37594 23328 8530
internal_value=-10.5243 -26.0546 0.734 -0.0333339
internal_weight=2.69755 1.13369 1.56386 1.12052
internal_count=134429 47256 87173 46124
is_linear=0
shrinkage=0.05


Tree=110
num_leaves=5
num_cat=0
split_feature=2 2 2 2
split_gain=188661 2.61299e+07 44536.7 1.11022e-16
threshold=1.3198296732628412 1.3225000000000013 1.2388169311290997 1.4635000000000093
decision_type=2 2 2 2
left_child=2 -2 -1 -3
right_child=1 3 -4 -5
leaf_value=0.033333873681235991 2240.4530428094745 0.033333873681235991 -93.518860443976536 0.033333873681235859
leaf_weight=1.551030136552072 0.013167175722628488 0.91329668656180707 0.012827064172597491 0.20722510869745747
leaf_count=63845 1132 37594 23328 8530
internal_value=10.5243 26.0546 -0.734 0.0333339
internal_weight=2.69755 1.13369 1.56386 1.12052
internal_count=134429 47256 87173 46124
is_linear=0
shrinkage=0.05


Tree=111
num_leaves=1
num_cat=0
split_feature=
split_gain=
threshold=
decision_type=
left_child=
right_child=
leaf_value=0
leaf_weight=
leaf_count=134429
internal_value=
internal_weight=
internal_count=
is_linear=0
shrinkage=1


Tree=112
num_leaves=5
num_cat=0
split_feature=2 2 2 2
split_gain=140686 2.13346e+07 1.11022e-16 1.11022e-16
threshold=1.2388169311290997 1.3240000000000005 1.1675081727097887 1.474300000428898
decision_type=2 2 2 2
left_child=2 -2 -1 -3
right_child=1 3 -4 -5
leaf_value=-0.03333383889870091 -2140.6059656449665 -0.033333838898700917 -0.033333838898700875 -0.033333838898700723
leaf_weight=0.98573522172773687 0.011772550777095492 0.88682761365453167 0.46526575194729958 0.14965684723392769
leaf_count=43373 24978 39021 20472 6585
internal_value=-10.1163 -24.0732 -0.0333338 -0.0333338
internal_weight=2.49926 1.04826 1.451 1.03648
internal_count=134429 70584 63845 45606
is_linear=0
shrinkage=0.05


Tree=113
num_leaves=5
num_cat=0
split_feature=2 2 2 2
split_gain=140686 2.13346e+07 1.11022e-16 1.11022e-16
threshold=1.2388169311290997 1.3240000000000005 1.1675081727097887 1.474300000428898
decision_type=2 2 2 2
left_child=2 -2 -1 -3
right_child=1 3 -4 -5
leaf_value=0.03333383889870091 2140.6059656449665 0.033333838898700917 0.033333838898700875 0.033333838898700723
leaf_weight=0.98573522172773687 0.011772550777095492 0.88682761365453167 0.46526575194729958 0.14965684723392769
leaf_count=43373 24978 39021 20472 6585
internal_value=10.1163 24.0732 0.0333338 0.0333338
internal_weight=2.49926 1.04826 1.451 1.03648
internal_count=134429 70584 63845 45606
is_linear=0
shrinkage=0.05


Tree=114
num_leaves=1
num_cat=0
split_feature=
split_gain=
threshold=
decision_type=
left_child=
right_child=
leaf_value=0
leaf_weight=
leaf_count=134429
internal_value=
internal_weight=
internal_count=
is_linear=0
shrinkage=1


Tree=115
num_leaves=5
num_cat=0
split_feature=2 2 2 2
split_gain=346.513 52841 5.55112e-17 2.77556e-17
threshold=1.269300000000001 1.3257001777993442 1.4164645624385621 1.5324000000061806
decision_type=2 2 2 2
left_child=-1 -2 -3 -4
right_child=1 2 3 -5
leaf_value=-0.033333804594985014 111.28969279836446 -0.033333804594984993 -0.033333804594984924 -0.033333804594984626
leaf_weight=1.3574229038385968 0.010779441025078884 0.61236579961405369 0.26782765008465503 0.078666532135684974
leaf_count=69767 19563 28802 12597 3700
internal_value=0.482338 1.20424 -0.0333338 -0.0333338
internal_weight=2.32706 0.969639 0.95886 0.346494
internal_count=134429 64662 45099 16297
is_linear=0
shrinkage=0.05


Tree=116
num_leaves=5
num_cat=0
split_feature=2 2 2 2
split_gain=346.513 52841 5.55112e-17 2.77556e-17
threshold=1.269300000000001 1.3257001777993442 1.4164645624385621 1.5324000000061806
decision_type=2 2 2 2
left_child=-1 -2 -3 -4
right_child=1 2 3 -5
leaf_value=0.033333804594985014 -111.28969279836446 0.033333804594984993 0.033333804594984924 0.033333804594984626
leaf_weight=1.3574229038385968 0.010779441025078884 0.61236579961405369 0.26782765008465503 0.078666532135684974
leaf_count=69767 19563 28802 12597 3700
internal_value=-0.482338 -1.20424 0.0333338 0.0333338
internal_weight=2.32706 0.969639 0.95886 0.346494
internal_count=134429 64662 45099 16297
is_linear=0
shrinkage=0.05


Tree=117
num_leaves=1
num_cat=0
split_feature=
split_gain=
threshold=
decision_type=
left_child=
right_child=
leaf_value=0
leaf_weight=
leaf_count=134429
internal_value=
internal_weight=
internal_count=
is_linear=0
shrinkage=1


Tree=118
num_leaves=8
num_cat=0
split_feature=2 2 2 2 2 2 2
split_gain=179352 2.32107e+07 51537.8 1.11022e-16 5.55112e-17 6.93889e-18 3.46945e-18
threshold=1.3240000000000005 1.3272000000000006 1.2368000000000106 1.2150500000000204 1.5582978633465079 1.2168700000000272 1.5835357409455753
decision_type=2 2 2 2 2 2 2
left_child=2 -2 3 -1 -3 -5 -6
right_child=1 4 -4 5 6 -7 -8
leaf_value=-0.033333775352626188 -2317.3190414602959 -0.033333775352626188 108.28210410311468 -0.033333775352623406 -0.033333775352625321 -0.033333775352625876 -0.033333775352622351
leaf_weight=1.1528268102847508 0.010939522871922125 0.8407321677696018 0.011078753163019317 0.010501941957045235 0.036756796849658713 0.09547219960950315 0.0085924979648552835
leaf_count=57960 1057 42269 25535 528 1848 4800 432
internal_value=-11.1783 -28.2935 0.911638 -0.0333338 -0.0333338 -0.0333338 -0.0333338
internal_weight=2.1669 0.897021 1.26988 1.2588 0.886081 0.105974 0.0453493
internal_count=134429 45606 88823 63288 44549 5328 2280
is_linear=0
shrinkage=0.05


Tree=119
num_leaves=8
num_cat=0
split_feature=2 2 2 2 2 2 2
split_gain=179352 2.32107e+07 51537.8 1.11022e-16 5.55112e-17 6.93889e-18 3.46945e-18
threshold=1.3240000000000005 1.3272000000000006 1.2368000000000106 1.2150500000000204 1.5582978633465079 1.2168700000000272 1.5835357409455753
decision_type=2 2 2 2 2 2 2
left_child=2 -2 3 -1 -3 -5 -6
right_child=1 4 -4 5 6 -7 -8
leaf_value=0.033333775352626188 2317.3190414602959 0.033333775352626188 -108.28210410311468 0.033333775352623406 0.033333775352625321 0.033333775352625876 0.033333775352622351
leaf_weight=1.1528268102847508 0.010939522871922125 0.8407321677696018 0.011078753163019317 0.010501941957045235 0.036756796849658713 0.09547219960950315 0.0085924979648552835
leaf_count=57960 1057 42269 25535 528 1848 4800 432
internal_value=11.1783 28.2935 -0.911638 0.0333338 0.0333338 0.0333338 0.0333338
internal_weight=2.1669 0.897021 1.26988 1.2588 0.886081 0.105974 0.0453493
internal_count=134429 45606 88823 63288 44549 5328 2280
is_linear=0
shrinkage=0.05


Tree=120
num_leaves=1
num_cat=0
split_feature=
split_gain=
threshold=
decision_type=
left_child=
right_child=
leaf_value=0
leaf_weight=
leaf_count=134429
internal_value=
internal_weight=
internal_count=
is_linear=0
shrinkage=1


Tree=121
num_leaves=5
num_cat=0
split_feature=2 2 2 2
split_gain=201135 2.98304e+07 1.11022e-16 5.55112e-17
threshold=1.2368000000000106 1.3285002926280873 1.1870300000000056 1.5582978633465079
decision_type=2 2 2 2
left_child=2 -2 -1 -3
right_child=1 3 -4 -5
leaf_value=-0.033333747170550911 -2830.5362499855983 -0.033333747170550911 -0.033333747170550793 -0.033333747170550168
leaf_weight=0.96817443205509357 0.0094152879501051556 0.77709618707558548 0.20944363866874482 0.04242461764079053
leaf_count=52032 27098 41763 11256 2280
internal_value=-13.3148 -32.183 -0.0333337 -0.0333337
internal_weight=2.00655 0.828936 1.17762 0.819521
internal_count=134429 71141 63288 44043
is_linear=0
shrinkage=0.05


Tree=122
num_leaves=5
num_cat=0
split_feature=2 2 2 2
split_gain=201135 2.98304e+07 1.11022e-16 5.55112e-17
threshold=1.2368000000000106 1.3285002926280873 1.1870300000000056 1.5582978633465079
decision_type=2 2 2 2
left_child=2 -2 -1 -3
right_child=1 3 -4 -5
leaf_value=0.033333747170550911 2830.5362499855983 0.033333747170550911 0.033333747170550793 0.033333747170550168
leaf_weight=0.96817443205509357 0.0094152879501051556 0.77709618707558548 0.20944363866874482 0.04242461764079053
leaf_count=52032 27098 41763 11256 2280
internal_value=13.3148 32.183 0.0333337 0.0333337
internal_weight=2.00655 0.828936 1.17762 0.819521
internal_count=134429 71141 63288 44043
is_linear=0
shrinkage=0.05


Tree=123
num_leaves=1
num_cat=0
split_feature=
split_gain=
threshold=
decision_type=
left_child=
right_child=
leaf_value=0
leaf_weight=
leaf_count=134429
internal_value=
internal_weight=
internal_count=
is_linear=0
shrinkage=1


Tree=124
num_leaves=3
num_cat=0
split_feature=2 2
split_gain=443.008 64514.3
threshold=1.269300000000001 1.3303118319813316
decision_type=2 2
left_child=-1 -2
right_child=1 -3
leaf_value=-0.033333721710185921 135.93658653990562 -0.033333721710185907
leaf_weight=1.1016707412345565 0.0088254813836102786 0.75784251975710504
leaf_count=69767 21126 43536
internal_value=0.608948 1.53188
internal_weight=1.86834 0.766668
internal_count=134429 64662
is_linear=0
shrinkage=0.05


Tree=125
num_leaves=3
num_cat=0
split_feature=2 2
split_gain=443.008 64514.3
threshold=1.269300000000001 1.3303118319813316
decision_type=2 2
left_child=-1 -2
right_child=1 -3
leaf_value=0.033333721710185921 -135.93658653990562 0.033333721710185907
leaf_weight=1.1016707412345565 0.0088254813836102786 0.75784251975710504
leaf_count=69767 21126 43536
internal_value=-0.608948 -1.53188
internal_weight=1.86834 0.766668
internal_count=134429 64662
is_linear=0
shrinkage=0.05


Tree=126
num_leaves=1
num_cat=0
split_feature=
split_gain=
threshold=
decision_type=
left_child=
right_child=
leaf_value=0
leaf_weight=
leaf_count=134429
internal_value=
internal_weight=
internal_count=
is_linear=0
shrinkage=1


Tree=127
num_leaves=6
num_cat=0
split_feature=2 2 2 2 2
split_gain=229021 3.07711e+07 67071.7 5.55112e-17 3.46945e-18
threshold=1.3285002926280873 1.3315999990785896 1.2332325250737262 1.2255000000000049 1.2296290664945677
decision_type=2 2 2 2 2
left_child=2 -2 3 -1 -5
right_child=1 -3 -4 4 -6
leaf_value=-0.033333695426831698 -3070.4138875651443 -0.033333695426831671 140.86367068865621 -0.033333695426829874 -0.033333695426829783
leaf_weight=0.98686464001366381 0.0082563055475476377 0.7007111862039892 0.0085168595687717952 0.018043365969788283 0.01719656540080905
leaf_count=60601 1014 43029 27621 1108 1056
internal_value=-13.9159 -35.7896 1.13101 -0.0333337 -0.0333337
internal_weight=1.73959 0.708967 1.03062 1.0221 0.0352399
internal_count=134429 44043 90386 62765 2164
is_linear=0
shrinkage=0.05


Tree=128
num_leaves=6
num_cat=0
split_feature=2 2 2 2 2
split_gain=229021 3.07711e+07 67071.7 5.55112e-17 3.46945e-18
threshold=1.3285002926280873 1.3315999990785896 1.2332325250737262 1.2255000000000049 1.2296290664945677
decision_type=2 2 2 2 2
left_child=2 -2 3 -1 -5
right_child=1 -3 -4 4 -6
leaf_value=0.033333695426831698 3070.4138875651443 0.033333695426831671 -140.86367068865621 0.033333695426829874 0.033333695426829783
leaf_weight=0.98686464001366381 0.0082563055475476377 0.7007111862039892 0.0085168595687717952 0.018043365969788283 0.01719656540080905
leaf_count=60601 1014 43029 27621 1108 1056
internal_value=13.9159 35.7896 -1.13101 0.0333337 0.0333337
internal_weight=1.73959 0.708967 1.03062 1.0221 0.0352399
internal_count=134429 44043 90386 62765 2164
is_linear=0
shrinkage=0.05


Tree=129
num_leaves=1
num_cat=0
split_feature=
split_gain=
threshold=
decision_type=
left_child=
right_child=
leaf_value=0
leaf_weight=
leaf_count=134429
internal_value=
internal_weight=
internal_count=
is_linear=0
shrinkage=1


Tree=130
num_leaves=5
num_cat=0
split_feature=2 2 2 2
split_gain=225357 2.77038e+07 5.55112e-17 5.55112e-17
threshold=1.2332325250737262 1.3335000000000095 1.2296290664945677 1.5708000000000124
decision_type=2 2 2 2
left_child=2 -2 -1 -3
right_child=1 3 -4 -5
leaf_value=-0.033333672628895611 -2814.0226403324746 -0.033333672628895597 -0.033333672628893578 -0.033333672628894029
leaf_weight=0.940099087728413 0.0088664160666667158 0.62610303695510083 0.016087517811683938 0.020551194628751546
leaf_count=61709 29217 41098 1056 1349
internal_value=-15.5138 -38.0947 -0.0333337 -0.0333337
internal_weight=1.61171 0.655521 0.956187 0.646654
internal_count=134429 71664 62765 42447
is_linear=0
shrinkage=0.05


Tree=131
num_leaves=5
num_cat=0
split_feature=2 2 2 2
split_gain=225357 2.77038e+07 5.55112e-17 5.55112e-17
threshold=1.2332325250737262 1.3335000000000095 1.2296290664945677 1.5708000000000124
decision_type=2 2 2 2
left_child=2 -2 -1 -3
right_child=1 3 -4 -5
leaf_value=0.033333672628895611 2814.0226403324746 0.033333672628895597 0.033333672628893578 0.033333672628894029
leaf_weight=0.940099087728413 0.0088664160666667158 0.62610303695510083 0.016087517811683938 0.020551194628751546
leaf_count=61709 29217 41098 1056 1349
internal_value=15.5138 38.0947 0.0333337 0.0333337
internal_weight=1.61171 0.655521 0.956187 0.646654
internal_count=134429 71664 62765 42447
is_linear=0
shrinkage=0.05


Tree=132
num_leaves=1
num_cat=0
split_feature=
split_gain=
threshold=
decision_type=
left_child=
right_child=
leaf_value=0
leaf_weight=
leaf_count=134429
internal_value=
internal_weight=
internal_count=
is_linear=0
shrinkage=1


Tree=133
num_leaves=6
num_cat=0
split_feature=2 2 2 2 2
split_gain=568.009 78450 5.55112e-17 5.55112e-17 1.73472e-18
threshold=1.269300000000001 1.334500000000008 1.2282500000000167 1.5527087397574086 1.2296290664945677
decision_type=2 2 2 2 2
left_child=2 -2 -1 -3 -4
right_child=1 3 4 -5 -6
leaf_value=-0.033333648157595201 165.38781168431828 -0.03333364815759518 -0.033333648157590857 -0.033333648157594389 -0.033333648157593029
leaf_weight=0.87187357964285184 0.0072542116522527058 0.55870256422713283 0.0075962569953844641 0.038993169117020443 0.015049995097797364
leaf_count=61176 22724 39202 533 2736 8058
internal_value=0.766949 1.9503 -0.0333336 -0.0333336 -0.0333336
internal_weight=1.49947 0.60495 0.89452 0.597696 0.0226463
internal_count=134429 64662 69767 41938 8591
is_linear=0
shrinkage=0.05


Tree=134
num_leaves=6
num_cat=0
split_feature=2 2 2 2 2
split_gain=568.009 78450 5.55112e-17 5.55112e-17 1.73472e-18
threshold=1.269300000000001 1.334500000000008 1.2282500000000167 1.5527087397574086 1.2296290664945677
decision_type=2 2 2 2 2
left_child=2 -2 -1 -3 -4
right_child=1 3 4 -5 -6
leaf_value=0.033333648157595201 -165.38781168431828 0.03333364815759518 0.033333648157590857 0.033333648157594389 0.033333648157593029
leaf_weight=0.87187357964285184 0.0072542116522527058 0.55870256422713283 0.0075962569953844641 0.038993169117020443 0.015049995097797364
leaf_count=61176 22724 39202 533 2736 8058
internal_value=-0.766949 -1.9503 0.0333336 0.0333336 0.0333336
internal_weight=1.49947 0.60495 0.89452 0.597696 0.0226463
internal_count=134429 64662 69767 41938 8591
is_linear=0
shrinkage=0.05


Tree=135
num_leaves=1
num_cat=0
split_feature=
split_gain=
threshold=
decision_type=
left_child=
right_child=
leaf_value=0
leaf_weight=
leaf_count=134429
internal_value=
internal_weight=
internal_count=
is_linear=0
shrinkage=1


Tree=136
num_leaves=4
num_cat=0
split_feature=2 2 2
split_gain=295535 3.53889e+07 80365.9
threshold=1.3335000000000095 1.3361000000000096 1.2317000000000073
decision_type=2 2 2
left_child=2 -2 -1
right_child=1 -3 -4
leaf_value=-0.03333363120589336 -3521.8665380301736 -0.033333631205893346 168.82959637842072
leaf_weight=0.82972366091416916 0.0072263501770066787 0.55192249433093821 0.0071063554323700364
leaf_count=62232 1051 41396 29750
internal_value=-17.4047 -45.5489 1.40065
internal_weight=1.39598 0.559149 0.83683
internal_count=134429 42447 91982
is_linear=0
shrinkage=0.05


Tree=137
num_leaves=4
num_cat=0
split_feature=2 2 2
split_gain=295535 3.53889e+07 80365.9
threshold=1.3335000000000095 1.3361000000000096 1.2317000000000073
decision_type=2 2 2
left_child=2 -2 -1
right_child=1 -3 -4
leaf_value=0.03333363120589336 3521.8665380301736 0.033333631205893346 -168.82959637842072
leaf_weight=0.82972366091416916 0.0072263501770066787 0.55192249433093821 0.0071063554323700364
leaf_count=62232 1051 41396 29750
internal_value=17.4047 45.5489 -1.40065
internal_weight=1.39598 0.559149 0.83683
internal_count=134429 42447 91982
is_linear=0
shrinkage=0.05


Tree=138
num_leaves=1
num_cat=0
split_feature=
split_gain=
threshold=
decision_type=
left_child=
right_child=
leaf_value=0
leaf_weight=
leaf_count=134429
internal_value=
internal_weight=
internal_count=
is_linear=0
shrinkage=1


Tree=139
num_leaves=4
num_cat=0
split_feature=2 2 2
split_gain=301333 4.03871e+07 2.77556e-17
threshold=1.2317000000000073 1.3371000000000055 1.5835357409455753
decision_type=2 2 2
left_child=-1 -2 -3
right_child=1 2 -4
leaf_value=-0.03333360920542635 -4016.6192769801601 -0.033333609205426322 -0.033333609205420216
leaf_weight=0.77621274405828444 0.0063362269247591021 0.50460314265365014 0.0053882874635746694
leaf_count=62232 31309 40456 432
internal_value=-19.7232 -49.3237 -0.0333336
internal_weight=1.29254 0.516328 0.509991
internal_count=134429 72197 40888
is_linear=0
shrinkage=0.05


Tree=140
num_leaves=4
num_cat=0
split_feature=2 2 2
split_gain=301333 4.03871e+07 2.77556e-17
threshold=1.2317000000000073 1.3371000000000055 1.5835357409455753
decision_type=2 2 2
left_child=-1 -2 -3
right_child=1 2 -4
leaf_value=0.03333360920542635 4016.6192769801601 0.033333609205426322 0.033333609205420216
leaf_weight=0.77621274405828444 0.0063362269247591021 0.50460314265365014 0.0053882874635746694
leaf_count=62232 31309 40456 432
internal_value=19.7232 49.3237 0.0333336
internal_weight=1.29254 0.516328 0.509991
internal_count=134429 72197 40888
is_linear=0
shrinkage=0.05


Tree=141
num_leaves=1
num_cat=0
split_feature=
split_gain=
threshold=
decision_type=
left_child=
right_child=
leaf_value=0
leaf_weight=
leaf_count=134429
internal_value=
internal_weight=
internal_count=
is_linear=0
shrinkage=1


Tree=142
num_leaves=5
num_cat=0
split_feature=2 2 2 2
split_gain=728.59 93540.8 5.55112e-17 2.77556e-17
threshold=1.269300000000001 1.3383205717387401 1.2296290664945677 1.4678000000000004
decision_type=2 2 2 2
left_child=2 -2 -1 -3
right_child=1 3 -4 -5
leaf_value=-0.033333590550435985 197.35853189417372 -0.033333590550435936 -0.033333590550430572 -0.033333590550435652
leaf_weight=0.72005020771121053 0.0060792778722316134 0.38297116899138928 0.0061026148314340381 0.088050347070748103
leaf_count=61709 24295 32821 8058 7546
internal_value=0.963962 2.48186 -0.0333336 -0.0333336
internal_weight=1.20325 0.477101 0.726153 0.471022
internal_count=134429 64662 69767 40367
is_linear=0
shrinkage=0.05


Tree=143
num_leaves=5
num_cat=0
split_feature=2 2 2 2
split_gain=728.59 93540.8 5.55112e-17 2.77556e-17
threshold=1.269300000000001 1.3383205717387401 1.2296290664945677 1.4678000000000004
decision_type=2 2 2 2
left_child=2 -2 -1 -3
right_child=1 3 -4 -5
leaf_value=0.033333590550435985 -197.35853189417372 0.033333590550435936 0.033333590550430572 0.033333590550435652
leaf_weight=0.72005020771121053 0.0060792778722316134 0.38297116899138928 0.0061026148314340381 0.088050347070748103
leaf_count=61709 24295 32821 8058 7546
internal_value=-0.963962 -2.48186 0.0333336 0.0333336
internal_weight=1.20325 0.477101 0.726153 0.471022
internal_count=134429 64662 69767 40367
is_linear=0
shrinkage=0.05


Tree=144
num_leaves=1
num_cat=0
split_feature=
split_gain=
threshold=
decision_type=
left_child=
right_child=
leaf_value=0
leaf_weight=
leaf_count=134429
internal_value=
internal_weight=
internal_count=
is_linear=0
shrinkage=1


Tree=145
num_leaves=7
num_cat=0
split_feature=2 2 2 2 2 2
split_gain=396307 4.37092e+07 100045 5.55112e-17 5.55112e-17 3.46945e-18
threshold=1.3371000000000055 1.3388000000000069 1.2296290664945677 1.0613200000000005 1.352900000000016 1.3522000000000018
decision_type=2 2 2 2 2 2
left_child=2 -2 3 -1 5 -3
right_child=1 4 -4 -5 -6 -7
leaf_value=-0.03333357564975583 -4253.8950038183048 -0.033333575649756635 210.15957214010655 -0.033333575649757211 -0.033333575649757169 -0.033333575649751743
leaf_weight=0.023261887602529896 0.0061238474636411402 0.052953269244426338 0.005709041396585234 0.65035041744886257 0.37553048207519168 0.0060365198705767389
leaf_count=2131 1082 4851 31832 59578 34402 553
internal_value=-22.2215 -59.1513 1.73314 -0.0333336 -0.0333336 -0.0333336
internal_weight=1.11997 0.440644 0.679321 0.673612 0.43452 0.0589898
internal_count=134429 40888 93541 61709 39806 5404
is_linear=0
shrinkage=0.05


Tree=146
num_leaves=7
num_cat=0
split_feature=2 2 2 2 2 2
split_gain=396307 4.37092e+07 100045 5.55112e-17 5.55112e-17 3.46945e-18
threshold=1.3371000000000055 1.3388000000000069 1.2296290664945677 1.0613200000000005 1.352900000000016 1.3522000000000018
decision_type=2 2 2 2 2 2
left_child=2 -2 3 -1 5 -3
right_child=1 4 -4 -5 -6 -7
leaf_value=0.03333357564975583 4253.8950038183048 0.033333575649756635 -210.15957214010655 0.033333575649757211 0.033333575649757169 0.033333575649751743
leaf_weight=0.023261887602529896 0.0061238474636411402 0.052953269244426338 0.005709041396585234 0.65035041744886257 0.37553048207519168 0.0060365198705767389
leaf_count=2131 1082 4851 31832 59578 34402 553
internal_value=22.2215 59.1513 -1.73314 0.0333336 0.0333336 0.0333336
internal_weight=1.11997 0.440644 0.679321 0.673612 0.43452 0.0589898
internal_count=134429 40888 93541 61709 39806 5404
is_linear=0
shrinkage=0.05


Tree=147
num_leaves=1
num_cat=0
split_feature=
split_gain=
threshold=
decision_type=
left_child=
right_child=
leaf_value=0
leaf_weight=
leaf_count=134429
internal_value=
internal_weight=
internal_count=
is_linear=0
shrinkage=1


Tree=148
num_leaves=6
num_cat=0
split_feature=2 2 2 2 2
split_gain=372359 4.69182e+07 5.55112e-17 2.77556e-17 3.46945e-18
threshold=1.2296290664945677 1.3399000000000005 1.0569999999951392 1.4906000007166529 1.5777000000000005
decision_type=2 2 2 2 2
left_child=2 -2 -1 -3 -5
right_child=1 3 -4 4 -6
leaf_value=-0.033333561183090249 -4762.6371695745465 -0.03333356118309324 -0.033333561183093274 -0.033333561183092469 -0.033333561183089597
leaf_weight=0.010824668188433861 0.0052387309251571415 0.35343562830348674 0.61934462354747666 0.038897321820513753 0.0089252452798973536
leaf_count=1060 33427 34610 60649 3809 874
internal_value=-24.1009 -61.4114 -0.0333336 -0.0333336 -0.0333336
internal_weight=1.03667 0.406497 0.630169 0.401258 0.0478226
internal_count=134429 72720 61709 39293 4683
is_linear=0
shrinkage=0.05


Tree=149
num_leaves=6
num_cat=0
split_feature=2 2 2 2 2
split_gain=372359 4.69182e+07 5.55112e-17 2.77556e-17 3.46945e-18
threshold=1.2296290664945677 1.3399000000000005 1.0569999999951392 1.4906000007166529 1.5777000000000005
decision_type=2 2 2 2 2
left_child=2 -2 -1 -3 -5
right_child=1 3 -4 4 -6
leaf_value=0.033333561183090249 4762.6371695745465 0.03333356118309324 0.033333561183093274 0.033333561183092469 0.033333561183089597
leaf_weight=0.010824668188433861 0.0052387309251571415 0.35343562830348674 0.61934462354747666 0.038897321820513753 0.0089252452798973536
leaf_count=1060 33427 34610 60649 3809 874
internal_value=24.1009 61.4114 0.0333336 0.0333336 0.0333336
internal_weight=1.03667 0.406497 0.630169 0.401258 0.0478226
internal_count=134429 72720 61709 39293 4683
is_linear=0
shrinkage=0.05


Tree=150
num_leaves=1
num_cat=0
split_feature=
split_gain=
threshold=
decision_type=
left_child=
right_child=
leaf_value=0
leaf_weight=
leaf_count=134429
internal_value=
internal_weight=
internal_count=
is_linear=0
shrinkage=1


Tree=151
num_leaves=6
num_cat=0
split_feature=2 2 2 2 2
split_gain=937.497 118332 5.55112e-17 2.77556e-17 1.38778e-17
threshold=1.269300000000001 1.3416000006732907 1.1624600000000198 1.5835357409455753 1.2234000000000009
decision_type=2 2 2 2 2
left_child=2 -2 -1 -3 -4
right_child=1 3 4 -5 -6
leaf_value=-0.033333545156875956 249.68895107592235 -0.033333545156875949 -0.033333545156875852 -0.033333545156867976 -0.033333545156873916
leaf_weight=0.3989003795413737 0.0048053380651253965 0.36644762922878726 0.1749792683913256 0.0041270497895311556 0.015648397118638968
leaf_count=41755 25872 38358 18316 432 9696
internal_value=1.21031 3.16343 -0.0333335 -0.0333335 -0.0333335
internal_weight=0.964908 0.37538 0.589528 0.370575 0.190628
internal_count=134429 64662 69767 38790 28012
is_linear=0
shrinkage=0.05


Tree=152
num_leaves=6
num_cat=0
split_feature=2 2 2 2 2
split_gain=937.497 118332 5.55112e-17 2.77556e-17 1.38778e-17
threshold=1.269300000000001 1.3416000006732907 1.1624600000000198 1.5835357409455753 1.2234000000000009
decision_type=2 2 2 2 2
left_child=2 -2 -1 -3 -4
right_child=1 3 4 -5 -6
leaf_value=0.033333545156875956 -249.68895107592235 0.033333545156875949 0.033333545156875852 0.033333545156867976 0.033333545156873916
leaf_weight=0.3989003795413737 0.0048053380651253965 0.36644762922878726 0.1749792683913256 0.0041270497895311556 0.015648397118638968
leaf_count=41755 25872 38358 18316 432 9696
internal_value=-1.21031 -3.16343 0.0333335 0.0333335 0.0333335
internal_weight=0.964908 0.37538 0.589528 0.370575 0.190628
internal_count=134429 64662 69767 38790 28012
is_linear=0
shrinkage=0.05


Tree=153
num_leaves=1
num_cat=0
split_feature=
split_gain=
threshold=
decision_type=
left_child=
right_child=
leaf_value=0
leaf_weight=
leaf_count=134429
internal_value=
internal_weight=
internal_count=
is_linear=0
shrinkage=1


Tree=154
num_leaves=6
num_cat=0
split_feature=2 2 2 2 2
split_gain=475410 5.14056e+07 119874 2.77556e-17 2.77556e-17
threshold=1.3399000000000005 1.3440000000000007 1.2282500000000167 1.2234000000000009 1.2184400000000004
decision_type=2 2 2 2 2
left_child=2 -2 3 4 -1
right_child=1 -3 -4 -5 -6
leaf_value=-0.033333530926381957 -5182.4815759208332 -0.033333530926381923 251.87982352980495 -0.033333530926378648 -0.033333530926378488
leaf_weight=0.52743987135181669 0.0048529187024541889 0.34182243390932854 0.0047635463506594524 0.0098756448733183788 0.0094287831143446965
leaf_count=59016 1046 38247 33960 1105 1055
internal_value=-26.6983 -72.5796 2.14252 -0.0333335 -0.0333335
internal_weight=0.898183 0.346675 0.551508 0.546744 0.536869
internal_count=134429 39293 95136 61176 60071
is_linear=0
shrinkage=0.05


Tree=155
num_leaves=6
num_cat=0
split_feature=2 2 2 2 2
split_gain=475410 5.14056e+07 119874 2.77556e-17 2.77556e-17
threshold=1.3399000000000005 1.3440000000000007 1.2282500000000167 1.2234000000000009 1.2184400000000004
decision_type=2 2 2 2 2
left_child=2 -2 3 4 -1
right_child=1 -3 -4 -5 -6
leaf_value=0.033333530926381957 5182.4815759208332 0.033333530926381923 -251.87982352980495 0.033333530926378648 0.033333530926378488
leaf_weight=0.52743987135181669 0.0048529187024541889 0.34182243390932854 0.0047635463506594524 0.0098756448733183788 0.0094287831143446965
leaf_count=59016 1046 38247 33960 1105 1055
internal_value=26.6983 72.5796 -2.14252 0.0333335 0.0333335
internal_weight=0.898183 0.346675 0.551508 0.546744 0.536869
internal_count=134429 39293 95136 61176 60071
is_linear=0
shrinkage=0.05


Tree=156
num_leaves=1
num_cat=0
split_feature=
split_gain=
threshold=
decision_type=
left_child=
right_child=
leaf_value=0
leaf_weight=
leaf_count=134429
internal_value=
internal_weight=
internal_count=
is_linear=0
shrinkage=1


Tree=157
num_leaves=4
num_cat=0
split_feature=2 2 2
split_gain=498519 5.94766e+07 5.55112e-17
threshold=1.2282500000000167 1.3454000000000035 1.1465899999999996
decision_type=2 2 2
left_child=2 -2 -1
right_child=1 -3 -4
leaf_value=-0.033333520072665067 -5922.1140232586013 -0.033333520072665067 -0.033333520072664997
leaf_weight=0.32199299239437096 0.0042974760617653365 0.31547989151476941 0.18949026743939612
leaf_count=38512 35520 37733 22664
internal_value=-30.6495 -79.62 -0.0333335
internal_weight=0.831261 0.319777 0.511483
internal_count=134429 73253 61176
is_linear=0
shrinkage=0.05


Tree=158
num_leaves=4
num_cat=0
split_feature=2 2 2
split_gain=498519 5.94766e+07 5.55112e-17
threshold=1.2282500000000167 1.3454000000000035 1.1465899999999996
decision_type=2 2 2
left_child=2 -2 -1
right_child=1 -3 -4
leaf_value=0.033333520072665067 5922.1140232586013 0.033333520072665067 0.033333520072664997
leaf_weight=0.32199299239437096 0.0042974760617653365 0.31547989151476941 0.18949026743939612
leaf_count=38512 35520 37733 22664
internal_value=30.6495 79.62 0.0333335
internal_weight=0.831261 0.319777 0.511483
internal_count=134429 73253 61176
is_linear=0
shrinkage=0.05


Tree=159
num_leaves=1
num_cat=0
split_feature=
split_gain=
threshold=
decision_type=
left_child=
right_child=
leaf_value=0
leaf_weight=
leaf_count=134429
internal_value=
internal_weight=
internal_count=
is_linear=0
shrinkage=1


Tree=160
num_leaves=5
num_cat=0
split_feature=2 2 2 2
split_gain=1207.12 144163 2.77556e-17 2.77556e-17
threshold=1.269300000000001 1.3468000000000171 1.1151510256678094 1.5835357409455753
decision_type=2 2 2 2
left_child=2 -2 -1 -3
right_child=1 3 -4 -5
leaf_value=-0.033333505814374442 304.37262237354673 -0.033333505814374546 -0.03333350581437456 -0.033333505814364804
leaf_weight=0.15262357030860585 0.0039421042092726557 0.28781271545358322 0.32587279299787042 0.0033789464650908476
leaf_count=19513 27433 36797 50254 432
internal_value=1.5178 4.03262 -0.0333335 -0.0333335
internal_weight=0.77363 0.295134 0.478496 0.291192
internal_count=134429 64662 69767 37229
is_linear=0
shrinkage=0.05


Tree=161
num_leaves=5
num_cat=0
split_feature=2 2 2 2
split_gain=1207.12 144163 2.77556e-17 2.77556e-17
threshold=1.269300000000001 1.3468000000000171 1.1151510256678094 1.5835357409455753
decision_type=2 2 2 2
left_child=2 -2 -1 -3
right_child=1 3 -4 -5
leaf_value=0.033333505814374442 -304.37262237354673 0.033333505814374546 0.03333350581437456 0.033333505814364804
leaf_weight=0.15262357030860585 0.0039421042092726557 0.28781271545358322 0.32587279299787042 0.0033789464650908476
leaf_count=19513 27433 36797 50254 432
internal_value=-1.5178 -4.03262 0.0333335 0.0333335
internal_weight=0.77363 0.295134 0.478496 0.291192
internal_count=134429 64662 69767 37229
is_linear=0
shrinkage=0.05


Tree=162
num_leaves=1
num_cat=0
split_feature=
split_gain=
threshold=
decision_type=
left_child=
right_child=
leaf_value=0
leaf_weight=
leaf_count=134429
internal_value=
internal_weight=
internal_count=
is_linear=0
shrinkage=1


Tree=163
num_leaves=6
num_cat=0
split_feature=2 2 2 2 2
split_gain=613779 6.79464e+07 135615 1.38778e-17 6.93889e-18
threshold=1.3454000000000035 1.3482000000000087 1.2255000000000049 1.39099999999997 1.3797000000000004
decision_type=2 2 2 2 2
left_child=2 -2 -1 4 -3
right_child=1 3 -4 -5 -6
leaf_value=-0.033333494917494433 -6833.2511824772555 -0.033333494917494169 285.17923759305052 -0.033333494917494287 -0.033333494917492643
leaf_weight=0.44342944524305494 0.0036878672035527407 0.098474834971057135 0.0042073881786564007 0.15239525842935109 0.017853960271168035
leaf_count=60601 1008 13458 36095 20827 2440
internal_value=-33.3644 -92.5403 2.64741 -0.0333335 -0.0333335
internal_weight=0.720049 0.272412 0.447637 0.268724 0.116329
internal_count=134429 37733 96696 36725 15898
is_linear=0
shrinkage=0.05


Tree=164
num_leaves=6
num_cat=0
split_feature=2 2 2 2 2
split_gain=613779 6.79464e+07 135615 1.38778e-17 6.93889e-18
threshold=1.3454000000000035 1.3482000000000087 1.2255000000000049 1.39099999999997 1.3797000000000004
decision_type=2 2 2 2 2
left_child=2 -2 -1 4 -3
right_child=1 3 -4 -5 -6
leaf_value=0.033333494917494433 6833.2511824772555 0.033333494917494169 -285.17923759305052 0.033333494917494287 0.033333494917492643
leaf_weight=0.44342944524305494 0.0036878672035527407 0.098474834971057135 0.0042073881786564007 0.15239525842935109 0.017853960271168035
leaf_count=60601 1008 13458 36095 20827 2440
internal_value=33.3644 92.5403 -2.64741 0.0333335 0.0333335
internal_weight=0.720049 0.272412 0.447637 0.268724 0.116329
internal_count=134429 37733 96696 36725 15898
is_linear=0
shrinkage=0.05


Tree=165
num_leaves=1
num_cat=0
split_feature=
split_gain=
threshold=
decision_type=
left_child=
right_child=
leaf_value=0
leaf_weight=
leaf_count=134429
internal_value=
internal_weight=
internal_count=
is_linear=0
shrinkage=1


Tree=166
num_leaves=5
num_cat=0
split_feature=2 2 2 2
split_gain=751970 8.67919e+07 2.77556e-17 1.38778e-17
threshold=1.2255000000000049 1.3493000011532545 1.2210100000000017 1.5835357409455753
decision_type=2 2 2 2
left_child=2 -2 -1 -3
right_child=1 3 -4 -5
leaf_value=-0.033333486127273416 -7985.4794463328499 -0.033333486127273368 -0.033333486127268906 -0.033333486127262238
leaf_weight=0.40758913222771298 0.0034500264118832993 0.24498610169621315 0.0072423173487550221 0.0029571654958999707
leaf_count=59543 37607 35789 1058 432
internal_value=-41.3857 -109.623 -0.0333335 -0.0333335
internal_weight=0.666225 0.251393 0.414831 0.247943
internal_count=134429 73828 60601 36221
is_linear=0
shrinkage=0.05


Tree=167
num_leaves=5
num_cat=0
split_feature=2 2 2 2
split_gain=751970 8.67919e+07 2.77556e-17 1.38778e-17
threshold=1.2255000000000049 1.3493000011532545 1.2210100000000017 1.5835357409455753
decision_type=2 2 2 2
left_child=2 -2 -1 -3
right_child=1 3 -4 -5
leaf_value=0.033333486127273416 7985.4794463328499 0.033333486127273368 0.033333486127268906 0.033333486127262238
leaf_weight=0.40758913222771298 0.0034500264118832993 0.24498610169621315 0.0072423173487550221 0.0029571654958999707
leaf_count=59543 37607 35789 1058 432
internal_value=41.3857 109.623 0.0333335 0.0333335
internal_weight=0.666225 0.251393 0.414831 0.247943
internal_count=134429 73828 60601 36221
is_linear=0
shrinkage=0.05


Tree=168
num_leaves=1
num_cat=0
split_feature=
split_gain=
threshold=
decision_type=
left_child=
right_child=
leaf_value=0
leaf_weight=
leaf_count=134429
internal_value=
internal_weight=
internal_count=
is_linear=0
shrinkage=1


Tree=169
num_leaves=4
num_cat=0
split_feature=2 2 2
split_gain=1554.28 175276 2.77556e-17
threshold=1.269300000000001 1.3505000000000142 1.2210100000000017
decision_type=2 2 2
left_child=2 -2 -1
right_child=1 -3 -4
leaf_value=-0.03333347535713118 370.29903944696514 -0.033333475357131125 -0.033333475357126351
leaf_weight=0.38130259727995508 0.0032403324357801458 0.22871239712230818 0.0067752405475403057
leaf_count=59543 28947 35715 10224
internal_value=1.90205 5.14013 -0.0333335
internal_weight=0.620031 0.231953 0.388078
internal_count=134429 64662 69767
is_linear=0
shrinkage=0.05


Tree=170
num_leaves=4
num_cat=0
split_feature=2 2 2
split_gain=1554.28 175276 2.77556e-17
threshold=1.269300000000001 1.3505000000000142 1.2210100000000017
decision_type=2 2 2
left_child=2 -2 -1
right_child=1 -3 -4
leaf_value=0.03333347535713118 -370.29903944696514 0.033333475357131125 0.033333475357126351
leaf_weight=0.38130259727995508 0.0032403324357801458 0.22871239712230818 0.0067752405475403057
leaf_count=59543 28947 35715 10224
internal_value=-1.90205 -5.14013 0.0333335
internal_weight=0.620031 0.231953 0.388078
internal_count=134429 64662 69767
is_linear=0
shrinkage=0.05


Tree=171
num_leaves=1
num_cat=0
split_feature=
split_gain=
threshold=
decision_type=
left_child=
right_child=
leaf_value=0
leaf_weight=
leaf_count=134429
internal_value=
internal_weight=
internal_count=
is_linear=0
shrinkage=1


Tree=172
num_leaves=6
num_cat=0
split_feature=2 2 2 2 2
split_gain=795595 5.50377e+07 179823 2.77556e-17 2.77556e-17
threshold=1.3493000011532545 1.3522000000000018 1.2234000000000009 1.2184400000000004 1.4824000000000142
decision_type=2 2 2 2 2
left_child=2 -2 3 -1 -3
right_child=1 4 -4 -5 -6
leaf_value=-0.03333346870149035 -5556.7818255040593 -0.033333468701490253 377.90347201535877 -0.033333468701485174 -0.033333468701489455
leaf_weight=0.35355416603124468 0.004553022336040157 0.17573468053342367 0.0031751339975016881 0.0063203139006873235 0.033674392830107536
leaf_count=59016 1266 29334 38137 1055 5621
internal_value=-41.8003 -118.279 3.272 -0.0333335 -0.0333335
internal_weight=0.577012 0.213962 0.36305 0.359874 0.209409
internal_count=134429 36221 98208 60071 34955
is_linear=0
shrinkage=0.05


Tree=173
num_leaves=6
num_cat=0
split_feature=2 2 2 2 2
split_gain=795595 5.50377e+07 179823 2.77556e-17 2.77556e-17
threshold=1.3493000011532545 1.3522000000000018 1.2234000000000009 1.2184400000000004 1.4824000000000142
decision_type=2 2 2 2 2
left_child=2 -2 3 -1 -3
right_child=1 4 -4 -5 -6
leaf_value=0.03333346870149035 5556.7818255040593 0.033333468701490253 -377.90347201535877 0.033333468701485174 0.033333468701489455
leaf_weight=0.35355416603124468 0.004553022336040157 0.17573468053342367 0.0031751339975016881 0.0063203139006873235 0.033674392830107536
leaf_count=59016 1266 29334 38137 1055 5621
internal_value=41.8003 118.279 -3.272 0.0333335 0.0333335
internal_weight=0.577012 0.213962 0.36305 0.359874 0.209409
internal_count=134429 36221 98208 60071 34955
is_linear=0
shrinkage=0.05


Tree=174
num_leaves=1
num_cat=0
split_feature=
split_gain=
threshold=
decision_type=
left_child=
right_child=
leaf_value=0
leaf_weight=
leaf_count=134429
internal_value=
internal_weight=
internal_count=
is_linear=0
shrinkage=1


Tree=175
num_leaves=4
num_cat=0
split_feature=2 2 2
split_gain=826192 8.13049e+07 2.77556e-17
threshold=1.2234000000000009 1.352900000000016 1.1362000000000041
decision_type=2 2 2
left_child=2 -2 -1
right_child=1 -3 -4
leaf_value=-0.033333457748520923 -8163.2633612053578 -0.033333457748520923 -0.033333457748520867
leaf_weight=0.19124640876907506 0.0030992633937785277 0.19280444714786427 0.14541878350519255
leaf_count=34124 39956 34402 25947
internal_value=-47.5389 -129.178 -0.0333335
internal_weight=0.532569 0.195904 0.336665
internal_count=134429 74358 60071
is_linear=0
shrinkage=0.05


Tree=176
num_leaves=4
num_cat=0
split_feature=2 2 2
split_gain=826192 8.13049e+07 2.77556e-17
threshold=1.2234000000000009 1.352900000000016 1.1362000000000041
decision_type=2 2 2
left_child=2 -2 -1
right_child=1 -3 -4
leaf_value=0.033333457748520923 8163.2633612053578 0.033333457748520923 0.033333457748520867
leaf_weight=0.19124640876907506 0.0030992633937785277 0.19280444714786427 0.14541878350519255
leaf_count=34124 39956 34402 25947
internal_value=47.5389 129.178 0.0333335
internal_weight=0.532569 0.195904 0.336665
internal_count=134429 74358 60071
is_linear=0
shrinkage=0.05


Tree=177
num_leaves=1
num_cat=0
split_feature=
split_gain=
threshold=
decision_type=
left_child=
right_child=
leaf_value=0
leaf_weight=
leaf_count=134429
internal_value=
internal_weight=
internal_count=
is_linear=0
shrinkage=1


Tree=178
num_leaves=6
num_cat=0
split_feature=2 2 2 2 2
split_gain=2030.56 214784 2.77556e-17 1.38778e-17 8.67362e-19
threshold=1.269300000000001 1.3543000000000094 1.2125500000000005 1.474300000428898 1.2184400000000004
decision_type=2 2 2 2 2
left_child=2 -2 -1 -3 -4
right_child=1 3 4 -5 -6
leaf_value=-0.033333450424324639 454.08626641706434 -0.033333450424324514 -0.033333450424320725 -0.033333450424323778 -0.033333450424318713
leaf_weight=0.30114261076732873 0.0026424756833876009 0.14320225861183644 0.0082787085398194904 0.034525203125213011 0.0055313727102657148
leaf_count=57437 30764 27313 1579 6585 10751
internal_value=2.38933 6.61966 -0.0333335 -0.0333335 -0.0333335
internal_weight=0.495323 0.18037 0.314953 0.177727 0.0138101
internal_count=134429 64662 69767 33898 12330
is_linear=0
shrinkage=0.05


Tree=179
num_leaves=6
num_cat=0
split_feature=2 2 2 2 2
split_gain=2030.56 214784 2.77556e-17 1.38778e-17 8.67362e-19
threshold=1.269300000000001 1.3543000000000094 1.2125500000000005 1.474300000428898 1.2184400000000004
decision_type=2 2 2 2 2
left_child=2 -2 -1 -3 -4
right_child=1 3 4 -5 -6
leaf_value=0.033333450424324639 -454.08626641706434 0.033333450424324514 0.033333450424320725 0.033333450424323778 0.033333450424318713
leaf_weight=0.30114261076732873 0.0026424756833876009 0.14320225861183644 0.0082787085398194904 0.034525203125213011 0.0055313727102657148
leaf_count=57437 30764 27313 1579 6585 10751
internal_value=-2.38933 -6.61966 0.0333335 0.0333335 0.0333335
internal_weight=0.495323 0.18037 0.314953 0.177727 0.0138101
internal_count=134429 64662 69767 33898 12330
is_linear=0
shrinkage=0.05


Tree=180
num_leaves=1
num_cat=0
split_feature=
split_gain=
threshold=
decision_type=
left_child=
right_child=
leaf_value=0
leaf_weight=
leaf_count=134429
internal_value=
internal_weight=
internal_count=
is_linear=0
shrinkage=1


Tree=181
num_leaves=5
num_cat=0
split_feature=2 2 2 2
split_gain=1.02984e+06 9.47334e+07 220458 2.77556e-17
threshold=1.352900000000016 1.3557396849393524 1.2210100000000017 1.1966000000000008
decision_type=2 2 2 2
left_child=2 -2 3 -1
right_child=1 -3 -4 -5
leaf_value=-0.033333440726368666 -9549.7536154380559 -0.033333440726368589 463.327914008275 -0.033333440726367375
leaf_weight=0.26850736822689214 0.0026388207461422999 0.16362650574592408 0.0025897720333887255 0.023543382121715695
leaf_count=54743 1042 33360 40484 4800
internal_value=-52.1047 -151.598 4.03943 -0.0333334
internal_weight=0.460906 0.166265 0.294641 0.292051
internal_count=134429 34402 100027 59543
is_linear=0
shrinkage=0.05


Tree=182
num_leaves=5
num_cat=0
split_feature=2 2 2 2
split_gain=1.02984e+06 9.47334e+07 220458 2.77556e-17
threshold=1.352900000000016 1.3557396849393524 1.2210100000000017 1.1966000000000008
decision_type=2 2 2 2
left_child=2 -2 3 -1
right_child=1 -3 -4 -5
leaf_value=0.033333440726368666 9549.7536154380559 0.033333440726368589 -463.327914008275 0.033333440726367375
leaf_weight=0.26850736822689214 0.0026388207461422999 0.16362650574592408 0.0025897720333887255 0.023543382121715695
leaf_count=54743 1042 33360 40484 4800
internal_value=52.1047 151.598 -4.03943 0.0333334
internal_weight=0.460906 0.166265 0.294641 0.292051
internal_count=134429 34402 100027 59543
is_linear=0
shrinkage=0.05


Tree=183
num_leaves=1
num_cat=0
split_feature=
split_gain=
threshold=
decision_type=
left_child=
right_child=
leaf_value=0
leaf_weight=
leaf_count=134429
internal_value=
internal_weight=
internal_count=
is_linear=0
shrinkage=1


Tree=184
num_leaves=5
num_cat=0
split_feature=2 2 2 2
split_gain=1.06356e+06 9.88102e+07 1.38778e-17 1.38778e-17
threshold=1.2210100000000017 1.3579000000000112 1.2080500000000192 1.5835357409455753
decision_type=2 2 2 2
left_child=2 -2 -1 -3
right_child=1 3 -4 -5
leaf_value=-0.033333434915930611 -9967.2571838343647 -0.033333434915930514 -0.033333434915928481 -0.033333434915913937
leaf_weight=0.25846340486532426 0.0025282867504756714 0.14856323070807775 0.014752163162938814 0.0019822502290480761
leaf_count=56328 42077 32377 3215 432
internal_value=-59.1481 -164.66 -0.0333334 -0.0333334
internal_weight=0.426289 0.153074 0.273216 0.150545
internal_count=134429 74886 59543 32809
is_linear=0
shrinkage=0.05


Tree=185
num_leaves=5
num_cat=0
split_feature=2 2 2 2
split_gain=1.06356e+06 9.88102e+07 1.38778e-17 1.38778e-17
threshold=1.2210100000000017 1.3579000000000112 1.2080500000000192 1.5835357409455753
decision_type=2 2 2 2
left_child=2 -2 -1 -3
right_child=1 3 -4 -5
leaf_value=0.033333434915930611 9967.2571838343647 0.033333434915930514 0.033333434915928481 0.033333434915913937
leaf_weight=0.25846340486532426 0.0025282867504756714 0.14856323070807775 0.014752163162938814 0.0019822502290480761
leaf_count=56328 42077 32377 3215 432
internal_value=59.1481 164.66 0.0333334 0.0333334
internal_weight=0.426289 0.153074 0.273216 0.150545
internal_count=134429 74886 59543 32809
is_linear=0
shrinkage=0.05


Tree=186
num_leaves=1
num_cat=0
split_feature=
split_gain=
threshold=
decision_type=
left_child=
right_child=
leaf_value=0
leaf_weight=
leaf_count=134429
internal_value=
internal_weight=
internal_count=
is_linear=0
shrinkage=1


Tree=187
num_leaves=7
num_cat=0
split_feature=2 2 2 2 2 2
split_gain=2636.89 230498 1.38778e-17 6.93889e-18 1.73472e-18 1.73472e-18
threshold=1.269300000000001 1.35880000000001 1.1966000000000008 1.474300000428898 1.2184400000000004 1.5432161377418014
decision_type=2 2 2 2 2 2
left_child=2 -2 -1 -3 -4 -5
right_child=1 3 4 5 -6 -7
leaf_value=-0.033333430442399808 488.69034422015994 -0.033333430442399649 -0.033333430442398136 -0.033333430442397664 -0.03333343044238523 -0.033333430442397526
leaf_weight=0.23499056787568406 0.0024553752045903812 0.11011413417509175 0.0183423395965292 0.014560546667780727 0.0022622075748586204 0.01370631648296694
leaf_count=54743 32425 25652 4273 3392 10751 3193
internal_value=2.99367 8.48719 -0.0333334 -0.0333334 -0.0333334 -0.0333334
internal_weight=0.396431 0.140836 0.255595 0.138381 0.0206045 0.0282669
internal_count=134429 64662 69767 32237 15024 6585
is_linear=0
shrinkage=0.05


Tree=188
num_leaves=7
num_cat=0
split_feature=2 2 2 2 2 2
split_gain=2636.89 230498 1.38778e-17 6.93889e-18 1.73472e-18 1.73472e-18
threshold=1.269300000000001 1.35880000000001 1.1966000000000008 1.474300000428898 1.2184400000000004 1.5432161377418014
decision_type=2 2 2 2 2 2
left_child=2 -2 -1 -3 -4 -5
right_child=1 3 4 5 -6 -7
leaf_value=0.033333430442399808 -488.69034422015994 0.033333430442399649 0.033333430442398136 0.033333430442397664 0.03333343044238523 0.033333430442397526
leaf_weight=0.23499056787568406 0.0024553752045903812 0.11011413417509175 0.0183423395965292 0.014560546667780727 0.0022622075748586204 0.01370631648296694
leaf_count=54743 32425 25652 4273 3392 10751 3193
internal_value=-2.99367 -8.48719 0.0333334 0.0333334 0.0333334 0.0333334
internal_weight=0.396431 0.140836 0.255595 0.138381 0.0206045 0.0282669
internal_count=134429 64662 69767 32237 15024 6585
is_linear=0
shrinkage=0.05


Tree=189
num_leaves=1
num_cat=0
split_feature=
split_gain=
threshold=
decision_type=
left_child=
right_child=
leaf_value=0
leaf_weight=
leaf_count=134429
internal_value=
internal_weight=
internal_count=
is_linear=0
shrinkage=1


Tree=190
num_leaves=6
num_cat=0
split_feature=2 2 2 2 2
split_gain=1.71499e+06 1.60749e+08 269763 1.38778e-17 1.38778e-17
threshold=1.3579000000000112 1.3597000000000123 1.2184400000000004 1.2150500000000204 1.190790000000026
decision_type=2 2 2 2 2
left_child=2 -2 3 4 -1
right_child=1 -3 -4 -5 -6
leaf_value=-0.033333422981949107 -14272.41790840556 -0.033333422981949003 566.99098177319343 -0.033333422981941412 -0.033333422981947546
leaf_weight=0.21338201225444209 0.0020038697703057542 0.12745254262517847 0.002116311360623512 0.004240654263412579 0.019372079703316558
leaf_count=53136 1071 31738 42604 1056 4824
internal_value=-74.3752 -220.957 4.98526 -0.0333334 -0.0333334
internal_weight=0.368567 0.129456 0.239111 0.236995 0.232754
internal_count=134429 32809 101620 59016 57960
is_linear=0
shrinkage=0.05


Tree=191
num_leaves=6
num_cat=0
split_feature=2 2 2 2 2
split_gain=1.71499e+06 1.60749e+08 269763 1.38778e-17 1.38778e-17
threshold=1.3579000000000112 1.3597000000000123 1.2184400000000004 1.2150500000000204 1.190790000000026
decision_type=2 2 2 2 2
left_child=2 -2 3 4 -1
right_child=1 -3 -4 -5 -6
leaf_value=0.033333422981949107 14272.41790840556 0.033333422981949003 -566.99098177319343 0.033333422981941412 0.033333422981947546
leaf_weight=0.21338201225444209 0.0020038697703057542 0.12745254262517847 0.002116311360623512 0.004240654263412579 0.019372079703316558
leaf_count=53136 1071 31738 42604 1056 4824
internal_value=74.3752 220.957 -4.98526 0.0333334 0.0333334
internal_weight=0.368567 0.129456 0.239111 0.236995 0.232754
internal_count=134429 32809 101620 59016 57960
is_linear=0
shrinkage=0.05


Tree=192
num_leaves=1
num_cat=0
split_feature=
split_gain=
threshold=
decision_type=
left_child=
right_child=
leaf_value=0
leaf_weight=
leaf_count=134429
internal_value=
internal_weight=
internal_count=
is_linear=0
shrinkage=1


Tree=193
num_leaves=5
num_cat=0
split_feature=2 2 2 2
split_gain=1.37989e+06 1.18789e+08 1.38778e-17 6.93889e-18
threshold=1.2184400000000004 1.3605000000000009 1.2150500000000204 1.4906000007166529
decision_type=2 2 2 2
left_child=2 -2 -1 -3
right_child=1 3 -4 -5
leaf_value=-0.033333417057522297 -12018.988637706407 -0.033333417057522123 -0.03333341705751406 -0.033333417057520562
leaf_weight=0.21774312467641721 0.0020925279579842018 0.099547227703169483 0.0039671625199844121 0.017593013334362695
leaf_count=57960 44232 26498 1056 4683
internal_value=-73.7993 -210.965 -0.0333334 -0.0333334
internal_weight=0.340943 0.119233 0.22171 0.11714
internal_count=134429 75413 59016 31181
is_linear=0
shrinkage=0.05


Tree=194
num_leaves=5
num_cat=0
split_feature=2 2 2 2
split_gain=1.37989e+06 1.18789e+08 1.38778e-17 6.93889e-18
threshold=1.2184400000000004 1.3605000000000009 1.2150500000000204 1.4906000007166529
decision_type=2 2 2 2
left_child=2 -2 -1 -3
right_child=1 3 -4 -5
leaf_value=0.033333417057522297 12018.988637706407 0.033333417057522123 0.03333341705751406 0.033333417057520562
leaf_weight=0.21774312467641721 0.0020925279579842018 0.099547227703169483 0.0039671625199844121 0.017593013334362695
leaf_count=57960 44232 26498 1056 4683
internal_value=73.7993 210.965 0.0333334 0.0333334
internal_weight=0.340943 0.119233 0.22171 0.11714
internal_count=134429 75413 59016 31181
is_linear=0
shrinkage=0.05


Tree=195
num_leaves=1
num_cat=0
split_feature=
split_gain=
threshold=
decision_type=
left_child=
right_child=
leaf_value=0
leaf_weight=
leaf_count=134429
internal_value=
internal_weight=
internal_count=
is_linear=0
shrinkage=1


Tree=196
num_leaves=5
num_cat=0
split_feature=2 2 2 2
split_gain=3439.12 323186 1.38778e-17 6.93889e-18
threshold=1.269300000000001 1.3614000000000004 1.2125500000000005 1.5777000000000005
decision_type=2 2 2 2
left_child=2 -2 -1 -3
right_child=1 3 -4 -5
leaf_value=-0.033333410968458564 684.2209599088394 -0.033333410968458405 -0.033333410968452722 -0.033333410968447878
leaf_weight=0.20186216067418172 0.0017537339724640324 0.10476012475191965 0.0055493906663741646 0.0030716703245161616
leaf_count=57437 33980 29808 12330 874
internal_value=3.75219 10.917 -0.0333334 -0.0333334
internal_weight=0.316997 0.109586 0.207412 0.107832
internal_count=134429 64662 69767 30682
is_linear=0
shrinkage=0.05


Tree=197
num_leaves=5
num_cat=0
split_feature=2 2 2 2
split_gain=3439.12 323186 1.38778e-17 6.93889e-18
threshold=1.269300000000001 1.3614000000000004 1.2125500000000005 1.5777000000000005
decision_type=2 2 2 2
left_child=2 -2 -1 -3
right_child=1 3 -4 -5
leaf_value=0.033333410968458564 -684.2209599088394 0.033333410968458405 0.033333410968452722 0.033333410968447878
leaf_weight=0.20186216067418172 0.0017537339724640324 0.10476012475191965 0.0055493906663741646 0.0030716703245161616
leaf_count=57437 33980 29808 12330 874
internal_value=-3.75219 -10.917 0.0333334 0.0333334
internal_weight=0.316997 0.109586 0.207412 0.107832
internal_count=134429 64662 69767 30682
is_linear=0
shrinkage=0.05


Tree=198
num_leaves=1
num_cat=0
split_feature=
split_gain=
threshold=
decision_type=
left_child=
right_child=
leaf_value=0
leaf_weight=
leaf_count=134429
internal_value=
internal_weight=
internal_count=
is_linear=0
shrinkage=1


Tree=199
num_leaves=6
num_cat=0
split_feature=2 2 2 2 2
split_gain=1.70626e+06 1.37262e+08 328833 1.38778e-17 6.93889e-18
threshold=1.3605000000000009 1.3626000000000007 1.2168700000000272 1.1859800000000065 1.3869000000000022
decision_type=2 2 2 2 2
left_child=2 -2 3 -1 -3
right_child=1 4 -4 -5 -6
leaf_value=-0.033333405947139717 -14001.095576294987 -0.033333405947138704 691.21969407134816 -0.033333405947138468 -0.033333405947139454
leaf_weight=0.16933346846144559 0.001782007648216676 0.027430424001977372 0.0017359779303660608 0.02296554137046769 0.071664982856418646
leaf_count=51503 1041 8343 44760 6985 21797
internal_value=-80.5657 -247.363 6.15112 -0.0333334 -0.0333334
internal_weight=0.294912 0.100877 0.194035 0.192299 0.0990954
internal_count=134429 31181 103248 58488 30140
is_linear=0
shrinkage=0.05


Tree=200
num_leaves=6
num_cat=0
split_feature=2 2 2 2 2
split_gain=1.70626e+06 1.37262e+08 328833 1.38778e-17 6.93889e-18
threshold=1.3605000000000009 1.3626000000000007 1.2168700000000272 1.1859800000000065 1.3869000000000022
decision_type=2 2 2 2 2
left_child=2 -2 3 -1 -3
right_child=1 4 -4 -5 -6
leaf_value=0.033333405947139717 14001.095576294987 0.033333405947138704 -691.21969407134816 0.033333405947138468 0.033333405947139454
leaf_weight=0.16933346846144559 0.001782007648216676 0.027430424001977372 0.0017359779303660608 0.02296554137046769 0.071664982856418646
leaf_count=51503 1041 8343 44760 6985 21797
internal_value=80.5657 247.363 -6.15112 0.0333334 0.0333334
internal_weight=0.294912 0.100877 0.194035 0.192299 0.0990954
internal_count=134429 31181 103248 58488 30140
is_linear=0
shrinkage=0.05


Tree=201
num_leaves=1
num_cat=0
split_feature=
split_gain=
threshold=
decision_type=
left_child=
right_child=
leaf_value=0
leaf_weight=
leaf_count=134429
internal_value=
internal_weight=
internal_count=
is_linear=0
shrinkage=1


Tree=202
num_leaves=4
num_cat=0
split_feature=2 2 2
split_gain=1.80824e+06 1.52496e+08 6.93889e-18
threshold=1.2168700000000272 1.3631000000000058 1.5432161377418014
decision_type=2 2 2
left_child=-1 -2 -3
right_child=1 2 -4
leaf_value=-0.033333399864527519 -15400.416874418035 -0.03333339986452729 -0.033333399864524313
leaf_weight=0.1798970917279803 0.0016363228833142776 0.081247122110426062 0.0098210130947791185
leaf_count=58488 46333 26415 3193
internal_value=-92.4759 -271.865 -0.0333334
internal_weight=0.272602 0.0927045 0.0910681
internal_count=134429 75941 29608
is_linear=0
shrinkage=0.05


Tree=203
num_leaves=4
num_cat=0
split_feature=2 2 2
split_gain=1.80824e+06 1.52496e+08 6.93889e-18
threshold=1.2168700000000272 1.3631000000000058 1.5432161377418014
decision_type=2 2 2
left_child=-1 -2 -3
right_child=1 2 -4
leaf_value=0.033333399864527519 15400.416874418035 0.03333339986452729 0.033333399864524313
leaf_weight=0.1798970917279803 0.0016363228833142776 0.081247122110426062 0.0098210130947791185
leaf_count=58488 46333 26415 3193
internal_value=92.4759 271.865 0.0333334
internal_weight=0.272602 0.0927045 0.0910681
internal_count=134429 75941 29608
is_linear=0
shrinkage=0.05


Tree=204
num_leaves=1
num_cat=0
split_feature=
split_gain=
threshold=
decision_type=
left_child=
right_child=
leaf_value=0
leaf_weight=
leaf_count=134429
internal_value=
internal_weight=
internal_count=
is_linear=0
shrinkage=1


Tree=205
num_leaves=4
num_cat=0
split_feature=2 2 2
split_gain=4488.69 361215 1.38778e-17
threshold=1.269300000000001 1.3639160209766896 1.1850000000000005
decision_type=2 2 2
left_child=2 -2 -1
right_child=1 -3 -4
leaf_value=-0.03333339654914351 766.58268051572031 -0.033333396549143336 -0.033333396549142191
leaf_weight=0.14667976768396329 0.0015653208101866758 0.083629566226591123 0.021615238834783668
leaf_count=50976 35598 29064 18791
internal_value=4.70058 14.052 -0.0333334
internal_weight=0.25349 0.0851949 0.168295
internal_count=134429 64662 69767
is_linear=0
shrinkage=0.05


Tree=206
num_leaves=4
num_cat=0
split_feature=2 2 2
split_gain=4488.69 361215 1.38778e-17
threshold=1.269300000000001 1.3639160209766896 1.1850000000000005
decision_type=2 2 2
left_child=2 -2 -1
right_child=1 -3 -4
leaf_value=0.03333339654914351 -766.58268051572031 0.033333396549143336 0.033333396549142191
leaf_weight=0.14667976768396329 0.0015653208101866758 0.083629566226591123 0.021615238834783668
leaf_count=50976 35598 29064 18791
internal_value=-4.70058 -14.052 0.0333334
internal_weight=0.25349 0.0851949 0.168295
internal_count=134429 64662 69767
is_linear=0
shrinkage=0.05


Tree=207
num_leaves=1
num_cat=0
split_feature=
split_gain=
threshold=
decision_type=
left_child=
right_child=
leaf_value=0
leaf_weight=
leaf_count=134429
internal_value=
internal_weight=
internal_count=
is_linear=0
shrinkage=1


Tree=208
num_leaves=5
num_cat=0
split_feature=2 2 2 2
split_gain=2.63893e+06 2.16533e+08 401605 6.93889e-18
threshold=1.3631000000000058 1.3650000000000173 1.2150500000000204 1.5835357409455753
decision_type=2 2 2 2
left_child=2 -2 -1 -3
right_child=1 3 -4 -5
leaf_value=-0.033333394572130644 -20249.650831394705 -0.033333394572130415 844.26472237936514 -0.033333394572102215
leaf_weight=0.15601986979163485 0.0013432352488962343 0.07572993438316189 0.0014212990208761758 0.0011628810170805073
leaf_count=57960 1043 28133 46861 432
internal_value=-110.354 -347.699 7.58856 -0.0333334
internal_weight=0.235677 0.0782361 0.157441 0.0768928
internal_count=134429 29608 104821 28565
is_linear=0
shrinkage=0.05


Tree=209
num_leaves=5
num_cat=0
split_feature=2 2 2 2
split_gain=2.63893e+06 2.16533e+08 401605 6.93889e-18
threshold=1.3631000000000058 1.3650000000000173 1.2150500000000204 1.5835357409455753
decision_type=2 2 2 2
left_child=2 -2 -1 -3
right_child=1 3 -4 -5
leaf_value=0.033333394572130644 20249.650831394705 0.033333394572130415 -844.26472237936514 0.033333394572102215
leaf_weight=0.15601986979163485 0.0013432352488962343 0.07572993438316189 0.0014212990208761758 0.0011628810170805073
leaf_count=57960 1043 28133 46861 432
internal_value=110.354 347.699 -7.58856 0.0333334
internal_weight=0.235677 0.0782361 0.157441 0.0768928
internal_count=134429 29608 104821 28565
is_linear=0
shrinkage=0.05


Tree=210
num_leaves=1
num_cat=0
split_feature=
split_gain=
threshold=
decision_type=
left_child=
right_child=
leaf_value=0
leaf_weight=
leaf_count=134429
internal_value=
internal_weight=
internal_count=
is_linear=0
shrinkage=1


Tree=211
num_leaves=5
num_cat=0
split_feature=2 2 2 2
split_gain=2.36546e+06 1.67435e+08 1.38778e-17 6.93889e-18
threshold=1.2150500000000204 1.3668000000000016 1.2080500000000192 1.5835357409455753
decision_type=2 2 2 2
left_child=2 -2 -1 -3
right_child=1 3 -4 -5
leaf_value=-0.033333388259990958 -16960.972916640119 -0.033333388259990715 -0.033333388259983096 -0.033333388259960579
leaf_weight=0.141847913937454 0.00148576674519063 0.069360124513195842 0.0041097819121205239 0.0010878834473260204
leaf_count=56328 48494 27543 1632 432
internal_value=-115.687 -350.356 -0.0333334 -0.0333334
internal_weight=0.217891 0.0719338 0.145958 0.070448
internal_count=134429 76469 57960 27975
is_linear=0
shrinkage=0.05


Tree=212
num_leaves=5
num_cat=0
split_feature=2 2 2 2
split_gain=2.36546e+06 1.67435e+08 1.38778e-17 6.93889e-18
threshold=1.2150500000000204 1.3668000000000016 1.2080500000000192 1.5835357409455753
decision_type=2 2 2 2
left_child=2 -2 -1 -3
right_child=1 3 -4 -5
leaf_value=0.033333388259990958 16960.972916640119 0.033333388259990715 0.033333388259983096 0.033333388259960579
leaf_weight=0.141847913937454 0.00148576674519063 0.069360124513195842 0.0041097819121205239 0.0010878834473260204
leaf_count=56328 48494 27543 1632 432
internal_value=115.687 350.356 0.0333334 0.0333334
internal_weight=0.217891 0.0719338 0.145958 0.070448
internal_count=134429 76469 57960 27975
is_linear=0
shrinkage=0.05


Tree=213
num_leaves=1
num_cat=0
split_feature=
split_gain=
threshold=
decision_type=
left_child=
right_child=
leaf_value=0
leaf_weight=
leaf_count=134429
internal_value=
internal_weight=
internal_count=
is_linear=0
shrinkage=1


Tree=214
num_leaves=5
num_cat=0
split_feature=2 2 2 2
split_gain=5894.74 442365 6.93889e-18 3.46945e-18
threshold=1.269300000000001 1.3678000000000006 1.1761000000000059 1.5708000000000124
decision_type=2 2 2 2
left_child=2 -2 -1 -3
right_child=1 3 -4 -5
leaf_value=-0.033333385612249834 939.76841234737901 -0.033333385612249598 -0.033333385612248932 -0.033333385612239662
leaf_weight=0.10898585017093865 0.0012768650467478429 0.061449719334632391 0.027558611285712686 0.0031780275794517357
leaf_count=46262 37229 26084 23505 1349
internal_value=5.89408 18.1748 -0.0333334 -0.0333334
internal_weight=0.202449 0.0659046 0.136544 0.0646277
internal_count=134429 64662 69767 27433
is_linear=0
shrinkage=0.05


Tree=215
num_leaves=5
num_cat=0
split_feature=2 2 2 2
split_gain=5894.74 442365 6.93889e-18 3.46945e-18
threshold=1.269300000000001 1.3678000000000006 1.1761000000000059 1.5708000000000124
decision_type=2 2 2 2
left_child=2 -2 -1 -3
right_child=1 3 -4 -5
leaf_value=0.033333385612249834 -939.76841234737901 0.033333385612249598 0.033333385612248932 0.033333385612239662
leaf_weight=0.10898585017093865 0.0012768650467478429 0.061449719334632391 0.027558611285712686 0.0031780275794517357
leaf_count=46262 37229 26084 23505 1349
internal_value=-5.89408 -18.1748 0.0333334 0.0333334
internal_weight=0.202449 0.0659046 0.136544 0.0646277
internal_count=134429 64662 69767 27433
is_linear=0
shrinkage=0.05


Tree=216
num_leaves=1
num_cat=0
split_feature=
split_gain=
threshold=
decision_type=
left_child=
right_child=
leaf_value=0
leaf_weight=
leaf_count=134429
internal_value=
internal_weight=
internal_count=
is_linear=0
shrinkage=1


Tree=217
num_leaves=4
num_cat=0
split_feature=2 2 2
split_gain=3.43759e+06 2.40615e+08 495212
threshold=1.3668000000000016 1.3691000000000066 1.2125500000000005
decision_type=2 2 2
left_child=2 -2 -1
right_child=1 -3 -4
leaf_value=-0.033333381478663188 -22645.259739018165 -0.033333381478662889 1041.0530421212197
leaf_weight=0.12658566933509974 0.0011967202055984663 0.059262995080189285 0.0011526421133112299
leaf_count=57437 1085 26890 49017
internal_value=-137.654 -448.266 9.36087
internal_weight=0.188198 0.0604597 0.127738
internal_count=134429 27975 106454
is_linear=0
shrinkage=0.05


Tree=218
num_leaves=4
num_cat=0
split_feature=2 2 2
split_gain=3.43759e+06 2.40615e+08 495212
threshold=1.3668000000000016 1.3691000000000066 1.2125500000000005
decision_type=2 2 2
left_child=2 -2 -1
right_child=1 -3 -4
leaf_value=0.033333381478663188 22645.259739018165 0.033333381478662889 -1041.0530421212197
leaf_weight=0.12658566933509974 0.0011967202055984663 0.059262995080189285 0.0011526421133112299
leaf_count=57437 1085 26890 49017
internal_value=137.654 448.266 -9.36087
internal_weight=0.188198 0.0604597 0.127738
internal_count=134429 27975 106454
is_linear=0
shrinkage=0.05


Tree=219
num_leaves=1
num_cat=0
split_feature=
split_gain=
threshold=
decision_type=
left_child=
right_child=
leaf_value=0
leaf_weight=
leaf_count=134429
internal_value=
internal_weight=
internal_count=
is_linear=0
shrinkage=1


Tree=220
num_leaves=7
num_cat=0
split_feature=2 2 2 2 2 2
split_gain=3.05911e+06 2.07016e+08 6.93889e-18 6.93889e-18 3.46945e-18 3.46945e-18
threshold=1.2125500000000005 1.3704000000000043 1.1996500000000005 1.098000043523798 1.5665218436578427 1.4824000000000142
decision_type=2 2 2 2 2 2
left_child=2 -2 3 -1 5 -3
right_child=1 4 -4 -5 -6 -7
leaf_value=-0.033333379283708664 -21193.137751644917 -0.033333379283709309 -0.033333379283702627 -0.033333379283709719 -0.033333379283701232 -0.033333379283705833
leaf_weight=0.023347464541984664 0.001177269715071815 0.04267448084510761 0.0044637284293003168 0.090610594462305016 0.0037606654295814215 0.0078285343399784324
leaf_count=11324 50673 20698 2165 43948 1824 3797
internal_value=-143.537 -450.062 -0.0333334 -0.0333334 -0.0333334 -0.0333334
internal_weight=0.173863 0.055441 0.118422 0.113958 0.0542637 0.050503
internal_count=134429 76992 57437 55272 26319 24495
is_linear=0
shrinkage=0.05


Tree=221
num_leaves=7
num_cat=0
split_feature=2 2 2 2 2 2
split_gain=3.05911e+06 2.07016e+08 6.93889e-18 6.93889e-18 3.46945e-18 3.46945e-18
threshold=1.2125500000000005 1.3704000000000043 1.1996500000000005 1.098000043523798 1.5665218436578427 1.4824000000000142
decision_type=2 2 2 2 2 2
left_child=2 -2 3 -1 5 -3
right_child=1 4 -4 -5 -6 -7
leaf_value=0.033333379283708664 21193.137751644917 0.033333379283709309 0.033333379283702627 0.033333379283709719 0.033333379283701232 0.033333379283705833
leaf_weight=0.023347464541984664 0.001177269715071815 0.04267448084510761 0.0044637284293003168 0.090610594462305016 0.0037606654295814215 0.0078285343399784324
leaf_count=11324 50673 20698 2165 43948 1824 3797
internal_value=143.537 450.062 0.0333334 0.0333334 0.0333334 0.0333334
internal_weight=0.173863 0.055441 0.118422 0.113958 0.0542637 0.050503
internal_count=134429 76992 57437 55272 26319 24495
is_linear=0
shrinkage=0.05


Tree=222
num_leaves=1
num_cat=0
split_feature=
split_gain=
threshold=
decision_type=
left_child=
right_child=
leaf_value=0
leaf_weight=
leaf_count=134429
internal_value=
internal_weight=
internal_count=
is_linear=0
shrinkage=1


Tree=223
num_leaves=4
num_cat=0
split_feature=2 2 2
split_gain=7781.12 292141 6.93889e-18
threshold=1.269300000000001 1.3744000000000012 1.1996500000000005
decision_type=2 2 2
left_child=2 -2 -1
right_child=1 -3 -4
leaf_value=-0.033333374592579366 632.23176918965248 -0.033333374592578999 -0.033333374592571706
leaf_weight=0.10660856937283825 0.001897938056572456 0.048866118560226823 0.0041758494842270002
leaf_count=55272 39327 25335 14495
internal_value=7.39478 23.6054 -0.0333334
internal_weight=0.161548 0.0507641 0.110784
internal_count=134429 64662 69767
is_linear=0
shrinkage=0.05


Tree=224
num_leaves=4
num_cat=0
split_feature=2 2 2
split_gain=7781.12 292141 6.93889e-18
threshold=1.269300000000001 1.3744000000000012 1.1996500000000005
decision_type=2 2 2
left_child=2 -2 -1
right_child=1 -3 -4
leaf_value=0.033333374592579366 -632.23176918965248 0.033333374592578999 0.033333374592571706
leaf_weight=0.10660856937283825 0.001897938056572456 0.048866118560226823 0.0041758494842270002
leaf_count=55272 39327 25335 14495
internal_value=-7.39478 -23.6054 0.0333334
internal_weight=0.161548 0.0507641 0.110784
internal_count=134429 64662 69767
is_linear=0
shrinkage=0.05


Tree=225
num_leaves=1
num_cat=0
split_feature=
split_gain=
threshold=
decision_type=
left_child=
right_child=
leaf_value=0
leaf_weight=
leaf_count=134429
internal_value=
internal_weight=
internal_count=
is_linear=0
shrinkage=1


Tree=226
num_leaves=8
num_cat=0
split_feature=2 2 2 2 2 2 2
split_gain=1.50154e+07 4.89874e+08 567546 6.93889e-18 3.46945e-18 4.33681e-19 4.33681e-19
threshold=1.3704000000000043 1.3773000000000004 1.2111000000000005 1.1870300000000056 1.5527087397574086 1.190790000000026 1.1966000000000008
decision_type=2 2 2 2 2 2 2
left_child=2 -2 3 -1 -3 -5 -7
right_child=1 4 -4 5 -6 6 -8
leaf_value=-0.033333374286694473 -25968.231430586628 -0.033333374286693966 1193.9329495026336 -0.03333337428667809 -0.033333374286688082 -0.033333374286683336 -0.033333374286686181
leaf_weight=0.093886793685669545 0.0018946251032048158 0.038883120332343424 0.0010050535071286495 0.0019920629656553501 0.0049368516974936929 0.0028996786103334671 0.0038560131862368507
leaf_count=52032 2034 21549 51230 1104 2736 1607 2137
internal_value=-321.417 -1076.28 11.5453 -0.0333334 -0.0333334 -0.0333334 -0.0333334
internal_weight=0.149354 0.0457146 0.10364 0.102635 0.04382 0.00874775 0.00675569
internal_count=134429 26319 108110 56880 24285 4848 3744
is_linear=0
shrinkage=0.05


Tree=227
num_leaves=8
num_cat=0
split_feature=2 2 2 2 2 2 2
split_gain=1.50154e+07 4.89874e+08 567546 6.93889e-18 3.46945e-18 4.33681e-19 4.33681e-19
threshold=1.3704000000000043 1.3773000000000004 1.2111000000000005 1.1870300000000056 1.5527087397574086 1.190790000000026 1.1966000000000008
decision_type=2 2 2 2 2 2 2
left_child=2 -2 3 -1 -3 -5 -7
right_child=1 4 -4 5 -6 6 -8
leaf_value=0.033333374286694473 25968.231430586628 0.033333374286693966 -1193.9329495026336 0.03333337428667809 0.033333374286688082 0.033333374286683336 0.033333374286686181
leaf_weight=0.093886793685669545 0.0018946251032048158 0.038883120332343424 0.0010050535071286495 0.0019920629656553501 0.0049368516974936929 0.0028996786103334671 0.0038560131862368507
leaf_count=52032 2034 21549 51230 1104 2736 1607 2137
internal_value=321.417 1076.28 -11.5453 0.0333334 0.0333334 0.0333334 0.0333334
internal_weight=0.149354 0.0457146 0.10364 0.102635 0.04382 0.00874775 0.00675569
internal_count=134429 26319 108110 56880 24285 4848 3744
is_linear=0
shrinkage=0.05


Tree=228
num_leaves=1
num_cat=0
split_feature=
split_gain=
threshold=
decision_type=
left_child=
right_child=
leaf_value=0
leaf_weight=
leaf_count=134429
internal_value=
internal_weight=
internal_count=
is_linear=0
shrinkage=1


Tree=229
num_leaves=5
num_cat=0
split_feature=2 2 2 2
split_gain=4.85653e+06 1.5839e+08 6.93889e-18 8.67362e-19
threshold=1.2111000000000005 1.3797000000000004 1.1859800000000065 1.1996500000000005
decision_type=2 2 2 2
left_child=2 -2 -1 -4
right_child=1 -3 3 -5
leaf_value=-0.033333369252631272 -15508.482294737219 -0.0333333692526308 -0.033333369252626414 -0.033333369252619365
leaf_weight=0.086938791162083362 0.001718418138807464 0.039275476262901066 0.0063621983940720384 0.0027143579245603178
leaf_count=51503 54282 23267 3769 1608
internal_value=-194.546 -650.13 -0.0333334 -0.0333334
internal_weight=0.137009 0.0409939 0.0960153 0.00907656
internal_count=134429 77549 56880 5377
is_linear=0
shrinkage=0.05


Tree=230
num_leaves=5
num_cat=0
split_feature=2 2 2 2
split_gain=4.85653e+06 1.5839e+08 6.93889e-18 8.67362e-19
threshold=1.2111000000000005 1.3797000000000004 1.1859800000000065 1.1996500000000005
decision_type=2 2 2 2
left_child=2 -2 -1 -4
right_child=1 -3 3 -5
leaf_value=0.033333369252631272 15508.482294737219 0.0333333692526308 0.033333369252626414 0.033333369252619365
leaf_weight=0.086938791162083362 0.001718418138807464 0.039275476262901066 0.0063621983940720384 0.0027143579245603178
leaf_count=51503 54282 23267 3769 1608
internal_value=194.546 650.13 0.0333334 0.0333334
internal_weight=0.137009 0.0409939 0.0960153 0.00907656
internal_count=134429 77549 56880 5377
is_linear=0
shrinkage=0.05


Tree=231
num_leaves=1
num_cat=0
split_feature=
split_gain=
threshold=
decision_type=
left_child=
right_child=
leaf_value=0
leaf_weight=
leaf_count=134429
internal_value=
internal_weight=
internal_count=
is_linear=0
shrinkage=1


Tree=232
num_leaves=5
num_cat=0
split_feature=2 2 2 2
split_gain=11125.7 354627 3.46945e-18 1.73472e-18
threshold=1.269300000000001 1.3836000000000004 1.5527087397574086 1.4790000000000005
decision_type=2 2 2 2
left_child=-1 -2 3 -3
right_child=1 2 -4 -5
leaf_value=-0.03333336692943098 771.43283919007035 -0.03333336692943005 -0.033333366929423645 -0.033333366929425082
leaf_weight=0.089823032994900132 0.0015554797380445953 0.025552505219593513 0.0043206015870964612 0.0053138977852995586
leaf_count=69767 42380 16181 2736 3365
internal_value=9.44792 32.6264 -0.0333334 -0.0333334
internal_weight=0.126566 0.0367425 0.035187 0.0308664
internal_count=134429 64662 22282 19546
is_linear=0
shrinkage=0.05


Tree=233
num_leaves=5
num_cat=0
split_feature=2 2 2 2
split_gain=11125.7 354627 3.46945e-18 1.73472e-18
threshold=1.269300000000001 1.3836000000000004 1.5527087397574086 1.4790000000000005
decision_type=2 2 2 2
left_child=-1 -2 3 -3
right_child=1 2 -4 -5
leaf_value=0.03333336692943098 -771.43283919007035 0.03333336692943005 0.033333366929423645 0.033333366929425082
leaf_weight=0.089823032994900132 0.0015554797380445953 0.025552505219593513 0.0043206015870964612 0.0053138977852995586
leaf_count=69767 42380 16181 2736 3365
internal_value=-9.44792 -32.6264 0.0333334 0.0333334
internal_weight=0.126566 0.0367425 0.035187 0.0308664
internal_count=134429 64662 22282 19546
is_linear=0
shrinkage=0.05


Tree=234
num_leaves=1
num_cat=0
split_feature=
split_gain=
threshold=
decision_type=
left_child=
right_child=
leaf_value=0
leaf_weight=
leaf_count=134429
internal_value=
internal_weight=
internal_count=
is_linear=0
shrinkage=1


Tree=235
num_leaves=7
num_cat=0
split_feature=2 2 2 2 2 2
split_gain=2.15843e+07 6.47583e+08 354159 6.93889e-18 6.93889e-18 1.73472e-18
threshold=1.3797000000000004 1.388914504056006 1.2042000000000075 1.1966000000000008 1.1850000000000005 1.4678000000000004
decision_type=2 2 2 2 2 2
left_child=2 -2 3 4 -1 -3
right_child=1 5 -4 -5 -6 -7
leaf_value=-0.033333365397778633 -34368.431649067104 -0.03333336539777744 752.07825978142739 -0.03333336539775774 -0.033333365397773089 -0.033333365397776087
leaf_weight=0.07530797359868302 0.0014330024794162446 0.020336816630560861 0.0015955079152263343 0.0015615295059205883 0.0055650725154237071 0.011147872896572153
leaf_count=50976 1955 13766 55362 1057 3767 7546
internal_value=-410.9 -1496.19 14.2473 -0.0333334 -0.0333334 -0.0333334
internal_weight=0.116948 0.0329177 0.0840301 0.0824346 0.080873 0.0314847
internal_count=134429 23267 111162 55800 54743 21312
is_linear=0
shrinkage=0.05


Tree=236
num_leaves=7
num_cat=0
split_feature=2 2 2 2 2 2
split_gain=2.15843e+07 6.47583e+08 354159 6.93889e-18 6.93889e-18 1.73472e-18
threshold=1.3797000000000004 1.388914504056006 1.2042000000000075 1.1966000000000008 1.1850000000000005 1.4678000000000004
decision_type=2 2 2 2 2 2
left_child=2 -2 3 4 -1 -3
right_child=1 5 -4 -5 -6 -7
leaf_value=0.033333365397778633 34368.431649067104 0.03333336539777744 -752.07825978142739 0.03333336539775774 0.033333365397773089 0.033333365397776087
leaf_weight=0.07530797359868302 0.0014330024794162446 0.020336816630560861 0.0015955079152263343 0.0015615295059205883 0.0055650725154237071 0.011147872896572153
leaf_count=50976 1955 13766 55362 1057 3767 7546
internal_value=410.9 1496.19 -14.2473 0.0333334 0.0333334 0.0333334
internal_weight=0.116948 0.0329177 0.0840301 0.0824346 0.080873 0.0314847
internal_count=134429 23267 111162 55800 54743 21312
is_linear=0
shrinkage=0.05


Tree=237
num_leaves=1
num_cat=0
split_feature=
split_gain=
threshold=
decision_type=
left_child=
right_child=
leaf_value=0
leaf_weight=
leaf_count=134429
internal_value=
internal_weight=
internal_count=
is_linear=0
shrinkage=1


Tree=238
num_leaves=4
num_cat=0
split_feature=2 2 2
split_gain=2.73964e+07 7.90552e+08 1.73472e-18
threshold=1.2042000000000075 1.3930000000000062 1.4090500000000004
decision_type=2 2 2
left_child=-1 -2 -3
right_child=1 2 -4
leaf_value=-0.033333365551776475 -39224.109514014555 -0.033333365550141693 -0.033333365551775553
leaf_weight=0.077118121271269047 0.0013461120092870251 0.0034965743157044918 0.024611460637970595
leaf_count=55800 58291 2530 17808
internal_value=-495.472 -1792.65 -0.0333334
internal_weight=0.106572 0.0294541 0.028108
internal_count=134429 78629 20338
is_linear=0
shrinkage=0.05


Tree=239
num_leaves=4
num_cat=0
split_feature=2 2 2
split_gain=2.73964e+07 7.90552e+08 1.73472e-18
threshold=1.2042000000000075 1.3930000000000062 1.4090500000000004
decision_type=2 2 2
left_child=-1 -2 -3
right_child=1 2 -4
leaf_value=0.033333365551776475 39224.109514014555 0.033333365550141693 0.033333365551775553
leaf_weight=0.077118121271269047 0.0013461120092870251 0.0034965743157044918 0.024611460637970595
leaf_count=55800 58291 2530 17808
internal_value=495.472 1792.65 0.0333334
internal_weight=0.106572 0.0294541 0.028108
internal_count=134429 78629 20338
is_linear=0
shrinkage=0.05


Tree=240
num_leaves=1
num_cat=0
split_feature=
split_gain=
threshold=
decision_type=
left_child=
right_child=
leaf_value=0
leaf_weight=
leaf_count=134429
internal_value=
internal_weight=
internal_count=
is_linear=0
shrinkage=1


Tree=241
num_leaves=4
num_cat=0
split_feature=2 2 2
split_gain=16053.8 404416 6.93889e-18
threshold=1.269300000000001 1.3981997444134433 1.1928500000000055
decision_type=2 2 2
left_child=2 -2 -1
right_child=1 -3 -4
leaf_value=-0.033333361910833671 888.13575506876884 -0.033333361910832818 -0.03333336191082209
leaf_weight=0.069382883124490036 0.0013510940829064557 0.024944170470348581 0.0027616621637207564
leaf_count=53664 45369 19293 16103
internal_value=12.1569 45.6023 -0.0333334
internal_weight=0.0984398 0.0262953 0.0721445
internal_count=134429 64662 69767
is_linear=0
shrinkage=0.05


Tree=242
num_leaves=4
num_cat=0
split_feature=2 2 2
split_gain=16053.8 404416 6.93889e-18
threshold=1.269300000000001 1.3981997444134433 1.1928500000000055
decision_type=2 2 2
left_child=2 -2 -1
right_child=1 -3 -4
leaf_value=0.033333361910833671 -888.13575506876884 0.033333361910832818 0.03333336191082209
leaf_weight=0.069382883124490036 0.0013510940829064557 0.024944170470348581 0.0027616621637207564
leaf_count=53664 45369 19293 16103
internal_value=-12.1569 -45.6023 0.0333334
internal_weight=0.0984398 0.0262953 0.0721445
internal_count=134429 64662 69767
is_linear=0
shrinkage=0.05


Tree=243
num_leaves=1
num_cat=0
split_feature=
split_gain=
threshold=
decision_type=
left_child=
right_child=
leaf_value=0
leaf_weight=
leaf_count=134429
internal_value=
internal_weight=
internal_count=
is_linear=0
shrinkage=1


Tree=244
num_leaves=9
num_cat=0
split_feature=2 2 2 2 2 2 2 2
split_gain=3.53282e+07 8.56054e+08 442003 6.93889e-18 1.73472e-18 8.67362e-19 8.67362e-19 4.33681e-19
threshold=1.3930000000000062 1.4055000000000082 1.1966000000000008 1.176859947771443 1.4635000000000093 1.1928500000000055 1.5777000000000005 1.184008130694864
decision_type=2 2 2 2 2 2 2 2
left_child=2 -2 3 -1 -3 7 -6 -5
right_child=1 4 -4 5 6 -7 -8 -9
leaf_value=-0.033333358398034141 -43198.657094205468 -0.033333358398031906 938.58682051247035 -0.033333358398027216 -0.033333358398031136 -0.033333358398009161 -0.033333358398003166 -0.03333335839802614
leaf_weight=0.056586617516586557 0.0012095292731828513 0.011808634294084186 0.0012784724417542739 0.0044377629033078847 0.0092601561154879164 0.0013050820857642984 0.0010571285847618137 0.0038837984961901384
leaf_count=46784 2045 9763 59348 3669 7656 1079 874 3211
internal_value=-562.09 -2239.12 17.7466 -0.0333334 -0.0333334 -0.0333334 -0.0333334 -0.0333334
internal_weight=0.0908272 0.0233354 0.0674917 0.0662133 0.0221259 0.00962664 0.0103173 0.00832156
internal_count=134429 20338 114091 54743 18293 7959 8530 6880
is_linear=0
shrinkage=0.05


Tree=245
num_leaves=9
num_cat=0
split_feature=2 2 2 2 2 2 2 2
split_gain=3.53282e+07 8.56054e+08 442003 6.93889e-18 1.73472e-18 8.67362e-19 8.67362e-19 4.33681e-19
threshold=1.3930000000000062 1.4055000000000082 1.1966000000000008 1.176859947771443 1.4635000000000093 1.1928500000000055 1.5777000000000005 1.184008130694864
decision_type=2 2 2 2 2 2 2 2
left_child=2 -2 3 -1 -3 7 -6 -5
right_child=1 4 -4 5 6 -7 -8 -9
leaf_value=0.033333358398034141 43198.657094205468 0.033333358398031906 -938.58682051247035 0.033333358398027216 0.033333358398031136 0.033333358398009161 0.033333358398003166 0.03333335839802614
leaf_weight=0.056586617516586557 0.0012095292731828513 0.011808634294084186 0.0012784724417542739 0.0044377629033078847 0.0092601561154879164 0.0013050820857642984 0.0010571285847618137 0.0038837984961901384
leaf_count=46784 2045 9763 59348 3669 7656 1079 874 3211
internal_value=562.09 2239.12 -17.7466 0.0333334 0.0333334 0.0333334 0.0333334 0.0333334
internal_weight=0.0908272 0.0233354 0.0674917 0.0662133 0.0221259 0.00962664 0.0103173 0.00832156
internal_count=134429 20338 114091 54743 18293 7959 8530 6880
is_linear=0
shrinkage=0.05


Tree=246
num_leaves=1
num_cat=0
split_feature=
split_gain=
threshold=
decision_type=
left_child=
right_child=
leaf_value=0
leaf_weight=
leaf_count=134429
internal_value=
internal_weight=
internal_count=
is_linear=0
shrinkage=1


Tree=247
num_leaves=5
num_cat=0
split_feature=2 2 2 2
split_gain=3.86406e+07 9.23685e+08 3.46945e-18 1.73472e-18
threshold=1.1966000000000008 1.4114997968912621 1.1817000000012781 1.5432161377418014
decision_type=2 2 2 2
left_child=2 -2 -1 -3
right_child=1 3 -4 -5
leaf_value=-0.033333355939671565 -47204.207386363247 -0.03333335593997469 -0.033333355939615804 -0.033333355939612098
leaf_weight=0.055907427968918455 0.0010941828987824911 0.015991816865039254 0.0060355445523327935 0.00361295345999224
leaf_count=49409 62360 14133 5334 3193
internal_value=-625.019 -2495.33 -0.0333334 -0.0333334
internal_weight=0.0826419 0.020699 0.061943 0.0196048
internal_count=134429 79686 54743 17326
is_linear=0
shrinkage=0.05


Tree=248
num_leaves=5
num_cat=0
split_feature=2 2 2 2
split_gain=3.86406e+07 9.23685e+08 3.46945e-18 1.73472e-18
threshold=1.1966000000000008 1.4114997968912621 1.1817000000012781 1.5432161377418014
decision_type=2 2 2 2
left_child=2 -2 -1 -3
right_child=1 3 -4 -5
leaf_value=0.033333355939671565 47204.207386363247 0.03333335593997469 0.033333355939615804 0.033333355939612098
leaf_weight=0.055907427968918455 0.0010941828987824911 0.015991816865039254 0.0060355445523327935 0.00361295345999224
leaf_count=49409 62360 14133 5334 3193
internal_value=625.019 2495.33 0.0333334 0.0333334
internal_weight=0.0826419 0.020699 0.061943 0.0196048
internal_count=134429 79686 54743 17326
is_linear=0
shrinkage=0.05


Tree=249
num_leaves=1
num_cat=0
split_feature=
split_gain=
threshold=
decision_type=
left_child=
right_child=
leaf_value=0
leaf_weight=
leaf_count=134429
internal_value=
internal_weight=
internal_count=
is_linear=0
shrinkage=1


Tree=250
num_leaves=4
num_cat=0
split_feature=2 2 2
split_gain=23855.8 497400 3.46945e-18
threshold=1.269300000000001 1.4164645624385621 1.1928500000000055
decision_type=2 2 2
left_child=2 -2 -1
right_child=1 -3 -4
leaf_value=-0.033333357498078316 1101.6464846466868 -0.03333335749807697 -0.033333357498049741
leaf_weight=0.056805909644026542 0.0010892456958799803 0.017251153649908701 0.001142173086350339
leaf_count=53664 48365 16297 16103
internal_value=15.6964 65.396 -0.0333334
internal_weight=0.0762885 0.0183404 0.0579481
internal_count=134429 64662 69767
is_linear=0
shrinkage=0.05


Tree=251
num_leaves=4
num_cat=0
split_feature=2 2 2
split_gain=23855.8 497400 3.46945e-18
threshold=1.269300000000001 1.4164645624385621 1.1928500000000055
decision_type=2 2 2
left_child=2 -2 -1
right_child=1 -3 -4
leaf_value=0.033333357498078316 -1101.6464846466868 0.03333335749807697 0.033333357498049741
leaf_weight=0.056805909644026542 0.0010892456958799803 0.017251153649908701 0.001142173086350339
leaf_count=53664 48365 16297 16103
internal_value=-15.6964 -65.396 0.0333334
internal_weight=0.0762885 0.0183404 0.0579481
internal_count=134429 64662 69767
is_linear=0
shrinkage=0.05


Tree=252
num_leaves=1
num_cat=0
split_feature=
split_gain=
threshold=
decision_type=
left_child=
right_child=
leaf_value=0
leaf_weight=
leaf_count=134429
internal_value=
internal_weight=
internal_count=
is_linear=0
shrinkage=1


Tree=253
num_leaves=7
num_cat=0
split_feature=2 2 2 2 2 2
split_gain=5.12627e+07 6.64244e+08 528443 3.46945e-18 1.73472e-18 2.1684e-19
threshold=1.4114997968912621 1.4241500000000002 1.1928500000000055 1.1859800000000065 1.5527087397574086 1.5708000000000124
decision_type=2 2 2 2 2 2
left_child=2 -2 3 -1 -3 -6
right_child=1 4 -4 -5 5 -7
leaf_value=-0.033333354380631237 -35464.235582489462 -0.033333354380517662 1123.0248118339371 -0.03333335438050488 -0.033333354380496144 -0.033333354380495485
leaf_weight=0.051002338154603422 0.0014507587013667935 0.011978414506302215 0.0010685110162285119 0.0021399928693881512 0.0013735169411575052 0.0013358863400299015
leaf_count=51503 2494 12096 63439 2161 1387 1349
internal_value=-714.325 -3188.05 22.1025 -0.0333334 -0.0333334 -0.0333334
internal_weight=0.0703494 0.0161386 0.0542108 0.0531423 0.0146878 0.0027094
internal_count=134429 17326 117103 53664 14832 2736
is_linear=0
shrinkage=0.05


Tree=254
num_leaves=7
num_cat=0
split_feature=2 2 2 2 2 2
split_gain=5.12627e+07 6.64244e+08 528443 3.46945e-18 1.73472e-18 2.1684e-19
threshold=1.4114997968912621 1.4241500000000002 1.1928500000000055 1.1859800000000065 1.5527087397574086 1.5708000000000124
decision_type=2 2 2 2 2 2
left_child=2 -2 3 -1 -3 -6
right_child=1 4 -4 -5 5 -7
leaf_value=0.033333354380631237 35464.235582489462 0.033333354380517662 -1123.0248118339371 0.03333335438050488 0.033333354380496144 0.033333354380495485
leaf_weight=0.051002338154603422 0.0014507587013667935 0.011978414506302215 0.0010685110162285119 0.0021399928693881512 0.0013735169411575052 0.0013358863400299015
leaf_count=51503 2494 12096 63439 2161 1387 1349
internal_value=714.325 3188.05 -22.1025 0.0333334 0.0333334 0.0333334
internal_weight=0.0703494 0.0161386 0.0542108 0.0531423 0.0146878 0.0027094
internal_count=134429 17326 117103 53664 14832 2736
is_linear=0
shrinkage=0.05


Tree=255
num_leaves=1
num_cat=0
split_feature=
split_gain=
threshold=
decision_type=
left_child=
right_child=
leaf_value=0
leaf_weight=
leaf_count=134429
internal_value=
internal_weight=
internal_count=
is_linear=0
shrinkage=1


Tree=256
num_leaves=6
num_cat=0
split_feature=2 2 2 2 2
split_gain=6.34627e+07 7.26413e+08 8.67362e-19 8.67362e-19 4.33681e-19
threshold=1.1928500000000055 1.4315500000000003 1.5708000000000124 1.5005000000000011 1.4790000000000005
decision_type=2 2 2 2 2
left_child=-1 -2 3 4 -3
right_child=1 2 -4 -5 -6
leaf_value=-0.033333353786206749 -38266.198468327071 -0.033333353786202446 -0.033333353786180721 -0.033333353786194619 -0.033333353786188846
leaf_weight=0.049715021588781383 0.0013785023875243505 0.0067100085973379464 0.0012497309951413635 0.0026069258860843556 0.0017953881902030844
leaf_count=53664 67421 7243 1349 2814 1938
internal_value=-831.324 -3839.03 -0.0333334 -0.0333334 -0.0333334
internal_weight=0.0634556 0.0137406 0.0123621 0.0111123 0.0085054
internal_count=134429 80765 13344 11995 9181
is_linear=0
shrinkage=0.05


Tree=257
num_leaves=6
num_cat=0
split_feature=2 2 2 2 2
split_gain=6.34627e+07 7.26413e+08 8.67362e-19 8.67362e-19 4.33681e-19
threshold=1.1928500000000055 1.4315500000000003 1.5708000000000124 1.5005000000000011 1.4790000000000005
decision_type=2 2 2 2 2
left_child=-1 -2 3 4 -3
right_child=1 2 -4 -5 -6
leaf_value=0.033333353786206749 38266.198468327071 0.033333353786202446 0.033333353786180721 0.033333353786194619 0.033333353786188846
leaf_weight=0.049715021588781383 0.0013785023875243505 0.0067100085973379464 0.0012497309951413635 0.0026069258860843556 0.0017953881902030844
leaf_count=53664 67421 7243 1349 2814 1938
internal_value=831.324 3839.03 0.0333334 0.0333334 0.0333334
internal_weight=0.0634556 0.0137406 0.0123621 0.0111123 0.0085054
internal_count=134429 80765 13344 11995 9181
is_linear=0
shrinkage=0.05


Tree=258
num_leaves=1
num_cat=0
split_feature=
split_gain=
threshold=
decision_type=
left_child=
right_child=
leaf_value=0
leaf_weight=
leaf_count=134429
internal_value=
internal_weight=
internal_count=
is_linear=0
shrinkage=1


Tree=259
num_leaves=5
num_cat=0
split_feature=2 2 2 2
split_gain=39887.9 414635 3.46945e-18 3.46945e-18
threshold=1.269300000000001 1.4392999999962039 1.1859800000000065 1.1830999997050342
decision_type=2 2 2 2
left_child=2 -2 3 -1
right_child=1 -3 -4 -5
leaf_value=-0.033333355196209259 967.5535704278326 -0.033333355196206803 -0.033333355196192245 -0.033333355196185577
leaf_weight=0.043273487244448461 0.0012401986791132922 0.010324589003687379 0.0018728646719523559 0.0013623985489630277
leaf_count=49931 52749 11913 18264 1572
internal_value=20.6301 103.73 -0.0333334 -0.0333334
internal_weight=0.0580735 0.0115648 0.0465088 0.0446359
internal_count=134429 64662 69767 51503
is_linear=0
shrinkage=0.05


Tree=260
num_leaves=5
num_cat=0
split_feature=2 2 2 2
split_gain=39887.9 414635 3.46945e-18 3.46945e-18
threshold=1.269300000000001 1.4392999999962039 1.1859800000000065 1.1830999997050342
decision_type=2 2 2 2
left_child=2 -2 3 -1
right_child=1 -3 -4 -5
leaf_value=0.033333355196209259 -967.5535704278326 0.033333355196206803 0.033333355196192245 0.033333355196185577
leaf_weight=0.043273487244448461 0.0012401986791132922 0.010324589003687379 0.0018728646719523559 0.0013623985489630277
leaf_count=49931 52749 11913 18264 1572
internal_value=-20.6301 -103.73 0.0333334 0.0333334
internal_weight=0.0580735 0.0115648 0.0465088 0.0446359
internal_count=134429 64662 69767 51503
is_linear=0
shrinkage=0.05


Tree=261
num_leaves=1
num_cat=0
split_feature=
split_gain=
threshold=
decision_type=
left_child=
right_child=
leaf_value=0
leaf_weight=
leaf_count=134429
internal_value=
internal_weight=
internal_count=
is_linear=0
shrinkage=1


Tree=262
num_leaves=6
num_cat=0
split_feature=2 2 2 2 2
split_gain=1.74791e+08 1.53105e+09 422076 3.46945e-18 4.33681e-19
threshold=1.4315500000000003 1.448673605580107 1.1870300000000056 1.184008130694864 1.5665218436578427
decision_type=2 2 2 2 2
left_child=2 -2 3 -1 -3
right_child=1 4 -4 -5 -6
leaf_value=-0.033333353197902892 -60903.577658103022 -0.03333335319789895 906.87294081306834 -0.03333335319787769 -0.033333353197881159
leaf_weight=0.040905874371333084 0.0011748084745022433 0.0070050691647338681 0.0013231797311163964 0.0012802088207308762 0.0014788479347771499
leaf_count=50453 2880 8640 69053 1579 1824
internal_value=-1323.2 -7407.84 27.547 -0.0333334 -0.0333334
internal_weight=0.053168 0.00965873 0.0435093 0.0421861 0.00848392
internal_count=134429 13344 121085 52032 10464
is_linear=0
shrinkage=0.05


Tree=263
num_leaves=6
num_cat=0
split_feature=2 2 2 2 2
split_gain=1.74791e+08 1.53105e+09 422076 3.46945e-18 4.33681e-19
threshold=1.4315500000000003 1.448673605580107 1.1870300000000056 1.184008130694864 1.5665218436578427
decision_type=2 2 2 2 2
left_child=2 -2 3 -1 -3
right_child=1 4 -4 -5 -6
leaf_value=0.033333353197902892 60903.577658103022 0.03333335319789895 -906.87294081306834 0.03333335319787769 0.033333353197881159
leaf_weight=0.040905874371333084 0.0011748084745022433 0.0070050691647338681 0.0013231797311163964 0.0012802088207308762 0.0014788479347771499
leaf_count=50453 2880 8640 69053 1579 1824
internal_value=1323.2 7407.84 -27.547 0.0333334 0.0333334
internal_weight=0.053168 0.00965873 0.0435093 0.0421861 0.00848392
internal_count=134429 13344 121085 52032 10464
is_linear=0
shrinkage=0.05


Tree=264
num_leaves=1
num_cat=0
split_feature=
split_gain=
threshold=
decision_type=
left_child=
right_child=
leaf_value=0
leaf_weight=
leaf_count=134429
internal_value=
internal_weight=
internal_count=
is_linear=0
shrinkage=1


Tree=265
num_leaves=5
num_cat=0
split_feature=2 2 2 2
split_gain=2.71236e+08 2.01717e+09 1.04083e-17 4.33681e-19
threshold=1.1870300000000056 1.4614000000000009 1.0589500000000041 1.5708000000000124
decision_type=2 2 2 2
left_child=2 -2 -1 -3
right_child=1 3 -4 -5
leaf_value=-0.033333345340849502 -72853.010366675531 -0.033333349570614207 -0.033333349571108263 -0.033333349571076552
leaf_weight=0.0012120555571755167 0.0011035925129476709 0.0058099784530440957 0.038253322885225316 0.0010231933333102461
leaf_count=1598 73388 7660 50434 1349
internal_value=-1696.16 -10130.1 -0.0333333 -0.0333333
internal_weight=0.0474021 0.00793676 0.0394654 0.00683317
internal_count=134429 82397 52032 9009
is_linear=0
shrinkage=0.05


Tree=266
num_leaves=5
num_cat=0
split_feature=2 2 2 2
split_gain=2.71236e+08 2.01717e+09 1.04083e-17 4.33681e-19
threshold=1.1870300000000056 1.4614000000000009 1.0589500000000041 1.5708000000000124
decision_type=2 2 2 2
left_child=2 -2 -1 -3
right_child=1 3 -4 -5
leaf_value=0.033333345340849502 72853.010366675531 0.033333349570614207 0.033333349571108263 0.033333349571076552
leaf_weight=0.0012120555571755167 0.0011035925129476709 0.0058099784530440957 0.038253322885225316 0.0010231933333102461
leaf_count=1598 73388 7660 50434 1349
internal_value=1696.16 10130.1 0.0333333 0.0333333
internal_weight=0.0474021 0.00793676 0.0394654 0.00683317
internal_count=134429 82397 52032 9009
is_linear=0
shrinkage=0.05


Tree=267
num_leaves=1
num_cat=0
split_feature=
split_gain=
threshold=
decision_type=
left_child=
right_child=
leaf_value=0
leaf_weight=
leaf_count=134429
internal_value=
internal_weight=
internal_count=
is_linear=0
shrinkage=1


Tree=268
num_leaves=3
num_cat=0
split_feature=2 2
split_gain=76807.2 464757
threshold=1.269300000000001 1.4678000000000004
decision_type=2 2
left_child=-1 -2
right_child=1 -3
leaf_value=-0.033333349355356943 1155.9301776124951 -0.033333349355351621
leaf_weight=0.036920137867127778 0.0010380950511148504 0.0053543850004871274
leaf_count=69767 57116 7546
internal_value=27.6722 187.687
internal_weight=0.0433126 0.00639248
internal_count=134429 64662
is_linear=0
shrinkage=0.05


Tree=269
num_leaves=3
num_cat=0
split_feature=2 2
split_gain=76807.2 464757
threshold=1.269300000000001 1.4678000000000004
decision_type=2 2
left_child=-1 -2
right_child=1 -3
leaf_value=0.033333349355356943 -1155.9301776124951 0.033333349355351621
leaf_weight=0.036920137867127778 0.0010380950511148504 0.0053543850004871274
leaf_count=69767 57116 7546
internal_value=-27.6722 -187.687
internal_weight=0.0433126 0.00639248
internal_count=134429 64662
is_linear=0
shrinkage=0.05


Tree=270
num_leaves=1
num_cat=0
split_feature=
split_gain=
threshold=
decision_type=
left_child=
right_child=
leaf_value=0
leaf_weight=
leaf_count=134429
internal_value=
internal_weight=
internal_count=
is_linear=0
shrinkage=1


Tree=271
num_leaves=5
num_cat=0
split_feature=2 2 2 2
split_gain=3.74956e+08 1.24771e+09 532865 6.17562e-16
threshold=1.4614000000000009 1.4824000000000142 1.184008130694864 1.0589500000000041
decision_type=2 2 2 2
left_child=2 -2 3 -1
right_child=1 -3 -4 -5
leaf_value=-0.033333308083760907 -57245.849136192461 -0.033333346891476399 1144.8448201047083 -0.033333346891865165
leaf_weight=0.0010607587497588602 0.0012778226491150227 0.0037312421354158687 0.0010481464742611015 0.032430143128578948
leaf_count=1598 3388 5621 74967 48855
internal_value=-1819.34 -14603.6 34.71 -0.0333333
internal_weight=0.0395481 0.00500906 0.034539 0.0334909
internal_count=134429 9009 125420 50453
is_linear=0
shrinkage=0.05


Tree=272
num_leaves=5
num_cat=0
split_feature=2 2 2 2
split_gain=3.74956e+08 1.24771e+09 532865 6.21031e-16
threshold=1.4614000000000009 1.4824000000000142 1.184008130694864 1.0589500000000041
decision_type=2 2 2 2
left_child=2 -2 3 -1
right_child=1 -3 -4 -5
leaf_value=0.033333308073043404 57245.849136192461 0.033333346891476399 -1144.8448201047083 0.033333346891865165
leaf_weight=0.0010607587497588602 0.0012778226491150227 0.0037312421354158687 0.0010481464742611015 0.032430143128578948
leaf_count=1598 3388 5621 74967 48855
internal_value=1819.34 14603.6 -34.71 0.0333333
internal_weight=0.0395481 0.00500906 0.034539 0.0334909
internal_count=134429 9009 125420 50453
is_linear=0
shrinkage=0.05


Tree=273
num_leaves=1
num_cat=0
split_feature=
split_gain=
threshold=
decision_type=
left_child=
right_child=
leaf_value=0
leaf_weight=
leaf_count=134429
internal_value=
internal_weight=
internal_count=
is_linear=0
shrinkage=1


Tree=274
num_leaves=4
num_cat=0
split_feature=2 2 2
split_gain=6.23284e+08 1.33424e+09 1.73472e-18
threshold=1.184008130694864 1.5324000000061806 1.1520400000000004
decision_type=2 2 2
left_child=2 -2 -1
right_child=1 -3 -4
leaf_value=-0.033333347032558379 -65175.799441727489 -0.03333334706376221 -0.033333347063772022
leaf_weight=0.024248544991110066 0.0011929280565823311 0.0022976750699399417 0.0070824281547743331
leaf_count=39048 80276 3700 11405
internal_value=-2232.84 -22274.1 -0.0333333
internal_weight=0.0348216 0.0034906 0.031331
internal_count=134429 83976 50453
is_linear=0
shrinkage=0.05


Tree=275
num_leaves=4
num_cat=0
split_feature=2 2 2
split_gain=6.23284e+08 1.33424e+09 1.73472e-18
threshold=1.184008130694864 1.5324000000061806 1.1520400000000004
decision_type=2 2 2
left_child=2 -2 -1
right_child=1 -3 -4
leaf_value=0.033333347032558379 65175.799441727489 0.03333334706376221 0.033333347063772022
leaf_weight=0.024248544991110066 0.0011929280565823311 0.0022976750699399417 0.0070824281547743331
leaf_count=39048 80276 3700 11405
internal_value=2232.84 22274.1 0.0333333
internal_weight=0.0348216 0.0034906 0.031331
internal_count=134429 83976 50453
is_linear=0
shrinkage=0.05


Tree=276
num_leaves=1
num_cat=0
split_feature=
split_gain=
threshold=
decision_type=
left_child=
right_child=
leaf_value=0
leaf_weight=
leaf_count=134429
internal_value=
internal_weight=
internal_count=
is_linear=0
shrinkage=1


Tree=277
num_leaves=4
num_cat=0
split_feature=2 2 2
split_gain=249661 260543 1.73472e-18
threshold=1.269300000000001 1.5665218436578427 1.1658800000000042
decision_type=2 2 2
left_child=2 -2 -1
right_child=1 -3 -4
leaf_value=-0.033333345533762604 1101.0355216595328 -0.033333345564141463 -0.033333345564165381
leaf_weight=0.024892850233356967 0.0010898500984239936 0.0010596410338621354 0.0044174947486226293
leaf_count=42849 62838 1824 26918
internal_value=38.1105 558.238 -0.0333333
internal_weight=0.0314598 0.00214949 0.0293103
internal_count=134429 64662 69767
is_linear=0
shrinkage=0.05


Tree=278
num_leaves=4
num_cat=0
split_feature=2 2 2
split_gain=249661 260543 1.73472e-18
threshold=1.269300000000001 1.5665218436578427 1.1658800000000042
decision_type=2 2 2
left_child=2 -2 -1
right_child=1 -3 -4
leaf_value=0.033333345533762604 -1101.0355216595328 0.033333345564141463 0.033333345564165381
leaf_weight=0.024892850233356967 0.0010898500984239936 0.0010596410338621354 0.0044174947486226293
leaf_count=42849 62838 1824 26918
internal_value=-38.1105 -558.238 0.0333333
internal_weight=0.0314598 0.00214949 0.0293103
internal_count=134429 64662 69767
is_linear=0
shrinkage=0.05


Tree=279
num_leaves=1
num_cat=0
split_feature=
split_gain=
threshold=
decision_type=
left_child=
right_child=
leaf_value=0
leaf_weight=
leaf_count=134429
internal_value=
internal_weight=
internal_count=
is_linear=0
shrinkage=1


Tree=280
num_leaves=4
num_cat=0
split_feature=2 2 2
split_gain=2.56941e+09 1.60462e-15 1.73472e-18
threshold=1.1830999997050342 1.0613200000000005 1.1718000000000086
decision_type=2 2 2
left_child=1 -1 -3
right_child=-2 2 -4
leaf_value=-0.033333285361276797 -72627.686953986791 -0.033333345535753185 -0.033333345535743207
leaf_weight=0.0011581490333583125 0.0012749964425893259 0.023062979129463201 0.0029152092574804547
leaf_count=2131 84498 42436 5364
internal_value=-3259.3 -0.0333333 -0.0333333
internal_weight=0.0284113 0.0271363 0.0259782
internal_count=134429 49931 47800
is_linear=0
shrinkage=0.05


Tree=281
num_leaves=4
num_cat=0
split_feature=2 2 2
split_gain=2.56941e+09 1.60462e-15 1.73472e-18
threshold=1.1830999997050342 1.0613200000000005 1.1718000000000086
decision_type=2 2 2
left_child=1 -1 -3
right_child=-2 2 -4
leaf_value=0.033333285361276797 72627.686953986791 0.033333345535753185 0.033333345535743207
leaf_weight=0.0011581490333583125 0.0012749964425893259 0.023062979129463201 0.0029152092574804547
leaf_count=2131 84498 42436 5364
internal_value=3259.3 0.0333333 0.0333333
internal_weight=0.0284113 0.0271363 0.0259782
internal_count=134429 49931 47800
is_linear=0
shrinkage=0.05


Tree=282
num_leaves=1
num_cat=0
split_feature=
split_gain=
threshold=
decision_type=
left_child=
right_child=
leaf_value=0
leaf_weight=
leaf_count=134429
internal_value=
internal_weight=
internal_count=
is_linear=0
shrinkage=1


Tree=283
num_leaves=4
num_cat=0
split_feature=2 2 2
split_gain=518336 1.73472e-18 1.73472e-18
threshold=1.178885680268748 1.1554400000000056 1.0613200000000005
decision_type=2 2 2
left_child=1 2 -1
right_child=-2 -3 -4
leaf_value=-0.033333344746599172 1127.1032966603314 -0.033333346376970559 -0.033333346376976741
leaf_weight=0.0010834566500648171 0.0010646446651207944 0.0042001096363719617 0.01903802267690935
leaf_count=2131 86592 8261 37445
internal_value=47.2364 -0.0333333 -0.0333333
internal_weight=0.0253862 0.0243216 0.0201215
internal_count=134429 47837 39576
is_linear=0
shrinkage=0.05


Tree=284
num_leaves=4
num_cat=0
split_feature=2 2 2
split_gain=518336 1.73472e-18 1.73472e-18
threshold=1.178885680268748 1.1554400000000056 1.0613200000000005
decision_type=2 2 2
left_child=1 2 -1
right_child=-2 -3 -4
leaf_value=0.033333344746599172 -1127.1032966603314 0.033333346376970559 0.033333346376976741
leaf_weight=0.0010834566500648171 0.0010646446651207944 0.0042001096363719617 0.01903802267690935
leaf_count=2131 86592 8261 37445
internal_value=-47.2364 0.0333333 0.0333333
internal_weight=0.0253862 0.0243216 0.0201215
internal_count=134429 47837 39576
is_linear=0
shrinkage=0.05


Tree=285
num_leaves=1
num_cat=0
split_feature=
split_gain=
threshold=
decision_type=
left_child=
right_child=
leaf_value=0
leaf_weight=
leaf_count=134429
internal_value=
internal_weight=
internal_count=
is_linear=0
shrinkage=1


Tree=286
num_leaves=3
num_cat=0
split_feature=2 2
split_gain=3.96319e+09 1.73472e-18
threshold=1.1747400000000014 1.1675081727097887
decision_type=2 2
left_child=1 -1
right_child=-2 -3
leaf_value=-0.033333343352862074 -100278.0095413916 -0.03333334329248986
leaf_weight=0.020629776462016025 0.0010321309216010368 0.0010911098314068104
leaf_count=43373 88762 2294
internal_value=-4548.88 -0.0333333
internal_weight=0.022753 0.0217209
internal_count=134429 45667
is_linear=0
shrinkage=0.05


Tree=287
num_leaves=3
num_cat=0
split_feature=2 2
split_gain=3.96319e+09 1.73472e-18
threshold=1.1747400000000014 1.1675081727097887
decision_type=2 2
left_child=1 -1
right_child=-2 -3
leaf_value=0.033333343352862074 100278.0095413916 0.03333334329248986
leaf_weight=0.020629776462016025 0.0010321309216010368 0.0010911098314068104
leaf_count=43373 88762 2294
internal_value=4548.88 0.0333333
internal_weight=0.022753 0.0217209
internal_count=134429 45667
is_linear=0
shrinkage=0.05


Tree=288
num_leaves=1
num_cat=0
split_feature=
split_gain=
threshold=
decision_type=
left_child=
right_child=
leaf_value=0
leaf_weight=
leaf_count=134429
internal_value=
internal_weight=
internal_count=
is_linear=0
shrinkage=1


Tree=289
num_leaves=3
num_cat=0
split_feature=2 2
split_gain=535950 1.73472e-18
threshold=1.1675081727097887 1.0666345940551445
decision_type=2 2
left_child=1 -1
right_child=-2 -3
leaf_value=-0.033333343803087771 1175.5833194204752 -0.033333341849942813
leaf_weight=0.0014212061099101439 0.0010207408998326164 0.017878094426492908
leaf_count=3194 91056 40179
internal_value=59.0217 -0.0333333
internal_weight=0.02032 0.0192993
internal_count=134429 43373
is_linear=0
shrinkage=0.05


Tree=290
num_leaves=3
num_cat=0
split_feature=2 2
split_gain=535950 1.73472e-18
threshold=1.1675081727097887 1.0666345940551445
decision_type=2 2
left_child=1 -1
right_child=-2 -3
leaf_value=0.033333343803087771 -1175.5833194204752 0.033333341849942813
leaf_weight=0.0014212061099101439 0.0010207408998326164 0.017878094426492908
leaf_count=3194 91056 40179
internal_value=-59.0217 0.0333333
internal_weight=0.02032 0.0192993
internal_count=134429 43373
is_linear=0
shrinkage=0.05


Tree=291
num_leaves=1
num_cat=0
split_feature=
split_gain=
threshold=
decision_type=
left_child=
right_child=
leaf_value=0
leaf_weight=
leaf_count=134429
internal_value=
internal_weight=
internal_count=
is_linear=0
shrinkage=1


Tree=292
num_leaves=4
num_cat=0
split_feature=2 2 2
split_gain=4.26399e+09 8.32667e-17 8.67362e-19
threshold=1.1596000000000097 1.0640311411832084 1.1212000000000042
decision_type=2 2 2
left_child=1 -1 -3
right_child=-2 2 -4
leaf_value=-0.033333329285489051 -100207.06180151443 -0.033333343575035972 -0.033333343575034736
leaf_weight=0.0011089281846352597 0.0011326550815340388 0.0090370973245512687 0.0067759498041937141
leaf_count=2664 93777 21710 16278
internal_value=-6286.51 -0.0333333 -0.0333333
internal_weight=0.0180546 0.016922 0.015813
internal_count=134429 40652 37988
is_linear=0
shrinkage=0.05


Tree=293
num_leaves=4
num_cat=0
split_feature=2 2 2
split_gain=4.26399e+09 8.32667e-17 8.67362e-19
threshold=1.1596000000000097 1.0640311411832084 1.1212000000000042
decision_type=2 2 2
left_child=1 -1 -3
right_child=-2 2 -4
leaf_value=0.033333329285489051 100207.06180151443 0.033333343575035972 0.033333343575034736
leaf_weight=0.0011089281846352597 0.0011326550815340388 0.0090370973245512687 0.0067759498041937141
leaf_count=2664 93777 21710 16278
internal_value=6286.51 0.0333333 0.0333333
internal_weight=0.0180546 0.016922 0.015813
internal_count=134429 40652 37988
is_linear=0
shrinkage=0.05


Tree=294
num_leaves=1
num_cat=0
split_feature=
split_gain=
threshold=
decision_type=
left_child=
right_child=
leaf_value=0
leaf_weight=
leaf_count=134429
internal_value=
internal_weight=
internal_count=
is_linear=0
shrinkage=1


Tree=295
num_leaves=3
num_cat=0
split_feature=2 2
split_gain=518635 1.73472e-18
threshold=1.1444700000000025 1.1200181983570825
decision_type=2 2
left_child=1 -1
right_child=-2 -3
leaf_value=-0.033333341820432509 1156.2595327568968 -0.033333341848251936
leaf_weight=0.0090750006760345059 0.0010377993631038853 0.0057178266598327818
leaf_count=23304 96442 14683
internal_value=75.7691 -0.0333333
internal_weight=0.0158306 0.0147928
internal_count=134429 37987
is_linear=0
shrinkage=0.05


Tree=296
num_leaves=3
num_cat=0
split_feature=2 2
split_gain=518635 1.73472e-18
threshold=1.1444700000000025 1.1200181983570825
decision_type=2 2
left_child=1 -1
right_child=-2 -3
leaf_value=0.033333341820432509 -1156.2595327568968 0.033333341848251936
leaf_weight=0.0090750006760345059 0.0010377993631038853 0.0057178266598327818
leaf_count=23304 96442 14683
internal_value=-75.7691 0.0333333
internal_weight=0.0158306 0.0147928
internal_count=134429 37987
is_linear=0
shrinkage=0.05


Tree=297
num_leaves=1
num_cat=0
split_feature=
split_gain=
threshold=
decision_type=
left_child=
right_child=
leaf_value=0
leaf_weight=
leaf_count=134429
internal_value=
internal_weight=
internal_count=
is_linear=0
shrinkage=1


Tree=298
num_leaves=4
num_cat=0
split_feature=2 2 2
split_gain=6.43288e+09 1.56125e-16 8.67362e-19
threshold=1.1376000000000004 1.0666345940551445 1.1289200000000177
decision_type=2 2 2
left_child=1 -1 -3
right_child=-2 2 -4
leaf_value=-0.033333320681868783 -131330.67855895543 -0.033333339834712115 -0.033333339834700305
leaf_weight=0.0011635852673919098 0.0010054774327272762 0.0094908326367431073 0.0021788987409934188
leaf_count=3194 99202 26052 5981
internal_value=-9542.05 -0.0333333 -0.0333333
internal_weight=0.0138388 0.0128333 0.0116697
internal_count=134429 35227 32033
is_linear=0
shrinkage=0.05


Tree=299
num_leaves=4
num_cat=0
split_feature=2 2 2
split_gain=6.43288e+09 1.56125e-16 8.67362e-19
threshold=1.1376000000000004 1.0666345940551445 1.1289200000000177
decision_type=2 2 2
left_child=1 -1 -3
right_child=-2 2 -4
leaf_value=0.033333320681868783 131330.67855895543 0.033333339834712115 0.033333339834700305
leaf_weight=0.0011635852673919098 0.0010054774327272762 0.0094908326367431073 0.0021788987409934188
leaf_count=3194 99202 26052 5981
internal_value=9542.05 0.0333333 0.0333333
internal_weight=0.0138388 0.0128333 0.0116697
internal_count=134429 35227 32033
is_linear=0
shrinkage=0.05


end of trees

feature_importances:
eur_close_kalman=898

parameters:
[boosting: gbdt]
[objective: multiclass]
[metric: multi_logloss]
[tree_learner: serial]
[device_type: cpu]
[data_sample_strategy: bagging]
[data: ]
[valid: ]
[num_iterations: 100]
[learning_rate: 0.05]
[num_leaves: 31]
[num_threads: 0]
[seed: 0]
[deterministic: 0]
[force_col_wise: 0]
[force_row_wise: 0]
[histogram_pool_size: -1]
[max_depth: -1]
[min_data_in_leaf: 20]
[min_sum_hessian_in_leaf: 0.001]
[bagging_fraction: 1]
[pos_bagging_fraction: 1]
[neg_bagging_fraction: 1]
[bagging_freq: 0]
[bagging_seed: 3]
[bagging_by_query: 0]
[feature_fraction: 1]
[feature_fraction_bynode: 1]
[feature_fraction_seed: 2]
[extra_trees: 0]
[extra_seed: 6]
[early_stopping_round: 0]
[early_stopping_min_delta: 0]
[first_metric_only: 0]
[max_delta_step: 0]
[lambda_l1: 0]
[lambda_l2: 0]
[linear_lambda: 0]
[min_gain_to_split: 0]
[drop_rate: 0.1]
[max_drop: 50]
[skip_drop: 0.5]
[xgboost_dart_mode: 0]
[uniform_drop: 0]
[drop_seed: 4]
[top_rate: 0.2]
[other_rate: 0.1]
[min_data_per_group: 100]
[max_cat_threshold: 32]
[cat_l2: 10]
[cat_smooth: 10]
[max_cat_to_onehot: 4]
[top_k: 20]
[monotone_constraints: ]
[monotone_constraints_method: basic]
[monotone_penalty: 0]
[feature_contri: ]
[forcedsplits_filename: ]
[refit_decay_rate: 0.9]
[cegb_tradeoff: 1]
[cegb_penalty_split: 0]
[cegb_penalty_feature_lazy: ]
[cegb_penalty_feature_coupled: ]
[path_smooth: 0]
[interaction_constraints: ]
[verbosity: -1]
[saved_feature_importance_type: 0]
[use_quantized_grad: 0]
[num_grad_quant_bins: 4]
[quant_train_renew_leaf: 0]
[stochastic_rounding: 1]
[linear_tree: 0]
[max_bin: 255]
[max_bin_by_feature: ]
[min_data_in_bin: 3]
[bin_construct_sample_cnt: 200000]
[data_random_seed: 1]
[is_enable_sparse: 1]
[enable_bundle: 1]
[use_missing: 1]
[zero_as_missing: 0]
[feature_pre_filter: 1]
[pre_partition: 0]
[two_round: 0]
[header: 0]
[label_column: ]
[weight_column: ]
[group_column: ]
[ignore_column: ]
[categorical_feature: ]
[forcedbins_filename: ]
[precise_float_parser: 0]
[parser_config_file: ]
[objective_seed: 5]
[num_class: 3]
[is_unbalance: 0]
[scale_pos_weight: 1]
[sigmoid: 1]
[boost_from_average: 1]
[reg_sqrt: 0]
[alpha: 0.9]
[fair_c: 1]
[poisson_max_delta_step: 0.7]
[tweedie_variance_power: 1.5]
[lambdarank_truncation_level: 30]
[lambdarank_norm: 1]
[label_gain: ]
[lambdarank_position_bias_regularization: 0]
[eval_at: ]
[multi_error_top_k: 1]
[auc_mu_weights: ]
[num_machines: 1]
[local_listen_port: 12400]
[time_out: 120]
[machine_list_filename: ]
[machines: ]
[gpu_platform_id: -1]
[gpu_device_id: -1]
[gpu_use_dp: 0]
[num_gpu: 1]

end of parameters

pandas_categorical:[]
