tree
version=v4
num_class=3
num_tree_per_iteration=3
label_index=0
max_feature_idx=11
objective=multiclass num_class:3
feature_names=sentiment_score btc_close_kalman eur_close_kalman gld_close_kalman btc_close_hurst eur_close_hurst gld_close_hurst sentiment_x_hurst is_high_impact_event event_x_hurst btc_volatility sentiment_adjusted_by_vol
feature_infos=none none [0.95940000000000003:1.5995999999999999] none none none none none none none none none
tree_sizes=781 783 244 1102 1093 226 784 781 226 904 900 227 683 682 227 903 898 227 790 787 227 902 897 227 681 680 227 894 889 227 684 683 227 1226 1215 227 1011 1004 227 1009 1002 227 896 891 227 900 895 227 683 682 227 899 894 227 574 575 227 1011 1004 227 789 786 227 1009 1002 227 683 682 227 791 788 227 1113 1104 227 791 788 227 794 791 227 683 682 227 683 682 227 790 787 227 572 573 227 787 784 227 899 894 227 680 680 228 684 683 228 793 790 228 903 898 228 684 683 228 1015 1008 228 797 794 228 684 683 228 686 685 228 797 794 228 798 795 228 577 578 228 798 795 228 907 902 228 800 797 228 690 689 228 1024 1017 228 913 908 228 581 582 228 912 907 228 1024 1017 228 1247 1236 228 1023 1016 228 1134 1125 228 804 801 228 692 691 228 694 693 228 1023 1016 228 583 584 228 695 694 228 1017 1010 228 921 916 228 1032 1025 228 1028 1021 228 1372 1359 228 701 700 228 925 920 228 701 700 228 813 810 228 700 699 228 817 812 228 1046 1037 228 817 812 228 817 812 228 819 814 228 714 709 228 708 703 228 940 931 228 483 482 228 818 815 228 702 701 228 942 933 228 599 596 228 712 707 228 486 485 228 486 485 228 599 596 228 941 932 228 604 601 228 716 711 228 487 486 228 602 599 228 486 485 228 604 601 228 488 487 228 717 712 228 488 487 228

Tree=0
num_leaves=6
num_cat=0
split_feature=2 2 2 2 2
split_gain=24582.6 30322.8 14.5111 3.63798e-12 1.81899e-12
threshold=1.2683000000000144 1.273049837017268 1.2709000000000155 1.2662001000158585 1.5576000000000032
decision_type=2 2 2 2 2
left_child=3 2 -2 -1 -3
right_child=1 4 -4 -5 -6
leaf_value=-0.82648049271638069 -0.56095314802510277 -0.82648049271638069 -0.57172820811106351 -0.82648049271638069 -0.82648049271638069
leaf_weight=9535.7419341802597 14440.415094077587 5748.6365583539009 1368.2900134325027 61.696344077587128 216.96860212087631
leaf_count=50850 340 30655 327 329 1157
internal_value=-0.693147 -0.634378 -0.561886 -0.82648 -0.82648
internal_weight=31371.7 21774.3 15808.7 9597.44 5965.61
internal_count=83658 32479 667 51179 31812
is_linear=0
shrinkage=1


Tree=1
num_leaves=6
num_cat=0
split_feature=2 2 2 2 2
split_gain=24582.6 30322.8 14.5111 3.63798e-12 1.81899e-12
threshold=1.2683000000000144 1.273049837017268 1.2709000000000155 1.2662001000158585 1.5576000000000032
decision_type=2 2 2 2 2
left_child=3 2 -2 -1 -3
right_child=1 4 -4 -5 -6
leaf_value=-0.55981386840351055 -0.82534121309478847 -0.55981386840351055 -0.81456615300882773 -0.55981386840351055 -0.55981386840351055
leaf_weight=9535.7419341802597 14440.415094077587 5748.6365583539009 1368.2900134325027 61.696344077587128 216.96860212087631
leaf_count=50850 340 30655 327 329 1157
internal_value=-0.693147 -0.751916 -0.824409 -0.559814 -0.559814
internal_weight=31371.7 21774.3 15808.7 9597.44 5965.61
internal_count=83658 32479 667 51179 31812
is_linear=0
shrinkage=1


Tree=2
num_leaves=1
num_cat=0
split_feature=
split_gain=
threshold=
decision_type=
left_child=
right_child=
leaf_value=-34.538776391283193
leaf_weight=
leaf_count=83658
internal_value=
internal_weight=
internal_count=
is_linear=0
shrinkage=1


Tree=3
num_leaves=9
num_cat=0
split_feature=2 2 2 2 2 2 2 2
split_gain=18825.7 23215.5 11.8659 1.81899e-12 9.09495e-13 5.68434e-14 5.68434e-14 2.84217e-14
threshold=1.2683000000000144 1.273049837017268 1.2709000000000155 1.2504000000000246 1.5673000000040036 1.2662001000158585 1.2599000000000378 1.580600000002071
decision_type=2 2 2 2 2 2 2 2
left_child=3 2 -2 -1 -3 6 -5 -6
right_child=1 4 -4 5 7 -7 -8 -9
leaf_value=-0.11772856364882985 0.11668567809232649 -0.11772856364882985 0.1068690085740594 -0.11772856364882985 -0.11772856364882985 -0.11772856364882985 -0.11772856364882985 -0.11772856364882985
leaf_weight=9066.8030110299587 14190.976570188999 5703.4601458013058 1348.3145248293877 179.44215330481529 106.11774158477783 60.612390592694283 121.96170994639397 51.216548889875412
leaf_count=49214 340 30958 327 974 576 329 662 278
internal_value=-1.54074e-06 0.0518687 0.115834 -0.117729 -0.117729 -0.117729 -0.117729 -0.117729
internal_weight=30828.9 21400.1 15539.3 9428.82 5860.79 362.016 301.404 157.334
internal_count=83658 32479 667 51179 31812 1965 1636 854
is_linear=0
shrinkage=0.1


Tree=4
num_leaves=9
num_cat=0
split_feature=2 2 2 2 2 2 2 2
split_gain=18825.7 23215.5 11.8659 1.81899e-12 9.09495e-13 5.68434e-14 5.68434e-14 2.84217e-14
threshold=1.2683000000000144 1.273049837017268 1.2709000000000155 1.2504000000000246 1.5673000000040036 1.2662001000158585 1.2599000000000378 1.580600000002071
decision_type=2 2 2 2 2 2 2 2
left_child=3 2 -2 -1 -3 6 -5 -6
right_child=1 4 -4 5 7 -7 -8 -9
leaf_value=0.11772856364882985 -0.11668567809232649 0.11772856364882985 -0.1068690085740594 0.11772856364882985 0.11772856364882985 0.11772856364882985 0.11772856364882985 0.11772856364882985
leaf_weight=9066.8030110299587 14190.976570188999 5703.4601458013058 1348.3145248293877 179.44215330481529 106.11774158477783 60.612390592694283 121.96170994639397 51.216548889875412
leaf_count=49214 340 30958 327 974 576 329 662 278
internal_value=1.54074e-06 -0.0518687 -0.115834 0.117729 0.117729 0.117729 0.117729 0.117729
internal_weight=30828.9 21400.1 15539.3 9428.82 5860.79 362.016 301.404 157.334
internal_count=83658 32479 667 51179 31812 1965 1636 854
is_linear=0
shrinkage=0.1


Tree=5
num_leaves=1
num_cat=0
split_feature=
split_gain=
threshold=
decision_type=
left_child=
right_child=
leaf_value=0
leaf_weight=
leaf_count=83658
internal_value=
internal_weight=
internal_count=
is_linear=0
shrinkage=1


Tree=6
num_leaves=6
num_cat=0
split_feature=2 2 2 2 2
split_gain=14870.4 18325.5 11.0001 1.81899e-12 1.81899e-12
threshold=1.2683000000000144 1.273049837017268 1.2709000000000155 1.2599000000000378 1.3367000000000073
decision_type=2 2 2 2 2
left_child=3 2 -2 -1 -3
right_child=1 4 -4 -5 -6
leaf_value=-0.10701626468158409 0.10598137398910044 -0.10701626468158409 0.096350421800612929 -0.10701626468158409 -0.10701626468158409
leaf_weight=8842.4332041740417 13581.639674842358 1982.6233531236649 1299.3872989714146 174.60052812099457 3622.2121671438217
leaf_count=50188 340 11253 327 991 20559
internal_value=-6.11743e-06 0.0470953 0.10514 -0.107016 -0.107016
internal_weight=29502.9 20485.9 14881 9017.03 5604.84
internal_count=83658 32479 667 51179 31812
is_linear=0
shrinkage=0.1


Tree=7
num_leaves=6
num_cat=0
split_feature=2 2 2 2 2
split_gain=14870.4 18325.5 11.0001 1.81899e-12 1.81899e-12
threshold=1.2683000000000144 1.273049837017268 1.2709000000000155 1.2599000000000378 1.3367000000000073
decision_type=2 2 2 2 2
left_child=3 2 -2 -1 -3
right_child=1 4 -4 -5 -6
leaf_value=0.10701626468158409 -0.10598137398910044 0.10701626468158409 -0.096350421800612929 0.10701626468158409 0.10701626468158409
leaf_weight=8842.4332041740417 13581.639674842358 1982.6233531236649 1299.3872989714146 174.60052812099457 3622.2121671438217
leaf_count=50188 340 11253 327 991 20559
internal_value=6.11743e-06 -0.0470953 -0.10514 0.107016 0.107016
internal_weight=29502.9 20485.9 14881 9017.03 5604.84
internal_count=83658 32479 667 51179 31812
is_linear=0
shrinkage=0.1


Tree=8
num_leaves=1
num_cat=0
split_feature=
split_gain=
threshold=
decision_type=
left_child=
right_child=
leaf_value=0
leaf_weight=
leaf_count=83658
internal_value=
internal_weight=
internal_count=
is_linear=0
shrinkage=1


Tree=9
num_leaves=7
num_cat=0
split_feature=2 2 2 2 2 2
split_gain=11998.2 14771.1 10.9876 1.81899e-12 9.09495e-13 1.13687e-13
threshold=1.2683000000000144 1.273049837017268 1.2709000000000155 1.1706269895116554 1.4711233021959704 1.580600000002071
decision_type=2 2 2 2 2 2
left_child=3 2 -2 -1 -3 -6
right_child=1 4 -4 -5 5 -7
leaf_value=-0.099241786493332595 0.098163133942514719 -0.099241786493332595 0.088280118520999123 -0.099241786493332595 -0.099241786493332595 -0.099241786493332595
leaf_weight=6268.8992453813553 12764.423405498266 4672.1509652137756 1233.6440523862839 2195.9837285876274 543.49646246433258 45.980528473854065
leaf_count=37902 340 28248 327 13277 3286 278
internal_value=-1.23147e-05 0.0436003 0.0972921 -0.0992418 -0.0992418 -0.0992418
internal_weight=27724.6 19259.7 13998.1 8464.88 5261.63 589.477
internal_count=83658 32479 667 51179 31812 3564
is_linear=0
shrinkage=0.1


Tree=10
num_leaves=7
num_cat=0
split_feature=2 2 2 2 2 2
split_gain=11998.2 14771.1 10.9876 1.81899e-12 9.09495e-13 1.13687e-13
threshold=1.2683000000000144 1.273049837017268 1.2709000000000155 1.1706269895116554 1.4711233021959704 1.580600000002071
decision_type=2 2 2 2 2 2
left_child=3 2 -2 -1 -3 -6
right_child=1 4 -4 -5 5 -7
leaf_value=0.099241786493332595 -0.098163133942514719 0.099241786493332595 -0.088280118520999123 0.099241786493332595 0.099241786493332595 0.099241786493332595
leaf_weight=6268.8992453813553 12764.423405498266 4672.1509652137756 1233.6440523862839 2195.9837285876274 543.49646246433258 45.980528473854065
leaf_count=37902 340 28248 327 13277 3286 278
internal_value=1.23147e-05 -0.0436003 -0.0972921 0.0992418 0.0992418 0.0992418
internal_weight=27724.6 19259.7 13998.1 8464.88 5261.63 589.477
internal_count=83658 32479 667 51179 31812 3564
is_linear=0
shrinkage=0.1


Tree=11
num_leaves=1
num_cat=0
split_feature=
split_gain=
threshold=
decision_type=
left_child=
right_child=
leaf_value=0
leaf_weight=
leaf_count=83658
internal_value=
internal_weight=
internal_count=
is_linear=0
shrinkage=1


Tree=12
num_leaves=5
num_cat=0
split_feature=2 2 2 2
split_gain=9830.86 12087.2 11.4729 9.09495e-13
threshold=1.2683000000000144 1.273049837017268 1.2709000000000155 1.2631000000000006
decision_type=2 2 2 2
left_child=3 2 -2 -1
right_child=1 -3 -4 -5
leaf_value=-0.093377396028190451 0.092218273445583809 -0.093377396028190451 0.081793965224419771 -0.093377396028190451
leaf_weight=7740.609885558486 11839.697881147265 4873.3258461356163 1159.1601816117764 99.574431031942368
leaf_count=50529 340 31812 327 650
internal_value=-1.96664e-05 0.0409346 0.0912887 -0.0933774
internal_weight=25712.4 17872.2 12998.9 7840.18
internal_count=83658 32479 667 51179
is_linear=0
shrinkage=0.1


Tree=13
num_leaves=5
num_cat=0
split_feature=2 2 2 2
split_gain=9830.86 12087.2 11.4729 9.09495e-13
threshold=1.2683000000000144 1.273049837017268 1.2709000000000155 1.2631000000000006
decision_type=2 2 2 2
left_child=3 2 -2 -1
right_child=1 -3 -4 -5
leaf_value=0.093377396028190451 -0.092218273445583809 0.093377396028190451 -0.081793965224419771 0.093377396028190451
leaf_weight=7740.609885558486 11839.697881147265 4873.3258461356163 1159.1601816117764 99.574431031942368
leaf_count=50529 340 31812 327 650
internal_value=1.96664e-05 -0.0409346 -0.0912887 0.0933774
internal_weight=25712.4 17872.2 12998.9 7840.18
internal_count=83658 32479 667 51179
is_linear=0
shrinkage=0.1


Tree=14
num_leaves=1
num_cat=0
split_feature=
split_gain=
threshold=
decision_type=
left_child=
right_child=
leaf_value=0
leaf_weight=
leaf_count=83658
internal_value=
internal_weight=
internal_count=
is_linear=0
shrinkage=1


Tree=15
num_leaves=7
num_cat=0
split_feature=2 2 2 2 2 2
split_gain=8148.68 10003.2 12.2949 9.09495e-13 9.09495e-13 4.54747e-13
threshold=1.2683000000000144 1.273049837017268 1.2709000000000155 1.2341900000000157 1.1860000000000028 1.580600000002071
decision_type=2 2 2 2 2 2
left_child=3 2 -2 4 -1 -3
right_child=1 5 -4 -5 -6 -7
leaf_value=-0.088827144985434051 0.087557269617904568 -0.088827144985434051 0.076376588380413432 -0.088827144985434051 -0.088827144985434051 -0.088827144985434051
leaf_weight=5930.4773725569248 10874.276935055852 4428.9324681162834 1081.3364157676697 462.6404373049736 794.94379937648773 39.044942796230316
leaf_count=42225 340 31534 327 3294 5660 278
internal_value=-2.80321e-05 0.0388364 0.086546 -0.0888271 -0.0888271 -0.0888271
internal_weight=23611.7 16423.6 11955.6 7188.06 6725.42 4467.98
internal_count=83658 32479 667 51179 47885 31812
is_linear=0
shrinkage=0.1


Tree=16
num_leaves=7
num_cat=0
split_feature=2 2 2 2 2 2
split_gain=8148.68 10003.2 12.2949 9.09495e-13 9.09495e-13 4.54747e-13
threshold=1.2683000000000144 1.273049837017268 1.2709000000000155 1.2341900000000157 1.1860000000000028 1.580600000002071
decision_type=2 2 2 2 2 2
left_child=3 2 -2 4 -1 -3
right_child=1 5 -4 -5 -6 -7
leaf_value=0.088827144985434051 -0.087557269617904568 0.088827144985434051 -0.076376588380413432 0.088827144985434051 0.088827144985434051 0.088827144985434051
leaf_weight=5930.4773725569248 10874.276935055852 4428.9324681162834 1081.3364157676697 462.6404373049736 794.94379937648773 39.044942796230316
leaf_count=42225 340 31534 327 3294 5660 278
internal_value=2.80321e-05 -0.0388364 -0.086546 0.0888271 0.0888271 0.0888271
internal_weight=23611.7 16423.6 11955.6 7188.06 6725.42 4467.98
internal_count=83658 32479 667 51179 47885 31812
is_linear=0
shrinkage=0.1


Tree=17
num_leaves=1
num_cat=0
split_feature=
split_gain=
threshold=
decision_type=
left_child=
right_child=
leaf_value=0
leaf_weight=
leaf_count=83658
internal_value=
internal_weight=
internal_count=
is_linear=0
shrinkage=1


Tree=18
num_leaves=6
num_cat=0
split_feature=2 2 2 2 2
split_gain=6814.95 8350.4 13.3698 9.09495e-13 4.54747e-13
threshold=1.2683000000000144 1.273049837017268 1.2709000000000155 1.2317000000011735 1.580600000002071
decision_type=2 2 2 2 2
left_child=3 2 -2 -1 -3
right_child=1 4 -4 -5 -6
leaf_value=-0.085220126409710426 0.083811544655170545 -0.085220126409710426 0.071700118614943201 -0.085220126409710426 -0.085220126409710426
leaf_weight=6076.0840313434601 9912.2718336731195 4028.5787482261658 1003.7505126297474 462.21214914321899 35.515471935272217
leaf_count=47561 340 31534 327 3618 278
internal_value=-3.74194e-05 0.0371418 0.0826979 -0.0852201 -0.0852201
internal_weight=21518.4 14980.1 10916 6538.3 4064.09
internal_count=83658 32479 667 51179 31812
is_linear=0
shrinkage=0.1


Tree=19
num_leaves=6
num_cat=0
split_feature=2 2 2 2 2
split_gain=6814.95 8350.4 13.3698 9.09495e-13 4.54747e-13
threshold=1.2683000000000144 1.273049837017268 1.2709000000000155 1.2317000000011735 1.580600000002071
decision_type=2 2 2 2 2
left_child=3 2 -2 -1 -3
right_child=1 4 -4 -5 -6
leaf_value=0.085220126409710426 -0.083811544655170545 0.085220126409710426 -0.071700118614943201 0.085220126409710426 0.085220126409710426
leaf_weight=6076.0840313434601 9912.2718336731195 4028.5787482261658 1003.7505126297474 462.21214914321899 35.515471935272217
leaf_count=47561 340 31534 327 3618 278
internal_value=3.74194e-05 -0.0371418 -0.0826979 0.0852201 0.0852201
internal_weight=21518.4 14980.1 10916 6538.3 4064.09
internal_count=83658 32479 667 51179 31812
is_linear=0
shrinkage=0.1


Tree=20
num_leaves=1
num_cat=0
split_feature=
split_gain=
threshold=
decision_type=
left_child=
right_child=
leaf_value=0
leaf_weight=
leaf_count=83658
internal_value=
internal_weight=
internal_count=
is_linear=0
shrinkage=1


Tree=21
num_leaves=7
num_cat=0
split_feature=2 2 2 2 2 2
split_gain=5739.75 7017.7 14.6475 4.54747e-13 4.54747e-13 5.68434e-14
threshold=1.2683000000000144 1.273049837017268 1.2709000000000155 1.2662001000158585 1.4501000000000039 1.4676000000000007
decision_type=2 2 2 2 2 2
left_child=3 2 -2 -1 -3 -6
right_child=1 4 -4 -5 5 -7
leaf_value=-0.082312674862645485 0.080737588521043679 -0.082312674862645485 0.067545753751468915 -0.082312674862645485 -0.082312674862645485 -0.082312674862645485
leaf_weight=5872.0991894602776 8982.136656023562 3085.7101758420467 928.71681237220764 37.992539495229721 141.69254091382027 446.21025109291077
leaf_count=50850 340 26721 327 329 1227 3864
internal_value=-4.7882e-05 0.0357424 0.0795014 -0.0823127 -0.0823127 -0.0823127
internal_weight=19494.6 13584.5 9910.85 5910.09 3673.61 587.903
internal_count=83658 32479 667 51179 31812 5091
is_linear=0
shrinkage=0.1


Tree=22
num_leaves=7
num_cat=0
split_feature=2 2 2 2 2 2
split_gain=5739.75 7017.7 14.6475 4.54747e-13 4.54747e-13 5.68434e-14
threshold=1.2683000000000144 1.273049837017268 1.2709000000000155 1.2662001000158585 1.4501000000000039 1.4676000000000007
decision_type=2 2 2 2 2 2
left_child=3 2 -2 -1 -3 -6
right_child=1 4 -4 -5 5 -7
leaf_value=0.082312674862645485 -0.080737588521043679 0.082312674862645485 -0.067545753751468915 0.082312674862645485 0.082312674862645485 0.082312674862645485
leaf_weight=5872.0991894602776 8982.136656023562 3085.7101758420467 928.71681237220764 37.992539495229721 141.69254091382027 446.21025109291077
leaf_count=50850 340 26721 327 329 1227 3864
internal_value=4.7882e-05 -0.0357424 -0.0795014 0.0823127 0.0823127 0.0823127
internal_weight=19494.6 13584.5 9910.85 5910.09 3673.61 587.903
internal_count=83658 32479 667 51179 31812 5091
is_linear=0
shrinkage=0.1


Tree=23
num_leaves=1
num_cat=0
split_feature=
split_gain=
threshold=
decision_type=
left_child=
right_child=
leaf_value=0
leaf_weight=
leaf_count=83658
internal_value=
internal_weight=
internal_count=
is_linear=0
shrinkage=1


Tree=24
num_leaves=5
num_cat=0
split_feature=2 2 2 2
split_gain=4861.44 5928.93 16.0928 4.54747e-13
threshold=1.2683000000000144 1.273049837017268 1.2709000000000155 1.5576000000000032
decision_type=2 2 2 2
left_child=-1 2 -2 -3
right_child=1 3 -4 -5
leaf_value=-0.079937792371692198 0.078167191553195167 -0.079937792371692198 0.063762387319389366 -0.079937792371692198
leaf_weight=5315.2964203953743 8101.4306850731373 3183.7357464432716 857.66784650087357 120.16252678632736
leaf_count=51179 340 30655 327 1157
internal_value=-5.95258e-05 0.0345631 0.0767882 -0.0799378
internal_weight=17578.3 12263 8959.1 3303.9
internal_count=83658 32479 667 31812
is_linear=0
shrinkage=0.1


Tree=25
num_leaves=5
num_cat=0
split_feature=2 2 2 2
split_gain=4861.44 5928.93 16.0928 4.54747e-13
threshold=1.2683000000000144 1.273049837017268 1.2709000000000155 1.5576000000000032
decision_type=2 2 2 2
left_child=-1 2 -2 -3
right_child=1 3 -4 -5
leaf_value=0.079937792371692198 -0.078167191553195167 0.079937792371692198 -0.063762387319389366 0.079937792371692198
leaf_weight=5315.2964203953743 8101.4306850731373 3183.7357464432716 857.66784650087357 120.16252678632736
leaf_count=51179 340 30655 327 1157
internal_value=5.95258e-05 -0.0345631 -0.0767882 0.0799378
internal_weight=17578.3 12263 8959.1 3303.9
internal_count=83658 32479 667 31812
is_linear=0
shrinkage=0.1


Tree=26
num_leaves=1
num_cat=0
split_feature=
split_gain=
threshold=
decision_type=
left_child=
right_child=
leaf_value=0
leaf_weight=
leaf_count=83658
internal_value=
internal_weight=
internal_count=
is_linear=0
shrinkage=1


Tree=27
num_leaves=7
num_cat=0
split_feature=2 2 2 2 2 2
split_gain=4136.25 5030 17.6768 4.54747e-13 2.27374e-13 7.10543e-15
threshold=1.2683000000000144 1.273049837017268 1.2709000000000155 1.2631000000000006 1.580600000002071 1.2662001000158585
decision_type=2 2 2 2 2 2
left_child=3 2 -2 -1 -3 -5
right_child=1 4 -4 5 -6 -7
leaf_value=-0.077976979812682048 0.075979746420907407 -0.077976979812682048 0.060243300257016213 -0.077976979812682048 -0.077976979812682048 -0.077976979812682048
leaf_weight=4700.1830873787403 7280.1411647498608 2933.2773947119713 791.4219129383564 29.859264403581619 25.859425246715546 30.603420525789261
leaf_count=50529 340 31534 327 321 278 329
internal_value=-7.24564e-05 0.0335497 0.0744368 -0.077977 -0.077977 -0.077977
internal_weight=15791.3 11030.7 8071.56 4760.65 2959.14 60.4627
internal_count=83658 32479 667 51179 31812 650
is_linear=0
shrinkage=0.1


Tree=28
num_leaves=7
num_cat=0
split_feature=2 2 2 2 2 2
split_gain=4136.25 5030 17.6768 4.54747e-13 2.27374e-13 7.10543e-15
threshold=1.2683000000000144 1.273049837017268 1.2709000000000155 1.2631000000000006 1.580600000002071 1.2662001000158585
decision_type=2 2 2 2 2 2
left_child=3 2 -2 -1 -3 -5
right_child=1 4 -4 5 -6 -7
leaf_value=0.077976979812682048 -0.075979746420907407 0.077976979812682048 -0.060243300257016213 0.077976979812682048 0.077976979812682048 0.077976979812682048
leaf_weight=4700.1830873787403 7280.1411647498608 2933.2773947119713 791.4219129383564 29.859264403581619 25.859425246715546 30.603420525789261
leaf_count=50529 340 31534 327 321 278 329
internal_value=7.24564e-05 -0.0335497 -0.0744368 0.077977 0.077977 0.077977
internal_weight=15791.3 11030.7 8071.56 4760.65 2959.14 60.4627
internal_count=83658 32479 667 51179 31812 650
is_linear=0
shrinkage=0.1


Tree=29
num_leaves=1
num_cat=0
split_feature=
split_gain=
threshold=
decision_type=
left_child=
right_child=
leaf_value=0
leaf_weight=
leaf_count=83658
internal_value=
internal_weight=
internal_count=
is_linear=0
shrinkage=1


Tree=30
num_leaves=5
num_cat=0
split_feature=2 2 2 2
split_gain=3532.25 4281.38 19.3717 2.27374e-13
threshold=1.2683000000000144 1.273049837017268 1.2709000000000155 1.4844000000000006
decision_type=2 2 2 2
left_child=-1 2 -2 -3
right_child=1 3 -4 -5
leaf_value=-0.076343756222537279 0.074085922936861809 -0.076343756222537279 0.056912430656056001 -0.076343756222537279
leaf_weight=4249.3424348011613 6523.0203371793032 2420.6281745284796 730.37181183695793 220.6911465972662
leaf_count=51179 340 29154 327 2658
internal_value=-8.68057e-05 0.0326622 0.0723567 -0.0763438
internal_weight=14144.1 9894.71 7253.39 2641.32
internal_count=83658 32479 667 31812
is_linear=0
shrinkage=0.1


Tree=31
num_leaves=5
num_cat=0
split_feature=2 2 2 2
split_gain=3532.25 4281.38 19.3717 2.27374e-13
threshold=1.2683000000000144 1.273049837017268 1.2709000000000155 1.4844000000000006
decision_type=2 2 2 2
left_child=-1 2 -2 -3
right_child=1 3 -4 -5
leaf_value=0.076343756222537279 -0.074085922936861809 0.076343756222537279 -0.056912430656056001 0.076343756222537279
leaf_weight=4249.3424348011613 6523.0203371793032 2420.6281745284796 730.37181183695793 220.6911465972662
leaf_count=51179 340 29154 327 2658
internal_value=8.68057e-05 -0.0326622 -0.0723567 0.0763438
internal_weight=14144.1 9894.71 7253.39 2641.32
internal_count=83658 32479 667 31812
is_linear=0
shrinkage=0.1


Tree=32
num_leaves=1
num_cat=0
split_feature=
split_gain=
threshold=
decision_type=
left_child=
right_child=
leaf_value=0
leaf_weight=
leaf_count=83658
internal_value=
internal_weight=
internal_count=
is_linear=0
shrinkage=1


Tree=33
num_leaves=10
num_cat=0
split_feature=2 2 2 2 2 2 2 2 2
split_gain=3025.53 3653.49 21.1485 4.54747e-13 2.27374e-13 2.27374e-13 5.68434e-14 2.84217e-14 3.55271e-15
threshold=1.2683000000000144 1.273049837017268 1.2709000000000155 1.1926051248299563 1.580600000002071 1.4711233021959704 1.2662001000158585 1.5673000000040036 1.5743000000000391
decision_type=2 2 2 2 2 2 2 2 2
left_child=3 2 -2 -1 5 -3 -5 -7 -9
right_child=1 4 -4 6 -6 7 -8 8 -10
leaf_value=-0.074973457048206002 0.072417602831898895 -0.074973457048206002 0.053715855568998799 -0.074973457048206002 -0.074973457048206002 -0.074973457048206002 -0.074973457048206002 -0.074973457048206002 -0.074973457048206002
leaf_weight=3195.7024518176913 5831.2542334124446 2087.5564336180687 674.62001718580723 562.1651724204421 20.544487699866295 200.27180455625057 24.313440479338169 21.061794944107533 21.505201153457165
leaf_count=43243 340 28248 327 7607 278 2710 329 285 291
internal_value=-0.0001027 0.0318698 0.0704783 -0.0749735 -0.0749735 -0.0749735 -0.0749735 -0.0749735 -0.0749735
internal_weight=12639 8856.81 6505.87 3782.18 2350.94 2330.4 586.479 242.839 42.567
internal_count=83658 32479 667 51179 31812 31534 7936 3286 576
is_linear=0
shrinkage=0.1


Tree=34
num_leaves=10
num_cat=0
split_feature=2 2 2 2 2 2 2 2 2
split_gain=3025.53 3653.49 21.1485 4.54747e-13 2.27374e-13 2.27374e-13 5.68434e-14 2.84217e-14 3.55271e-15
threshold=1.2683000000000144 1.273049837017268 1.2709000000000155 1.1926051248299563 1.580600000002071 1.4711233021959704 1.2662001000158585 1.5673000000040036 1.5743000000000391
decision_type=2 2 2 2 2 2 2 2 2
left_child=3 2 -2 -1 5 -3 -5 -7 -9
right_child=1 4 -4 6 -6 7 -8 8 -10
leaf_value=0.074973457048206002 -0.072417602831898895 0.074973457048206002 -0.053715855568998799 0.074973457048206002 0.074973457048206002 0.074973457048206002 0.074973457048206002 0.074973457048206002 0.074973457048206002
leaf_weight=3195.7024518176913 5831.2542334124446 2087.5564336180687 674.62001718580723 562.1651724204421 20.544487699866295 200.27180455625057 24.313440479338169 21.061794944107533 21.505201153457165
leaf_count=43243 340 28248 327 7607 278 2710 329 285 291
internal_value=0.0001027 -0.0318698 -0.0704783 0.0749735 0.0749735 0.0749735 0.0749735 0.0749735 0.0749735
internal_weight=12639 8856.81 6505.87 3782.18 2350.94 2330.4 586.479 242.839 42.567
internal_count=83658 32479 667 51179 31812 31534 7936 3286 576
is_linear=0
shrinkage=0.1


Tree=35
num_leaves=1
num_cat=0
split_feature=
split_gain=
threshold=
decision_type=
left_child=
right_child=
leaf_value=0
leaf_weight=
leaf_count=83658
internal_value=
internal_weight=
internal_count=
is_linear=0
shrinkage=1


Tree=36
num_leaves=8
num_cat=0
split_feature=2 2 2 2 2 2 2
split_gain=2597.88 3123.78 22.9751 2.27374e-13 2.27374e-13 1.42109e-14 3.55271e-15
threshold=1.2683000000000144 1.273049837017268 1.2709000000000155 1.2410200000000045 1.190080000000006 1.2631000000000006 1.2662001000158585
decision_type=2 2 2 2 2 2 2
left_child=3 2 -2 4 -1 -5 -7
right_child=1 -3 -4 5 -6 6 -8
leaf_value=-0.073816766963794134 0.070921460271301723 -0.073816766963794134 0.050616338159248708 -0.073816766963794134 -0.073816766963794134 -0.073816766963794134 -0.073816766963794134
leaf_weight=2816.3331686630845 5203.6494052782655 2087.4948335587978 624.07478253543377 131.04259973019361 368.32354145497084 21.063933156430721 21.588890992105007
leaf_count=42919 340 31812 327 1997 5613 321 329
internal_value=-0.000120283 0.0311484 0.068747 -0.0738168 -0.0738168 -0.0738168 -0.0738168
internal_weight=11273.6 7915.22 5827.72 3358.35 3184.66 173.695 42.6528
internal_count=83658 32479 667 51179 48532 2647 650
is_linear=0
shrinkage=0.1


Tree=37
num_leaves=8
num_cat=0
split_feature=2 2 2 2 2 2 2
split_gain=2597.88 3123.78 22.9751 2.27374e-13 2.27374e-13 1.42109e-14 3.55271e-15
threshold=1.2683000000000144 1.273049837017268 1.2709000000000155 1.2410200000000045 1.190080000000006 1.2631000000000006 1.2662001000158585
decision_type=2 2 2 2 2 2 2
left_child=3 2 -2 4 -1 -5 -7
right_child=1 -3 -4 5 -6 6 -8
leaf_value=0.073816766963794134 -0.070921460271301723 0.073816766963794134 -0.050616338159248708 0.073816766963794134 0.073816766963794134 0.073816766963794134 0.073816766963794134
leaf_weight=2816.3331686630845 5203.6494052782655 2087.4948335587978 624.07478253543377 131.04259973019361 368.32354145497084 21.063933156430721 21.588890992105007
leaf_count=42919 340 31812 327 1997 5613 321 329
internal_value=0.000120283 -0.0311484 -0.068747 0.0738168 0.0738168 0.0738168 0.0738168
internal_weight=11273.6 7915.22 5827.72 3358.35 3184.66 173.695 42.6528
internal_count=83658 32479 667 51179 48532 2647 650
is_linear=0
shrinkage=0.1


Tree=38
num_leaves=1
num_cat=0
split_feature=
split_gain=
threshold=
decision_type=
left_child=
right_child=
leaf_value=0
leaf_weight=
leaf_count=83658
internal_value=
internal_weight=
internal_count=
is_linear=0
shrinkage=1


Tree=39
num_leaves=8
num_cat=0
split_feature=2 2 2 2 2 2 2
split_gain=2235.13 2674.72 24.8158 2.27374e-13 2.27374e-13 1.13687e-13 2.84217e-14
threshold=1.2683000000000144 1.273049837017268 1.2709000000000155 1.2662001000158585 1.2631000000000006 1.4407000000000008 1.580600000002071
decision_type=2 2 2 2 2 2 2
left_child=3 2 -2 4 -1 -3 -7
right_child=1 5 -4 -5 -6 6 -8
leaf_value=-0.072835395450258675 0.069554694756002927 -0.072835395450258675 0.047589610328458133 -0.072835395450258675 -0.072835395450258675 -0.072835395450258675 -0.072835395450258675
leaf_weight=2938.2164057604969 4637.483158390969 1516.7032498456538 578.51920226216316 19.131057363003492 18.665864478796721 316.97080147638917 16.165452726185322
leaf_count=50529 340 26083 327 329 321 5451 278
internal_value=-0.000139682 0.0304785 0.0671185 -0.0728354 -0.0728354 -0.0728354 -0.0728354
internal_weight=10041.9 7065.84 5216 2976.01 2956.88 1849.84 333.136
internal_count=83658 32479 667 51179 50850 31812 5729
is_linear=0
shrinkage=0.1


Tree=40
num_leaves=8
num_cat=0
split_feature=2 2 2 2 2 2 2
split_gain=2235.13 2674.72 24.8158 2.27374e-13 2.27374e-13 1.13687e-13 2.84217e-14
threshold=1.2683000000000144 1.273049837017268 1.2709000000000155 1.2662001000158585 1.2631000000000006 1.4407000000000008 1.580600000002071
decision_type=2 2 2 2 2 2 2
left_child=3 2 -2 4 -1 -3 -7
right_child=1 5 -4 -5 -6 6 -8
leaf_value=0.072835395450258675 -0.069554694756002927 0.072835395450258675 -0.047589610328458133 0.072835395450258675 0.072835395450258675 0.072835395450258675 0.072835395450258675
leaf_weight=2938.2164057604969 4637.483158390969 1516.7032498456538 578.51920226216316 19.131057363003492 18.665864478796721 316.97080147638917 16.165452726185322
leaf_count=50529 340 26083 327 329 321 5451 278
internal_value=0.000139682 -0.0304785 -0.0671185 0.0728354 0.0728354 0.0728354 0.0728354
internal_weight=10041.9 7065.84 5216 2976.01 2956.88 1849.84 333.136
internal_count=83658 32479 667 51179 50850 31812 5729
is_linear=0
shrinkage=0.1


Tree=41
num_leaves=1
num_cat=0
split_feature=
split_gain=
threshold=
decision_type=
left_child=
right_child=
leaf_value=0
leaf_weight=
leaf_count=83658
internal_value=
internal_weight=
internal_count=
is_linear=0
shrinkage=1


Tree=42
num_leaves=7
num_cat=0
split_feature=2 2 2 2 2 2
split_gain=1926.14 2292.5 26.6312 2.27374e-13 1.13687e-13 1.42109e-14
threshold=1.2683000000000144 1.273049837017268 1.2709000000000155 1.2341900000000157 1.5673000000040036 1.2631000000000006
decision_type=2 2 2 2 2 2
left_child=3 2 -2 -1 -3 -5
right_child=1 4 -4 5 -6 -7
leaf_value=-0.071999174426035997 0.068282112120297819 -0.071999174426035997 0.044621718945021198 -0.071999174426035997 -0.071999174426035997 -0.071999174426035997
leaf_weight=2463.2499138824642 4129.103660132736 1592.508945055306 537.65983560681343 136.00987307727337 43.930571712553501 33.436617814004421
leaf_count=47885 340 30958 327 2644 854 650
internal_value=-0.00016104 0.029844 0.0655562 -0.0719992 -0.0719992 -0.0719992
internal_weight=8935.9 6303.2 4666.76 2632.7 1636.44 169.446
internal_count=83658 32479 667 51179 31812 3294
is_linear=0
shrinkage=0.1


Tree=43
num_leaves=7
num_cat=0
split_feature=2 2 2 2 2 2
split_gain=1926.14 2292.5 26.6312 2.27374e-13 1.13687e-13 1.42109e-14
threshold=1.2683000000000144 1.273049837017268 1.2709000000000155 1.2341900000000157 1.5673000000040036 1.2631000000000006
decision_type=2 2 2 2 2 2
left_child=3 2 -2 -1 -3 -5
right_child=1 4 -4 5 -6 -7
leaf_value=0.071999174426035997 -0.068282112120297819 0.071999174426035997 -0.044621718945021198 0.071999174426035997 0.071999174426035997 0.071999174426035997
leaf_weight=2463.2499138824642 4129.103660132736 1592.508945055306 537.65983560681343 136.00987307727337 43.930571712553501 33.436617814004421
leaf_count=47885 340 30958 327 2644 854 650
internal_value=0.00016104 -0.029844 -0.0655562 0.0719992 0.0719992 0.0719992
internal_weight=8935.9 6303.2 4666.76 2632.7 1636.44 169.446
internal_count=83658 32479 667 51179 31812 3294
is_linear=0
shrinkage=0.1


Tree=44
num_leaves=1
num_cat=0
split_feature=
split_gain=
threshold=
decision_type=
left_child=
right_child=
leaf_value=0
leaf_weight=
leaf_count=83658
internal_value=
internal_weight=
internal_count=
is_linear=0
shrinkage=1


Tree=45
num_leaves=7
num_cat=0
split_feature=2 2 2 2 2 2
split_gain=1662.01 1966.11 28.3788 2.27374e-13 1.13687e-13 1.42109e-14
threshold=1.2683000000000144 1.273049837017268 1.2709000000000155 1.0521346299006571 1.5673000000040036 1.046900000277003
decision_type=2 2 2 2 2 2
left_child=3 2 -2 5 -3 -1
right_child=1 4 -4 -5 -6 -7
leaf_value=-0.071284026710702997 0.067074151264266954 -0.071284026710702997 0.041706946081313298 -0.071284026710702997 -0.071284026710702997 -0.071284026710702997
leaf_weight=135.63951065763831 3674.3553998172283 1406.7430388405919 501.16160959005356 2159.7808849439025 38.806077755987644 30.172407060861588
leaf_count=2985 340 30958 327 47530 854 664
internal_value=-0.000184479 0.0292314 0.0640295 -0.071284 -0.071284 -0.071284
internal_weight=7946.66 5621.07 4175.52 2325.59 1445.55 165.812
internal_count=83658 32479 667 51179 31812 3649
is_linear=0
shrinkage=0.1


Tree=46
num_leaves=7
num_cat=0
split_feature=2 2 2 2 2 2
split_gain=1662.01 1966.11 28.3788 2.27374e-13 1.13687e-13 1.42109e-14
threshold=1.2683000000000144 1.273049837017268 1.2709000000000155 1.0521346299006571 1.5673000000040036 1.046900000277003
decision_type=2 2 2 2 2 2
left_child=3 2 -2 5 -3 -1
right_child=1 4 -4 -5 -6 -7
leaf_value=0.071284026710702997 -0.067074151264266954 0.071284026710702997 -0.041706946081313298 0.071284026710702997 0.071284026710702997 0.071284026710702997
leaf_weight=135.63951065763831 3674.3553998172283 1406.7430388405919 501.16160959005356 2159.7808849439025 38.806077755987644 30.172407060861588
leaf_count=2985 340 30958 327 47530 854 664
internal_value=0.000184479 -0.0292314 -0.0640295 0.071284 0.071284 0.071284
internal_weight=7946.66 5621.07 4175.52 2325.59 1445.55 165.812
internal_count=83658 32479 667 51179 31812 3649
is_linear=0
shrinkage=0.1


Tree=47
num_leaves=1
num_cat=0
split_feature=
split_gain=
threshold=
decision_type=
left_child=
right_child=
leaf_value=0
leaf_weight=
leaf_count=83658
internal_value=
internal_weight=
internal_count=
is_linear=0
shrinkage=1


Tree=48
num_leaves=5
num_cat=0
split_feature=2 2 2 2
split_gain=1435.55 1686.63 30.0133 1.13687e-13
threshold=1.2683000000000144 1.273049837017268 1.2709000000000155 1.580600000002071
decision_type=2 2 2 2
left_child=-1 2 -2 -3
right_child=1 3 -4 -5
leaf_value=-0.070670514639674178 0.065905456086047698 -0.070670514639674178 0.038846128582374323 -0.070670514639674178
leaf_weight=2051.7532538250089 3268.8735064789653 1264.1901386529207 468.67140726745129 11.144950166344641
leaf_count=51179 340 31534 327 278
internal_value=-0.000210114 0.0286291 0.0625123 -0.0706705
internal_weight=7064.63 5012.88 3737.54 1275.34
internal_count=83658 32479 667 31812
is_linear=0
shrinkage=0.1


Tree=49
num_leaves=5
num_cat=0
split_feature=2 2 2 2
split_gain=1435.55 1686.63 30.0133 1.13687e-13
threshold=1.2683000000000144 1.273049837017268 1.2709000000000155 1.580600000002071
decision_type=2 2 2 2
left_child=-1 2 -2 -3
right_child=1 3 -4 -5
leaf_value=0.070670514639674178 -0.065905456086047698 0.070670514639674178 -0.038846128582374323 0.070670514639674178
leaf_weight=2051.7532538250089 3268.8735064789653 1264.1901386529207 468.67140726745129 11.144950166344641
leaf_count=51179 340 31534 327 278
internal_value=0.000210114 -0.0286291 -0.0625123 0.0706705
internal_weight=7064.63 5012.88 3737.54 1275.34
internal_count=83658 32479 667 31812
is_linear=0
shrinkage=0.1


Tree=50
num_leaves=1
num_cat=0
split_feature=
split_gain=
threshold=
decision_type=
left_child=
right_child=
leaf_value=0
leaf_weight=
leaf_count=83658
internal_value=
internal_weight=
internal_count=
is_linear=0
shrinkage=1


Tree=51
num_leaves=7
num_cat=0
split_feature=2 2 2 2 2 2
split_gain=1240.9 1446.82 31.4888 1.13687e-13 1.13687e-13 1.13687e-13
threshold=1.2683000000000144 1.273049837017268 1.2709000000000155 1.2455498490557655 1.2377000000006906 1.5743000000000391
decision_type=2 2 2 2 2 2
left_child=3 2 -2 4 -1 -3
right_child=1 5 -4 -5 -6 -7
leaf_value=-0.070142778696499902 0.06475388198649136 -0.070142778696499902 0.036045051350745469 -0.070142778696499902 -0.070142778696499902 -0.070142778696499902
leaf_weight=1703.2892230600119 2908.2843431308866 1103.8574788123369 439.8347350731492 81.120787739753723 23.813332289457321 20.103540167212486
leaf_count=48209 340 31243 327 2296 674 569
internal_value=-0.000238045 0.028027 0.0609825 -0.0701428 -0.0701428 -0.0701428
internal_weight=6280.3 4472.08 3348.12 1808.22 1727.1 1123.96
internal_count=83658 32479 667 51179 48883 31812
is_linear=0
shrinkage=0.1


Tree=52
num_leaves=7
num_cat=0
split_feature=2 2 2 2 2 2
split_gain=1240.9 1446.82 31.4888 1.13687e-13 1.13687e-13 1.13687e-13
threshold=1.2683000000000144 1.273049837017268 1.2709000000000155 1.2455498490557655 1.2377000000006906 1.5743000000000391
decision_type=2 2 2 2 2 2
left_child=3 2 -2 4 -1 -3
right_child=1 5 -4 -5 -6 -7
leaf_value=0.070142778696499902 -0.06475388198649136 0.070142778696499902 -0.036045051350745469 0.070142778696499902 0.070142778696499902 0.070142778696499902
leaf_weight=1703.2892230600119 2908.2843431308866 1103.8574788123369 439.8347350731492 81.120787739753723 23.813332289457321 20.103540167212486
leaf_count=48209 340 31243 327 2296 674 569
internal_value=0.000238045 -0.028027 -0.0609825 0.0701428 0.0701428 0.0701428
internal_weight=6280.3 4472.08 3348.12 1808.22 1727.1 1123.96
internal_count=83658 32479 667 51179 48883 31812
is_linear=0
shrinkage=0.1


Tree=53
num_leaves=1
num_cat=0
split_feature=
split_gain=
threshold=
decision_type=
left_child=
right_child=
leaf_value=0
leaf_weight=
leaf_count=83658
internal_value=
internal_weight=
internal_count=
is_linear=0
shrinkage=1


Tree=54
num_leaves=4
num_cat=0
split_feature=2 2 2
split_gain=1073.24 1240.71 32.7599
threshold=1.2683000000000144 1.273049837017268 1.2709000000000155
decision_type=2 2 2
left_child=-1 2 -2
right_child=1 -3 -4
leaf_value=-0.069687792917733804 0.063599791996361774 -0.069687792917733804 0.033313106428280254
leaf_weight=1592.1330208424479 2588.3396899886429 989.64293282479048 414.30643320083618
leaf_count=51179 340 31812 327
internal_value=-0.000268348 0.0274163 0.0594208
internal_weight=5584.42 3992.29 3002.65
internal_count=83658 32479 667
is_linear=0
shrinkage=0.1


Tree=55
num_leaves=4
num_cat=0
split_feature=2 2 2
split_gain=1073.24 1240.71 32.7599
threshold=1.2683000000000144 1.273049837017268 1.2709000000000155
decision_type=2 2 2
left_child=-1 2 -2
right_child=1 -3 -4
leaf_value=0.069687792917733804 -0.063599791996361774 0.069687792917733804 -0.033313106428280254
leaf_weight=1592.1330208424479 2588.3396899886429 989.64293282479048 414.30643320083618
leaf_count=51179 340 31812 327
internal_value=0.000268348 -0.0274163 -0.0594208
internal_weight=5584.42 3992.29 3002.65
internal_count=83658 32479 667
is_linear=0
shrinkage=0.1


Tree=56
num_leaves=1
num_cat=0
split_feature=
split_gain=
threshold=
decision_type=
left_child=
right_child=
leaf_value=0
leaf_weight=
leaf_count=83658
internal_value=
internal_weight=
internal_count=
is_linear=0
shrinkage=1


Tree=57
num_leaves=8
num_cat=0
split_feature=2 2 2 2 2 2 2
split_gain=928.586 1063.35 33.7837 1.13687e-13 5.68434e-14 2.84217e-14 7.10543e-15
threshold=1.2683000000000144 1.273049837017268 1.2709000000000155 1.1787535181088502 1.480400000000023 1.2599000000000378 1.580600000002071
decision_type=2 2 2 2 2 2 2
left_child=3 2 -2 -1 -3 -5 -6
right_child=1 4 -4 5 6 -7 -8
leaf_value=-0.069294747707976667 0.062425546192677588 -0.069294747707976667 0.030661891707217073 -0.069294747707976667 -0.069294747707976667 -0.069294747707976667 -0.069294747707976667
leaf_weight=1102.3973917812109 2305.0018612481654 789.67102506756783 391.75781515240669 271.23387835919857 73.40557636320591 27.123387835919857 7.6087808459997168
leaf_count=40278 340 28852 327 9910 2682 991 278
internal_value=-0.000301081 0.0267892 0.0578112 -0.0692947 -0.0692947 -0.0692947 -0.0692947
internal_weight=4968.2 3567.45 2696.76 1400.75 870.685 298.357 81.0144
internal_count=83658 32479 667 51179 31812 10901 2960
is_linear=0
shrinkage=0.1


Tree=58
num_leaves=8
num_cat=0
split_feature=2 2 2 2 2 2 2
split_gain=928.586 1063.35 33.7837 1.13687e-13 5.68434e-14 2.84217e-14 7.10543e-15
threshold=1.2683000000000144 1.273049837017268 1.2709000000000155 1.1787535181088502 1.480400000000023 1.2599000000000378 1.580600000002071
decision_type=2 2 2 2 2 2 2
left_child=3 2 -2 -1 -3 -5 -6
right_child=1 4 -4 5 6 -7 -8
leaf_value=0.069294747707976667 -0.062425546192677588 0.069294747707976667 -0.030661891707217073 0.069294747707976667 0.069294747707976667 0.069294747707976667 0.069294747707976667
leaf_weight=1102.3973917812109 2305.0018612481654 789.67102506756783 391.75781515240669 271.23387835919857 73.40557636320591 27.123387835919857 7.6087808459997168
leaf_count=40278 340 28852 327 9910 2682 991 278
internal_value=0.000301081 -0.0267892 -0.0578112 0.0692947 0.0692947 0.0692947 0.0692947
internal_weight=4968.2 3567.45 2696.76 1400.75 870.685 298.357 81.0144
internal_count=83658 32479 667 51179 31812 10901 2960
is_linear=0
shrinkage=0.1


Tree=59
num_leaves=1
num_cat=0
split_feature=
split_gain=
threshold=
decision_type=
left_child=
right_child=
leaf_value=0
leaf_weight=
leaf_count=83658
internal_value=
internal_weight=
internal_count=
is_linear=0
shrinkage=1


Tree=60
num_leaves=6
num_cat=0
split_feature=2 2 2 2 2
split_gain=803.599 910.623 34.5224 1.13687e-13 1.77636e-15
threshold=1.2683000000000144 1.273049837017268 1.2709000000000155 1.2599000000000378 1.2631000000000006
decision_type=2 2 2 2 2
left_child=3 2 -2 -1 -5
right_child=1 -3 -4 4 -6
leaf_value=-0.068954639291765776 0.06121526180037018 -0.068954639291765776 0.02810403954917684 -0.068954639291765749 -0.068954639291765776
leaf_weight=1207.6892914623022 2054.4926012344658 765.50194747745991 371.8806169256568 8.2055879570543784 15.641150064766405
leaf_count=50188 340 31812 327 341 650
internal_value=-0.000336253 0.0261391 0.0561404 -0.0689546 -0.0689546
internal_weight=4423.41 3191.88 2426.37 1231.54 23.8467
internal_count=83658 32479 667 51179 991
is_linear=0
shrinkage=0.1


Tree=61
num_leaves=6
num_cat=0
split_feature=2 2 2 2 2
split_gain=803.599 910.623 34.5224 1.13687e-13 1.77636e-15
threshold=1.2683000000000144 1.273049837017268 1.2709000000000155 1.2599000000000378 1.2631000000000006
decision_type=2 2 2 2 2
left_child=3 2 -2 -1 -5
right_child=1 -3 -4 4 -6
leaf_value=0.068954639291765776 -0.06121526180037018 0.068954639291765776 -0.02810403954917684 0.068954639291765749 0.068954639291765776
leaf_weight=1207.6892914623022 2054.4926012344658 765.50194747745991 371.8806169256568 8.2055879570543784 15.641150064766405
leaf_count=50188 340 31812 327 341 650
internal_value=0.000336253 -0.0261391 -0.0561404 0.0689546 0.0689546
internal_weight=4423.41 3191.88 2426.37 1231.54 23.8467
internal_count=83658 32479 667 51179 991
is_linear=0
shrinkage=0.1


Tree=62
num_leaves=1
num_cat=0
split_feature=
split_gain=
threshold=
decision_type=
left_child=
right_child=
leaf_value=0
leaf_weight=
leaf_count=83658
internal_value=
internal_weight=
internal_count=
is_linear=0
shrinkage=1


Tree=63
num_leaves=8
num_cat=0
split_feature=2 2 2 2 2 2 2
split_gain=695.486 779.048 34.9446 5.68434e-14 5.68434e-14 5.68434e-14 1.77636e-15
threshold=1.2683000000000144 1.273049837017268 1.2709000000000155 1.0052635379178885 1.580600000002071 1.5391000000000001 1.5673000000040036
decision_type=2 2 2 2 2 2 2
left_child=3 2 -2 -1 5 -3 -7
right_child=1 4 -4 -5 -6 6 -8
leaf_value=-0.068659895041036048 0.059954565251863857 -0.068659895041036048 0.025652075034527086 -0.068659895041036048 -0.068659895041036048 -0.068659895041036034 -0.068659895041036048
leaf_weight=21.05921146273613 1833.3193720486015 635.83595091104507 354.38934761285782 1061.0586434081197 5.8779726773500434 18.733394935727123 12.178821086883543
leaf_count=996 340 30072 327 50183 278 886 576
internal_value=-0.000373841 0.02546 0.0543979 -0.0686599 -0.0686599 -0.0686599 -0.0686599
internal_weight=3942.45 2860.33 2187.71 1082.12 672.626 666.748 30.9122
internal_count=83658 32479 667 51179 31812 31534 1462
is_linear=0
shrinkage=0.1


Tree=64
num_leaves=8
num_cat=0
split_feature=2 2 2 2 2 2 2
split_gain=695.486 779.048 34.9446 5.68434e-14 5.68434e-14 5.68434e-14 1.77636e-15
threshold=1.2683000000000144 1.273049837017268 1.2709000000000155 1.0052635379178885 1.580600000002071 1.5391000000000001 1.5673000000040036
decision_type=2 2 2 2 2 2 2
left_child=3 2 -2 -1 5 -3 -7
right_child=1 4 -4 -5 -6 6 -8
leaf_value=0.068659895041036048 -0.059954565251863857 0.068659895041036048 -0.025652075034527086 0.068659895041036048 0.068659895041036048 0.068659895041036034 0.068659895041036048
leaf_weight=21.05921146273613 1833.3193720486015 635.83595091104507 354.38934761285782 1061.0586434081197 5.8779726773500434 18.733394935727123 12.178821086883543
leaf_count=996 340 30072 327 50183 278 886 576
internal_value=0.000373841 -0.02546 -0.0543979 0.0686599 0.0686599 0.0686599 0.0686599
internal_weight=3942.45 2860.33 2187.71 1082.12 672.626 666.748 30.9122
internal_count=83658 32479 667 51179 31812 31534 1462
is_linear=0
shrinkage=0.1


Tree=65
num_leaves=1
num_cat=0
split_feature=
split_gain=
threshold=
decision_type=
left_child=
right_child=
leaf_value=0
leaf_weight=
leaf_count=83658
internal_value=
internal_weight=
internal_count=
is_linear=0
shrinkage=1


Tree=66
num_leaves=5
num_cat=0
split_feature=2 2 2 2
split_gain=601.888 665.704 35.0279 5.68434e-14
threshold=1.2683000000000144 1.273049837017268 1.2709000000000155 1.2599000000000378
decision_type=2 2 2 2
left_child=3 2 -2 -1
right_child=1 -3 -4 -5
leaf_value=-0.068404147005954388 0.058630613620838448 -0.068404147005954388 0.023317526418214763 -0.068404147005954388
leaf_weight=931.93760991096497 1638.2837863471359 590.71489691734314 339.02196427434683 18.401812613010406
leaf_count=50188 340 31812 327 991
internal_value=-0.000413763 0.0247472 0.052576 -0.0684041
internal_weight=3518.36 2568.02 1977.31 950.339
internal_count=83658 32479 667 51179
is_linear=0
shrinkage=0.1


Tree=67
num_leaves=5
num_cat=0
split_feature=2 2 2 2
split_gain=601.888 665.704 35.0279 5.68434e-14
threshold=1.2683000000000144 1.273049837017268 1.2709000000000155 1.2599000000000378
decision_type=2 2 2 2
left_child=3 2 -2 -1
right_child=1 -3 -4 -5
leaf_value=0.068404147005954388 -0.058630613620838448 0.068404147005954388 -0.023317526418214763 0.068404147005954388
leaf_weight=931.93760991096497 1638.2837863471359 590.71489691734314 339.02196427434683 18.401812613010406
leaf_count=50188 340 31812 327 991
internal_value=0.000413763 -0.0247472 -0.052576 0.0684041
internal_weight=3518.36 2568.02 1977.31 950.339
internal_count=83658 32479 667 51179
is_linear=0
shrinkage=0.1


Tree=68
num_leaves=1
num_cat=0
split_feature=
split_gain=
threshold=
decision_type=
left_child=
right_child=
leaf_value=0
leaf_weight=
leaf_count=83658
internal_value=
internal_weight=
internal_count=
is_linear=0
shrinkage=1


Tree=69
num_leaves=6
num_cat=0
split_feature=2 2 2 2 2
split_gain=520.807 568.102 34.7599 5.68434e-14 2.84217e-14
threshold=1.2683000000000144 1.273049837017268 1.2709000000000155 1.2631000000000006 1.4407000000000008
decision_type=2 2 2 2 2
left_child=3 2 -2 -1 -3
right_child=1 4 -4 -5 -6
leaf_value=-0.068181989587019737 0.057232094055920259 -0.068181989587019737 0.021110197157822364 -0.068181989587019737 -0.068181989587019737
leaf_weight=823.64125381596386 1466.478401709348 425.16247745417058 325.53986708074808 10.595238674432037 93.384803639724851
leaf_count=50529 340 26083 327 650 5729
internal_value=-0.000455879 0.0239968 0.0506702 -0.068182 -0.068182
internal_weight=3144.8 2310.57 1792.02 834.236 518.547
internal_count=83658 32479 667 51179 31812
is_linear=0
shrinkage=0.1


Tree=70
num_leaves=6
num_cat=0
split_feature=2 2 2 2 2
split_gain=520.807 568.102 34.7599 5.68434e-14 2.84217e-14
threshold=1.2683000000000144 1.273049837017268 1.2709000000000155 1.2631000000000006 1.4407000000000008
decision_type=2 2 2 2 2
left_child=3 2 -2 -1 -3
right_child=1 4 -4 -5 -6
leaf_value=0.068181989587019737 -0.057232094055920259 0.068181989587019737 -0.021110197157822364 0.068181989587019737 0.068181989587019737
leaf_weight=823.64125381596386 1466.478401709348 425.16247745417058 325.53986708074808 10.595238674432037 93.384803639724851
leaf_count=50529 340 26083 327 650 5729
internal_value=0.000455879 -0.0239968 -0.0506702 0.068182 0.068182
internal_weight=3144.8 2310.57 1792.02 834.236 518.547
internal_count=83658 32479 667 51179 31812
is_linear=0
shrinkage=0.1


Tree=71
num_leaves=1
num_cat=0
split_feature=
split_gain=
threshold=
decision_type=
left_child=
right_child=
leaf_value=0
leaf_weight=
leaf_count=83658
internal_value=
internal_weight=
internal_count=
is_linear=0
shrinkage=1


Tree=72
num_leaves=9
num_cat=0
split_feature=2 2 2 2 2 2 2 2
split_gain=450.541 484.12 34.1394 5.68434e-14 5.68434e-14 3.55271e-15 1.77636e-15 4.44089e-16
threshold=1.2683000000000144 1.273049837017268 1.2709000000000155 1.2410200000000045 1.5391000000000001 1.2662001000158585 1.5743000000000391 1.580600000002071
decision_type=2 2 2 2 2 2 2 2
left_child=3 2 -2 -1 -3 -5 -6 -8
right_child=1 4 -4 5 6 -7 7 -9
leaf_value=-0.067988820802792324 0.055749381986444795 -0.067988820802792324 0.019037660825780296 -0.067988820802792324 -0.067988820802792296 -0.067988820802792324 -0.067988820802792324 -0.067988820802792296
leaf_weight=694.17306958511472 1315.275934940204 430.13213031738997 313.72692047804594 33.15530320815742 16.749292518012229 4.7058217236772171 4.1622921628877503 3.9763478394597769
leaf_count=48532 340 30072 327 2318 1171 329 291 278
internal_value=-0.00049998 0.0232062 0.0486791 -0.0679888 -0.0679888 -0.0679888 -0.0679888 -0.0679888
internal_weight=2816.06 2084.02 1629 732.034 455.02 37.8611 24.8879 8.13864
internal_count=83658 32479 667 51179 31812 2647 1740 569
is_linear=0
shrinkage=0.1


Tree=73
num_leaves=9
num_cat=0
split_feature=2 2 2 2 2 2 2 2
split_gain=450.541 484.12 34.1394 5.68434e-14 5.68434e-14 3.55271e-15 1.77636e-15 4.44089e-16
threshold=1.2683000000000144 1.273049837017268 1.2709000000000155 1.2410200000000045 1.5391000000000001 1.2662001000158585 1.5743000000000391 1.580600000002071
decision_type=2 2 2 2 2 2 2 2
left_child=3 2 -2 -1 -3 -5 -6 -8
right_child=1 4 -4 5 6 -7 7 -9
leaf_value=0.067988820802792324 -0.055749381986444795 0.067988820802792324 -0.019037660825780296 0.067988820802792324 0.067988820802792296 0.067988820802792324 0.067988820802792324 0.067988820802792296
leaf_weight=694.17306958511472 1315.275934940204 430.13213031738997 313.72692047804594 33.15530320815742 16.749292518012229 4.7058217236772171 4.1622921628877503 3.9763478394597769
leaf_count=48532 340 30072 327 2318 1171 329 291 278
internal_value=0.00049998 -0.0232062 -0.0486791 0.0679888 0.0679888 0.0679888 0.0679888 0.0679888
internal_weight=2816.06 2084.02 1629 732.034 455.02 37.8611 24.8879 8.13864
internal_count=83658 32479 667 51179 31812 2647 1740 569
is_linear=0
shrinkage=0.1


Tree=74
num_leaves=1
num_cat=0
split_feature=
split_gain=
threshold=
decision_type=
left_child=
right_child=
leaf_value=0
leaf_weight=
leaf_count=83658
internal_value=
internal_weight=
internal_count=
is_linear=0
shrinkage=1


Tree=75
num_leaves=6
num_cat=0
split_feature=2 2 2 2 2
split_gain=389.637 411.936 33.1772 5.68434e-14 1.77636e-15
threshold=1.2683000000000144 1.273049837017268 1.2709000000000155 1.2504000000000246 1.2523000000000448
decision_type=2 2 2 2 2
left_child=3 2 -2 -1 -5
right_child=1 -3 -4 4 -6
leaf_value=-0.067820723407688729 0.05417476131750807 -0.067820723407688729 0.01710500168371654 -0.067820723407688674 -0.067820723407688729
leaf_weight=617.48165654577315 1182.3139215325937 399.14102609083056 303.38851595669985 4.0777327260002521 20.576866678893566
leaf_count=49214 340 31812 327 325 1640
internal_value=-0.000545767 0.0223737 0.0466049 -0.0678207 -0.0678207
internal_weight=2526.98 1884.84 1485.7 642.136 24.6546
internal_count=83658 32479 667 51179 1965
is_linear=0
shrinkage=0.1


Tree=76
num_leaves=6
num_cat=0
split_feature=2 2 2 2 2
split_gain=389.637 411.936 33.1772 5.68434e-14 1.77636e-15
threshold=1.2683000000000144 1.273049837017268 1.2709000000000155 1.2504000000000246 1.2523000000000448
decision_type=2 2 2 2 2
left_child=3 2 -2 -1 -5
right_child=1 -3 -4 4 -6
leaf_value=0.067820723407688729 -0.05417476131750807 0.067820723407688729 -0.01710500168371654 0.067820723407688674 0.067820723407688729
leaf_weight=617.48165654577315 1182.3139215325937 399.14102609083056 303.38851595669985 4.0777327260002521 20.576866678893566
leaf_count=49214 340 31812 327 325 1640
internal_value=0.000545767 -0.0223737 -0.0466049 0.0678207 0.0678207
internal_weight=2526.98 1884.84 1485.7 642.136 24.6546
internal_count=83658 32479 667 51179 1965
is_linear=0
shrinkage=0.1


Tree=77
num_leaves=1
num_cat=0
split_feature=
split_gain=
threshold=
decision_type=
left_child=
right_child=
leaf_value=0
leaf_weight=
leaf_count=83658
internal_value=
internal_weight=
internal_count=
is_linear=0
shrinkage=1


Tree=78
num_leaves=6
num_cat=0
split_feature=2 2 2 2 2
split_gain=336.849 349.98 31.8955 1.13687e-13 2.84217e-14
threshold=1.2683000000000144 1.273049837017268 1.2709000000000155 1.2523000000000448 1.4752000000000163
decision_type=2 2 2 2 2
left_child=3 2 -2 -1 -3
right_child=1 4 -4 -5 -6
leaf_value=-0.067674339590444846 0.052502660838212367 -0.067674339590444846 0.015314699944695207 -0.067674339590444846 -0.067674339590444846
leaf_weight=545.0685146972537 1065.4764258628711 314.07539013773203 294.35013925284147 18.044618666172028 35.946200720965862
leaf_count=49539 340 28545 327 1640 3267
internal_value=-0.000592864 0.0214994 0.0444529 -0.0676743 -0.0676743
internal_weight=2272.96 1709.85 1359.83 563.113 350.022
internal_count=83658 32479 667 51179 31812
is_linear=0
shrinkage=0.1


Tree=79
num_leaves=6
num_cat=0
split_feature=2 2 2 2 2
split_gain=336.849 349.98 31.8955 1.13687e-13 2.84217e-14
threshold=1.2683000000000144 1.273049837017268 1.2709000000000155 1.2523000000000448 1.4752000000000163
decision_type=2 2 2 2 2
left_child=3 2 -2 -1 -3
right_child=1 4 -4 -5 -6
leaf_value=0.067674339590444846 -0.052502660838212367 0.067674339590444846 -0.015314699944695207 0.067674339590444846 0.067674339590444846
leaf_weight=545.0685146972537 1065.4764258628711 314.07539013773203 294.35013925284147 18.044618666172028 35.946200720965862
leaf_count=49539 340 28545 327 1640 3267
internal_value=0.000592864 -0.0214994 -0.0444529 0.0676743 0.0676743
internal_weight=2272.96 1709.85 1359.83 563.113 350.022
internal_count=83658 32479 667 51179 31812
is_linear=0
shrinkage=0.1


Tree=80
num_leaves=1
num_cat=0
split_feature=
split_gain=
threshold=
decision_type=
left_child=
right_child=
leaf_value=0
leaf_weight=
leaf_count=83658
internal_value=
internal_weight=
internal_count=
is_linear=0
shrinkage=1


Tree=81
num_leaves=5
num_cat=0
split_feature=2 2 2 2
split_gain=291.104 296.893 30.3274 5.68434e-14
threshold=1.2683000000000144 1.273049837017268 1.2709000000000155 1.2523000000000448
decision_type=2 2 2 2
left_child=3 2 -2 -1
right_child=1 -3 -4 -5
leaf_value=-0.067546776045381715 0.050729952014836814 -0.067546776045381715 0.013666769678652997 -0.067546776045381715
leaf_weight=477.86880510672927 962.87482424639165 306.86857683956623 286.45583506673574 15.819956809282301
leaf_count=49539 340 31812 327 1640
internal_value=-0.00064079 0.0205845 0.0422318 -0.0675468
internal_weight=2049.89 1556.2 1249.33 493.689
internal_count=83658 32479 667 51179
is_linear=0
shrinkage=0.1


Tree=82
num_leaves=5
num_cat=0
split_feature=2 2 2 2
split_gain=291.104 296.893 30.3274 5.68434e-14
threshold=1.2683000000000144 1.273049837017268 1.2709000000000155 1.2523000000000448
decision_type=2 2 2 2
left_child=3 2 -2 -1
right_child=1 -3 -4 -5
leaf_value=0.067546776045381715 -0.050729952014836814 0.067546776045381715 -0.013666769678652997 0.067546776045381715
leaf_weight=477.86880510672927 962.87482424639165 306.86857683956623 286.45583506673574 15.819956809282301
leaf_count=49539 340 31812 327 1640
internal_value=0.00064079 -0.0205845 -0.0422318 0.0675468
internal_weight=2049.89 1556.2 1249.33 493.689
internal_count=83658 32479 667 51179
is_linear=0
shrinkage=0.1


Tree=83
num_leaves=1
num_cat=0
split_feature=
split_gain=
threshold=
decision_type=
left_child=
right_child=
leaf_value=0
leaf_weight=
leaf_count=83658
internal_value=
internal_weight=
internal_count=
is_linear=0
shrinkage=1


Tree=84
num_leaves=5
num_cat=0
split_feature=2 2 2 2
split_gain=251.477 251.494 28.5155 2.84217e-14
threshold=1.2683000000000144 1.273049837017268 1.2709000000000155 1.2523000000000448
decision_type=2 2 2 2
left_child=3 2 -2 -1
right_child=1 -3 -4 -5
leaf_value=-0.067435566002509176 0.048856217868533849 -0.067435566002509176 0.012158934759438474 -0.067435566002509176
leaf_weight=418.86068240739405 872.8278311509639 268.97587817162275 279.56676940619946 13.866479322314261
leaf_count=49539 340 31812 327 1640
internal_value=-0.000688983 0.0196316 0.0399536 -0.0674356
internal_weight=1854.1 1421.37 1152.39 432.727
internal_count=83658 32479 667 51179
is_linear=0
shrinkage=0.1


Tree=85
num_leaves=5
num_cat=0
split_feature=2 2 2 2
split_gain=251.477 251.494 28.5155 2.84217e-14
threshold=1.2683000000000144 1.273049837017268 1.2709000000000155 1.2523000000000448
decision_type=2 2 2 2
left_child=3 2 -2 -1
right_child=1 -3 -4 -5
leaf_value=0.067435566002509176 -0.048856217868533849 0.067435566002509176 -0.012158934759438474 0.067435566002509176
leaf_weight=418.86068240739405 872.8278311509639 268.97587817162275 279.56676940619946 13.866479322314261
leaf_count=49539 340 31812 327 1640
internal_value=0.000688983 -0.0196316 -0.0399536 0.0674356
internal_weight=1854.1 1421.37 1152.39 432.727
internal_count=83658 32479 667 51179
is_linear=0
shrinkage=0.1


Tree=86
num_leaves=1
num_cat=0
split_feature=
split_gain=
threshold=
decision_type=
left_child=
right_child=
leaf_value=0
leaf_weight=
leaf_count=83658
internal_value=
internal_weight=
internal_count=
is_linear=0
shrinkage=1


Tree=87
num_leaves=6
num_cat=0
split_feature=2 2 2 2 2
split_gain=217.166 212.753 26.5095 2.84217e-14 1.42109e-14
threshold=1.2683000000000144 1.273049837017268 1.2709000000000155 1.2631000000000006 1.4711233021959704
decision_type=2 2 2 2 2
left_child=3 2 -2 -1 -3
right_child=1 4 -4 -5 -6
leaf_value=-0.067338551525811946 0.046884015685494274 -0.067338551525811946 0.010787002209201202 -0.067338551525811946 -0.067338551525811946
leaf_weight=374.40335279284045 793.84253340959549 209.30843495205045 273.55954293161631 4.816287267021834 26.408073568716645
leaf_count=50529 340 28248 327 650 3564
internal_value=-0.00073677 0.018645 0.0376329 -0.0673386 -0.0673386
internal_weight=1682.34 1303.12 1067.4 379.22 235.717
internal_count=83658 32479 667 51179 31812
is_linear=0
shrinkage=0.1


Tree=88
num_leaves=6
num_cat=0
split_feature=2 2 2 2 2
split_gain=217.166 212.753 26.5095 2.84217e-14 1.42109e-14
threshold=1.2683000000000144 1.273049837017268 1.2709000000000155 1.2631000000000006 1.4711233021959704
decision_type=2 2 2 2 2
left_child=3 2 -2 -1 -3
right_child=1 4 -4 -5 -6
leaf_value=0.067338551525811946 -0.046884015685494274 0.067338551525811946 -0.010787002209201202 0.067338551525811946 0.067338551525811946
leaf_weight=374.40335279284045 793.84253340959549 209.30843495205045 273.55954293161631 4.816287267021834 26.408073568716645
leaf_count=50529 340 28248 327 650 3564
internal_value=0.00073677 -0.018645 -0.0376329 0.0673386 0.0673386
internal_weight=1682.34 1303.12 1067.4 379.22 235.717
internal_count=83658 32479 667 51179 31812
is_linear=0
shrinkage=0.1


Tree=89
num_leaves=1
num_cat=0
split_feature=
split_gain=
threshold=
decision_type=
left_child=
right_child=
leaf_value=0
leaf_weight=
leaf_count=83658
internal_value=
internal_weight=
internal_count=
is_linear=0
shrinkage=1


Tree=90
num_leaves=4
num_cat=0
split_feature=2 2 2
split_gain=187.477 179.769 24.364
threshold=1.2683000000000144 1.273049837017268 1.2709000000000155
decision_type=2 2 2
left_child=-1 2 -2
right_child=1 -3 -4
leaf_value=-0.067253890053695892 0.044819060811223832 -0.067253890053695892 0.009545178338194165
leaf_weight=332.27218412607908 724.5955968759954 206.53476467728615 268.32499865442514
leaf_count=51179 340 31812 327
internal_value=-0.000783403 0.0176302 0.0352867
internal_weight=1531.73 1199.46 992.921
internal_count=83658 32479 667
is_linear=0
shrinkage=0.1


Tree=91
num_leaves=4
num_cat=0
split_feature=2 2 2
split_gain=187.477 179.769 24.364
threshold=1.2683000000000144 1.273049837017268 1.2709000000000155
decision_type=2 2 2
left_child=-1 2 -2
right_child=1 -3 -4
leaf_value=0.067253890053695892 -0.044819060811223832 0.067253890053695892 -0.009545178338194165
leaf_weight=332.27218412607908 724.5955968759954 206.53476467728615 268.32499865442514
leaf_count=51179 340 31812 327
internal_value=0.000783403 -0.0176302 -0.0352867
internal_weight=1531.73 1199.46 992.921
internal_count=83658 32479 667
is_linear=0
shrinkage=0.1


Tree=92
num_leaves=1
num_cat=0
split_feature=
split_gain=
threshold=
decision_type=
left_child=
right_child=
leaf_value=0
leaf_weight=
leaf_count=83658
internal_value=
internal_weight=
internal_count=
is_linear=0
shrinkage=1


Tree=93
num_leaves=6
num_cat=0
split_feature=2 2 2 2 2
split_gain=161.807 151.753 22.1359 2.84217e-14 1.42109e-14
threshold=1.2683000000000144 1.273049837017268 1.2709000000000155 1.2662001000158585 1.5391000000000001
decision_type=2 2 2 2 2
left_child=3 2 -2 -1 -3
right_child=1 4 -4 -5 -6
leaf_value=-0.06717998963515924 0.04267028720548284 -0.06717998963515924 0.0084264791057258957 -0.06717998963515924 -0.06717998963515924
leaf_weight=289.22255826182663 663.91594572179019 171.04229640215635 263.76662804931402 1.8712727958336461 9.8967011086642724
leaf_count=50850 340 30072 327 329 1740
internal_value=-0.000828063 0.0165941 0.0329338 -0.06718 -0.06718
internal_weight=1399.72 1108.62 927.683 291.094 180.939
internal_count=83658 32479 667 51179 31812
is_linear=0
shrinkage=0.1


Tree=94
num_leaves=6
num_cat=0
split_feature=2 2 2 2 2
split_gain=161.807 151.753 22.1359 2.84217e-14 1.42109e-14
threshold=1.2683000000000144 1.273049837017268 1.2709000000000155 1.2662001000158585 1.5391000000000001
decision_type=2 2 2 2 2
left_child=3 2 -2 -1 -3
right_child=1 4 -4 -5 -6
leaf_value=0.06717998963515924 -0.04267028720548284 0.06717998963515924 -0.0084264791057258957 0.06717998963515924 0.06717998963515924
leaf_weight=289.22255826182663 663.91594572179019 171.04229640215635 263.76662804931402 1.8712727958336461 9.8967011086642724
leaf_count=50850 340 30072 327 329 1740
internal_value=0.000828063 -0.0165941 -0.0329338 0.06718 0.06718
internal_weight=1399.72 1108.62 927.683 291.094 180.939
internal_count=83658 32479 667 51179 31812
is_linear=0
shrinkage=0.1


Tree=95
num_leaves=1
num_cat=0
split_feature=
split_gain=
threshold=
decision_type=
left_child=
right_child=
leaf_value=0
leaf_weight=
leaf_count=83658
internal_value=
internal_weight=
internal_count=
is_linear=0
shrinkage=1


Tree=96
num_leaves=7
num_cat=0
split_feature=2 2 2 2 2 2
split_gain=139.627 128.011 19.8812 1.42109e-14 1.42109e-14 2.22045e-16
threshold=1.2683000000000144 1.273049837017268 1.2709000000000155 1.256399998552779 1.5743000000000391 1.580600000002071
decision_type=2 2 2 2 2 2
left_child=3 2 -2 -1 -3 -6
right_child=1 4 -4 -5 5 -7
leaf_value=-0.067115449662962956 0.040449779386319787 -0.067115449662962956 0.007423066011104977 -0.067115449662962956 -0.067115449662962942 -0.0671154496629629
leaf_weight=248.41923807235435 610.76874775439501 155.65997984586284 259.79930298775434 6.5665862252935758 1.4498304943554094 1.3850614344701171
leaf_count=49861 340 31243 327 1318 291 278
internal_value=-0.000869885 0.0155447 0.0305938 -0.0671154 -0.0671154 -0.0671154
internal_weight=1284.05 1029.06 870.568 254.986 158.495 2.83489
internal_count=83658 32479 667 51179 31812 569
is_linear=0
shrinkage=0.1


Tree=97
num_leaves=7
num_cat=0
split_feature=2 2 2 2 2 2
split_gain=139.627 128.011 19.8812 1.42109e-14 1.42109e-14 2.22045e-16
threshold=1.2683000000000144 1.273049837017268 1.2709000000000155 1.256399998552779 1.5743000000000391 1.580600000002071
decision_type=2 2 2 2 2 2
left_child=3 2 -2 -1 -3 -6
right_child=1 4 -4 -5 5 -7
leaf_value=0.067115449662962956 -0.040449779386319787 0.067115449662962956 -0.007423066011104977 0.067115449662962956 0.067115449662962942 0.0671154496629629
leaf_weight=248.41923807235435 610.76874775439501 155.65997984586284 259.79930298775434 6.5665862252935758 1.4498304943554094 1.3850614344701171
leaf_count=49861 340 31243 327 1318 291 278
internal_value=0.000869885 -0.0155447 -0.0305938 0.0671154 0.0671154 0.0671154
internal_weight=1284.05 1029.06 870.568 254.986 158.495 2.83489
internal_count=83658 32479 667 51179 31812 569
is_linear=0
shrinkage=0.1


Tree=98
num_leaves=1
num_cat=0
split_feature=
split_gain=
threshold=
decision_type=
left_child=
right_child=
leaf_value=0
leaf_weight=
leaf_count=83658
internal_value=
internal_weight=
internal_count=
is_linear=0
shrinkage=1


Tree=99
num_leaves=5
num_cat=0
split_feature=2 2 2 2
split_gain=120.479 107.938 17.6524 7.10543e-15
threshold=1.2683000000000144 1.273049837017268 1.2709000000000155 1.5673000000040036
decision_type=2 2 2 2
left_child=-1 2 -2 -3
right_child=1 3 -4 -5
leaf_value=-0.06705908271315196 0.038172525853025101 -0.06705908271315196 0.0065266108181013249 -0.06705908271315196
leaf_weight=223.33158029755577 564.24062321102247 135.0925001045689 256.34814204275608 3.726629468612372
leaf_count=51179 340 30958 327 854
internal_value=-0.000907994 0.0144907 0.0282865 -0.0670591
internal_weight=1182.74 959.408 820.589 138.819
internal_count=83658 32479 667 31812
is_linear=0
shrinkage=0.1


Tree=100
num_leaves=5
num_cat=0
split_feature=2 2 2 2
split_gain=120.479 107.938 17.6524 7.10543e-15
threshold=1.2683000000000144 1.273049837017268 1.2709000000000155 1.5673000000040036
decision_type=2 2 2 2
left_child=-1 2 -2 -3
right_child=1 3 -4 -5
leaf_value=0.06705908271315196 -0.038172525853025101 0.06705908271315196 -0.0065266108181013249 0.06705908271315196
leaf_weight=223.33158029755577 564.24062321102247 135.0925001045689 256.34814204275608 3.726629468612372
leaf_count=51179 340 30958 327 854
internal_value=0.000907994 -0.0144907 -0.0282865 0.0670591
internal_weight=1182.74 959.408 820.589 138.819
internal_count=83658 32479 667 31812
is_linear=0
shrinkage=0.1


Tree=101
num_leaves=1
num_cat=0
split_feature=
split_gain=
threshold=
decision_type=
left_child=
right_child=
leaf_value=0
leaf_weight=
leaf_count=83658
internal_value=
internal_weight=
internal_count=
is_linear=0
shrinkage=1


Tree=102
num_leaves=5
num_cat=0
split_feature=2 2 2 2
split_gain=103.96 91.0011 15.4964 7.10543e-15
threshold=1.2683000000000144 1.273049837017268 1.2709000000000155 1.580600000002071
decision_type=2 2 2 2
left_child=-1 2 -2 -3
right_child=1 3 -4 -5
leaf_value=-0.067009822637863856 0.035856052267004376 -0.067009822637863856 0.0057285564687864924 -0.067009822637863856
leaf_weight=195.58771573961712 523.52594884578139 120.51159710297361 253.34732357412577 1.0624159318394948
leaf_count=51179 340 31534 327 278
internal_value=-0.000941527 0.0134412 0.0260311 -0.0670098
internal_weight=1094.04 898.447 776.873 121.574
internal_count=83658 32479 667 31812
is_linear=0
shrinkage=0.1


Tree=103
num_leaves=5
num_cat=0
split_feature=2 2 2 2
split_gain=103.96 91.0011 15.4964 7.10543e-15
threshold=1.2683000000000144 1.273049837017268 1.2709000000000155 1.580600000002071
decision_type=2 2 2 2
left_child=-1 2 -2 -3
right_child=1 3 -4 -5
leaf_value=0.067009822637863856 -0.035856052267004376 0.067009822637863856 -0.0057285564687864924 0.067009822637863856
leaf_weight=195.58771573961712 523.52594884578139 120.51159710297361 253.34732357412577 1.0624159318394948
leaf_count=51179 340 31534 327 278
internal_value=0.000941527 -0.0134412 -0.0260311 0.0670098
internal_weight=1094.04 898.447 776.873 121.574
internal_count=83658 32479 667 31812
is_linear=0
shrinkage=0.1


Tree=104
num_leaves=1
num_cat=0
split_feature=
split_gain=
threshold=
decision_type=
left_child=
right_child=
leaf_value=0
leaf_weight=
leaf_count=83658
internal_value=
internal_weight=
internal_count=
is_linear=0
shrinkage=1


Tree=105
num_leaves=6
num_cat=0
split_feature=2 2 2 2 2
split_gain=89.7201 76.7378 13.4523 1.42109e-14 1.11022e-16
threshold=1.2683000000000144 1.273049837017268 1.2709000000000155 1.5743000000000391 1.580600000002071
decision_type=2 2 2 2 2
left_child=-1 2 -2 -3 -5
right_child=1 3 -4 4 -6
leaf_value=-0.066966785285099237 0.033519789658839415 -0.066966785285099237 0.0050203716226212766 -0.066966785285099237 -0.066966785285099167
leaf_weight=171.27565864496864 487.91484737768769 104.55783432745375 250.73913931101561 0.97386069805361219 0.93035489367321134
leaf_count=51179 340 31243 327 291 278
internal_value=-0.0009697 0.0124056 0.0238455 -0.0669668 -0.0669668
internal_weight=1016.39 845.116 738.654 106.462 1.90422
internal_count=83658 32479 667 31812 569
is_linear=0
shrinkage=0.1


Tree=106
num_leaves=6
num_cat=0
split_feature=2 2 2 2 2
split_gain=89.7201 76.7378 13.4523 1.42109e-14 1.11022e-16
threshold=1.2683000000000144 1.273049837017268 1.2709000000000155 1.5743000000000391 1.580600000002071
decision_type=2 2 2 2 2
left_child=-1 2 -2 -3 -5
right_child=1 3 -4 4 -6
leaf_value=0.066966785285099237 -0.033519789658839415 0.066966785285099237 -0.0050203716226212766 0.066966785285099237 0.066966785285099167
leaf_weight=171.27565864496864 487.91484737768769 104.55783432745375 250.73913931101561 0.97386069805361219 0.93035489367321134
leaf_count=51179 340 31243 327 291 278
internal_value=0.0009697 -0.0124056 -0.0238455 0.0669668 0.0669668
internal_weight=1016.39 845.116 738.654 106.462 1.90422
internal_count=83658 32479 667 31812 569
is_linear=0
shrinkage=0.1


Tree=107
num_leaves=1
num_cat=0
split_feature=
split_gain=
threshold=
decision_type=
left_child=
right_child=
leaf_value=0
leaf_weight=
leaf_count=83658
internal_value=
internal_weight=
internal_count=
is_linear=0
shrinkage=1


Tree=108
num_leaves=7
num_cat=0
split_feature=2 2 2 2 2 2
split_gain=77.452 64.7441 11.5507 1.42109e-14 7.10543e-15 7.10543e-15
threshold=1.2683000000000144 1.273049837017268 1.2709000000000155 1.2662001000158585 1.580600000002071 1.4378497796028966
decision_type=2 2 2 2 2 2
left_child=3 2 -2 -1 5 -3
right_child=1 4 -4 -5 -6 -7
leaf_value=-0.066929158257472809 0.0311844188343295 -0.066929158257472809 0.004393725070888985 -0.066929158257472809 -0.066929158257472809 -0.066929158257472809
leaf_weight=149.01030528126284 456.78210423188284 75.498554675839841 248.47301984578371 0.9640981403645118 0.81464827666059036 16.908347324933857
leaf_count=50850 340 25764 327 329 278 5770
internal_value=-0.000991821 0.0113929 0.0217456 -0.0669292 -0.0669292 -0.0669292
internal_weight=948.451 798.477 705.255 149.974 93.2216 92.4069
internal_count=83658 32479 667 51179 31812 31534
is_linear=0
shrinkage=0.1


Tree=109
num_leaves=7
num_cat=0
split_feature=2 2 2 2 2 2
split_gain=77.452 64.7441 11.5507 1.42109e-14 7.10543e-15 7.10543e-15
threshold=1.2683000000000144 1.273049837017268 1.2709000000000155 1.2662001000158585 1.580600000002071 1.4378497796028966
decision_type=2 2 2 2 2 2
left_child=3 2 -2 -1 5 -3
right_child=1 4 -4 -5 -6 -7
leaf_value=0.066929158257472809 -0.0311844188343295 0.066929158257472809 -0.004393725070888985 0.066929158257472809 0.066929158257472809 0.066929158257472809
leaf_weight=149.01030528126284 456.78210423188284 75.498554675839841 248.47301984578371 0.9640981403645118 0.81464827666059036 16.908347324933857
leaf_count=50850 340 25764 327 329 278 5770
internal_value=0.000991821 -0.0113929 -0.0217456 0.0669292 0.0669292 0.0669292
internal_weight=948.451 798.477 705.255 149.974 93.2216 92.4069
internal_count=83658 32479 667 51179 31812 31534
is_linear=0
shrinkage=0.1


Tree=110
num_leaves=1
num_cat=0
split_feature=
split_gain=
threshold=
decision_type=
left_child=
right_child=
leaf_value=0
leaf_weight=
leaf_count=83658
internal_value=
internal_weight=
internal_count=
is_linear=0
shrinkage=1


Tree=111
num_leaves=5
num_cat=0
split_feature=2 2 2 2
split_gain=66.8876 54.6709 9.81302 7.10543e-15
threshold=1.2683000000000144 1.273049837017268 1.2709000000000155 1.256399998552779
decision_type=2 2 2 2
left_child=3 2 -2 -1
right_child=1 -3 -4 -5
leaf_value=-0.066896276767339266 0.028871043950045569 -0.066896276767339266 0.0038406472922811446 -0.066896276767339266
leaf_weight=127.93202933226712 429.57739076111466 81.62238457147032 246.50472243130207 3.3816893897019318
leaf_count=49861 340 31812 327 1318
internal_value=-0.00100734 0.0104115 0.0197448 -0.0668963
internal_weight=889.018 757.704 676.082 131.314
internal_count=83658 32479 667 51179
is_linear=0
shrinkage=0.1


Tree=112
num_leaves=5
num_cat=0
split_feature=2 2 2 2
split_gain=66.8876 54.6709 9.81302 7.10543e-15
threshold=1.2683000000000144 1.273049837017268 1.2709000000000155 1.256399998552779
decision_type=2 2 2 2
left_child=3 2 -2 -1
right_child=1 -3 -4 -5
leaf_value=0.066896276767339266 -0.028871043950045569 0.066896276767339266 -0.0038406472922811446 0.066896276767339266
leaf_weight=127.93202933226712 429.57739076111466 81.62238457147032 246.50472243130207 3.3816893897019318
leaf_count=49861 340 31812 327 1318
internal_value=0.00100734 -0.0104115 -0.0197448 0.0668963
internal_weight=889.018 757.704 676.082 131.314
internal_count=83658 32479 667 51179
is_linear=0
shrinkage=0.1


Tree=113
num_leaves=1
num_cat=0
split_feature=
split_gain=
threshold=
decision_type=
left_child=
right_child=
leaf_value=0
leaf_weight=
leaf_count=83658
internal_value=
internal_weight=
internal_count=
is_linear=0
shrinkage=1


Tree=114
num_leaves=8
num_cat=0
split_feature=2 2 2 2 2 2 2
split_gain=57.7932 46.217 8.25156 7.10543e-15 7.10543e-15 8.88178e-16 2.22045e-16
threshold=1.2683000000000144 1.273049837017268 1.2709000000000155 1.2662001000158585 1.4249000000000005 1.4440000000000157 1.4378497796028966
decision_type=2 2 2 2 2 2 2
left_child=3 2 -2 -1 -3 6 -6
right_child=1 4 -4 -5 5 -7 -8
leaf_value=-0.066867521078286224 0.026600358094771809 -0.066867521078286224 0.0033535885732996172 -0.066867521078286224 -0.066867521078286127 -0.066867521078286224 -0.066867521078286182
leaf_weight=114.22925608931109 405.81637233914807 55.027725804597139 244.79556212574244 0.73906441009603341 2.8484306139871505 12.173222000943495 1.4129833250772206
leaf_count=50850 340 24496 327 329 1268 5419 629
internal_value=-0.0010159 0.00946896 0.0178537 -0.0668675 -0.0668675 -0.0668675 -0.0668675
internal_weight=837.043 722.074 650.612 114.968 71.4624 16.4346 4.26141
internal_count=83658 32479 667 51179 31812 7316 1897
is_linear=0
shrinkage=0.1


Tree=115
num_leaves=8
num_cat=0
split_feature=2 2 2 2 2 2 2
split_gain=57.7932 46.217 8.25156 7.10543e-15 7.10543e-15 8.88178e-16 2.22045e-16
threshold=1.2683000000000144 1.273049837017268 1.2709000000000155 1.2662001000158585 1.4249000000000005 1.4440000000000157 1.4378497796028966
decision_type=2 2 2 2 2 2 2
left_child=3 2 -2 -1 -3 6 -6
right_child=1 4 -4 -5 5 -7 -8
leaf_value=0.066867521078286224 -0.026600358094771809 0.066867521078286224 -0.0033535885732996172 0.066867521078286224 0.066867521078286127 0.066867521078286224 0.066867521078286182
leaf_weight=114.22925608931109 405.81637233914807 55.027725804597139 244.79556212574244 0.73906441009603341 2.8484306139871505 12.173222000943495 1.4129833250772206
leaf_count=50850 340 24496 327 329 1268 5419 629
internal_value=0.0010159 -0.00946896 -0.0178537 0.0668675 0.0668675 0.0668675 0.0668675
internal_weight=837.043 722.074 650.612 114.968 71.4624 16.4346 4.26141
internal_count=83658 32479 667 51179 31812 7316 1897
is_linear=0
shrinkage=0.1


Tree=116
num_leaves=1
num_cat=0
split_feature=
split_gain=
threshold=
decision_type=
left_child=
right_child=
leaf_value=0
leaf_weight=
leaf_count=83658
internal_value=
internal_weight=
internal_count=
is_linear=0
shrinkage=1


Tree=117
num_leaves=6
num_cat=0
split_feature=2 2 2 2 2
split_gain=49.9652 39.1244 6.87062 7.10543e-15 3.55271e-15
threshold=1.2683000000000144 1.273049837017268 1.2709000000000155 1.2523000000000448 1.5673000000040036
decision_type=2 2 2 2 2
left_child=3 2 -2 -1 -3
right_child=1 4 -4 -5 -6
leaf_value=-0.066842378053905818 0.024391855416985127 -0.066842378053905818 0.0029255311555773105 -0.066842378053905818 -0.066842378053905818
leaf_weight=97.427126586902887 385.07320639817044 60.884333250112832 243.31180402636528 3.2253474555909625 1.6795406872406591
leaf_count=49539 340 30958 327 1640 854
internal_value=-0.00101731 0.00857162 0.0160801 -0.0668424 -0.0668424
internal_weight=791.601 690.949 628.385 100.652 62.5639
internal_count=83658 32479 667 51179 31812
is_linear=0
shrinkage=0.1


Tree=118
num_leaves=6
num_cat=0
split_feature=2 2 2 2 2
split_gain=49.9652 39.1244 6.87062 7.10543e-15 3.55271e-15
threshold=1.2683000000000144 1.273049837017268 1.2709000000000155 1.2523000000000448 1.5673000000040036
decision_type=2 2 2 2 2
left_child=3 2 -2 -1 -3
right_child=1 4 -4 -5 -6
leaf_value=0.066842378053905818 -0.024391855416985127 0.066842378053905818 -0.0029255311555773105 0.066842378053905818 0.066842378053905818
leaf_weight=97.427126586902887 385.07320639817044 60.884333250112832 243.31180402636528 3.2253474555909625 1.6795406872406591
leaf_count=49539 340 30958 327 1640 854
internal_value=0.00101731 -0.00857162 -0.0160801 0.0668424 0.0668424
internal_weight=791.601 690.949 628.385 100.652 62.5639
internal_count=83658 32479 667 51179 31812
is_linear=0
shrinkage=0.1


Tree=119
num_leaves=1
num_cat=0
split_feature=
split_gain=
threshold=
decision_type=
left_child=
right_child=
leaf_value=0
leaf_weight=
leaf_count=83658
internal_value=
internal_weight=
internal_count=
is_linear=0
shrinkage=1


Tree=120
num_leaves=5
num_cat=0
split_feature=2 2 2 2
split_gain=43.2269 33.1733 5.66745 7.10543e-15
threshold=1.2683000000000144 1.273049837017268 1.2709000000000155 1.2631000000000006
decision_type=2 2 2 2
left_child=3 2 -2 -1
right_child=1 -3 -4 -5
leaf_value=-0.066820394187149676 0.022263100939383315 -0.066820394187149676 0.002549990623170293 -0.066820394187149676
leaf_weight=86.996253493591212 366.97325364500284 54.771018942352384 242.02399568259716 1.1191110999789078
leaf_count=50529 340 31812 327 650
internal_value=-0.0010116 0.00772453 0.0144288 -0.0668204
internal_weight=751.884 663.768 608.997 88.1154
internal_count=83658 32479 667 51179
is_linear=0
shrinkage=0.1


Tree=121
num_leaves=5
num_cat=0
split_feature=2 2 2 2
split_gain=43.2269 33.1733 5.66745 7.10543e-15
threshold=1.2683000000000144 1.273049837017268 1.2709000000000155 1.2631000000000006
decision_type=2 2 2 2
left_child=3 2 -2 -1
right_child=1 -3 -4 -5
leaf_value=0.066820394187149676 -0.022263100939383315 0.066820394187149676 -0.002549990623170293 0.066820394187149676
leaf_weight=86.996253493591212 366.97325364500284 54.771018942352384 242.02399568259716 1.1191110999789078
leaf_count=50529 340 31812 327 650
internal_value=0.0010116 -0.00772453 -0.0144288 0.0668204
internal_weight=751.884 663.768 608.997 88.1154
internal_count=83658 32479 667 51179
is_linear=0
shrinkage=0.1


Tree=122
num_leaves=1
num_cat=0
split_feature=
split_gain=
threshold=
decision_type=
left_child=
right_child=
leaf_value=0
leaf_weight=
leaf_count=83658
internal_value=
internal_weight=
internal_count=
is_linear=0
shrinkage=1


Tree=123
num_leaves=5
num_cat=0
split_feature=2 2 2 2
split_gain=37.425 28.1772 4.63378 7.10543e-15
threshold=1.2683000000000144 1.273049837017268 1.2709000000000155 1.2631000000000006
decision_type=2 2 2 2
left_child=3 2 -2 -1
right_child=1 -3 -4 -5
leaf_value=-0.066801158747746059 0.020229182669313884 -0.066801158747746059 0.0022210327437564019 -0.066801158747746059
leaf_weight=76.157223993795924 351.18730280827731 47.946993007790297 240.90645331144333 0.97967890906147559
leaf_count=50529 340 31812 327 650
internal_value=-0.000998994 0.0069314 0.0129022 -0.0668012
internal_weight=717.178 640.041 592.094 77.1369
internal_count=83658 32479 667 51179
is_linear=0
shrinkage=0.1


Tree=124
num_leaves=5
num_cat=0
split_feature=2 2 2 2
split_gain=37.425 28.1772 4.63378 7.10543e-15
threshold=1.2683000000000144 1.273049837017268 1.2709000000000155 1.2631000000000006
decision_type=2 2 2 2
left_child=3 2 -2 -1
right_child=1 -3 -4 -5
leaf_value=0.066801158747746059 -0.020229182669313884 0.066801158747746059 -0.0022210327437564019 0.066801158747746059
leaf_weight=76.157223993795924 351.18730280827731 47.946993007790297 240.90645331144333 0.97967890906147559
leaf_count=50529 340 31812 327 650
internal_value=0.000998994 -0.0069314 -0.0129022 0.0668012
internal_weight=717.178 640.041 592.094 77.1369
internal_count=83658 32479 667 51179
is_linear=0
shrinkage=0.1


Tree=125
num_leaves=1
num_cat=0
split_feature=
split_gain=
threshold=
decision_type=
left_child=
right_child=
leaf_value=0
leaf_weight=
leaf_count=83658
internal_value=
internal_weight=
internal_count=
is_linear=0
shrinkage=1


Tree=126
num_leaves=6
num_cat=0
split_feature=2 2 2 2 2
split_gain=32.4273 23.9788 3.75728 3.55271e-15 3.55271e-15
threshold=1.2683000000000144 1.273049837017268 1.2709000000000155 1.2662001000158585 1.4090500000000004
decision_type=2 2 2 2 2
left_child=3 2 -2 -1 -3
right_child=1 4 -4 -5 -6
leaf_value=-0.066784344995489395 0.018302322564906156 -0.066784344995489395 0.0019332698299799524 -0.066784344995489395 -0.066784344995489395
leaf_weight=67.089928966015577 337.42611377499998 30.224111951887608 239.93684806674719 0.43407250009477039 11.747664257884024
leaf_count=50850 340 22908 327 329 8904
internal_value=-0.00097991 0.00619453 0.0114998 -0.0667843 -0.0667843
internal_weight=686.859 619.335 577.363 67.524 41.9718
internal_count=83658 32479 667 51179 31812
is_linear=0
shrinkage=0.1


Tree=127
num_leaves=6
num_cat=0
split_feature=2 2 2 2 2
split_gain=32.4273 23.9788 3.75728 3.55271e-15 3.55271e-15
threshold=1.2683000000000144 1.273049837017268 1.2709000000000155 1.2662001000158585 1.4090500000000004
decision_type=2 2 2 2 2
left_child=3 2 -2 -1 -3
right_child=1 4 -4 -5 -6
leaf_value=0.066784344995489395 -0.018302322564906156 0.066784344995489395 -0.0019332698299799524 0.066784344995489395 0.066784344995489395
leaf_weight=67.089928966015577 337.42611377499998 30.224111951887608 239.93684806674719 0.43407250009477039 11.747664257884024
leaf_count=50850 340 22908 327 329 8904
internal_value=0.00097991 -0.00619453 -0.0114998 0.0667843 0.0667843
internal_weight=686.859 619.335 577.363 67.524 41.9718
internal_count=83658 32479 667 51179 31812
is_linear=0
shrinkage=0.1


Tree=128
num_leaves=1
num_cat=0
split_feature=
split_gain=
threshold=
decision_type=
left_child=
right_child=
leaf_value=0
leaf_weight=
leaf_count=83658
internal_value=
internal_weight=
internal_count=
is_linear=0
shrinkage=1


Tree=129
num_leaves=6
num_cat=0
split_feature=2 2 2 2 2
split_gain=28.1197 20.4463 3.02307 3.55271e-15 3.55271e-15
threshold=1.2683000000000144 1.273049837017268 1.2709000000000155 1.2317000000011735 1.5743000000000391
decision_type=2 2 2 2 2
left_child=3 2 -2 -1 -3
right_child=1 4 -4 -5 -6
leaf_value=-0.066769632185842948 0.016491670592034963 -0.066769632185842948 0.0016818459764703468 -0.066769632185842948 -0.066769632185842948
leaf_weight=54.928860770887695 325.43553042691201 36.082975485478528 239.09569225460291 4.1784785490017375 0.65714601834770192
leaf_count=47561 340 31243 327 3618 569
internal_value=-0.00095491 0.00551494 0.0102193 -0.0667696 -0.0667696
internal_weight=660.379 601.271 564.531 59.1073 36.7401
internal_count=83658 32479 667 51179 31812
is_linear=0
shrinkage=0.1


Tree=130
num_leaves=6
num_cat=0
split_feature=2 2 2 2 2
split_gain=28.1197 20.4463 3.02307 3.55271e-15 3.55271e-15
threshold=1.2683000000000144 1.273049837017268 1.2709000000000155 1.2317000000011735 1.5743000000000391
decision_type=2 2 2 2 2
left_child=3 2 -2 -1 -3
right_child=1 4 -4 -5 -6
leaf_value=0.066769632185842948 -0.016491670592034963 0.066769632185842948 -0.0016818459764703468 0.066769632185842948 0.066769632185842948
leaf_weight=54.928860770887695 325.43553042691201 36.082975485478528 239.09569225460291 4.1784785490017375 0.65714601834770192
leaf_count=47561 340 31243 327 3618 569
internal_value=0.00095491 -0.00551494 -0.0102193 0.0667696 0.0667696
internal_weight=660.379 601.271 564.531 59.1073 36.7401
internal_count=83658 32479 667 51179 31812
is_linear=0
shrinkage=0.1


Tree=131
num_leaves=1
num_cat=0
split_feature=
split_gain=
threshold=
decision_type=
left_child=
right_child=
leaf_value=0
leaf_weight=
leaf_count=83658
internal_value=
internal_weight=
internal_count=
is_linear=0
shrinkage=1


Tree=132
num_leaves=4
num_cat=0
split_feature=2 2 2
split_gain=24.4041 17.4691 2.41494
threshold=1.2683000000000144 1.273049837017268 1.2709000000000155
decision_type=2 2 2
left_child=-1 2 -2
right_child=1 -3 -4
leaf_value=-0.066756755511821683 0.014803281172896865 -0.066756755511821683 0.0014624134458395904
leaf_weight=51.738460485939868 314.99247513152659 32.159751167055219 238.3660879060626
leaf_count=51179 340 31812 327
internal_value=-0.000924683 0.00489247 0.00905654
internal_weight=637.257 585.518 553.359
internal_count=83658 32479 667
is_linear=0
shrinkage=0.1


Tree=133
num_leaves=4
num_cat=0
split_feature=2 2 2
split_gain=24.4041 17.4691 2.41494
threshold=1.2683000000000144 1.273049837017268 1.2709000000000155
decision_type=2 2 2
left_child=-1 2 -2
right_child=1 -3 -4
leaf_value=0.066756755511821683 -0.014803281172896865 0.066756755511821683 -0.0014624134458395904
leaf_weight=51.738460485939868 314.99247513152659 32.159751167055219 238.3660879060626
leaf_count=51179 340 31812 327
internal_value=0.000924683 -0.00489247 -0.00905654
internal_weight=637.257 585.518 553.359
internal_count=83658 32479 667
is_linear=0
shrinkage=0.1


Tree=134
num_leaves=1
num_cat=0
split_feature=
split_gain=
threshold=
decision_type=
left_child=
right_child=
leaf_value=0
leaf_weight=
leaf_count=83658
internal_value=
internal_weight=
internal_count=
is_linear=0
shrinkage=1


Tree=135
num_leaves=6
num_cat=0
split_feature=2 2 2 2 2
split_gain=21.1964 14.9551 1.91644 3.55271e-15 2.22045e-16
threshold=1.2683000000000144 1.273049837017268 1.2709000000000155 1.2275400000000247 1.2523000000000448
decision_type=2 2 2 2 2
left_child=3 2 -2 -1 -5
right_child=1 -3 -4 4 -6
leaf_value=-0.066745500016412204 0.013240273065375544 -0.066745500016412204 0.0012710543396215132 -0.06674550001641219 -0.066745500016412149
leaf_weight=41.488451903336681 305.90117892483249 28.149780999636278 237.73329292982817 2.3475848419475365 1.4512020885013042
leaf_count=46886 340 31812 327 2653 1640
internal_value=-0.000890016 0.00432596 0.00800609 -0.0667455 -0.0667455
internal_weight=617.071 571.784 543.634 45.2872 3.79879
internal_count=83658 32479 667 51179 4293
is_linear=0
shrinkage=0.1


Tree=136
num_leaves=6
num_cat=0
split_feature=2 2 2 2 2
split_gain=21.1964 14.9551 1.91644 3.55271e-15 2.22045e-16
threshold=1.2683000000000144 1.273049837017268 1.2709000000000155 1.2275400000000247 1.2523000000000448
decision_type=2 2 2 2 2
left_child=3 2 -2 -1 -5
right_child=1 -3 -4 4 -6
leaf_value=0.066745500016412204 -0.013240273065375544 0.066745500016412204 -0.0012710543396215132 0.06674550001641219 0.066745500016412149
leaf_weight=41.488451903336681 305.90117892483249 28.149780999636278 237.73329292982817 2.3475848419475365 1.4512020885013042
leaf_count=46886 340 31812 327 2653 1640
internal_value=0.000890016 -0.00432596 -0.00800609 0.0667455 0.0667455
internal_weight=617.071 571.784 543.634 45.2872 3.79879
internal_count=83658 32479 667 51179 4293
is_linear=0
shrinkage=0.1


Tree=137
num_leaves=1
num_cat=0
split_feature=
split_gain=
threshold=
decision_type=
left_child=
right_child=
leaf_value=0
leaf_weight=
leaf_count=83658
internal_value=
internal_weight=
internal_count=
is_linear=0
shrinkage=1


Tree=138
num_leaves=7
num_cat=0
split_feature=2 2 2 2 2 2
split_gain=18.4247 12.828 1.51168 3.55271e-15 1.77636e-15 4.44089e-16
threshold=1.2683000000000144 1.273049837017268 1.2709000000000155 1.2504000000000246 1.4218999999999149 1.5673000000040036
decision_type=2 2 2 2 2 2
left_child=3 2 -2 -1 -3 -6
right_child=1 4 -4 -5 5 -7
leaf_value=-0.066735643956041313 0.011803077633695794 -0.066735643956041299 0.0011043260994978649 -0.066735643956041313 -0.066735643956041313 -0.06673564395604123
leaf_weight=38.117684817872941 297.98997710412368 18.72114763548598 237.18452829122543 1.5219500684179355 5.2567303380928925 0.66144801955670107
leaf_count=49214 340 24171 327 1965 6787 854
internal_value=-0.000851726 0.00381342 0.00706149 -0.0667356 -0.0667356 -0.0667356
internal_weight=599.453 559.814 535.175 39.6396 24.6393 5.91818
internal_count=83658 32479 667 51179 31812 7641
is_linear=0
shrinkage=0.1


Tree=139
num_leaves=7
num_cat=0
split_feature=2 2 2 2 2 2
split_gain=18.4247 12.828 1.51168 3.55271e-15 1.77636e-15 4.44089e-16
threshold=1.2683000000000144 1.273049837017268 1.2709000000000155 1.2504000000000246 1.4218999999999149 1.5673000000040036
decision_type=2 2 2 2 2 2
left_child=3 2 -2 -1 -3 -6
right_child=1 4 -4 -5 5 -7
leaf_value=0.066735643956041313 -0.011803077633695794 0.066735643956041299 -0.0011043260994978649 0.066735643956041313 0.066735643956041313 0.06673564395604123
leaf_weight=38.117684817872941 297.98997710412368 18.72114763548598 237.18452829122543 1.5219500684179355 5.2567303380928925 0.66144801955670107
leaf_count=49214 340 24171 327 1965 6787 854
internal_value=0.000851726 -0.00381342 -0.00706149 0.0667356 0.0667356 0.0667356
internal_weight=599.453 559.814 535.175 39.6396 24.6393 5.91818
internal_count=83658 32479 667 51179 31812 7641
is_linear=0
shrinkage=0.1


Tree=140
num_leaves=1
num_cat=0
split_feature=
split_gain=
threshold=
decision_type=
left_child=
right_child=
leaf_value=0
leaf_weight=
leaf_count=83658
internal_value=
internal_weight=
internal_count=
is_linear=0
shrinkage=1


Tree=141
num_leaves=6
num_cat=0
split_feature=2 2 2 2 2
split_gain=16.0272 11.0242 1.18586 1.77636e-15 1.77636e-15
threshold=1.2683000000000144 1.273049837017268 1.2709000000000155 1.1718000000000086 1.5673000000040036
decision_type=2 2 2 2 2
left_child=3 2 -2 -1 -3
right_child=1 4 -4 -5 -6
leaf_value=-0.066727028382470591 0.010489822689921352 -0.066727028382470577 0.00095915117331929185 -0.066727028382470591 -0.066727028382470591
leaf_weight=25.936884417256806 291.10840284219012 20.987325016059916 236.70866190642118 8.7588422768749279 0.57895133935380627
leaf_count=38259 340 30958 327 12920 854
internal_value=-0.000810646 0.00335223 0.00621563 -0.066727 -0.066727
internal_weight=584.079 549.383 527.817 34.6957 21.5663
internal_count=83658 32479 667 51179 31812
is_linear=0
shrinkage=0.1


Tree=142
num_leaves=6
num_cat=0
split_feature=2 2 2 2 2
split_gain=16.0272 11.0242 1.18586 1.77636e-15 1.77636e-15
threshold=1.2683000000000144 1.273049837017268 1.2709000000000155 1.1718000000000086 1.5673000000040036
decision_type=2 2 2 2 2
left_child=3 2 -2 -1 -3
right_child=1 4 -4 -5 -6
leaf_value=0.066727028382470591 -0.010489822689921352 0.066727028382470577 -0.00095915117331929185 0.066727028382470591 0.066727028382470591
leaf_weight=25.936884417256806 291.10840284219012 20.987325016059916 236.70866190642118 8.7588422768749279 0.57895133935380627
leaf_count=38259 340 30958 327 12920 854
internal_value=0.000810646 -0.00335223 -0.00621563 0.066727 0.066727
internal_weight=584.079 549.383 527.817 34.6957 21.5663
internal_count=83658 32479 667 51179 31812
is_linear=0
shrinkage=0.1


Tree=143
num_leaves=1
num_cat=0
split_feature=
split_gain=
threshold=
decision_type=
left_child=
right_child=
leaf_value=0
leaf_weight=
leaf_count=83658
internal_value=
internal_weight=
internal_count=
is_linear=0
shrinkage=1


Tree=144
num_leaves=5
num_cat=0
split_feature=2 2 2 2
split_gain=13.9514 9.49098 0.925636 1.77636e-15
threshold=1.2683000000000144 1.273049837017268 1.2709000000000155 1.1645500000000717
decision_type=2 2 2 2
left_child=3 2 -2 -1
right_child=1 -3 -4 -5
leaf_value=-0.066719482141522318 0.0092966932578344603 -0.066719482141522332 0.00083282778908174966 -0.066719482141522332
leaf_weight=21.712516279891137 285.12463693949394 18.87621796829626 236.29604633897543 8.6554567931452748
leaf_count=36592 340 31812 327 14587
internal_value=-0.00076759 0.00293931 0.00546106 -0.0667195
internal_weight=570.665 540.297 521.421 30.368
internal_count=83658 32479 667 51179
is_linear=0
shrinkage=0.1


Tree=145
num_leaves=5
num_cat=0
split_feature=2 2 2 2
split_gain=13.9514 9.49098 0.925636 1.77636e-15
threshold=1.2683000000000144 1.273049837017268 1.2709000000000155 1.1645500000000717
decision_type=2 2 2 2
left_child=3 2 -2 -1
right_child=1 -3 -4 -5
leaf_value=0.066719482141522318 -0.0092966932578344603 0.066719482141522332 -0.00083282778908174966 0.066719482141522332
leaf_weight=21.712516279891137 285.12463693949394 18.87621796829626 236.29604633897543 8.6554567931452748
leaf_count=36592 340 31812 327 14587
internal_value=0.00076759 -0.00293931 -0.00546106 0.0667195
internal_weight=570.665 540.297 521.421 30.368
internal_count=83658 32479 667 51179
is_linear=0
shrinkage=0.1


Tree=146
num_leaves=1
num_cat=0
split_feature=
split_gain=
threshold=
decision_type=
left_child=
right_child=
leaf_value=0
leaf_weight=
leaf_count=83658
internal_value=
internal_weight=
internal_count=
is_linear=0
shrinkage=1


Tree=147
num_leaves=8
num_cat=0
split_feature=2 2 2 2 2 2 2
split_gain=12.1523 8.1848 0.719279 8.88178e-16 8.88178e-16 8.88178e-16 8.88178e-16
threshold=1.2683000000000144 1.273049837017268 1.2709000000000155 1.5576000000000032 1.549699999174601 1.4906000000043487 1.3692000000000004
decision_type=2 2 2 2 2 2 2
left_child=-1 2 -2 4 5 6 -3
right_child=1 3 -4 -5 -6 -7 -8
leaf_value=-0.066712889681308327 0.0082183954183939791 -0.066712889681308354 0.00072296409141902988 -0.066712889681308132 -0.066712889681307549 -0.066712889681308077 -0.066712889681308313
leaf_weight=26.579688350728247 279.92333737621084 9.5871558052021957 235.93829546123743 0.60088511736830774 0.15216883266111914 0.46325801615603346 5.718016544706189
leaf_count=51179 340 18460 327 1157 293 892 11010
internal_value=-0.000723319 0.00257127 0.00479023 -0.0667129 -0.0667129 -0.0667129 -0.0667129
internal_weight=558.963 532.383 515.862 16.5215 15.9206 15.7684 15.3052
internal_count=83658 32479 667 31812 30655 30362 29470
is_linear=0
shrinkage=0.1


Tree=148
num_leaves=8
num_cat=0
split_feature=2 2 2 2 2 2 2
split_gain=12.1523 8.1848 0.719279 8.88178e-16 8.88178e-16 8.88178e-16 8.88178e-16
threshold=1.2683000000000144 1.273049837017268 1.2709000000000155 1.5576000000000032 1.549699999174601 1.4906000000043487 1.3692000000000004
decision_type=2 2 2 2 2 2 2
left_child=-1 2 -2 4 5 6 -3
right_child=1 3 -4 -5 -6 -7 -8
leaf_value=0.066712889681308327 -0.0082183954183939791 0.066712889681308354 -0.00072296409141902988 0.066712889681308132 0.066712889681307549 0.066712889681308077 0.066712889681308313
leaf_weight=26.579688350728247 279.92333737621084 9.5871558052021957 235.93829546123743 0.60088511736830774 0.15216883266111914 0.46325801615603346 5.718016544706189
leaf_count=51179 340 18460 327 1157 293 892 11010
internal_value=0.000723319 -0.00257127 -0.00479023 0.0667129 0.0667129 0.0667129 0.0667129
internal_weight=558.963 532.383 515.862 16.5215 15.9206 15.7684 15.3052
internal_count=83658 32479 667 31812 30655 30362 29470
is_linear=0
shrinkage=0.1


Tree=149
num_leaves=1
num_cat=0
split_feature=
split_gain=
threshold=
decision_type=
left_child=
right_child=
leaf_value=0
leaf_weight=
leaf_count=83658
internal_value=
internal_weight=
internal_count=
is_linear=0
shrinkage=1


Tree=150
num_leaves=7
num_cat=0
split_feature=2 2 2 2 2 2
split_gain=10.5915 7.06946 0.556678 1.77636e-15 8.88178e-16 8.88178e-16
threshold=1.2683000000000144 1.273049837017268 1.2709000000000155 1.2410200000000045 1.5743000000000391 1.4752000000000163
decision_type=2 2 2 2 2 2
left_child=3 2 -2 -1 5 -3
right_child=1 4 -4 -5 -6 -7
leaf_value=-0.066707114638627288 0.0072485163365939844 -0.066707114638627316 0.00062745642454185358 -0.066707114638627302 -0.06670711463862683 -0.066707114638627205
leaf_weight=22.060501574771482 275.40363793657161 12.975295010546683 235.62812822312117 1.2032091747387301 0.25864224421093318 1.2263915200019262
leaf_count=48532 340 28545 327 2647 569 2698
internal_value=-0.000678531 0.00224458 0.00419566 -0.0667071 -0.0667071 -0.0667071
internal_weight=548.756 525.492 511.032 23.2637 14.4603 14.2017
internal_count=83658 32479 667 51179 31812 31243
is_linear=0
shrinkage=0.1


Tree=151
num_leaves=7
num_cat=0
split_feature=2 2 2 2 2 2
split_gain=10.5915 7.06946 0.556678 1.77636e-15 8.88178e-16 8.88178e-16
threshold=1.2683000000000144 1.273049837017268 1.2709000000000155 1.2410200000000045 1.5743000000000391 1.4752000000000163
decision_type=2 2 2 2 2 2
left_child=3 2 -2 -1 5 -3
right_child=1 4 -4 -5 -6 -7
leaf_value=0.066707114638627288 -0.0072485163365939844 0.066707114638627316 -0.00062745642454185358 0.066707114638627302 0.06670711463862683 0.066707114638627205
leaf_weight=22.060501574771482 275.40363793657161 12.975295010546683 235.62812822312117 1.2032091747387301 0.25864224421093318 1.2263915200019262
leaf_count=48532 340 28545 327 2647 569 2698
internal_value=0.000678531 -0.00224458 -0.00419566 0.0667071 0.0667071 0.0667071
internal_weight=548.756 525.492 511.032 23.2637 14.4603 14.2017
internal_count=83658 32479 667 51179 31812 31243
is_linear=0
shrinkage=0.1


Tree=152
num_leaves=1
num_cat=0
split_feature=
split_gain=
threshold=
decision_type=
left_child=
right_child=
leaf_value=0
leaf_weight=
leaf_count=83658
internal_value=
internal_weight=
internal_count=
is_linear=0
shrinkage=1


Tree=153
num_leaves=4
num_cat=0
split_feature=2 2 2
split_gain=9.23604 6.11495 0.429285
threshold=1.2683000000000144 1.273049837017268 1.2709000000000155
decision_type=2 2 2
left_child=-1 2 -2
right_child=1 -3 -4
leaf_value=-0.066702063463022501 0.0063799129853869749 -0.066702063463022501 0.00054446318498378103
leaf_weight=20.361215250828536 271.47733604372479 12.656186708598396 235.35923200845718
leaf_count=51179 340 31812 327
internal_value=-0.000633843 0.00195566 0.00367011
internal_weight=539.854 519.493 506.837
internal_count=83658 32479 667
is_linear=0
shrinkage=0.1


Tree=154
num_leaves=4
num_cat=0
split_feature=2 2 2
split_gain=9.23604 6.11495 0.429285
threshold=1.2683000000000144 1.273049837017268 1.2709000000000155
decision_type=2 2 2
left_child=-1 2 -2
right_child=1 -3 -4
leaf_value=0.066702063463022501 -0.0063799129853869749 0.066702063463022501 -0.00054446318498378103
leaf_weight=20.361215250828536 271.47733604372479 12.656186708598396 235.35923200845718
leaf_count=51179 340 31812 327
internal_value=0.000633843 -0.00195566 -0.00367011
internal_weight=539.854 519.493 506.837
internal_count=83658 32479 667
is_linear=0
shrinkage=0.1


Tree=155
num_leaves=1
num_cat=0
split_feature=
split_gain=
threshold=
decision_type=
left_child=
right_child=
leaf_value=0
leaf_weight=
leaf_count=83658
internal_value=
internal_weight=
internal_count=
is_linear=0
shrinkage=1


Tree=156
num_leaves=7
num_cat=0
split_feature=2 2 2 2 2 2
split_gain=8.05796 5.29633 0.329982 8.88178e-16 8.88178e-16 8.88178e-16
threshold=1.2683000000000144 1.273049837017268 1.2709000000000155 1.5391000000000001 1.4906000000043487 1.4711233021959704
decision_type=2 2 2 2 2 2
left_child=-1 2 -2 4 5 -3
right_child=1 3 -4 -5 -6 -7
leaf_value=-0.066697641090415621 0.0056050116205922512 -0.066697641090415649 0.00047237877975708168 -0.066697641090415427 -0.066697641090415052 -0.066697641090415344
leaf_weight=17.820693284389563 268.06743880081922 9.8360449383035231 235.12613016366959 0.6058736261911698 0.20961834653280753 0.4255043512675919
leaf_count=51179 340 28248 327 1740 602 1222
internal_value=-0.000589788 0.00170101 0.0032067 -0.0666976 -0.0666976 -0.0666976
internal_weight=532.091 514.271 503.194 11.077 10.4712 10.2615
internal_count=83658 32479 667 31812 30072 29470
is_linear=0
shrinkage=0.1


Tree=157
num_leaves=7
num_cat=0
split_feature=2 2 2 2 2 2
split_gain=8.05796 5.29633 0.329982 8.88178e-16 8.88178e-16 8.88178e-16
threshold=1.2683000000000144 1.273049837017268 1.2709000000000155 1.5391000000000001 1.4906000000043487 1.4711233021959704
decision_type=2 2 2 2 2 2
left_child=-1 2 -2 4 5 -3
right_child=1 3 -4 -5 -6 -7
leaf_value=0.066697641090415621 -0.0056050116205922512 0.066697641090415649 -0.00047237877975708168 0.066697641090415427 0.066697641090415052 0.066697641090415344
leaf_weight=17.820693284389563 268.06743880081922 9.8360449383035231 235.12613016366959 0.6058736261911698 0.20961834653280753 0.4255043512675919
leaf_count=51179 340 28248 327 1740 602 1222
internal_value=0.000589788 -0.00170101 -0.0032067 0.0666976 0.0666976 0.0666976
internal_weight=532.091 514.271 503.194 11.077 10.4712 10.2615
internal_count=83658 32479 667 31812 30072 29470
is_linear=0
shrinkage=0.1


Tree=158
num_leaves=1
num_cat=0
split_feature=
split_gain=
threshold=
decision_type=
left_child=
right_child=
leaf_value=0
leaf_weight=
leaf_count=83658
internal_value=
internal_weight=
internal_count=
is_linear=0
shrinkage=1


Tree=159
num_leaves=8
num_cat=0
split_feature=2 2 2 2 2 2 2
split_gain=7.03318 4.59283 0.252929 8.88178e-16 8.88178e-16 8.88178e-16 8.88178e-16
threshold=1.2683000000000144 1.273049837017268 1.2709000000000155 1.0500000000000005 1.580600000002071 1.5743000000000391 1.5007000000000086
decision_type=2 2 2 2 2 2 2
left_child=3 2 -2 -1 5 6 -3
right_child=1 4 -4 -5 -6 -7 -8
leaf_value=-0.066693774119521085 0.004916111125763116 -0.06669377411952114 0.00040977124403674103 -0.066693774119521085 -0.066693774119519697 -0.066693774119519753 -0.066693774119520821
leaf_weight=1.0117854340933252 265.10673024272546 9.0758981966064241 234.92404778301716 14.585252738033885 0.084721792372875693 0.088683602807578477 0.44555129657965231
leaf_count=3320 340 29781 327 47859 278 291 1462
internal_value=-0.000546812 0.00147721 0.00279895 -0.0666938 -0.0666938 -0.0666938 -0.0666938
internal_weight=525.323 509.726 500.031 15.597 9.69485 9.61013 9.52145
internal_count=83658 32479 667 51179 31812 31534 31243
is_linear=0
shrinkage=0.1


Tree=160
num_leaves=8
num_cat=0
split_feature=2 2 2 2 2 2 2
split_gain=7.03318 4.59283 0.252929 8.88178e-16 8.88178e-16 8.88178e-16 8.88178e-16
threshold=1.2683000000000144 1.273049837017268 1.2709000000000155 1.0500000000000005 1.580600000002071 1.5743000000000391 1.5007000000000086
decision_type=2 2 2 2 2 2 2
left_child=3 2 -2 -1 5 6 -3
right_child=1 4 -4 -5 -6 -7 -8
leaf_value=0.066693774119521085 -0.004916111125763116 0.06669377411952114 -0.00040977124403674103 0.066693774119521085 0.066693774119519697 0.066693774119519753 0.066693774119520821
leaf_weight=1.0117854340933252 265.10673024272546 9.0758981966064241 234.92404778301716 14.585252738033885 0.084721792372875693 0.088683602807578477 0.44555129657965231
leaf_count=3320 340 29781 327 47859 278 291 1462
internal_value=0.000546812 -0.00147721 -0.00279895 0.0666938 0.0666938 0.0666938 0.0666938
internal_weight=525.323 509.726 500.031 15.597 9.69485 9.61013 9.52145
internal_count=83658 32479 667 51179 31812 31534 31243
is_linear=0
shrinkage=0.1


Tree=161
num_leaves=1
num_cat=0
split_feature=
split_gain=
threshold=
decision_type=
left_child=
right_child=
leaf_value=0
leaf_weight=
leaf_count=83658
internal_value=
internal_weight=
internal_count=
is_linear=0
shrinkage=1


Tree=162
num_leaves=10
num_cat=0
split_feature=2 2 2 2 2 2 2 2 2
split_gain=6.14106 3.9871 0.193379 1.77636e-15 8.88178e-16 8.88178e-16 4.44089e-16 4.44089e-16 4.44089e-16
threshold=1.2683000000000144 1.273049837017268 1.2709000000000155 1.256399998552779 1.2504000000000246 1.5673000000040036 1.5576000000000032 1.5391000000000001 1.3380999774811155
decision_type=2 2 2 2 2 2 2 2 2
left_child=3 2 -2 4 -1 6 7 8 -3
right_child=1 5 -4 -5 -6 -7 -8 -9 -10
leaf_value=-0.066690390127170499 0.004305548401316246 -0.066690390127170623 0.00035542027381841007 -0.066690390127170138 -0.066690390127169805 -0.066690390127169971 -0.066690390127169014 -0.066690390127169721 -0.066690390127170471
leaf_weight=13.126641080540134 262.53661202802323 3.0860169322113435 234.74889402091503 0.35154453903669569 0.17257156051346179 0.22778379084775302 0.080817902373383599 0.15550111248740073 4.934959834034089
leaf_count=49214 340 11570 327 1318 647 854 303 583 18502
internal_value=-0.000505272 0.00128107 0.00244085 -0.0666904 -0.0666904 -0.0666904 -0.0666904 -0.0666904 -0.0666904
internal_weight=519.421 505.771 497.286 13.6508 13.2992 8.48508 8.2573 8.17648 8.02098
internal_count=83658 32479 667 51179 49861 31812 30958 30655 30072
is_linear=0
shrinkage=0.1


Tree=163
num_leaves=10
num_cat=0
split_feature=2 2 2 2 2 2 2 2 2
split_gain=6.14106 3.9871 0.193379 1.77636e-15 8.88178e-16 8.88178e-16 4.44089e-16 4.44089e-16 4.44089e-16
threshold=1.2683000000000144 1.273049837017268 1.2709000000000155 1.256399998552779 1.2504000000000246 1.5673000000040036 1.5576000000000032 1.5391000000000001 1.3380999774811155
decision_type=2 2 2 2 2 2 2 2 2
left_child=3 2 -2 4 -1 6 7 8 -3
right_child=1 5 -4 -5 -6 -7 -8 -9 -10
leaf_value=0.066690390127170499 -0.004305548401316246 0.066690390127170623 -0.00035542027381841007 0.066690390127170138 0.066690390127169805 0.066690390127169971 0.066690390127169014 0.066690390127169721 0.066690390127170471
leaf_weight=13.126641080540134 262.53661202802323 3.0860169322113435 234.74889402091503 0.35154453903669569 0.17257156051346179 0.22778379084775302 0.080817902373383599 0.15550111248740073 4.934959834034089
leaf_count=49214 340 11570 327 1318 647 854 303 583 18502
internal_value=0.000505272 -0.00128107 -0.00244085 0.0666904 0.0666904 0.0666904 0.0666904 0.0666904 0.0666904
internal_weight=519.421 505.771 497.286 13.6508 13.2992 8.48508 8.2573 8.17648 8.02098
internal_count=83658 32479 667 51179 49861 31812 30958 30655 30072
is_linear=0
shrinkage=0.1


Tree=164
num_leaves=1
num_cat=0
split_feature=
split_gain=
threshold=
decision_type=
left_child=
right_child=
leaf_value=0
leaf_weight=
leaf_count=83658
internal_value=
internal_weight=
internal_count=
is_linear=0
shrinkage=1


Tree=165
num_leaves=8
num_cat=0
split_feature=2 2 2 2 2 2 2
split_gain=5.36391 3.46463 0.147521 8.88178e-16 4.44089e-16 1.11022e-16 1.11022e-16
threshold=1.2683000000000144 1.273049837017268 1.2709000000000155 1.2599000000000378 1.4345500000000004 1.4440000000000157 1.549699999174601
decision_type=2 2 2 2 2 2 2
left_child=3 2 -2 -1 -3 -6 -7
right_child=1 4 -4 -5 5 6 -8
leaf_value=-0.066687428912890714 0.0037659144298448802 -0.066687428912890701 0.00030824081734532379 -0.066687428912890187 -0.066687428912890437 -0.066687428912890645 -0.066687428912890506
leaf_weight=11.715932987048287 260.30596656724811 5.9415383435552931 234.59704482555389 0.2313399535778452 0.21966790748410847 0.92652701892075107 0.33848933671833947
leaf_count=50188 340 25452 327 991 941 3969 1450
internal_value=-0.000465443 0.00110956 0.00212689 -0.0666874 -0.0666874 -0.0666874 -0.0666874
internal_weight=514.277 502.329 494.903 11.9473 7.42622 1.48468 1.26502
internal_count=83658 32479 667 51179 31812 6360 5419
is_linear=0
shrinkage=0.1


Tree=166
num_leaves=8
num_cat=0
split_feature=2 2 2 2 2 2 2
split_gain=5.36391 3.46463 0.147521 8.88178e-16 4.44089e-16 1.11022e-16 1.11022e-16
threshold=1.2683000000000144 1.273049837017268 1.2709000000000155 1.2599000000000378 1.4345500000000004 1.4440000000000157 1.549699999174601
decision_type=2 2 2 2 2 2 2
left_child=3 2 -2 -1 -3 -6 -7
right_child=1 4 -4 -5 5 6 -8
leaf_value=0.066687428912890714 -0.0037659144298448802 0.066687428912890701 -0.00030824081734532379 0.066687428912890187 0.066687428912890437 0.066687428912890645 0.066687428912890506
leaf_weight=11.715932987048287 260.30596656724811 5.9415383435552931 234.59704482555389 0.2313399535778452 0.21966790748410847 0.92652701892075107 0.33848933671833947
leaf_count=50188 340 25452 327 991 941 3969 1450
internal_value=0.000465443 -0.00110956 -0.00212689 0.0666874 0.0666874 0.0666874 0.0666874
internal_weight=514.277 502.329 494.903 11.9473 7.42622 1.48468 1.26502
internal_count=83658 32479 667 51179 31812 6360 5419
is_linear=0
shrinkage=0.1


Tree=167
num_leaves=1
num_cat=0
split_feature=
split_gain=
threshold=
decision_type=
left_child=
right_child=
leaf_value=0
leaf_weight=
leaf_count=83658
internal_value=
internal_weight=
internal_count=
is_linear=0
shrinkage=1


Tree=168
num_leaves=9
num_cat=0
split_feature=2 2 2 2 2 2 2 2
split_gain=4.68648 3.01326 0.112316 8.88178e-16 8.88178e-16 4.44089e-16 1.11022e-16 1.11022e-16
threshold=1.2683000000000144 1.273049837017268 1.2709000000000155 1.2523000000000448 1.1849608424901918 1.183805022410126 1.2455498490557655 1.1860000000000028
decision_type=2 2 2 2 2 2 2 2
left_child=3 2 -2 4 5 -1 7 -6
right_child=1 -3 -4 -5 6 -7 -8 -9
leaf_value=-0.066684836201748129 0.00329012816856836 -0.066684836201748074 0.00026730946098896209 -0.066684836201747727 -0.066684836201746298 -0.066684836201746298 -0.06668483620174763 -0.066684836201748032
leaf_weight=8.4941330187575588 258.37031311681494 6.4994674586341707 234.46544732153416 0.33506622130516994 0.066604626917979526 0.066196009574924441 0.13402648852206756 1.3602871350303756
leaf_count=41575 340 31812 327 1640 326 324 656 6658
internal_value=-0.000427522 0.000959937 0.00185203 -0.0666848 -0.0666848 -0.0666848 -0.0666848 -0.0666848
internal_weight=509.792 499.335 492.836 10.4563 10.1212 8.56033 1.56092 1.42689
internal_count=83658 32479 667 51179 49539 41899 7640 6984
is_linear=0
shrinkage=0.1


Tree=169
num_leaves=9
num_cat=0
split_feature=2 2 2 2 2 2 2 2
split_gain=4.68648 3.01326 0.112316 8.88178e-16 8.88178e-16 4.44089e-16 1.11022e-16 1.11022e-16
threshold=1.2683000000000144 1.273049837017268 1.2709000000000155 1.2523000000000448 1.1849608424901918 1.183805022410126 1.2455498490557655 1.1860000000000028
decision_type=2 2 2 2 2 2 2 2
left_child=3 2 -2 4 5 -1 7 -6
right_child=1 -3 -4 -5 6 -7 -8 -9
leaf_value=0.066684836201748129 -0.00329012816856836 0.066684836201748074 -0.00026730946098896209 0.066684836201747727 0.066684836201746298 0.066684836201746298 0.06668483620174763 0.066684836201748032
leaf_weight=8.4941330187575588 258.37031311681494 6.4994674586341707 234.46544732153416 0.33506622130516994 0.066604626917979526 0.066196009574924441 0.13402648852206756 1.3602871350303756
leaf_count=41575 340 31812 327 1640 326 324 656 6658
internal_value=0.000427522 -0.000959937 -0.00185203 0.0666848 0.0666848 0.0666848 0.0666848 0.0666848
internal_weight=509.792 499.335 492.836 10.4563 10.1212 8.56033 1.56092 1.42689
internal_count=83658 32479 667 51179 49539 41899 7640 6984
is_linear=0
shrinkage=0.1


Tree=170
num_leaves=1
num_cat=0
split_feature=
split_gain=
threshold=
decision_type=
left_child=
right_child=
leaf_value=0
leaf_weight=
leaf_count=83658
internal_value=
internal_weight=
internal_count=
is_linear=0
shrinkage=1


Tree=171
num_leaves=6
num_cat=0
split_feature=2 2 2 2 2
split_gain=4.09565 2.62272 0.0853658 8.88178e-16 4.44089e-16
threshold=1.2683000000000144 1.273049837017268 1.2709000000000155 1.2662001000158585 1.4345500000000004
decision_type=2 2 2 2 2
left_child=3 2 -2 -1 -3
right_child=1 4 -4 -5 -6
leaf_value=-0.066682567250190825 0.0028715364256720385 -0.066682567250190825 0.000231788213826569 -0.066682567250188812 -0.066682567250190769
leaf_weight=9.0925472271919681 256.69088125182316 4.5511015147785647 234.35135676711798 0.058828869965510289 1.1372389452299101
leaf_count=50850 340 25452 327 329 6360
internal_value=-0.000391659 0.000829633 0.00161171 -0.0666826 -0.0666826
internal_weight=505.882 496.731 491.042 9.15138 5.68834
internal_count=83658 32479 667 51179 31812
is_linear=0
shrinkage=0.1


Tree=172
num_leaves=6
num_cat=0
split_feature=2 2 2 2 2
split_gain=4.09565 2.62272 0.0853658 8.88178e-16 4.44089e-16
threshold=1.2683000000000144 1.273049837017268 1.2709000000000155 1.2662001000158585 1.4345500000000004
decision_type=2 2 2 2 2
left_child=3 2 -2 -1 -3
right_child=1 4 -4 -5 -6
leaf_value=0.066682567250190825 -0.0028715364256720385 0.066682567250190825 -0.000231788213826569 0.066682567250188812 0.066682567250190769
leaf_weight=9.0925472271919681 256.69088125182316 4.5511015147785647 234.35135676711798 0.058828869965510289 1.1372389452299101
leaf_count=50850 340 25452 327 329 6360
internal_value=0.000391659 -0.000829633 -0.00161171 0.0666826 0.0666826
internal_weight=505.882 496.731 491.042 9.15138 5.68834
internal_count=83658 32479 667 51179 31812
is_linear=0
shrinkage=0.1


Tree=173
num_leaves=1
num_cat=0
split_feature=
split_gain=
threshold=
decision_type=
left_child=
right_child=
leaf_value=0
leaf_weight=
leaf_count=83658
internal_value=
internal_weight=
internal_count=
is_linear=0
shrinkage=1


Tree=174
num_leaves=5
num_cat=0
split_feature=2 2 2 2
split_gain=3.5801 2.28437 0.0647839 4.44089e-16
threshold=1.2683000000000144 1.273049837017268 1.2709000000000155 1.5673000000040036
decision_type=2 2 2 2
left_child=-1 2 -2 -3
right_child=1 3 -4 -5
leaf_value=-0.066680583630990539 0.0025039641505563369 -0.066680583630990539 0.00020097128149072871 -0.066680583630990095
leaf_weight=8.0092624371027323 255.2339577791281 4.8447751329222219 234.25247145444155 0.13364681063103478
leaf_count=51179 340 30958 327 854
internal_value=-0.000357932 0.000716351 0.00140183 -0.0666806
internal_weight=502.474 494.465 489.486 4.97842
internal_count=83658 32479 667 31812
is_linear=0
shrinkage=0.1


Tree=175
num_leaves=5
num_cat=0
split_feature=2 2 2 2
split_gain=3.5801 2.28437 0.0647839 4.44089e-16
threshold=1.2683000000000144 1.273049837017268 1.2709000000000155 1.5673000000040036
decision_type=2 2 2 2
left_child=-1 2 -2 -3
right_child=1 3 -4 -5
leaf_value=0.066680583630990539 -0.0025039641505563369 0.066680583630990539 -0.00020097128149072871 0.066680583630990095
leaf_weight=8.0092624371027323 255.2339577791281 4.8447751329222219 234.25247145444155 0.13364681063103478
leaf_count=51179 340 30958 327 854
internal_value=0.000357932 -0.000716351 -0.00140183 0.0666806
internal_weight=502.474 494.465 489.486 4.97842
internal_count=83658 32479 667 31812
is_linear=0
shrinkage=0.1


Tree=176
num_leaves=1
num_cat=0
split_feature=
split_gain=
threshold=
decision_type=
left_child=
right_child=
leaf_value=0
leaf_weight=
leaf_count=83658
internal_value=
internal_weight=
internal_count=
is_linear=0
shrinkage=1


Tree=177
num_leaves=5
num_cat=0
split_feature=2 2 2 2
split_gain=3.13003 1.99088 0.049099 2.22045e-16
threshold=1.2683000000000144 1.273049837017268 1.2709000000000155 1.5391000000000001
decision_type=2 2 2 2
left_child=-1 2 -2 -3
right_child=1 3 -4 -5
leaf_value=-0.066678842520418724 0.0021817326770101654 -0.066678842520418724 0.00017424359573201074 -0.066678842520418488
leaf_weight=7.0096631201013215 253.97021190356463 4.1187711629318065 234.16677890717983 0.23831676720874373
leaf_count=51179 340 30072 327 1740
internal_value=-0.000326373 0.000618021 0.00121871 -0.0666788
internal_weight=499.504 492.494 488.137 4.35709
internal_count=83658 32479 667 31812
is_linear=0
shrinkage=0.1


Tree=178
num_leaves=5
num_cat=0
split_feature=2 2 2 2
split_gain=3.13003 1.99088 0.049099 2.22045e-16
threshold=1.2683000000000144 1.273049837017268 1.2709000000000155 1.5391000000000001
decision_type=2 2 2 2
left_child=-1 2 -2 -3
right_child=1 3 -4 -5
leaf_value=0.066678842520418724 -0.0021817326770101654 0.066678842520418724 -0.00017424359573201074 0.066678842520418488
leaf_weight=7.0096631201013215 253.97021190356463 4.1187711629318065 234.16677890717983 0.23831676720874373
leaf_count=51179 340 30072 327 1740
internal_value=0.000326373 -0.000618021 -0.00121871 0.0666788
internal_weight=499.504 492.494 488.137 4.35709
internal_count=83658 32479 667 31812
is_linear=0
shrinkage=0.1


Tree=179
num_leaves=1
num_cat=0
split_feature=
split_gain=
threshold=
decision_type=
left_child=
right_child=
leaf_value=0
leaf_weight=
leaf_count=83658
internal_value=
internal_weight=
internal_count=
is_linear=0
shrinkage=1


Tree=180
num_leaves=8
num_cat=0
split_feature=2 2 2 2 2 2 2
split_gain=2.737 1.73603 0.0371682 4.44089e-16 4.44089e-16 2.22045e-16 1.38778e-17
threshold=1.2683000000000144 1.273049837017268 1.2709000000000155 1.256399998552779 1.0679299699963607 1.4906000000043487 1.2662001000158585
decision_type=2 2 2 2 2 2 2
left_child=3 2 -2 4 -1 -3 -5
right_child=1 5 -4 6 -6 -7 -8
leaf_value=-0.066677325410414753 0.0018996632780576084 -0.066677325410414739 0.00015106659240942863 -0.066677325410414254 -0.066677325410414739 -0.066677325410414531 -0.06667732541041306
leaf_weight=0.8429222404374731 252.87416894524358 3.5325538148026676 234.09249120205641 0.11855092374753429 5.1338903065552586 0.28073434116959095 0.039437061590433586
leaf_count=7032 340 29470 327 989 42829 2342 329
internal_value=-0.000296978 0.000532784 0.00105909 -0.0666773 -0.0666773 -0.0666773 -0.0666773
internal_weight=496.915 490.78 486.967 6.1348 5.97681 3.81329 0.157988
internal_count=83658 32479 667 51179 49861 31812 1318
is_linear=0
shrinkage=0.1


Tree=181
num_leaves=8
num_cat=0
split_feature=2 2 2 2 2 2 2
split_gain=2.737 1.73603 0.0371682 4.44089e-16 4.44089e-16 2.22045e-16 1.38778e-17
threshold=1.2683000000000144 1.273049837017268 1.2709000000000155 1.256399998552779 1.0679299699963607 1.4906000000043487 1.2662001000158585
decision_type=2 2 2 2 2 2 2
left_child=3 2 -2 4 -1 -3 -5
right_child=1 5 -4 6 -6 -7 -8
leaf_value=0.066677325410414753 -0.0018996632780576084 0.066677325410414739 -0.00015106659240942863 0.066677325410414254 0.066677325410414739 0.066677325410414531 0.06667732541041306
leaf_weight=0.8429222404374731 252.87416894524358 3.5325538148026676 234.09249120205641 0.11855092374753429 5.1338903065552586 0.28073434116959095 0.039437061590433586
leaf_count=7032 340 29470 327 989 42829 2342 329
internal_value=0.000296978 -0.000532784 -0.00105909 0.0666773 0.0666773 0.0666773 0.0666773
internal_weight=496.915 490.78 486.967 6.1348 5.97681 3.81329 0.157988
internal_count=83658 32479 667 51179 49861 31812 1318
is_linear=0
shrinkage=0.1


Tree=182
num_leaves=1
num_cat=0
split_feature=
split_gain=
threshold=
decision_type=
left_child=
right_child=
leaf_value=0
leaf_weight=
leaf_count=83658
internal_value=
internal_weight=
internal_count=
is_linear=0
shrinkage=1


Tree=183
num_leaves=4
num_cat=0
split_feature=2 2 2
split_gain=2.39365 1.51451 0.0281081
threshold=1.2683000000000144 1.273049837017268 1.2709000000000155
decision_type=2 2 2
left_child=-1 2 -2
right_child=1 -3 -4
leaf_value=-0.066675992636691231 0.0016530616562230298 -0.066675992636691231 0.00013096005158337682
leaf_weight=5.369113443317473 251.92364140576683 3.3373500236193641 234.02810600399971
leaf_count=51179 340 31812 327
internal_value=-0.000269718 0.000458977 0.000920037
internal_weight=494.658 489.289 485.952
internal_count=83658 32479 667
is_linear=0
shrinkage=0.1


Tree=184
num_leaves=4
num_cat=0
split_feature=2 2 2
split_gain=2.39365 1.51451 0.0281081
threshold=1.2683000000000144 1.273049837017268 1.2709000000000155
decision_type=2 2 2
left_child=-1 2 -2
right_child=1 -3 -4
leaf_value=0.066675992636691231 -0.0016530616562230298 0.066675992636691231 -0.00013096005158337682
leaf_weight=5.369113443317473 251.92364140576683 3.3373500236193641 234.02810600399971
leaf_count=51179 340 31812 327
internal_value=0.000269718 -0.000458977 -0.000920037
internal_weight=494.658 489.289 485.952
internal_count=83658 32479 667
is_linear=0
shrinkage=0.1


Tree=185
num_leaves=1
num_cat=0
split_feature=
split_gain=
threshold=
decision_type=
left_child=
right_child=
leaf_value=0
leaf_weight=
leaf_count=83658
internal_value=
internal_weight=
internal_count=
is_linear=0
shrinkage=1


Tree=186
num_leaves=5
num_cat=0
split_feature=2 2 2 2
split_gain=2.09362 1.3218 0.0212376 4.44089e-16
threshold=1.2683000000000144 1.273049837017268 1.2709000000000155 1.2504000000000246
decision_type=2 2 2 2
left_child=3 2 -2 -1
right_child=1 -3 -4 -5
leaf_value=-0.066674826379588478 0.0014377196670844888 -0.066674826379588478 0.00011352832059324139 -0.066674826379588145
leaf_weight=4.5185656804242162 251.09939151303843 2.9208073195768511 233.97229854017496 0.18041576709947538
leaf_count=49214 340 31812 327 1965
internal_value=-0.000244524 0.000395147 0.000799002 -0.0666748
internal_weight=492.691 487.992 485.072 4.69898
internal_count=83658 32479 667 51179
is_linear=0
shrinkage=0.1


Tree=187
num_leaves=5
num_cat=0
split_feature=2 2 2 2
split_gain=2.09362 1.3218 0.0212376 4.44089e-16
threshold=1.2683000000000144 1.273049837017268 1.2709000000000155 1.2504000000000246
decision_type=2 2 2 2
left_child=3 2 -2 -1
right_child=1 -3 -4 -5
leaf_value=0.066674826379588478 -0.0014377196670844888 0.066674826379588478 -0.00011352832059324139 0.066674826379588145
leaf_weight=4.5185656804242162 251.09939151303843 2.9208073195768511 233.97229854017496 0.18041576709947538
leaf_count=49214 340 31812 327 1965
internal_value=0.000244524 -0.000395147 -0.000799002 0.0666748
internal_weight=492.691 487.992 485.072 4.69898
internal_count=83658 32479 667 51179
is_linear=0
shrinkage=0.1


Tree=188
num_leaves=1
num_cat=0
split_feature=
split_gain=
threshold=
decision_type=
left_child=
right_child=
leaf_value=0
leaf_weight=
leaf_count=83658
internal_value=
internal_weight=
internal_count=
is_linear=0
shrinkage=1


Tree=189
num_leaves=8
num_cat=0
split_feature=2 2 2 2 2 2 2
split_gain=1.83138 1.15403 0.0160339 2.22045e-16 2.22045e-16 2.22045e-16 2.22045e-16
threshold=1.2683000000000144 1.273049837017268 1.2709000000000155 1.058594260201561 1.580600000002071 1.3716000000000204 1.14741
decision_type=2 2 2 2 2 2 2
left_child=3 2 -2 -1 5 -3 -5
right_child=1 4 -4 6 -6 -7 -8
leaf_value=-0.066673809380010982 0.0012498536755928421 -0.066673809380010926 9.8417533094960269e-05 -0.06667380938001094 -0.066673809380008317 -0.066673809380010926 -0.066673809380010926
leaf_weight=0.40402427761000481 250.38466803426854 1.5088233613132613 233.92393442988396 2.3489335089689125 0.022338653376209439 1.0250870543895869 1.3595240160866522
leaf_count=5028 340 18777 327 29232 278 12757 16919
internal_value=-0.00022132 0.000339995 0.000693703 -0.0666738 -0.0666738 -0.0666738 -0.0666738
internal_weight=490.977 486.865 484.309 4.11248 2.55625 2.53391 3.70846
internal_count=83658 32479 667 51179 31812 31534 46151
is_linear=0
shrinkage=0.1


Tree=190
num_leaves=8
num_cat=0
split_feature=2 2 2 2 2 2 2
split_gain=1.83138 1.15403 0.0160339 2.22045e-16 2.22045e-16 2.22045e-16 2.22045e-16
threshold=1.2683000000000144 1.273049837017268 1.2709000000000155 1.058594260201561 1.580600000002071 1.3716000000000204 1.14741
decision_type=2 2 2 2 2 2 2
left_child=3 2 -2 -1 5 -3 -5
right_child=1 4 -4 6 -6 -7 -8
leaf_value=0.066673809380010982 -0.0012498536755928421 0.066673809380010926 -9.8417533094960269e-05 0.06667380938001094 0.066673809380008317 0.066673809380010926 0.066673809380010926
leaf_weight=0.40402427761000481 250.38466803426854 1.5088233613132613 233.92393442988396 2.3489335089689125 0.022338653376209439 1.0250870543895869 1.3595240160866522
leaf_count=5028 340 18777 327 29232 278 12757 16919
internal_value=0.00022132 -0.000339995 -0.000693703 0.0666738 0.0666738 0.0666738 0.0666738
internal_weight=490.977 486.865 484.309 4.11248 2.55625 2.53391 3.70846
internal_count=83658 32479 667 51179 31812 31534 46151
is_linear=0
shrinkage=0.1


Tree=191
num_leaves=1
num_cat=0
split_feature=
split_gain=
threshold=
decision_type=
left_child=
right_child=
leaf_value=0
leaf_weight=
leaf_count=83658
internal_value=
internal_weight=
internal_count=
is_linear=0
shrinkage=1


Tree=192
num_leaves=7
num_cat=0
split_feature=2 2 2 2 2 2
split_gain=1.60213 1.00787 0.0120974 2.22045e-16 2.22045e-16 1.38778e-17
threshold=1.2683000000000144 1.273049837017268 1.2709000000000155 1.1767700000000125 1.4711233021959704 1.5576000000000032
decision_type=2 2 2 2 2 2
left_child=3 2 -2 -1 -3 -6
right_child=1 4 -4 -5 5 -7
leaf_value=-0.066672919186168189 0.0010861042890455827 -0.066672919186168189 8.5305899786797463e-05 -0.06667291918616812 -0.066672919186167842 -0.066672919186167384
leaf_weight=2.7858668277476677 249.76499508880079 1.9865493550314561 233.88202269375324 0.81331220939318871 0.16927302101248631 0.081366383594286162
leaf_count=39614 340 28248 327 11565 2407 1157
internal_value=-0.000200018 0.000292379 0.000602138 -0.0666729 -0.0666729 -0.0666729
internal_weight=489.483 485.884 483.647 3.59918 2.23719 0.250639
internal_count=83658 32479 667 51179 31812 3564
is_linear=0
shrinkage=0.1


Tree=193
num_leaves=7
num_cat=0
split_feature=2 2 2 2 2 2
split_gain=1.60213 1.00787 0.0120974 2.22045e-16 2.22045e-16 1.38778e-17
threshold=1.2683000000000144 1.273049837017268 1.2709000000000155 1.1767700000000125 1.4711233021959704 1.5576000000000032
decision_type=2 2 2 2 2 2
left_child=3 2 -2 -1 -3 -6
right_child=1 4 -4 -5 5 -7
leaf_value=0.066672919186168189 -0.0010861042890455827 0.066672919186168189 -8.5305899786797463e-05 0.06667291918616812 0.066672919186167842 0.066672919186167384
leaf_weight=2.7858668277476677 249.76499508880079 1.9865493550314561 233.88202269375324 0.81331220939318871 0.16927302101248631 0.081366383594286162
leaf_count=39614 340 28248 327 11565 2407 1157
internal_value=0.000200018 -0.000292379 -0.000602138 0.0666729 0.0666729 0.0666729
internal_weight=489.483 485.884 483.647 3.59918 2.23719 0.250639
internal_count=83658 32479 667 51179 31812 3564
is_linear=0
shrinkage=0.1


Tree=194
num_leaves=1
num_cat=0
split_feature=
split_gain=
threshold=
decision_type=
left_child=
right_child=
leaf_value=0
leaf_weight=
leaf_count=83658
internal_value=
internal_weight=
internal_count=
is_linear=0
shrinkage=1


Tree=195
num_leaves=8
num_cat=0
split_feature=2 2 2 2 2 2 2
split_gain=1.40168 0.88047 0.00912176 1.11022e-16 1.11022e-16 2.77556e-17 2.77556e-17
threshold=1.2683000000000144 1.273049837017268 1.2709000000000155 1.4132000000000005 1.3016000000000008 1.5673000000040036 1.4752000000000163
decision_type=2 2 2 2 2 2 2
left_child=-1 2 -2 4 -3 6 -5
right_child=1 3 -4 5 -6 -7 -8
leaf_value=-0.066672140110710154 0.00094347469351891214 -0.066672140110710154 7.3947903707853195e-05 -0.066672140110709974 -0.066672140110710112 -0.066672140110708891 -0.06667214011070971
leaf_weight=3.1499398790401747 249.22775130579248 0.26988581976183823 233.84568523615599 0.32786357169243263 1.1591242060603688 0.052561571283149533 0.14851413525320822
leaf_count=51179 340 4385 327 5327 18833 854 2413
internal_value=-0.00018051 0.000251307 0.000522555 -0.0666721 -0.0666721 -0.0666721 -0.0666721
internal_weight=488.181 485.031 483.073 1.95795 1.42901 0.528939 0.476378
internal_count=83658 32479 667 31812 23218 8594 7740
is_linear=0
shrinkage=0.1


Tree=196
num_leaves=8
num_cat=0
split_feature=2 2 2 2 2 2 2
split_gain=1.40168 0.88047 0.00912176 1.11022e-16 1.11022e-16 2.77556e-17 2.77556e-17
threshold=1.2683000000000144 1.273049837017268 1.2709000000000155 1.4132000000000005 1.3016000000000008 1.5673000000040036 1.4752000000000163
decision_type=2 2 2 2 2 2 2
left_child=-1 2 -2 4 -3 6 -5
right_child=1 3 -4 5 -6 -7 -8
leaf_value=0.066672140110710154 -0.00094347469351891214 0.066672140110710154 -7.3947903707853195e-05 0.066672140110709974 0.066672140110710112 0.066672140110708891 0.06667214011070971
leaf_weight=3.1499398790401747 249.22775130579248 0.26988581976183823 233.84568523615599 0.32786357169243263 1.1591242060603688 0.052561571283149533 0.14851413525320822
leaf_count=51179 340 4385 327 5327 18833 854 2413
internal_value=0.00018051 -0.000251307 -0.000522555 0.0666721 0.0666721 0.0666721 0.0666721
internal_weight=488.181 485.031 483.073 1.95795 1.42901 0.528939 0.476378
internal_count=83658 32479 667 31812 23218 8594 7740
is_linear=0
shrinkage=0.1


Tree=197
num_leaves=1
num_cat=0
split_feature=
split_gain=
threshold=
decision_type=
left_child=
right_child=
leaf_value=0
leaf_weight=
leaf_count=83658
internal_value=
internal_weight=
internal_count=
is_linear=0
shrinkage=1


Tree=198
num_leaves=8
num_cat=0
split_feature=2 2 2 2 2 2 2
split_gain=1.22638 0.769356 0.00687468 2.22045e-16 2.22045e-16 1.11022e-16 5.55112e-17
threshold=1.2683000000000144 1.273049837017268 1.2709000000000155 1.2662001000158585 1.1950119891600228 1.5673000000040036 1.2455498490557655
decision_type=2 2 2 2 2 2 2
left_child=3 2 -2 4 -1 -3 -6
right_child=1 5 -4 -5 6 -7 -8
leaf_value=-0.066671459649757403 0.00081932805228694238 -0.066671459649757445 6.4093818513165298e-05 -0.0666714596497541 -0.066671459649757223 -0.066671459649756154 -0.066671459649756806
leaf_weight=2.346747318693815 248.76198000088334 1.6675603895637312 233.81418857723475 0.017721667038131161 0.2863476655766134 0.046000922950042766 0.10595294548329548
leaf_count=43567 340 30958 327 329 5316 854 1967
internal_value=-0.000162694 0.0002159 0.000453408 -0.0666715 -0.0666715 -0.0666715 -0.0666715
internal_weight=487.046 484.29 482.576 2.75677 2.73905 1.71356 0.392301
internal_count=83658 32479 667 51179 50850 31812 7283
is_linear=0
shrinkage=0.1


Tree=199
num_leaves=8
num_cat=0
split_feature=2 2 2 2 2 2 2
split_gain=1.22638 0.769356 0.00687468 2.22045e-16 2.22045e-16 1.11022e-16 5.55112e-17
threshold=1.2683000000000144 1.273049837017268 1.2709000000000155 1.2662001000158585 1.1950119891600228 1.5673000000040036 1.2455498490557655
decision_type=2 2 2 2 2 2 2
left_child=3 2 -2 4 -1 -3 -6
right_child=1 5 -4 -5 6 -7 -8
leaf_value=0.066671459649757403 -0.00081932805228694238 0.066671459649757445 -6.4093818513165298e-05 0.0666714596497541 0.066671459649757223 0.066671459649756154 0.066671459649756806
leaf_weight=2.346747318693815 248.76198000088334 1.6675603895637312 233.81418857723475 0.017721667038131161 0.2863476655766134 0.046000922950042766 0.10595294548329548
leaf_count=43567 340 30958 327 329 5316 854 1967
internal_value=0.000162694 -0.0002159 -0.000453408 0.0666715 0.0666715 0.0666715 0.0666715
internal_weight=487.046 484.29 482.576 2.75677 2.73905 1.71356 0.392301
internal_count=83658 32479 667 51179 50850 31812 7283
is_linear=0
shrinkage=0.1


Tree=200
num_leaves=1
num_cat=0
split_feature=
split_gain=
threshold=
decision_type=
left_child=
right_child=
leaf_value=0
leaf_weight=
leaf_count=83658
internal_value=
internal_weight=
internal_count=
is_linear=0
shrinkage=1


Tree=201
num_leaves=11
num_cat=0
split_feature=2 2 2 2 2 2 2 2 2 2
split_gain=1.07305 0.672404 0.00517873 2.22045e-16 1.11022e-16 1.11022e-16 5.55112e-17 5.55112e-17 2.77556e-17 3.46945e-18
threshold=1.2683000000000144 1.273049837017268 1.2709000000000155 1.2317000000011735 1.1199899101275415 1.3239205717387401 1.2210100000000017 1.2111000000000005 1.3222000000000007 1.2243000000000055
decision_type=2 2 2 2 2 2 2 2 2 2
left_child=3 2 -2 4 -1 8 7 -6 -3 -8
right_child=1 5 -4 -5 6 -7 9 -9 -10 -11
leaf_value=-0.06667085962097026 0.00071132341542603399 -0.066670859620970302 5.555395160273929e-05 -0.066670859620969955 -0.066670859620970246 -0.06667085962097026 -0.066670859620966236 -0.066670859620969247 -0.066670859620965903 -0.0666708596209689
leaf_weight=1.1937252755596999 248.35817806562409 0.40749392946599883 233.78690726310015 0.17055912040814281 0.92223550927155862 1.0770964021794496 0.016358213040803093 0.062698626352357678 0.015085383784025908 0.04709468250075588
leaf_count=25322 340 8644 327 3618 19563 22848 347 1330 320 999
internal_value=-0.000146462 0.000185397 0.000393348 -0.0666709 -0.0666709 -0.0666709 -0.0666709 -0.0666709 -0.0666709 -0.0666709
internal_weight=486.057 483.645 482.145 2.41267 2.24211 1.49968 1.04839 0.984934 0.422579 0.0634529
internal_count=83658 32479 667 51179 47561 31812 22239 20893 8964 1346
is_linear=0
shrinkage=0.1


Tree=202
num_leaves=11
num_cat=0
split_feature=2 2 2 2 2 2 2 2 2 2
split_gain=1.07305 0.672404 0.00517873 2.22045e-16 1.11022e-16 1.11022e-16 5.55112e-17 5.55112e-17 2.77556e-17 3.46945e-18
threshold=1.2683000000000144 1.273049837017268 1.2709000000000155 1.2317000000011735 1.1199899101275415 1.3239205717387401 1.2210100000000017 1.2111000000000005 1.3222000000000007 1.2243000000000055
decision_type=2 2 2 2 2 2 2 2 2 2
left_child=3 2 -2 4 -1 8 7 -6 -3 -8
right_child=1 5 -4 -5 6 -7 9 -9 -10 -11
leaf_value=0.06667085962097026 -0.00071132341542603399 0.066670859620970302 -5.555395160273929e-05 0.066670859620969955 0.066670859620970246 0.06667085962097026 0.066670859620966236 0.066670859620969247 0.066670859620965903 0.0666708596209689
leaf_weight=1.1937252755596999 248.35817806562409 0.40749392946599883 233.78690726310015 0.17055912040814281 0.92223550927155862 1.0770964021794496 0.016358213040803093 0.062698626352357678 0.015085383784025908 0.04709468250075588
leaf_count=25322 340 8644 327 3618 19563 22848 347 1330 320 999
internal_value=0.000146462 -0.000185397 -0.000393348 0.0666709 0.0666709 0.0666709 0.0666709 0.0666709 0.0666709 0.0666709
internal_weight=486.057 483.645 482.145 2.41267 2.24211 1.49968 1.04839 0.984934 0.422579 0.0634529
internal_count=83658 32479 667 51179 47561 31812 22239 20893 8964 1346
is_linear=0
shrinkage=0.1


Tree=203
num_leaves=1
num_cat=0
split_feature=
split_gain=
threshold=
decision_type=
left_child=
right_child=
leaf_value=0
leaf_weight=
leaf_count=83658
internal_value=
internal_weight=
internal_count=
is_linear=0
shrinkage=1


Tree=204
num_leaves=5
num_cat=0
split_feature=2 2 2 2
split_gain=0.938939 0.587776 0.00389969 1.11022e-16
threshold=1.2683000000000144 1.273049837017268 1.2709000000000155 1.5007000000000086
decision_type=2 2 2 2
left_child=-1 2 -2 -3
right_child=1 3 -4 -5
leaf_value=-0.066670331900923349 0.00061742038215903882 -0.066670331900923349 4.8155476872410269e-05 -0.066670331900922628
leaf_weight=2.1115210843199739 248.00814894842915 1.2286916393859417 233.76325242966413 0.083794121070240979
leaf_count=51179 340 29781 327 2031
internal_value=-0.000131694 0.000159141 0.000341204 -0.0666703
internal_weight=485.195 483.084 481.771 1.31249
internal_count=83658 32479 667 31812
is_linear=0
shrinkage=0.1


Tree=205
num_leaves=5
num_cat=0
split_feature=2 2 2 2
split_gain=0.938939 0.587776 0.00389969 1.11022e-16
threshold=1.2683000000000144 1.273049837017268 1.2709000000000155 1.5007000000000086
decision_type=2 2 2 2
left_child=-1 2 -2 -3
right_child=1 3 -4 -5
leaf_value=0.066670331900923349 -0.00061742038215903882 0.066670331900923349 -4.8155476872410269e-05 0.066670331900922628
leaf_weight=2.1115210843199739 248.00814894842915 1.2286916393859417 233.76325242966413 0.083794121070240979
leaf_count=51179 340 29781 327 2031
internal_value=0.000131694 -0.000159141 -0.000341204 0.0666703
internal_weight=485.195 483.084 481.771 1.31249
internal_count=83658 32479 667 31812
is_linear=0
shrinkage=0.1


Tree=206
num_leaves=1
num_cat=0
split_feature=
split_gain=
threshold=
decision_type=
left_child=
right_child=
leaf_value=0
leaf_weight=
leaf_count=83658
internal_value=
internal_weight=
internal_count=
is_linear=0
shrinkage=1


Tree=207
num_leaves=7
num_cat=0
split_feature=2 2 2 2 2 2
split_gain=0.821616 0.513881 0.00293552 1.11022e-16 1.11022e-16 1.11022e-16
threshold=1.2683000000000144 1.273049837017268 1.2709000000000155 1.2599000000000378 1.1246600000000004 1.5576000000000032
decision_type=2 2 2 2 2 2
left_child=3 2 -2 4 -1 -3
right_child=1 5 -4 -5 -6 -7
leaf_value=-0.066669875662252062 0.00053580418564074103 -0.066669875662252062 4.1743082531255494e-05 -0.066669875662250397 -0.066669875662251979 -0.066669875662250647
leaf_weight=0.98512786786886752 247.70472860150039 1.106883216270943 233.74275849759579 0.035782784776529186 0.8270481183717493 0.041776672034757101
leaf_count=27283 340 30655 327 991 22905 1157
internal_value=-0.000118292 0.000136548 0.000295938 -0.0666699 -0.0666699 -0.0666699
internal_weight=484.444 482.596 481.447 1.84796 1.81218 1.14866
internal_count=83658 32479 667 51179 50188 31812
is_linear=0
shrinkage=0.1


Tree=208
num_leaves=7
num_cat=0
split_feature=2 2 2 2 2 2
split_gain=0.821616 0.513881 0.00293552 1.11022e-16 1.11022e-16 1.11022e-16
threshold=1.2683000000000144 1.273049837017268 1.2709000000000155 1.2599000000000378 1.1246600000000004 1.5576000000000032
decision_type=2 2 2 2 2 2
left_child=3 2 -2 4 -1 -3
right_child=1 5 -4 -5 -6 -7
leaf_value=0.066669875662252062 -0.00053580418564074103 0.066669875662252062 -4.1743082531255494e-05 0.066669875662250397 0.066669875662251979 0.066669875662250647
leaf_weight=0.98512786786886752 247.70472860150039 1.106883216270943 233.74275849759579 0.035782784776529186 0.8270481183717493 0.041776672034757101
leaf_count=27283 340 30655 327 991 22905 1157
internal_value=0.000118292 -0.000136548 -0.000295938 0.0666699 0.0666699 0.0666699
internal_weight=484.444 482.596 481.447 1.84796 1.81218 1.14866
internal_count=83658 32479 667 51179 50188 31812
is_linear=0
shrinkage=0.1


Tree=209
num_leaves=1
num_cat=0
split_feature=
split_gain=
threshold=
decision_type=
left_child=
right_child=
leaf_value=0
leaf_weight=
leaf_count=83658
internal_value=
internal_weight=
internal_count=
is_linear=0
shrinkage=1


Tree=210
num_leaves=5
num_cat=0
split_feature=2 2 2 2
split_gain=0.718974 0.449338 0.00220916 1.11022e-16
threshold=1.2683000000000144 1.273049837017268 1.2709000000000155 1.2377000000006906
decision_type=2 2 2 2
left_child=3 2 -2 -1
right_child=1 -3 -4 -5
leaf_value=-0.066669471837390665 0.00046489499964592879 -0.066669471837390665 3.6176101158922609e-05 -0.066669471837390026
leaf_weight=1.5234391505509837 247.44172207871452 1.0052821310819116 233.72498243302107 0.093854140868643188
leaf_count=48209 340 31812 327 2970
internal_value=-0.000106154 0.000117112 0.000256646 -0.0666695
internal_weight=483.789 482.172 481.167 1.61729
internal_count=83658 32479 667 51179
is_linear=0
shrinkage=0.1


Tree=211
num_leaves=5
num_cat=0
split_feature=2 2 2 2
split_gain=0.718974 0.449338 0.00220916 1.11022e-16
threshold=1.2683000000000144 1.273049837017268 1.2709000000000155 1.2377000000006906
decision_type=2 2 2 2
left_child=3 2 -2 -1
right_child=1 -3 -4 -5
leaf_value=0.066669471837390665 -0.00046489499964592879 0.066669471837390665 -3.6176101158922609e-05 0.066669471837390026
leaf_weight=1.5234391505509837 247.44172207871452 1.0052821310819116 233.72498243302107 0.093854140868643188
leaf_count=48209 340 31812 327 2970
internal_value=0.000106154 -0.000117112 -0.000256646 0.0666695
internal_weight=483.789 482.172 481.167 1.61729
internal_count=83658 32479 667 51179
is_linear=0
shrinkage=0.1


Tree=212
num_leaves=1
num_cat=0
split_feature=
split_gain=
threshold=
decision_type=
left_child=
right_child=
leaf_value=0
leaf_weight=
leaf_count=83658
internal_value=
internal_weight=
internal_count=
is_linear=0
shrinkage=1


Tree=213
num_leaves=6
num_cat=0
split_feature=2 2 2 2 2
split_gain=0.629169 0.392948 0.00166208 1.11022e-16 5.55112e-17
threshold=1.2683000000000144 1.273049837017268 1.2709000000000155 1.1307000000000211 1.1950119891600228
decision_type=2 2 2 2 2
left_child=3 2 -2 -1 -5
right_child=1 -3 -4 4 -6
leaf_value=-0.066669126516523763 0.00040330716400961393 -0.06666912651652375 3.1352874221588134e-05 -0.066669126516523583 -0.06666912651652343
leaf_weight=0.8095535248867225 247.21373538253829 0.87980038035311636 233.70958437025547 0.39534598381578689 0.21051931646070443
leaf_count=29272 340 31812 327 14295 7612
internal_value=-9.51738e-05 0.000100404 0.000222552 -0.0666691 -0.0666691
internal_weight=483.219 481.803 480.923 1.41542 0.605865
internal_count=83658 32479 667 51179 21907
is_linear=0
shrinkage=0.1


Tree=214
num_leaves=6
num_cat=0
split_feature=2 2 2 2 2
split_gain=0.629169 0.392948 0.00166208 1.11022e-16 5.55112e-17
threshold=1.2683000000000144 1.273049837017268 1.2709000000000155 1.1307000000000211 1.1950119891600228
decision_type=2 2 2 2 2
left_child=3 2 -2 -1 -5
right_child=1 -3 -4 4 -6
leaf_value=0.066669126516523763 -0.00040330716400961393 0.06666912651652375 -3.1352874221588134e-05 0.066669126516523583 0.06666912651652343
leaf_weight=0.8095535248867225 247.21373538253829 0.87980038035311636 233.70958437025547 0.39534598381578689 0.21051931646070443
leaf_count=29272 340 31812 327 14295 7612
internal_value=9.51738e-05 -0.000100404 -0.000222552 0.0666691 0.0666691
internal_weight=483.219 481.803 480.923 1.41542 0.605865
internal_count=83658 32479 667 51179 21907
is_linear=0
shrinkage=0.1


Tree=215
num_leaves=1
num_cat=0
split_feature=
split_gain=
threshold=
decision_type=
left_child=
right_child=
leaf_value=0
leaf_weight=
leaf_count=83658
internal_value=
internal_weight=
internal_count=
is_linear=0
shrinkage=1


Tree=216
num_leaves=5
num_cat=0
split_feature=2 2 2 2
split_gain=0.550593 0.34367 0.00125018 5.55112e-17
threshold=1.2683000000000144 1.273049837017268 1.2709000000000155 1.5576000000000032
decision_type=2 2 2 2
left_child=-1 2 -2 -3
right_child=1 3 -4 -5
leaf_value=-0.06666881601641321 0.00034983401495847428 -0.06666881601641321 2.7178165102393711e-05 -0.066668816016410837
leaf_weight=1.2387421277708188 247.01611183211207 0.74197698131683765 233.69624698907137 0.028004154864902375
leaf_count=51179 340 30655 327 1157
internal_value=-8.52524e-05 8.60516e-05 0.000192976 -0.0666688
internal_weight=482.721 481.482 480.712 0.769981
internal_count=83658 32479 667 31812
is_linear=0
shrinkage=0.1


Tree=217
num_leaves=5
num_cat=0
split_feature=2 2 2 2
split_gain=0.550593 0.34367 0.00125018 5.55112e-17
threshold=1.2683000000000144 1.273049837017268 1.2709000000000155 1.5576000000000032
decision_type=2 2 2 2
left_child=-1 2 -2 -3
right_child=1 3 -4 -5
leaf_value=0.06666881601641321 -0.00034983401495847428 0.06666881601641321 -2.7178165102393711e-05 0.066668816016410837
leaf_weight=1.2387421277708188 247.01611183211207 0.74197698131683765 233.69624698907137 0.028004154864902375
leaf_count=51179 340 30655 327 1157
internal_value=8.52524e-05 -8.60516e-05 -0.000192976 0.0666688
internal_weight=482.721 481.482 480.712 0.769981
internal_count=83658 32479 667 31812
is_linear=0
shrinkage=0.1


Tree=218
num_leaves=1
num_cat=0
split_feature=
split_gain=
threshold=
decision_type=
left_child=
right_child=
leaf_value=0
leaf_weight=
leaf_count=83658
internal_value=
internal_weight=
internal_count=
is_linear=0
shrinkage=1


Tree=219
num_leaves=6
num_cat=0
split_feature=2 2 2 2 2
split_gain=0.481838 0.00267411 0.298864 1.11022e-16 5.55112e-17
threshold=1.2683000000000144 1.2709000000000155 1.273049837017268 1.2662001000158585 1.2631000000000006
decision_type=2 2 2 2 2
left_child=3 -2 -3 4 -1
right_child=1 2 -4 -5 -6
leaf_value=-0.066668547236566969 0.00030341506803332422 2.3550122029656694e-05 -0.066668547236566941 -0.066668547236556325 -0.066668547236556061
leaf_weight=1.0703492439897657 246.84482677606866 233.68468348681927 0.67386946406622783 0.0069691642675026024 0.0067997013065906877
leaf_count=50529 340 327 31812 329 321
internal_value=-7.63087e-05 7.3719e-05 -0.000168215 -0.0666685 -0.0666685
internal_weight=482.287 481.203 234.359 1.08412 1.07715
internal_count=83658 32479 32139 51179 50850
is_linear=0
shrinkage=0.1


Tree=220
num_leaves=6
num_cat=0
split_feature=2 2 2 2 2
split_gain=0.481838 0.00267411 0.298864 1.11022e-16 5.55112e-17
threshold=1.2683000000000144 1.2709000000000155 1.273049837017268 1.2662001000158585 1.2631000000000006
decision_type=2 2 2 2 2
left_child=3 -2 -3 4 -1
right_child=1 2 -4 -5 -6
leaf_value=0.066668547236566969 -0.00030341506803332422 -2.3550122029656694e-05 0.066668547236566941 0.066668547236556325 0.066668547236556061
leaf_weight=1.0703492439897657 246.84482677606866 233.68468348681927 0.67386946406622783 0.0069691642675026024 0.0067997013065906877
leaf_count=50529 340 327 31812 329 321
internal_value=7.63087e-05 -7.3719e-05 0.000168215 0.0666685 0.0666685
internal_weight=482.287 481.203 234.359 1.08412 1.07715
internal_count=83658 32479 32139 51179 50850
is_linear=0
shrinkage=0.1


Tree=221
num_leaves=1
num_cat=0
split_feature=
split_gain=
threshold=
decision_type=
left_child=
right_child=
leaf_value=0
leaf_weight=
leaf_count=83658
internal_value=
internal_weight=
internal_count=
is_linear=0
shrinkage=1


Tree=222
num_leaves=8
num_cat=0
split_feature=2 2 2 2 2 2 2
split_gain=0.421675 0.00202587 0.261626 5.55112e-17 5.55112e-17 5.55112e-17 3.46945e-18
threshold=1.2683000000000144 1.2709000000000155 1.273049837017268 1.2662001000158585 1.2410200000000045 1.3603000000000007 1.2455498490557655
decision_type=2 2 2 2 2 2 2
left_child=3 -2 -3 4 -1 -4 -6
right_child=1 2 5 -5 6 -7 -8
leaf_value=-0.066668316688877377 0.00026313167772848927 2.0412532735400441e-05 -0.066668316688877377 -0.066668316688866455 -0.066668316688867135 -0.066668316688877141 -0.066668316688875559
leaf_weight=0.8997222976613547 246.6963615543209 233.67465283721685 0.29841815349573053 0.0060992465987510505 0.0065070989548985372 0.29133635349353426 0.036465708388277562
leaf_count=48532 340 327 16097 329 351 15715 1967
internal_value=-6.82471e-05 6.31353e-05 -0.000147475 -0.0666683 -0.0666683 -0.0666683 -0.0666683
internal_weight=481.91 480.961 234.264 0.948794 0.942695 0.589755 0.0429728
internal_count=83658 32479 32139 51179 50850 31812 2318
is_linear=0
shrinkage=0.1


Tree=223
num_leaves=8
num_cat=0
split_feature=2 2 2 2 2 2 2
split_gain=0.421675 0.00202587 0.261626 5.55112e-17 5.55112e-17 5.55112e-17 3.46945e-18
threshold=1.2683000000000144 1.2709000000000155 1.273049837017268 1.2662001000158585 1.2410200000000045 1.3603000000000007 1.2455498490557655
decision_type=2 2 2 2 2 2 2
left_child=3 -2 -3 4 -1 -4 -6
right_child=1 2 5 -5 6 -7 -8
leaf_value=0.066668316688877377 -0.00026313167772848927 -2.0412532735400441e-05 0.066668316688877377 0.066668316688866455 0.066668316688867135 0.066668316688877141 0.066668316688875559
leaf_weight=0.8997222976613547 246.6963615543209 233.67465283721685 0.29841815349573053 0.0060992465987510505 0.0065070989548985372 0.29133635349353426 0.036465708388277562
leaf_count=48532 340 327 16097 329 351 15715 1967
internal_value=6.82471e-05 -6.31353e-05 0.000147475 0.0666683 0.0666683 0.0666683 0.0666683
internal_weight=481.91 480.961 234.264 0.948794 0.942695 0.589755 0.0429728
internal_count=83658 32479 32139 51179 50850 31812 2318
is_linear=0
shrinkage=0.1


Tree=224
num_leaves=1
num_cat=0
split_feature=
split_gain=
threshold=
decision_type=
left_child=
right_child=
leaf_value=0
leaf_weight=
leaf_count=83658
internal_value=
internal_weight=
internal_count=
is_linear=0
shrinkage=1


Tree=225
num_leaves=6
num_cat=0
split_feature=2 2 2 2 2
split_gain=0.369027 0.00153468 0.229021 5.55112e-17 2.77556e-17
threshold=1.2683000000000144 1.2709000000000155 1.273049837017268 1.2662001000158585 1.580600000002071
decision_type=2 2 2 2 2
left_child=3 -2 -3 -1 -4
right_child=1 2 4 -5 -6
leaf_value=-0.066668111051155762 0.0002281747543725927 1.7693704805978687e-05 -0.066668111051155762 -0.066668111051143286 -0.066668111051140996
leaf_weight=0.82502394589027872 246.56768175121397 233.66596343368292 0.51162841906989243 0.0053379130422399603 0.0045104553973942521
leaf_count=50850 340 327 31534 329 278
internal_value=-6.09945e-05 5.40508e-05 -0.000129282 -0.0666681 -0.0666681
internal_weight=481.58 480.75 234.182 0.830362 0.516139
internal_count=83658 32479 32139 51179 31812
is_linear=0
shrinkage=0.1


Tree=226
num_leaves=6
num_cat=0
split_feature=2 2 2 2 2
split_gain=0.369027 0.00153468 0.229021 5.55112e-17 2.77556e-17
threshold=1.2683000000000144 1.2709000000000155 1.273049837017268 1.2662001000158585 1.580600000002071
decision_type=2 2 2 2 2
left_child=3 -2 -3 -1 -4
right_child=1 2 4 -5 -6
leaf_value=0.066668111051155762 -0.0002281747543725927 -1.7693704805978687e-05 0.066668111051155762 0.066668111051143286 0.066668111051140996
leaf_weight=0.82502394589027872 246.56768175121397 233.66596343368292 0.51162841906989243 0.0053379130422399603 0.0045104553973942521
leaf_count=50850 340 327 31534 329 278
internal_value=6.09945e-05 -5.40508e-05 0.000129282 0.0666681 0.0666681
internal_weight=481.58 480.75 234.182 0.830362 0.516139
internal_count=83658 32479 32139 51179 31812
is_linear=0
shrinkage=0.1


Tree=227
num_leaves=1
num_cat=0
split_feature=
split_gain=
threshold=
decision_type=
left_child=
right_child=
leaf_value=0
leaf_weight=
leaf_count=83658
internal_value=
internal_weight=
internal_count=
is_linear=0
shrinkage=1


Tree=228
num_leaves=6
num_cat=0
split_feature=2 2 2 2 2
split_gain=0.322956 0.00116257 0.200473 5.55112e-17 2.77556e-17
threshold=1.2683000000000144 1.2709000000000155 1.273049837017268 1.2523000000000448 1.4440000000000157
decision_type=2 2 2 2 2
left_child=3 -2 -3 -1 -4
right_child=1 2 4 -5 -6
leaf_value=-0.06666792634639801 0.00019784892337828706 1.533734224454605e-05 -0.06666792634639801 -0.066667926346395151 -0.066667926346397149
leaf_weight=0.70342536485077189 246.45615373179317 233.65844014286995 0.37476545054414501 0.023287058647838421 0.076946689519900247
leaf_count=49539 340 327 26393 1640 5419
internal_value=-5.44748e-05 4.62581e-05 -0.000113327 -0.0666679 -0.0666679
internal_weight=481.293 480.566 234.11 0.726712 0.451712
internal_count=83658 32479 32139 51179 31812
is_linear=0
shrinkage=0.1


Tree=229
num_leaves=6
num_cat=0
split_feature=2 2 2 2 2
split_gain=0.322956 0.00116257 0.200473 5.55112e-17 2.77556e-17
threshold=1.2683000000000144 1.2709000000000155 1.273049837017268 1.2523000000000448 1.4440000000000157
decision_type=2 2 2 2 2
left_child=3 -2 -3 -1 -4
right_child=1 2 4 -5 -6
leaf_value=0.06666792634639801 -0.00019784892337828706 -1.533734224454605e-05 0.06666792634639801 0.066667926346395151 0.066667926346397149
leaf_weight=0.70342536485077189 246.45615373179317 233.65844014286995 0.37476545054414501 0.023287058647838421 0.076946689519900247
leaf_count=49539 340 327 26393 1640 5419
internal_value=5.44748e-05 -4.62581e-05 0.000113327 0.0666679 0.0666679
internal_weight=481.293 480.566 234.11 0.726712 0.451712
internal_count=83658 32479 32139 51179 31812
is_linear=0
shrinkage=0.1


Tree=230
num_leaves=1
num_cat=0
split_feature=
split_gain=
threshold=
decision_type=
left_child=
right_child=
leaf_value=0
leaf_weight=
leaf_count=83658
internal_value=
internal_weight=
internal_count=
is_linear=0
shrinkage=1


Tree=231
num_leaves=6
num_cat=0
split_feature=2 2 2 2 2
split_gain=0.282638 0.000880672 0.17548 5.55112e-17 2.77556e-17
threshold=1.2683000000000144 1.2709000000000155 1.273049837017268 1.2317000000011735 1.5743000000000391
decision_type=2 2 2 2 2
left_child=3 -2 -3 -1 -4
right_child=1 2 4 -5 -6
leaf_value=-0.066667774231050858 0.00017154218333071476 1.329365325984701e-05 -0.066667774231050858 -0.066667774231049387 -0.066667774231041449
leaf_weight=0.59103985496676514 246.35948062688112 233.65190783143044 0.3882563064007617 0.044960833356526564 0.0070709547208025461
leaf_count=47561 340 327 31243 3618 569
internal_value=-4.86219e-05 3.95738e-05 -9.93368e-05 -0.0666678 -0.0666678
internal_weight=481.043 480.407 234.047 0.636001 0.395327
internal_count=83658 32479 32139 51179 31812
is_linear=0
shrinkage=0.1


Tree=232
num_leaves=6
num_cat=0
split_feature=2 2 2 2 2
split_gain=0.282638 0.000880672 0.17548 5.55112e-17 2.77556e-17
threshold=1.2683000000000144 1.2709000000000155 1.273049837017268 1.2317000000011735 1.5743000000000391
decision_type=2 2 2 2 2
left_child=3 -2 -3 -1 -4
right_child=1 2 4 -5 -6
leaf_value=0.066667774231050858 -0.00017154218333071476 -1.329365325984701e-05 0.066667774231050858 0.066667774231049387 0.066667774231041449
leaf_weight=0.59103985496676514 246.35948062688112 233.65190783143044 0.3882563064007617 0.044960833356526564 0.0070709547208025461
leaf_count=47561 340 327 31243 3618 569
internal_value=4.86219e-05 -3.95738e-05 9.93368e-05 0.0666678 0.0666678
internal_weight=481.043 480.407 234.047 0.636001 0.395327
internal_count=83658 32479 32139 51179 31812
is_linear=0
shrinkage=0.1


Tree=233
num_leaves=1
num_cat=0
split_feature=
split_gain=
threshold=
decision_type=
left_child=
right_child=
leaf_value=0
leaf_weight=
leaf_count=83658
internal_value=
internal_weight=
internal_count=
is_linear=0
shrinkage=1


Tree=234
num_leaves=5
num_cat=0
split_feature=2 2 2 2
split_gain=0.247355 0.000667129 2.77556e-17 2.77556e-17
threshold=1.2683000000000144 1.2709000000000155 1.1978809719763734 1.1645500000000717
decision_type=2 2 2 2
left_child=2 -2 3 -1
right_child=1 -3 -4 -5
leaf_value=-0.066667631149045559 0.00014872053997010536 -8.7074705167658532e-05 -0.066667631149044712 -0.066667631149044726
leaf_weight=0.39796682227461033 246.27570286928676 233.99223417284884 0.079262740509875584 0.079382374174201686
leaf_count=36592 340 32139 7288 7299
internal_value=-4.33766e-05 3.38383e-05 -0.0666676 -0.0666676
internal_weight=480.825 480.268 0.556612 0.477349
internal_count=83658 32479 51179 43891
is_linear=0
shrinkage=0.1


Tree=235
num_leaves=5
num_cat=0
split_feature=2 2 2 2
split_gain=0.247355 0.000667129 2.77556e-17 2.77556e-17
threshold=1.2683000000000144 1.2709000000000155 1.1978809719763734 1.1645500000000717
decision_type=2 2 2 2
left_child=2 -2 3 -1
right_child=1 -3 -4 -5
leaf_value=0.066667631149045559 -0.00014872053997010536 8.7074705167658532e-05 0.066667631149044712 0.066667631149044726
leaf_weight=0.39796682227461033 246.27570286928676 233.99223417284884 0.079262740509875584 0.079382374174201686
leaf_count=36592 340 32139 7288 7299
internal_value=4.33766e-05 -3.38383e-05 0.0666676 0.0666676
internal_weight=480.825 480.268 0.556612 0.477349
internal_count=83658 32479 51179 43891
is_linear=0
shrinkage=0.1


Tree=236
num_leaves=1
num_cat=0
split_feature=
split_gain=
threshold=
decision_type=
left_child=
right_child=
leaf_value=0
leaf_weight=
leaf_count=83658
internal_value=
internal_weight=
internal_count=
is_linear=0
shrinkage=1


Tree=237
num_leaves=5
num_cat=0
split_feature=2 2 2 2
split_gain=0.21648 0.00050121 2.77556e-17 2.77556e-17
threshold=1.2683000000000144 1.2709000000000155 1.2599000000000378 1.2111000000000005
decision_type=2 2 2 2
left_child=2 -2 3 -1
right_child=1 -3 -4 -5
leaf_value=-0.066667513903927875 0.00012893585243837751 -7.545146298516955e-05 -0.066667513903920825 -0.066667513903926556
leaf_weight=0.42722507749203842 246.20309267682023 234.0292295843974 0.0094325510035560001 0.050475093816203298
leaf_count=44885 340 32139 991 5303
internal_value=-3.82538e-05 2.93328e-05 -0.0666675 -0.0666675
internal_weight=480.719 480.232 0.487133 0.4777
internal_count=83658 32479 51179 50188
is_linear=0
shrinkage=0.1


Tree=238
num_leaves=5
num_cat=0
split_feature=2 2 2 2
split_gain=0.21648 0.00050121 2.77556e-17 2.77556e-17
threshold=1.2683000000000144 1.2709000000000155 1.2599000000000378 1.2111000000000005
decision_type=2 2 2 2
left_child=2 -2 3 -1
right_child=1 -3 -4 -5
leaf_value=0.066667513903927875 -0.00012893585243837751 7.545146298516955e-05 0.066667513903920825 0.066667513903926556
leaf_weight=0.42722507749203842 246.20309267682023 234.0292295843974 0.0094325510035560001 0.050475093816203298
leaf_count=44885 340 32139 991 5303
internal_value=3.82538e-05 -2.93328e-05 0.0666675 0.0666675
internal_weight=480.719 480.232 0.487133 0.4777
internal_count=83658 32479 51179 50188
is_linear=0
shrinkage=0.1


Tree=239
num_leaves=1
num_cat=0
split_feature=
split_gain=
threshold=
decision_type=
left_child=
right_child=
leaf_value=0
leaf_weight=
leaf_count=83658
internal_value=
internal_weight=
internal_count=
is_linear=0
shrinkage=1


Tree=240
num_leaves=7
num_cat=0
split_feature=2 2 2 2 2 2
split_gain=0.189459 0.000376507 2.77556e-17 2.77556e-17 8.67362e-19 8.67362e-19
threshold=1.2683000000000144 1.2709000000000155 1.2523000000000448 1.1214499999999996 1.2662001000158585 1.2631000000000006
decision_type=2 2 2 2 2 2
left_child=2 -2 3 -1 5 -4
right_child=1 -3 4 -5 -6 -7
leaf_value=-0.066667403643306797 0.00011177280524631037 -6.5377637906268465e-05 -0.06666740364329872 -0.066667403643306464 -0.066667403643282455 -0.066667403643281845
leaf_weight=0.21636602187572762 246.14015397569165 234.06128302912111 0.008246799170592567 0.19629881056062004 0.0027406029566918741 0.0026739621553133483
leaf_count=25974 340 32139 990 23565 329 321
internal_value=-3.37323e-05 2.54256e-05 -0.0666674 -0.0666674 -0.0666674 -0.0666674
internal_weight=480.628 480.201 0.426326 0.412665 0.0136614 0.0109208
internal_count=83658 32479 51179 49539 1640 1311
is_linear=0
shrinkage=0.1


Tree=241
num_leaves=7
num_cat=0
split_feature=2 2 2 2 2 2
split_gain=0.189459 0.000376507 2.77556e-17 2.77556e-17 8.67362e-19 8.67362e-19
threshold=1.2683000000000144 1.2709000000000155 1.2523000000000448 1.1214499999999996 1.2662001000158585 1.2631000000000006
decision_type=2 2 2 2 2 2
left_child=2 -2 3 -1 5 -4
right_child=1 -3 4 -5 -6 -7
leaf_value=0.066667403643306797 -0.00011177280524631037 6.5377637906268465e-05 0.06666740364329872 0.066667403643306464 0.066667403643282455 0.066667403643281845
leaf_weight=0.21636602187572762 246.14015397569165 234.06128302912111 0.008246799170592567 0.19629881056062004 0.0027406029566918741 0.0026739621553133483
leaf_count=25974 340 32139 990 23565 329 321
internal_value=3.37323e-05 -2.54256e-05 0.0666674 0.0666674 0.0666674 0.0666674
internal_weight=480.628 480.201 0.426326 0.412665 0.0136614 0.0109208
internal_count=83658 32479 51179 49539 1640 1311
is_linear=0
shrinkage=0.1


Tree=242
num_leaves=1
num_cat=0
split_feature=
split_gain=
threshold=
decision_type=
left_child=
right_child=
leaf_value=0
leaf_weight=
leaf_count=83658
internal_value=
internal_weight=
internal_count=
is_linear=0
shrinkage=1


Tree=243
num_leaves=3
num_cat=0
split_feature=2 2
split_gain=0.165811 0.000282859
threshold=1.2683000000000144 1.2709000000000155
decision_type=2 2
left_child=-1 -2
right_child=1 -3
leaf_value=-0.0666673133094874 9.6890366734262128e-05 -5.6660092236055209e-05
leaf_weight=0.37310979264520838 246.08560157287866 234.0890774677282
leaf_count=51179 340 32139
internal_value=-2.97461e-05 2.20333e-05
internal_weight=480.548 480.175
internal_count=83658 32479
is_linear=0
shrinkage=0.1


Tree=244
num_leaves=3
num_cat=0
split_feature=2 2
split_gain=0.165811 0.000282859
threshold=1.2683000000000144 1.2709000000000155
decision_type=2 2
left_child=-1 -2
right_child=1 -3
leaf_value=0.0666673133094874 -9.6890366734262128e-05 5.6660092236055209e-05
leaf_weight=0.37310979264520838 246.08560157287866 234.0890774677282
leaf_count=51179 340 32139
internal_value=2.97461e-05 -2.20333e-05
internal_weight=480.548 480.175
internal_count=83658 32479
is_linear=0
shrinkage=0.1


Tree=245
num_leaves=1
num_cat=0
split_feature=
split_gain=
threshold=
decision_type=
left_child=
right_child=
leaf_value=0
leaf_weight=
leaf_count=83658
internal_value=
internal_weight=
internal_count=
is_linear=0
shrinkage=1


Tree=246
num_leaves=6
num_cat=0
split_feature=2 2 2 2 2
split_gain=0.153676 0.145323 1.43102e-05 2.77556e-17 2.1684e-19
threshold=1.273049837017268 1.2683000000000144 1.2709000000000155 1.2631000000000006 1.2662001000158585
decision_type=2 2 2 2 2
left_child=1 3 -3 -1 -5
right_child=-2 2 -4 4 -6
leaf_value=-0.066667232106571078 -0.066667631698137705 8.3993489852125531e-05 4.9442324247494535e-05 -0.066667232106538549 -0.066667232106539312
leaf_weight=0.32238893611338326 0.34578369815062515 246.03833956248127 233.76737257838249 0.0020480684061112689 0.0020991106093788403
leaf_count=50529 31812 340 327 321 329
internal_value=-2.62202e-05 2.17739e-05 6.71597e-05 -0.0666672 -0.0666672
internal_weight=480.478 480.132 479.806 0.326536 0.00414718
internal_count=83658 51846 667 51179 650
is_linear=0
shrinkage=0.1


Tree=247
num_leaves=6
num_cat=0
split_feature=2 2 2 2 2
split_gain=0.153676 0.145323 1.43102e-05 2.77556e-17 2.1684e-19
threshold=1.273049837017268 1.2683000000000144 1.2709000000000155 1.2631000000000006 1.2662001000158585
decision_type=2 2 2 2 2
left_child=1 3 -3 -1 -5
right_child=-2 2 -4 4 -6
leaf_value=0.066667232106571078 0.066667631698137705 -8.3993489852125531e-05 -4.9442324247494535e-05 0.066667232106538549 0.066667232106539312
leaf_weight=0.32238893611338326 0.34578369815062515 246.03833956248127 233.76737257838249 0.0020480684061112689 0.0020991106093788403
leaf_count=50529 31812 340 327 321 329
internal_value=2.62202e-05 -2.17739e-05 -6.71597e-05 0.0666672 0.0666672
internal_weight=480.478 480.132 479.806 0.326536 0.00414718
internal_count=83658 51846 667 51179 650
is_linear=0
shrinkage=0.1


Tree=248
num_leaves=1
num_cat=0
split_feature=
split_gain=
threshold=
decision_type=
left_child=
right_child=
leaf_value=0
leaf_weight=
leaf_count=83658
internal_value=
internal_weight=
internal_count=
is_linear=0
shrinkage=1


Tree=249
num_leaves=5
num_cat=0
split_feature=2 2 2 2
split_gain=0.134492 0.12716 1.07525e-05 2.77556e-17
threshold=1.273049837017268 1.2683000000000144 1.2709000000000155 1.5743000000000391
decision_type=2 2 2 2
left_child=1 -1 -3 -2
right_child=3 2 -4 -5
leaf_value=-0.066667163448942718 -0.066667512792757233 7.280813453407935e-05 4.2856375768354608e-05 -0.066667512792744937
leaf_weight=0.28577597538924138 0.2972084043558415 245.99735680455342 233.74632151424885 0.0054127830899233223
leaf_count=51179 31243 340 327 569
internal_value=-2.35228e-05 1.84911e-05 5.82147e-05 -0.0666675
internal_weight=480.332 480.029 479.744 0.302621
internal_count=83658 51846 667 31812
is_linear=0
shrinkage=0.1


Tree=250
num_leaves=5
num_cat=0
split_feature=2 2 2 2
split_gain=0.134492 0.12716 1.07525e-05 2.77556e-17
threshold=1.273049837017268 1.2683000000000144 1.2709000000000155 1.5743000000000391
decision_type=2 2 2 2
left_child=1 -1 -3 -2
right_child=3 2 -4 -5
leaf_value=0.066667163448942718 0.066667512792757233 -7.280813453407935e-05 -4.2856375768354608e-05 0.066667512792744937
leaf_weight=0.28577597538924138 0.2972084043558415 245.99735680455342 233.74632151424885 0.0054127830899233223
leaf_count=51179 31243 340 327 569
internal_value=2.35228e-05 -1.84911e-05 -5.82147e-05 0.0666675
internal_weight=480.332 480.029 479.744 0.302621
internal_count=83658 51846 667 31812
is_linear=0
shrinkage=0.1


Tree=251
num_leaves=1
num_cat=0
split_feature=
split_gain=
threshold=
decision_type=
left_child=
right_child=
leaf_value=0
leaf_weight=
leaf_count=83658
internal_value=
internal_weight=
internal_count=
is_linear=0
shrinkage=1


Tree=252
num_leaves=7
num_cat=0
split_feature=2 2 2 2 2 2
split_gain=0.111146 0.000123445 1.38778e-17 1.38778e-17 3.46945e-18 8.67362e-19
threshold=1.2683000000000144 1.2709000000000155 1.2455498490557655 1.1767700000000125 1.2288000000000057 1.2662001000158585
decision_type=2 2 2 2 2 2
left_child=2 -2 3 -1 -5 -4
right_child=1 -3 5 4 -6 -7
leaf_value=-0.066667100925427145 6.3105906048554773e-05 -3.8355738352113839e-05 -0.066667100925420206 -0.06666710092542534 -0.066667100925418929 -0.066667100925385622
leaf_weight=0.19358739133804093 245.96185235050507 233.9929274624119 0.0096124198203142441 0.037179100148932775 0.0081170459184249921 0.0016077712866717784
leaf_count=39614 340 32139 1967 7608 1661 329
internal_value=-2.10889e-05 1.36402e-05 -0.0666671 -0.0666671 -0.0666671 -0.0666671
internal_weight=480.205 479.955 0.250104 0.238884 0.0452961 0.0112202
internal_count=83658 32479 51179 48883 9269 2296
is_linear=0
shrinkage=0.1


Tree=253
num_leaves=7
num_cat=0
split_feature=2 2 2 2 2 2
split_gain=0.111146 0.000123445 1.38778e-17 1.38778e-17 3.46945e-18 8.67362e-19
threshold=1.2683000000000144 1.2709000000000155 1.2455498490557655 1.1767700000000125 1.2288000000000057 1.2662001000158585
decision_type=2 2 2 2 2 2
left_child=2 -2 3 -1 -5 -4
right_child=1 -3 5 4 -6 -7
leaf_value=0.066667100925427145 -6.3105906048554773e-05 3.8355738352113839e-05 0.066667100925420206 0.06666710092542534 0.066667100925418929 0.066667100925385622
leaf_weight=0.19358739133804093 245.96185235050507 233.9929274624119 0.0096124198203142441 0.037179100148932775 0.0081170459184249921 0.0016077712866717784
leaf_count=39614 340 32139 1967 7608 1661 329
internal_value=2.10889e-05 -1.36402e-05 0.0666671 0.0666671 0.0666671 0.0666671
internal_weight=480.205 479.955 0.250104 0.238884 0.0452961 0.0112202
internal_count=83658 32479 51179 48883 9269 2296
is_linear=0
shrinkage=0.1


Tree=254
num_leaves=1
num_cat=0
split_feature=
split_gain=
threshold=
decision_type=
left_child=
right_child=
leaf_value=0
leaf_weight=
leaf_count=83658
internal_value=
internal_weight=
internal_count=
is_linear=0
shrinkage=1


Tree=255
num_leaves=4
num_cat=0
split_feature=2 2 2
split_gain=0.0972732 9.27364e-05 1.38778e-17
threshold=1.2683000000000144 1.2709000000000155 1.2662001000158585
decision_type=2 2 2
left_child=2 -2 -1
right_child=1 -3 -4
leaf_value=-0.066667049447280746 5.4700299558947026e-05 -3.3241528331649218e-05 -0.066667049447233395
leaf_weight=0.21747718403730587 245.93106790282764 234.00923030075865 0.0014070795191400967
leaf_count=50850 340 32139 329
internal_value=-1.85744e-05 1.18216e-05 -0.066667
internal_weight=480.159 479.94 0.218884
internal_count=83658 32479 51179
is_linear=0
shrinkage=0.1


Tree=256
num_leaves=4
num_cat=0
split_feature=2 2 2
split_gain=0.0972732 9.27364e-05 1.38778e-17
threshold=1.2683000000000144 1.2709000000000155 1.2662001000158585
decision_type=2 2 2
left_child=2 -2 -1
right_child=1 -3 -4
leaf_value=0.066667049447280746 -5.4700299558947026e-05 3.3241528331649218e-05 0.066667049447233395
leaf_weight=0.21747718403730587 245.93106790282764 234.00923030075865 0.0014070795191400967
leaf_count=50850 340 32139 329
internal_value=1.85744e-05 -1.18216e-05 0.066667
internal_weight=480.159 479.94 0.218884
internal_count=83658 32479 51179
is_linear=0
shrinkage=0.1


Tree=257
num_leaves=1
num_cat=0
split_feature=
split_gain=
threshold=
decision_type=
left_child=
right_child=
leaf_value=0
leaf_weight=
leaf_count=83658
internal_value=
internal_weight=
internal_count=
is_linear=0
shrinkage=1


Tree=258
num_leaves=5
num_cat=0
split_feature=2 2 2 2
split_gain=0.0851316 6.96554e-05 1.38778e-17 1.38778e-17
threshold=1.2683000000000144 1.2709000000000155 1.256399998552779 1.2455498490557655
decision_type=2 2 2 2
left_child=2 -2 3 -1
right_child=1 -3 -4 -5
leaf_value=-0.066666998748920611 4.7413508783644184e-05 -2.8803624615127851e-05 -0.066666998748907108 -0.066666998748902404
leaf_weight=0.1829679231730087 245.90439218305983 234.02336469342117 0.0049332431058246575 0.0036606310754905272
leaf_count=48883 340 32139 1318 978
internal_value=-1.63551e-05 1.02484e-05 -0.066667 -0.066667
internal_weight=480.119 479.928 0.191562 0.186629
internal_count=83658 32479 51179 49861
is_linear=0
shrinkage=0.1


Tree=259
num_leaves=5
num_cat=0
split_feature=2 2 2 2
split_gain=0.0851316 6.96554e-05 1.38778e-17 1.38778e-17
threshold=1.2683000000000144 1.2709000000000155 1.256399998552779 1.2455498490557655
decision_type=2 2 2 2
left_child=2 -2 3 -1
right_child=1 -3 -4 -5
leaf_value=0.066666998748920611 -4.7413508783644184e-05 2.8803624615127851e-05 0.066666998748907108 0.066666998748902404
leaf_weight=0.1829679231730087 245.90439218305983 234.02336469342117 0.0049332431058246575 0.0036606310754905272
leaf_count=48883 340 32139 1318 978
internal_value=1.63551e-05 -1.02484e-05 0.066667 0.066667
internal_weight=480.119 479.928 0.191562 0.186629
internal_count=83658 32479 51179 49861
is_linear=0
shrinkage=0.1


Tree=260
num_leaves=1
num_cat=0
split_feature=
split_gain=
threshold=
decision_type=
left_child=
right_child=
leaf_value=0
leaf_weight=
leaf_count=83658
internal_value=
internal_weight=
internal_count=
is_linear=0
shrinkage=1


Tree=261
num_leaves=3
num_cat=0
split_feature=2 2
split_gain=0.0745055 5.23264e-05
threshold=1.2683000000000144 1.2709000000000155
decision_type=2 2
left_child=-1 -2
right_child=1 -3
leaf_value=-0.066666958193157683 4.1096750298983432e-05 -2.4963407411900299e-05
leaf_weight=0.16764987853912217 245.8812773914542 234.03561591034304
leaf_count=51179 340 32139
internal_value=-1.44019e-05 8.88194e-06
internal_weight=480.085 479.917
internal_count=83658 32479
is_linear=0
shrinkage=0.1


Tree=262
num_leaves=3
num_cat=0
split_feature=2 2
split_gain=0.0745055 5.23264e-05
threshold=1.2683000000000144 1.2709000000000155
decision_type=2 2
left_child=-1 -2
right_child=1 -3
leaf_value=0.066666958193157683 -4.1096750298983432e-05 2.4963407411900299e-05
leaf_weight=0.16764987853912217 245.8812773914542 234.03561591034304
leaf_count=51179 340 32139
internal_value=1.44019e-05 -8.88194e-06
internal_weight=480.085 479.917
internal_count=83658 32479
is_linear=0
shrinkage=0.1


Tree=263
num_leaves=1
num_cat=0
split_feature=
split_gain=
threshold=
decision_type=
left_child=
right_child=
leaf_value=0
leaf_weight=
leaf_count=83658
internal_value=
internal_weight=
internal_count=
is_linear=0
shrinkage=1


Tree=264
num_leaves=3
num_cat=0
split_feature=2 2
split_gain=0.0652058 3.93093e-05
threshold=1.2683000000000144 1.2709000000000155
decision_type=2 2
left_child=-1 -2
right_child=1 -3
leaf_value=-0.066666925749893274 3.5623196081724833e-05 -2.1634038114359647e-05
leaf_weight=0.14672276470696388 245.86123905377463 234.04622463061241
leaf_count=51179 340 32139
internal_value=-1.26789e-05 7.6994e-06
internal_weight=480.054 479.907
internal_count=83658 32479
is_linear=0
shrinkage=0.1


Tree=265
num_leaves=3
num_cat=0
split_feature=2 2
split_gain=0.0652058 3.93093e-05
threshold=1.2683000000000144 1.2709000000000155
decision_type=2 2
left_child=-1 -2
right_child=1 -3
leaf_value=0.066666925749893274 -3.5623196081724833e-05 2.1634038114359647e-05
leaf_weight=0.14672276470696388 245.86123905377463 234.04622463061241
leaf_count=51179 340 32139
internal_value=1.26789e-05 -7.6994e-06
internal_weight=480.054 479.907
internal_count=83658 32479
is_linear=0
shrinkage=0.1


Tree=266
num_leaves=1
num_cat=0
split_feature=
split_gain=
threshold=
decision_type=
left_child=
right_child=
leaf_value=0
leaf_weight=
leaf_count=83658
internal_value=
internal_weight=
internal_count=
is_linear=0
shrinkage=1


Tree=267
num_leaves=4
num_cat=0
split_feature=2 2 2
split_gain=0.0570667 2.95261e-05 1.38778e-17
threshold=1.2683000000000144 1.2709000000000155 1.0995200000000096
decision_type=2 2 2
left_child=2 -2 -1
right_child=1 -3 -4
leaf_value=-0.066666893225096405 3.0873550529186638e-05 -1.8750103141914055e-05 -0.0666668932250956
leaf_weight=0.04560100186949867 245.84387661912479 234.05542919122672 0.082806903202254034
leaf_count=18175 340 32139 33004
internal_value=-1.1164e-05 6.67121e-06 -0.0666669
internal_weight=480.028 479.899 0.128408
internal_count=83658 32479 51179
is_linear=0
shrinkage=0.1


Tree=268
num_leaves=4
num_cat=0
split_feature=2 2 2
split_gain=0.0570667 2.95261e-05 1.38778e-17
threshold=1.2683000000000144 1.2709000000000155 1.0995200000000096
decision_type=2 2 2
left_child=2 -2 -1
right_child=1 -3 -4
leaf_value=0.066666893225096405 -3.0873550529186638e-05 1.8750103141914055e-05 0.0666668932250956
leaf_weight=0.04560100186949867 245.84387661912479 234.05542919122672 0.082806903202254034
leaf_count=18175 340 32139 33004
internal_value=1.1164e-05 -6.67121e-06 0.0666669
internal_weight=480.028 479.899 0.128408
internal_count=83658 32479 51179
is_linear=0
shrinkage=0.1


Tree=269
num_leaves=1
num_cat=0
split_feature=
split_gain=
threshold=
decision_type=
left_child=
right_child=
leaf_value=0
leaf_weight=
leaf_count=83658
internal_value=
internal_weight=
internal_count=
is_linear=0
shrinkage=1


Tree=270
num_leaves=7
num_cat=0
split_feature=2 2 2 2 2 2
split_gain=0.0499436 2.21773e-05 6.93889e-18 6.93889e-18 1.73472e-18 8.67362e-19
threshold=1.2683000000000144 1.2709000000000155 1.2599000000000378 1.2070964305965626 1.2523000000000448 1.2410200000000045
decision_type=2 2 2 2 2 2
left_child=2 -2 3 -1 5 -5
right_child=1 -3 -4 4 -6 -7
leaf_value=-0.06666686686143547 2.6758825368421636e-05 -1.6248576665515389e-05 -0.066666866861404855 -0.066666866861427851 -0.066666866861388646 -0.066666866861405299
leaf_weight=0.0978232087845744 245.82883203448728 234.06340570851535 0.0021760448912573329 0.0087437040938311839 0.0014250788440222104 0.0022111778057478668
leaf_count=44550 340 32139 991 3982 649 1007
internal_value=-9.82715e-06 5.78233e-06 -0.0666669 -0.0666669 -0.0666669 -0.0666669
internal_weight=480.005 479.892 0.112379 0.110203 0.01238 0.0109549
internal_count=83658 32479 51179 50188 5638 4989
is_linear=0
shrinkage=0.1


Tree=271
num_leaves=7
num_cat=0
split_feature=2 2 2 2 2 2
split_gain=0.0499436 2.21773e-05 6.93889e-18 6.93889e-18 1.73472e-18 8.67362e-19
threshold=1.2683000000000144 1.2709000000000155 1.2599000000000378 1.2070964305965626 1.2523000000000448 1.2410200000000045
decision_type=2 2 2 2 2 2
left_child=2 -2 3 -1 5 -5
right_child=1 -3 -4 4 -6 -7
leaf_value=0.06666686686143547 -2.6758825368421636e-05 1.6248576665515389e-05 0.066666866861404855 0.066666866861427851 0.066666866861388646 0.066666866861405299
leaf_weight=0.0978232087845744 245.82883203448728 234.06340570851535 0.0021760448912573329 0.0087437040938311839 0.0014250788440222104 0.0022111778057478668
leaf_count=44550 340 32139 991 3982 649 1007
internal_value=9.82715e-06 -5.78233e-06 0.0666669 0.0666669 0.0666669 0.0666669
internal_weight=480.005 479.892 0.112379 0.110203 0.01238 0.0109549
internal_count=83658 32479 51179 50188 5638 4989
is_linear=0
shrinkage=0.1


Tree=272
num_leaves=1
num_cat=0
split_feature=
split_gain=
threshold=
decision_type=
left_child=
right_child=
leaf_value=0
leaf_weight=
leaf_count=83658
internal_value=
internal_weight=
internal_count=
is_linear=0
shrinkage=1


Tree=273
num_leaves=4
num_cat=0
split_feature=2 2 2
split_gain=0.0437095 1.66516e-05 6.93889e-18
threshold=1.2683000000000144 1.2709000000000155 1.2377000000006906
decision_type=2 2 2
left_child=2 -2 -1
right_child=1 -3 -4
leaf_value=-0.066666836256168968 2.3189385211238983e-05 -1.4077170080160135e-05 -0.066666836256157297
leaf_weight=0.092643838395132572 245.81578913191333 234.07031264006218 0.0057074861547334868
leaf_count=48209 340 32139 2970
internal_value=-8.64924e-06 5.01217e-06 -0.0666668
internal_weight=479.984 479.886 0.0983513
internal_count=83658 32479 51179
is_linear=0
shrinkage=0.1


Tree=274
num_leaves=4
num_cat=0
split_feature=2 2 2
split_gain=0.0437095 1.66516e-05 6.93889e-18
threshold=1.2683000000000144 1.2709000000000155 1.2377000000006906
decision_type=2 2 2
left_child=2 -2 -1
right_child=1 -3 -4
leaf_value=0.066666836256168968 -2.3189385211238983e-05 1.4077170080160135e-05 0.066666836256157297
leaf_weight=0.092643838395132572 245.81578913191333 234.07031264006218 0.0057074861547334868
leaf_count=48209 340 32139 2970
internal_value=8.64924e-06 -5.01217e-06 0.0666668
internal_weight=479.984 479.886 0.0983513
internal_count=83658 32479 51179
is_linear=0
shrinkage=0.1


Tree=275
num_leaves=1
num_cat=0
split_feature=
split_gain=
threshold=
decision_type=
left_child=
right_child=
leaf_value=0
leaf_weight=
leaf_count=83658
internal_value=
internal_weight=
internal_count=
is_linear=0
shrinkage=1


Tree=276
num_leaves=5
num_cat=0
split_feature=2 2 2 2
split_gain=0.0382536 1.25143e-05 6.93889e-18 8.67362e-19
threshold=1.2683000000000144 1.2709000000000155 1.2181000000000191 1.2631000000000006
decision_type=2 2 2 2
left_child=2 -2 -1 -4
right_child=1 -3 3 -5
leaf_value=-0.066666819886584364 2.0101409676993219e-05 -1.220554803062347e-05 -0.066666819886575815 -0.066666819886523385
leaf_weight=0.077182635606276473 245.8044741647318 234.07629561355134 0.0077986551317508201 0.0010931908207112428
leaf_count=45892 340 32139 4637 650
internal_value=-7.6137e-06 4.34272e-06 -0.0666668 -0.0666668
internal_weight=479.967 479.881 0.0860745 0.00889185
internal_count=83658 32479 51179 5287
is_linear=0
shrinkage=0.1


Tree=277
num_leaves=5
num_cat=0
split_feature=2 2 2 2
split_gain=0.0382536 1.25143e-05 6.93889e-18 8.67362e-19
threshold=1.2683000000000144 1.2709000000000155 1.2181000000000191 1.2631000000000006
decision_type=2 2 2 2
left_child=2 -2 -1 -4
right_child=1 -3 3 -5
leaf_value=0.066666819886584364 -2.0101409676993219e-05 1.220554803062347e-05 0.066666819886575815 0.066666819886523385
leaf_weight=0.077182635606276473 245.8044741647318 234.07629561355134 0.0077986551317508201 0.0010931908207112428
leaf_count=45892 340 32139 4637 650
internal_value=7.6137e-06 -4.34272e-06 0.0666668 0.0666668
internal_weight=479.967 479.881 0.0860745 0.00889185
internal_count=83658 32479 51179 5287
is_linear=0
shrinkage=0.1


Tree=278
num_leaves=1
num_cat=0
split_feature=
split_gain=
threshold=
decision_type=
left_child=
right_child=
leaf_value=0
leaf_weight=
leaf_count=83658
internal_value=
internal_weight=
internal_count=
is_linear=0
shrinkage=1


Tree=279
num_leaves=3
num_cat=0
split_feature=2 2
split_gain=0.0334787 9.39278e-06
threshold=1.2683000000000144 1.2709000000000155
decision_type=2 2
left_child=-1 -2
right_child=1 -3
leaf_value=-0.066666795397362699 1.7418500991997269e-05 -1.0570785627626953e-05
leaf_weight=0.075330112233017554 245.79467625217512 234.0814954856869
leaf_count=51179 340 32139
internal_value=-6.69873e-06 3.76545e-06
internal_weight=479.952 479.876
internal_count=83658 32479
is_linear=0
shrinkage=0.1


Tree=280
num_leaves=3
num_cat=0
split_feature=2 2
split_gain=0.0334787 9.39278e-06
threshold=1.2683000000000144 1.2709000000000155
decision_type=2 2
left_child=-1 -2
right_child=1 -3
leaf_value=0.066666795397362699 -1.7418500991997269e-05 1.0570785627626953e-05
leaf_weight=0.075330112233017554 245.79467625217512 234.0814954856869
leaf_count=51179 340 32139
internal_value=6.69873e-06 -3.76545e-06
internal_weight=479.952 479.876
internal_count=83658 32479
is_linear=0
shrinkage=0.1


Tree=281
num_leaves=1
num_cat=0
split_feature=
split_gain=
threshold=
decision_type=
left_child=
right_child=
leaf_value=0
leaf_weight=
leaf_count=83658
internal_value=
internal_weight=
internal_count=
is_linear=0
shrinkage=1


Tree=282
num_leaves=4
num_cat=0
split_feature=2 2 2
split_gain=0.0292998 7.05999e-06 3.46945e-18
threshold=1.2683000000000144 1.2709000000000155 1.2504000000000246
decision_type=2 2 2
left_child=2 -2 -1
right_child=1 -3 -4
leaf_value=-0.066666779927217895 1.5102078412802332e-05 -9.1639307176007132e-06 -0.066666779927191569
leaf_weight=0.063395678635514652 245.78618466667831 234.0859779758066 0.0025312412833500266
leaf_count=49214 340 32139 1965
internal_value=-5.89326e-06 3.2649e-06 -0.0666668
internal_weight=479.938 479.872 0.0659269
internal_count=83658 32479 51179
is_linear=0
shrinkage=0.1


Tree=283
num_leaves=4
num_cat=0
split_feature=2 2 2
split_gain=0.0292998 7.05999e-06 3.46945e-18
threshold=1.2683000000000144 1.2709000000000155 1.2504000000000246
decision_type=2 2 2
left_child=2 -2 -1
right_child=1 -3 -4
leaf_value=0.066666779927217895 -1.5102078412802332e-05 9.1639307176007132e-06 0.066666779927191569
leaf_weight=0.063395678635514652 245.78618466667831 234.0859779758066 0.0025312412833500266
leaf_count=49214 340 32139 1965
internal_value=5.89326e-06 -3.2649e-06 0.0666668
internal_weight=479.938 479.872 0.0659269
internal_count=83658 32479 51179
is_linear=0
shrinkage=0.1


Tree=284
num_leaves=1
num_cat=0
split_feature=
split_gain=
threshold=
decision_type=
left_child=
right_child=
leaf_value=0
leaf_weight=
leaf_count=83658
internal_value=
internal_weight=
internal_count=
is_linear=0
shrinkage=1


Tree=285
num_leaves=3
num_cat=0
split_feature=2 2
split_gain=0.0256425 5.3026e-06
threshold=1.2683000000000144 1.2709000000000155
decision_type=2 2
left_child=-1 -2
right_child=1 -3
leaf_value=-0.066666764148073182 1.308848124473061e-05 -7.9416610561910194e-06
leaf_weight=0.057697492406872608 245.77883094875142 234.08988639843665
leaf_count=51179 340 32139
internal_value=-5.18558e-06 2.82954e-06
internal_weight=479.926 479.869
internal_count=83658 32479
is_linear=0
shrinkage=0.1


Tree=286
num_leaves=3
num_cat=0
split_feature=2 2
split_gain=0.0256425 5.3026e-06
threshold=1.2683000000000144 1.2709000000000155
decision_type=2 2
left_child=-1 -2
right_child=1 -3
leaf_value=0.066666764148073182 -1.308848124473061e-05 7.9416610561910194e-06
leaf_weight=0.057697492406872608 245.77883094875142 234.08988639843665
leaf_count=51179 340 32139
internal_value=5.18558e-06 -2.82954e-06
internal_weight=479.926 479.869
internal_count=83658 32479
is_linear=0
shrinkage=0.1


Tree=287
num_leaves=1
num_cat=0
split_feature=
split_gain=
threshold=
decision_type=
left_child=
right_child=
leaf_value=0
leaf_weight=
leaf_count=83658
internal_value=
internal_weight=
internal_count=
is_linear=0
shrinkage=1


Tree=288
num_leaves=4
num_cat=0
split_feature=2 2 2
split_gain=0.0224417 3.98364e-06 3.46945e-18
threshold=1.2683000000000144 1.2709000000000155 1.2377000000006906
decision_type=2 2 2
left_child=2 -2 -1
right_child=1 -3 -4
leaf_value=-0.066666760767995908 1.1343625678228953e-05 -6.8843656366279233e-06 -0.066666760767973163
leaf_weight=0.047564986845371915 245.77244648570195 234.09325239880127 0.0029303244400580289
leaf_count=48209 340 32139 2970
internal_value=-4.56328e-06 2.45145e-06 -0.0666668
internal_weight=479.916 479.866 0.0504953
internal_count=83658 32479 51179
is_linear=0
shrinkage=0.1


Tree=289
num_leaves=4
num_cat=0
split_feature=2 2 2
split_gain=0.0224417 3.98364e-06 3.46945e-18
threshold=1.2683000000000144 1.2709000000000155 1.2377000000006906
decision_type=2 2 2
left_child=2 -2 -1
right_child=1 -3 -4
leaf_value=0.066666760767995908 -1.1343625678228953e-05 6.8843656366279233e-06 0.066666760767973163
leaf_weight=0.047564986845371915 245.77244648570195 234.09325239880127 0.0029303244400580289
leaf_count=48209 340 32139 2970
internal_value=4.56328e-06 -2.45145e-06 0.0666668
internal_weight=479.916 479.866 0.0504953
internal_count=83658 32479 51179
is_linear=0
shrinkage=0.1


Tree=290
num_leaves=1
num_cat=0
split_feature=
split_gain=
threshold=
decision_type=
left_child=
right_child=
leaf_value=0
leaf_weight=
leaf_count=83658
internal_value=
internal_weight=
internal_count=
is_linear=0
shrinkage=1


Tree=291
num_leaves=3
num_cat=0
split_feature=2 2
split_gain=0.0196404 2.99209e-06
threshold=1.2683000000000144 1.2709000000000155
decision_type=2 2
left_child=-1 -2
right_child=1 -3
leaf_value=-0.066666747857548184 9.8291415610716335e-06 -5.9683038450219182e-06
leaf_weight=0.044192156943835381 245.76692583714612 234.09618753047107
leaf_count=51179 340 32139
internal_value=-4.01666e-06 2.12252e-06
internal_weight=479.907 479.863
internal_count=83658 32479
is_linear=0
shrinkage=0.1


Tree=292
num_leaves=3
num_cat=0
split_feature=2 2
split_gain=0.0196404 2.99209e-06
threshold=1.2683000000000144 1.2709000000000155
decision_type=2 2
left_child=-1 -2
right_child=1 -3
leaf_value=0.066666747857548184 -9.8291415610716335e-06 5.9683038450219182e-06
leaf_weight=0.044192156943835381 245.76692583714612 234.09618753047107
leaf_count=51179 340 32139
internal_value=4.01666e-06 -2.12252e-06
internal_weight=479.907 479.863
internal_count=83658 32479
is_linear=0
shrinkage=0.1


Tree=293
num_leaves=1
num_cat=0
split_feature=
split_gain=
threshold=
decision_type=
left_child=
right_child=
leaf_value=0
leaf_weight=
leaf_count=83658
internal_value=
internal_weight=
internal_count=
is_linear=0
shrinkage=1


Tree=294
num_leaves=5
num_cat=0
split_feature=2 2 2 2
split_gain=0.0171888 2.24588e-06 3.46945e-18 3.46945e-18
threshold=1.2683000000000144 1.2709000000000155 1.2504000000000246 1.0356935869182047
decision_type=2 2 2 2
left_child=2 -2 3 -1
right_child=1 -3 -4 -5
leaf_value=-0.06666673687189234 8.5191747210261257e-06 -5.1673674625714141e-06 -0.066666736871847473 -0.066666736871890481
leaf_weight=0.0015053478332437411 245.76214273506775 234.09872468204776 0.0014849440222519652 0.035685509729660225
leaf_count=1992 340 32139 1965 47222
internal_value=-3.53068e-06 1.84224e-06 -0.0666667 -0.0666667
internal_weight=479.9 479.861 0.0386758 0.0371909
internal_count=83658 32479 51179 49214
is_linear=0
shrinkage=0.1


Tree=295
num_leaves=5
num_cat=0
split_feature=2 2 2 2
split_gain=0.0171888 2.24588e-06 3.46945e-18 3.46945e-18
threshold=1.2683000000000144 1.2709000000000155 1.2504000000000246 1.0356935869182047
decision_type=2 2 2 2
left_child=2 -2 3 -1
right_child=1 -3 -4 -5
leaf_value=0.06666673687189234 -8.5191747210261257e-06 5.1673674625714141e-06 0.066666736871847473 0.066666736871890481
leaf_weight=0.0015053478332437411 245.76214273506775 234.09872468204776 0.0014849440222519652 0.035685509729660225
leaf_count=1992 340 32139 1965 47222
internal_value=3.53068e-06 -1.84224e-06 0.0666667 0.0666667
internal_weight=479.9 479.861 0.0386758 0.0371909
internal_count=83658 32479 51179 49214
is_linear=0
shrinkage=0.1


Tree=296
num_leaves=1
num_cat=0
split_feature=
split_gain=
threshold=
decision_type=
left_child=
right_child=
leaf_value=0
leaf_weight=
leaf_count=83658
internal_value=
internal_weight=
internal_count=
is_linear=0
shrinkage=1


Tree=297
num_leaves=3
num_cat=0
split_feature=2 2
split_gain=0.0150433 1.68809e-06
threshold=1.2683000000000144 1.2709000000000155
decision_type=2 2
left_child=-1 -2
right_child=1 -3
leaf_value=-0.066666725461570098 7.3801611265140481e-06 -4.4856852696002778e-06
leaf_weight=0.033848033886669238 245.75799181568436 234.10092601633369
leaf_count=51179 340 32139
internal_value=-3.11092e-06 1.59136e-06
internal_weight=479.893 479.859
internal_count=83658 32479
is_linear=0
shrinkage=0.1


Tree=298
num_leaves=3
num_cat=0
split_feature=2 2
split_gain=0.0150433 1.68809e-06
threshold=1.2683000000000144 1.2709000000000155
decision_type=2 2
left_child=-1 -2
right_child=1 -3
leaf_value=0.066666725461570098 -7.3801611265140481e-06 4.4856852696002778e-06
leaf_weight=0.033848033886669238 245.75799181568436 234.10092601633369
leaf_count=51179 340 32139
internal_value=3.11092e-06 -1.59136e-06
internal_weight=479.893 479.859
internal_count=83658 32479
is_linear=0
shrinkage=0.1


Tree=299
num_leaves=1
num_cat=0
split_feature=
split_gain=
threshold=
decision_type=
left_child=
right_child=
leaf_value=0
leaf_weight=
leaf_count=83658
internal_value=
internal_weight=
internal_count=
is_linear=0
shrinkage=1


end of trees

feature_importances:
eur_close_kalman=998

parameters:
[boosting: gbdt]
[objective: multiclass]
[metric: multi_logloss]
[tree_learner: serial]
[device_type: cpu]
[data_sample_strategy: bagging]
[data: ]
[valid: ]
[num_iterations: 100]
[learning_rate: 0.1]
[num_leaves: 31]
[num_threads: 4]
[seed: 42]
[deterministic: 0]
[force_col_wise: 0]
[force_row_wise: 0]
[histogram_pool_size: -1]
[max_depth: -1]
[min_data_in_leaf: 20]
[min_sum_hessian_in_leaf: 0.001]
[bagging_fraction: 1]
[pos_bagging_fraction: 1]
[neg_bagging_fraction: 1]
[bagging_freq: 0]
[bagging_seed: 400]
[bagging_by_query: 0]
[feature_fraction: 1]
[feature_fraction_bynode: 1]
[feature_fraction_seed: 30056]
[extra_trees: 0]
[extra_seed: 12879]
[early_stopping_round: 0]
[early_stopping_min_delta: 0]
[first_metric_only: 0]
[max_delta_step: 0]
[lambda_l1: 0]
[lambda_l2: 0]
[linear_lambda: 0]
[min_gain_to_split: 0]
[drop_rate: 0.1]
[max_drop: 50]
[skip_drop: 0.5]
[xgboost_dart_mode: 0]
[uniform_drop: 0]
[drop_seed: 17869]
[top_rate: 0.2]
[other_rate: 0.1]
[min_data_per_group: 100]
[max_cat_threshold: 32]
[cat_l2: 10]
[cat_smooth: 10]
[max_cat_to_onehot: 4]
[top_k: 20]
[monotone_constraints: ]
[monotone_constraints_method: basic]
[monotone_penalty: 0]
[feature_contri: ]
[forcedsplits_filename: ]
[refit_decay_rate: 0.9]
[cegb_tradeoff: 1]
[cegb_penalty_split: 0]
[cegb_penalty_feature_lazy: ]
[cegb_penalty_feature_coupled: ]
[path_smooth: 0]
[interaction_constraints: ]
[verbosity: -1]
[saved_feature_importance_type: 0]
[use_quantized_grad: 0]
[num_grad_quant_bins: 4]
[quant_train_renew_leaf: 0]
[stochastic_rounding: 1]
[linear_tree: 0]
[max_bin: 255]
[max_bin_by_feature: ]
[min_data_in_bin: 3]
[bin_construct_sample_cnt: 200000]
[data_random_seed: 175]
[is_enable_sparse: 1]
[enable_bundle: 1]
[use_missing: 1]
[zero_as_missing: 0]
[feature_pre_filter: 1]
[pre_partition: 0]
[two_round: 0]
[header: 0]
[label_column: ]
[weight_column: ]
[group_column: ]
[ignore_column: ]
[categorical_feature: ]
[forcedbins_filename: ]
[precise_float_parser: 0]
[parser_config_file: ]
[objective_seed: 16083]
[num_class: 3]
[is_unbalance: 0]
[scale_pos_weight: 1]
[sigmoid: 1]
[boost_from_average: 1]
[reg_sqrt: 0]
[alpha: 0.9]
[fair_c: 1]
[poisson_max_delta_step: 0.7]
[tweedie_variance_power: 1.5]
[lambdarank_truncation_level: 30]
[lambdarank_norm: 1]
[label_gain: ]
[lambdarank_position_bias_regularization: 0]
[eval_at: ]
[multi_error_top_k: 1]
[auc_mu_weights: ]
[num_machines: 1]
[local_listen_port: 12400]
[time_out: 120]
[machine_list_filename: ]
[machines: ]
[gpu_platform_id: -1]
[gpu_device_id: -1]
[gpu_use_dp: 0]
[num_gpu: 1]

end of parameters

pandas_categorical:[]
